X_Ce68Al10Cu20Co2_Pd_[¦Ìm]	Y_Ce68Al10Cu20Co2_Fn_[mN]	X_Ce68Al10Cu20Co2_Pd_[¦Ìm]	Y_Ce68Al10Cu20Co2_Fn_[mN]	X_Ce68Al10Cu20Co2_Pd_[¦Ìm]	Y_Ce68Al10Cu20Co2_Fn_[mN]	X_Ce68Al10Cu20Co2_Pd_[¦Ìm]	Y_Ce68Al10Cu20Co2_Fn_[mN]	X_Ce68Al10Cu20Co2_Pd_[¦Ìm]	Y_Ce68Al10Cu20Co2_Fn_[mN]	X_Ce68Al10Cu20Co2_Pd_[¦Ìm]	Y_Ce68Al10Cu20Co2_Fn_[mN]	X_Ce68Al10Cu20Co2_Pd_[¦Ìm]	Y_Ce68Al10Cu20Co2_Fn_[mN]	X_Ce68Al10Cu20Co2_Pd_[¦Ìm]	Y_Ce68Al10Cu20Co2_Fn_[mN]	X_Ce68Al10Cu20Co2_Pd_[¦Ìm]	Y_Ce68Al10Cu20Co2_Fn_[mN]	X_Ce68Al10Cu20Co2_Pd_[¦Ìm]	Y_Ce68Al10Cu20Co2_Fn_[mN]	X_Ce68Al10Cu20Co2_Pd_[¦Ìm]	Y_Ce68Al10Cu20Co2_Fn_[mN]	X_Ce68Al10Cu20Co2_Pd_[¦Ìm]	Y_Ce68Al10Cu20Co2_Fn_[mN]	X_Ce68Al10Cu20Co2_Pd_[¦Ìm]	Y_Ce68Al10Cu20Co2_Fn_[mN]	
0	0	0	0	0	0	0	0	0	0	0	0	0	0	0	0	0	0	0	0	0	0	0	0	0	0	
0.00243498776067723	0.00184309456357935	0.414865838571299	0.219985613977289	0.0706263951876504	0.104204979432324	0.00262010668890829	0.00374927167667741	0.00283113879946328	0.00118214296732164	0.00210431442395778	0.00256321242535595	0.00286639639266964	0.0010354087370859	0.0488677671413047	0.266681478090346	0.112609926804794	0.412241070508682	0.0629965831757663	0.440190525306652	0.538653353394333	1.32218782796377	0.062009688767908	0.819694211888681	0.0957971357116149	1.38184654482252	
0.00464395188872604	0.00382817579527668	0.566907986035392	0.58279551882523	0.108572738753261	0.234300215892204	0.00541504603663488	0.00767552373795611	0.00430111697144877	0.00565605087523945	0.00434958974025702	0.00523429273620813	0.00590086455302165	0.00164460644929211	0.0884571708630087	0.553084809431038	0.171786384669255	0.803748063867771	0.109591047140422	0.920814883931019	0.65554030722598	2.61763063399199	0.112293375628984	1.74284718103222	0.191332803948541	2.74992814264602	
0.00698033007044684	0.00496530605295616	0.607624738338298	0.823425162704956	0.13279441099127	0.366084147464445	0.00780769984053727	0.0144906218731574	0.00824267395043987	0.00531299858497183	0.00657127509342201	0.0073363813652257	0.00917827181681515	0.00121362967240148	0.123719963258882	0.845485799659718	0.20893669791631	1.17026269698199	0.150360423134023	1.41850991887599	0.722831128809949	3.7268449644846	0.157148248601125	2.70277993954553	0.287027703375052	4.10821863029231	
0.00930416190405584	0.00651039559670708	0.629772179286894	0.992875047948558	0.151652537004295	0.49360641989724	0.00985372460720575	0.0224212697767794	0.0120466979977537	0.0046885231814909	0.00873668168341538	0.00833938526237393	0.0119644409311245	0.00189274569598024	0.155164391491842	1.1432144786311	0.238828150464032	1.51587462536096	0.187970332889504	1.92297939390694	0.777509578179347	4.79467609475508	0.198753802923423	3.68693825971908	0.38079029757468	5.47189387201417	
0.0114576070342033	0.00889368633173592	0.645420349042828	1.13071299433581	0.167960181314142	0.616893011996016	0.0121061484489199	0.0286404088040247	0.0136519313707037	0.00721005710462303	0.011148527942196	0.00967634928853143	0.0149460530762423	0.0035551673266445	0.182499518310907	1.44526030319205	0.2639843642079	1.85193787845892	0.22341084957831	2.42993084348135	0.820191668769044	5.82736376934168	0.237870772911902	4.69135470757346	0.471909322073433	6.84135002185698	
0.0133719745153072	0.0123561324969281	0.658037532190341	1.25131611880649	0.183571565319876	0.738326948923362	0.0147263890591034	0.0333242044322803	0.0161112073702615	0.00946059618029706	0.0136085048073932	0.0117394422540377	0.0181508082186892	0.00432337744697719	0.208689236268656	1.74403520661099	0.286508502757844	2.18342886180163	0.2574609200897	2.94085438364784	0.855742562980188	6.84034559050796	0.275670998493601	5.70282685491799	0.562660934429184	8.2105689973207	
0.0150395735313656	0.0164988442869475	0.668342645352064	1.36416877717934	0.198500020635704	0.85874255742331	0.0172765708818681	0.0382849520980077	0.0198035378412556	0.00936713469019265	0.0160898068020261	0.0142824962987205	0.0213964478605604	0.00551921012789969	0.236041426779985	2.03915315569908	0.307343533139244	2.51213740266952	0.291512676961428	3.45537795105551	0.887861363121399	7.8408430331545	0.312543053216159	6.72370908510949	0.652155008708054	9.58595193095175	
0.0169521096713927	0.0223585437491669	0.676796622155322	1.47107284572002	0.212244558289906	0.978987471965737	0.0194619124402095	0.0445745805992711	0.0224207599605754	0.0101297877981615	0.0186083538434418	0.0172679111512485	0.0244637797734887	0.00718271223821833	0.264303106678111	2.33659801412933	0.327044786351535	2.83721867511221	0.325383647089408	3.96787449497581	0.918691933368732	8.83609945826132	0.347914176960188	7.75633342976402	0.738066467293152	10.9715903554567	
0.023034258183801	0.0460691204298985	0.684573790060634	1.57487782212555	0.224410644971747	1.1017352576009	0.0213889811960215	0.0529010114744756	0.0242574434510265	0.0128141685589006	0.0210073923508317	0.0193531304733389	0.0274652804413867	0.00777500426371096	0.292747670588582	2.63328710432617	0.346004100716939	3.15566415811063	0.358367627367503	4.48496990955112	0.949106519702487	9.82570927486646	0.38224301705505	8.79353243068778	0.820214909182888	12.3706947724284	
0.0353177485240946	0.102090127864763	0.691759113422967	1.67631770496517	0.235577481545249	1.2261848023297	0.0234896272693092	0.0603154156579765	0.0278076257490985	0.0131169611586118	0.0232113061292753	0.0218194989979552	0.0307407326670046	0.00870451508073111	0.320724375437716	2.93149029212677	0.364014068794158	3.48154275905464	0.390892498815345	5.00361597613952	0.979448667719641	10.812106494403	0.415694257496693	9.83919901605775	0.899135232886956	13.7821089449455	
0.0480053831177769	0.175288717260375	0.698698020659233	1.77718820049279	0.246231159160563	1.35040006123446	0.0260870346438722	0.065957891415942	0.0313502543114832	0.0139237975170941	0.0265567529589917	0.0276613641794146	0.0338990842436864	0.00966608376547669	0.347681024420501	3.23026903725116	0.381008219372581	3.81108797680076	0.423415561639111	5.52102152111745	1.0102590917949	11.7996408587492	0.448470036594293	10.8955758105271	0.973164335120563	15.2113025302287	
0.0597586156683663	0.251997126578956	0.70529626025408	1.87867744342652	0.256151370251957	1.47420577105647	0.0284744445341414	0.0729161803901892	0.0334454402385953	0.0168225079700836	0.0435305673769415	0.0830834839335222	0.0367100008878816	0.0107072077669971	0.372994961309903	3.53069436060925	0.397419719401224	4.13727763946991	0.456648482330551	6.03277021304585	1.04142442499957	12.7851132750131	0.481256864483852	11.9506040499724	1.03691685650506	16.678877779634	
0.0713519924669961	0.331099849707827	0.711689089460111	1.97881254340109	0.265604451234018	1.59678353212219	0.0305329011067938	0.0815842902187269	0.0363622521451525	0.0184723385566946	0.0823885570330354	0.234865853357738	0.0394619906127723	0.0121197039034638	0.396561431274252	3.82984819588274	0.413172343555591	4.46293691395802	0.489885662679001	6.54512333329647	1.07253073986181	13.7695975580723	0.513712500700561	13.006988295022	1.09037230409041	18.1805804118425	
0.0827886780371872	0.412783966060279	0.718131580330794	2.07800561063617	0.274990367970497	1.72025140469631	0.0326466972831551	0.0893743957317488	0.0409303718944998	0.0189200936910466	0.123823558810066	0.437081658832401	0.042689050751222	0.0126641565099154	0.419384097179597	4.12737594201819	0.42801454411639	4.78879013636308	0.521881281859225	7.06758037167918	1.10222651262959	14.753239925564	0.545564134720561	14.0688971453218	1.13684564970406	19.6995842226978	
0.0942298534844175	0.495044047190113	0.724739594045495	2.17725059910232	0.284216101926916	1.84483639864562	0.0347665738550732	0.0977514381657137	0.0437179782607327	0.0211428477049011	0.161793026554914	0.651984507340568	0.0456083851660791	0.0141000084692143	0.441972643466977	4.41960353163324	0.442554242111107	5.11559912851494	0.551905563503465	7.5992100056636	1.12963819420443	15.7403822031249	0.577204177483941	15.1321433747752	1.17839232371692	21.2361658149916	
0.105754826645021	0.576062122414198	0.731400797484315	2.27665274824548	0.293335739059485	1.96855456414979	0.0368885083064617	0.106013316748031	0.0454349219807207	0.0229656605375943	0.197346036283677	0.875288176111053	0.0480909280234121	0.015603119377504	0.464562717082628	4.71929520566803	0.457780472931163	5.43921740967772	0.579717711559023	8.13894866492005	1.15478541879873	16.7347711012947	0.609066089754526	16.1913141368357	1.21657534653271	22.7852401677079	
0.117476078282625	0.656530251684093	0.738021910233597	2.37678412292992	0.302308941595876	2.09233221788058	0.0387754771206278	0.115161494237151	0.0493717418483606	0.0222452498185376	0.22921231334401	1.10409817292709	0.051247144076696	0.0174562911419004	0.486816786870031	5.02298970393839	0.473183906206898	5.76432580688911	0.606329418761027	8.68345010759686	1.17822202131789	17.7277853674096	0.640806784419611	17.2530329973393	1.25262341982708	24.3379690300334	
0.129211746525964	0.738351476175314	0.744653476141662	2.4769758007482	0.311109498338184	2.21680161142081	0.0407593833902769	0.123546976781547	0.0536323062926889	0.0218802186803509	0.256341892526494	1.3379502335073	0.0545569620253687	0.0180628222157676	0.5085420303011	5.32168858815579	0.487909579291054	6.09130057445138	0.631641208139599	9.23499793653852	1.20059286861796	18.7190738928758	0.671619848282055	18.3233088492521	1.28710953122404	25.8942927973262	
0.140159371749929	0.8221050202941	0.751138675544871	2.57654605360809	0.319767420935264	2.34197950857602	0.0428797588804311	0.13148231040165	0.0554621700469683	0.0245498583516639	0.279194403595213	1.57349497278646	0.0574513015910813	0.0193361220137289	0.530073576412781	5.62013694661252	0.502120569549189	6.41736357725641	0.655810742318816	9.79266548582731	1.2230675888629	19.7084569324448	0.70202351499237	19.3993775273038	1.32026211290592	27.4527213535376	
0.150178708509096	0.905076020656734	0.75750331705075	2.67661479685236	0.328241225290574	2.46661304771224	0.0450841435029115	0.140608921953426	0.0584253057620613	0.0268039026197521	0.300580238498142	1.80565179353074	0.06052867645085	0.0206145731894362	0.551979461272177	5.9177685352101	0.516370828173952	6.74182563663171	0.679078186908571	10.3535889386823	1.24579511995083	20.6981268193531	0.731976139757223	20.4747719278435	1.3522155456402	29.0154991859659	
0.159610176803298	0.986848408922768	0.764258667300978	2.77587585063216	0.336580998991686	2.59004844041311	0.0473471987294427	0.149653577122528	0.0635052919604789	0.0267686142269994	0.321826500085329	2.03746740098295	0.0636220839552953	0.020728150882399	0.574390582965973	6.21527486092735	0.530246763510954	7.06694986632611	0.701300591015009	10.9170968115591	1.26910291797318	21.6877035740084	0.761559052392833	21.5547391220073	1.38321832972481	30.5805438574331	
0.169160491605194	1.06932004578614	0.771008596415618	2.8747785780684	0.34488292367924	2.71453366643636	0.0499707474789069	0.157635767907441	0.0663215905483159	0.0285599840103563	0.343251303160517	2.26647774855834	0.0665339149857293	0.0221645339865785	0.596810737161629	6.51340563840122	0.543637835771769	7.39309808514267	0.722772770603168	11.486339768578	1.29323319238836	22.6743485253381	0.790695398361532	22.6393014615361	1.41365997308587	32.1454134402647	
0.178979439879336	1.15301381064001	0.777701086687625	2.97508806818678	0.35306541774522	2.83961330906462	0.0524068064300716	0.164683114598655	0.0685443479337111	0.0313104341010729	0.364909862480717	2.49077956225076	0.0694847539224229	0.0246045771883024	0.618589594540072	6.81256692425496	0.557038451859644	7.71930497727864	0.743789006310967	12.0584530616355	1.31813375349733	23.6615466822508	0.819157706943489	23.7294293845064	1.443679348085	33.7129112152769	
0.188876543728415	1.23504353496272	0.78439996749725	3.07515681143105	0.360986382979798	2.96518399149703	0.0548111343260948	0.172991602963235	0.0726004396313314	0.0315835226052351	0.386775973242122	2.72230983576273	0.072308954371233	0.0269581238100172	0.639691764296227	7.11196383470888	0.570215284939131	8.04598498126004	0.764147375971734	12.6335801144013	1.34350450213414	24.6489571807004	0.847166187429535	24.8240071665269	1.4730707472415	35.2846539583827	
0.198596489152997	1.31741656805319	0.791077563819956	3.17433916845704	0.368830260505548	3.09083500049768	0.057276802709718	0.181804140543555	0.0754535958394778	0.0331440444543527	0.40861272021758	2.95643966328762	0.0751075207940279	0.0287196767204874	0.660166790887796	7.41182640642799	0.582764135068824	8.37243355159265	0.784039769481319	13.2073083207265	1.36878523221568	25.6361534749681	0.874714285898974	25.9203619119353	1.50171447152952	36.8570989186763	
0.208272856643787	1.39901148116953	0.797673687211259	3.27425307933064	0.376360672433516	3.21565899509135	0.0592548009352359	0.192426645254009	0.0768902320700365	0.0367980629364483	0.429805247262758	3.18899881536502	0.077707212726158	0.0319802077955188	0.679991659290818	7.71038372962077	0.59518061227522	8.69929656045127	0.80365117005024	13.7829010347575	1.39402122215433	26.6250987929478	0.902087536750222	27.018963007287	1.5298050244795	38.4315294586047	
0.217813858298494	1.48139138276366	0.804141602443234	3.373861050753	0.383820604831629	3.34041989258359	0.0612184355036159	0.203440305427224	0.0794268437326893	0.0387624695355669	0.450566390736893	3.4198413071883	0.0797380772107394	0.0346258404458241	0.699269024594542	8.00881392728816	0.607799843144724	9.02679612825941	0.823074600706608	14.3600863103155	1.41859575332941	27.616605247886	0.929013897317427	28.1208479458808	1.55740161749704	40.0070030797672	
0.226761815610626	1.56430923953441	0.810676939888415	3.47227297121573	0.391339646623513	3.4675321466344	0.0634728230375249	0.212759889917677	0.0815647368570079	0.0420517188139375	0.47165123534952	3.65147356051734	0.0826618882407422	0.0413177493485108	0.718378995375266	8.30771909944604	0.619772412755691	9.35440093551348	0.841751593462599	14.9415202792571	1.44235116449346	28.6047645296501	0.955552743850299	29.2234257884373	1.58452509631717	41.5842462137374	
0.235068082627578	1.64764491087534	0.817119742618282	3.57289492004305	0.398555068407743	3.59313216572652	0.0655159512498234	0.222371240294601	0.0834061895292255	0.0493402271088198	0.493113302701564	3.88073396819213	0.0977352814832316	0.108428465261961	0.73747084685616	8.60591832912589	0.63131815658353	9.68018593854319	0.860106978512804	15.5239675271117	1.46531988825673	29.5926686290408	0.982089563336296	30.3280842055266	1.61138790219716	43.1579689485427	
0.243473657991181	1.7292463432494	0.823282624333583	3.67148332612529	0.405901720356274	3.71837665244266	0.0672852068143439	0.233130009132782	0.0983734887273021	0.0973664272488674	0.515141464732234	4.11065212240401	0.132313768160504	0.288525899060936	0.756663222740696	8.90386517040001	0.643096636433237	10.0069171652638	0.878386936597333	16.1058038273864	1.48767908144009	30.5822640101468	1.00857402567145	31.4379021494342	1.63787471796064	44.7353797205683	
0.252291960325634	1.8104102868648	0.82949035441145	3.76724051171516	0.41351080103829	3.84322602557528	0.0690862353275124	0.244482437876422	0.133663987214787	0.226393349454914	0.538034088603586	4.34069903195571	0.169292335051504	0.526229851419132	0.776080234690176	9.2019032812821	0.654706896270536	10.3332833135524	0.896338841350728	16.6894450307249	1.50928687032029	31.5734761671654	1.03484561427805	32.5482397713138	1.66413086904514	46.3184156806774	
0.261142390221447	1.8931692367288	0.835865103060672	3.86628223903906	0.420972588095466	3.96763022653838	0.0712187917326215	0.255664143558711	0.167709905699887	0.404807475987886	0.561463348716143	4.57040228349371	0.201135453696179	0.779713958109113	0.795417610253091	9.50049739171484	0.666064784459103	10.6595181453643	0.914292743107109	17.2735798350046	1.53044262040227	32.5648876272056	1.06105919061506	33.6566234785246	1.69000688896877	47.9010753864843	
0.270032868070732	1.97562632167764	0.842006242939815	3.96855775101907	0.428265683148866	4.08956805261041	0.0732839816903764	0.267484241731748	0.194075577131289	0.594780537483694	0.584734753150183	4.80068900859698	0.231027853821066	1.04081680696653	0.81421742117425	9.79962421863495	0.677600841501865	10.9866740551587	0.932130033777362	17.8596722792431	1.55101992589199	33.5563586918877	1.08736550374693	34.7653238353957	1.71508955868185	49.4864433782095	
0.278868464684177	2.05892520577862	0.848114282747279	4.06986841285761	0.435890908162237	4.2121356855436	0.0750915389101418	0.279487970514329	0.21575535627264	0.791056818968944	0.607433572646615	5.03155594763668	0.260238629059629	1.30377944870945	0.832682924060056	10.0994383615825	0.68869797691849	11.3147342791302	0.949777983642783	18.4451500506116	1.5709624685258	34.5471852813787	1.11334508187551	35.8762882373382	1.73979392628175	51.0713345327991	
0.28761775217688	2.14129532848619	0.854391027023694	4.17124706124086	0.443639190853323	4.34103933848161	0.0769464245506508	0.2911447379986	0.234589485485002	0.990290573357074	0.62928104950008	5.26297888622702	0.287937493107981	1.57005201072534	0.850786024319332	10.3989423741274	0.6995273788348	11.6416676028398	0.967295501484442	19.0298231593138	1.59049119740225	35.5379485409377	1.13882498307816	36.9908959730196	1.76414528625683	52.6574624837091	
0.29622996985079	2.22330037276184	0.860547418922389	4.27106900401458	0.451277364460661	4.46827150030821	0.0790198175154456	0.302789289150616	0.251913222054812	1.18901745545804	0.650535511312706	5.49464676264285	0.313393955052763	1.83675367959711	0.868761144733014	10.6958573100379	0.710432613662834	11.9696998871354	0.984878501454678	19.6145111691765	1.60948592958029	36.529944871527	1.16396437926578	38.1090436656389	1.7879971466298	54.2454605302601	
0.304789121820733	2.30618179153859	0.866536374342001	4.37178548207874	0.458854042270719	4.59427897300736	0.0809042484581241	0.31457881375121	0.268083703402606	1.38790371012703	0.671767444280859	5.72422940791316	0.337139639088852	2.10363905183799	0.886613848050105	10.9936728348352	0.721067738994573	12.2976278633075	1.00244491096967	20.1991209479466	1.62758756664368	37.5216543547768	1.18869244747748	39.2295550548403	1.81116837117812	55.83679643676	
0.313460681556078	2.3882115158613	0.872469508294516	4.47137738818745	0.466462524036646	4.72057003341702	0.0827238290443486	0.331404399451218	0.282618948095213	1.58871547412757	0.693279444993453	5.95437829728194	0.360755731445181	2.37041126839144	0.904098069014495	11.2928583350747	0.7315301358628	12.6248005369074	1.01999490370363	20.7864632270209	1.64503980101903	38.5135985313044	1.21235631530148	40.3600772299208	1.8341241177522	57.4274096369763	
0.322123579834297	2.47045381455157	0.878374974696359	4.57024891631892	0.474106345579905	4.84589251839508	0.0859112373853196	0.394227519256549	0.29580615925739	1.78887729141722	0.715167044387687	6.1847534980256	0.38471709643726	2.63598952946093	0.921289937816079	11.5915399898253	0.741651891574095	12.952327113069	1.03746403187519	21.373000843429	1.6621557753011	39.5030132358394	1.23581526565077	41.4934110677205	1.8567277743918	59.0191776771303	
0.330468198016479	2.55226560940217	0.884210305418461	4.67016631965201	0.482039071064132	4.96982127920642	0.091733183121312	0.51658168106045	0.308083261848773	1.98835656570742	0.737318413916777	6.41496199203632	0.409290615323756	2.90092820478269	0.937988348930027	11.8907897513194	0.751461715375076	13.2796059574374	1.05490305066432	21.9582252950692	1.67908077096899	40.4922752034794	1.2592951706067	42.6263826210559	1.87900038762512	60.6108190574201	
0.338737092894871	2.63415610100658	0.890194816787927	4.76984856404618	0.490093482993281	5.09560849412714	0.099320058621805	0.656572823310072	0.31996410781595	2.18727890912446	0.759180038462404	6.64587968815393	0.435759172853068	3.16480261128286	0.954642590877506	12.1906262460077	0.761407459926143	13.6073718834892	1.07217026262968	22.5448467305049	1.6955631297147	41.4877621309125	1.28256401826236	43.7598994637328	1.90092162148815	62.2056045825725	
0.346864628672669	2.71764707037946	0.896225206929433	4.87003791355814	0.498262319202029	5.22084250346481	0.107911735739009	0.803011751544104	0.33144833073878	2.38703478620618	0.780389658635456	6.87576408192408	0.463854778293584	3.42905816152858	0.971371136481757	12.4886643568898	0.770817313724802	13.9371215265308	1.08930156995682	23.1308199654596	1.71154993938897	42.4819936355747	1.3060048250043	44.8927704342349	1.92251909051023	63.8002373708299	
0.354794676843187	2.80013686803218	0.901859024038617	4.97056067653597	0.506401371842825	5.34377894012004	0.117135365651435	0.950910920746199	0.342499609828387	2.5870342041296	0.801225824037257	7.1067204279267	0.489720795214738	3.69748370840408	0.987795014398662	12.7865720826176	0.780355229901705	14.264087446529	1.1061609780418	23.7163964570163	1.72732562596502	43.4774284089461	1.32918627646457	46.0271343147533	1.94402284134465	65.3952724904205	
0.362615154767005	2.88238801428649	0.907729472566046	5.0694554877307	0.514510460928845	5.4684914088407	0.126836261297542	1.10099994935934	0.353044600431233	2.78630672481806	0.821619810355047	7.33932335216303	0.510868616482797	3.9678280125228	1.00368620817082	13.08622976338	0.790091730786793	14.5924522129679	1.12272455772095	24.3089466916804	1.74281426201934	44.4693651348933	1.35165968162364	47.1660924093139	1.96527123501866	66.9881990958022	
0.370204429774348	2.96427804022964	0.913820363523448	5.16945065649507	0.522881929411536	5.59330213208831	0.137065603282539	1.25306355635986	0.363246450047278	2.98592034238327	0.841534232490332	7.56998353760098	0.528980351988327	4.2355492467347	1.01879931106286	13.3860690520359	0.799214875934786	14.9198325714921	1.13899272739968	24.9020128790264	1.75805084212583	45.4625610089017	1.37408908968391	48.3084640337791	1.98599825874936	68.5834204798989	
0.377816373510817	3.04685445087768	0.919473787248797	5.26944861922704	0.531081739430134	5.7180262423406	0.147834500544362	1.40515172699211	0.373649453384096	3.18398004830654	0.861057488968592	7.80147306575224	0.545527176516954	4.49997639315664	1.03344503519116	13.6848931991336	0.808189053754853	15.2453148946994	1.15512331234883	25.4953156222952	1.77282517466016	46.4579995075632	1.39680900953791	49.4470058271687	2.00669200497395	70.1839988311902	
0.38544800744092	3.13034402326676	0.925139596813542	5.36836997311388	0.539215532246229	5.84353871711486	0.158900674310925	1.55624879582907	0.384176511338708	3.38295384729337	0.880068526888723	8.03469299116495	0.561390125644441	4.76830484965835	1.04786979094253	13.9833289847362	0.817714944682998	15.574298990621	1.17119015723156	26.0893727368135	1.7874489527765	47.4492209778072	1.41956119768193	50.5811878669629	2.02813205169101	71.7794288315336	
0.393071574778732	3.21264499527645	0.930912277314553	5.4672382416165	0.547632317799943	5.96765234544848	0.170351631281945	1.70212894509679	0.394349226623408	3.58287247298728	0.897691715937316	8.26751244788959	0.576722084167436	5.03963775264306	1.06186607987964	14.2827128566747	0.826832361847892	15.9043894977087	1.18725882283538	26.6811387979071	1.80176968102921	48.4423237195625	1.44179964152861	51.7232627487868	2.04971754529009	73.3755815381606	
0.40069398988134	3.29509963550364	0.936667869996231	5.56872818304213	0.55621954584225	6.09036992130907	0.182959639956171	1.84853843480771	0.404492138735816	3.78068956939139	0.914602033060069	8.49861268322316	0.591297144556137	5.3084085873467	1.07549367060095	14.581077861765	0.835423249658812	16.2337992080266	1.20320682486004	27.2744601676264	1.81550807115593	49.4380416149831	1.46414431439165	52.8671562706819	2.07070532428983	74.9735000323053	
0.408411892335254	3.37765020195147	0.942432690384984	5.66889052420071	0.56486143543304	6.21444257145136	0.196541609535624	2.00057462600124	0.414636876514056	3.97389242831872	0.930888940457618	8.72922397422827	0.605163382531799	5.57589233431336	1.08865810080951	14.881719950442	0.844016422102966	16.5630999536085	1.21886638574703	27.8690947021136	1.82885387957294	50.4305594861894	1.48668032732678	54.0075879503163	2.09111923522811	76.5711875584623	
0.416260965511805	3.46043965262834	0.947902044763	5.76785518458522	0.573678812239438	6.33896784434341	0.210528662817584	2.14902522545281	0.424899398029957	4.17160102564804	0.9460059835078	8.96237684441879	0.619043295570878	5.84304965273311	1.10141332880923	15.1816579592861	0.852909469561177	16.8904356086513	1.234674319068	28.46248126441	1.84204601132464	51.4227979606365	1.50921996692517	55.1481327856381	2.11111818710344	78.1711698633342	
0.42393091833681	3.54272805178386	0.953347680613436	5.86753649765685	0.58233724245971	6.463616983132	0.224766176278533	2.29853194465383	0.435113201910511	4.37445378297391	0.960046223478251	9.1951432157592	0.632841900382954	6.1092914811055	1.11420733680748	15.4803312321339	0.861562737573671	17.2190471755607	1.25044203494644	29.0578645822116	1.85478676063934	52.4177670727427	1.53146992739042	56.293275793123	2.13085482847088	79.7658175527521	
0.431628722415867	3.62389979522546	0.958794207611522	5.96740128126697	0.590873760770594	6.58638857569935	0.237906007120618	2.44953751105218	0.445173534994614	4.57496845508726	0.973046070518251	9.4272194771046	0.646452696494417	6.37551375170476	1.12676208986342	15.7795828562731	0.869656577308723	17.5485490868092	1.26615644504341	29.6519775760818	1.86721378084726	53.4122705235837	1.55366205547104	57.4346660364718	2.15016149841422	81.3673644794751	
0.439479428698571	3.70627434171504	0.964235266791476	6.06737456395188	0.599540014828109	6.71010639195756	0.250185887064412	2.60077963337324	0.455173848692563	4.77541048404324	0.985273731688184	9.65954440156561	0.660183445184279	6.64274324762062	1.13903099840799	16.0769187499673	0.87825210730867	17.8770116421137	1.28177846120321	30.2446190803539	1.87961899404392	54.4065653581779	1.57582222522907	58.5773163592041	2.16902161964771	82.9778744542305	
0.447529273971916	3.78905238369091	0.969613113714623	6.16737159536131	0.608942938827426	6.83403189314005	0.262473638986093	2.75288276337365	0.465300758733141	4.97408672548162	0.996692275594984	9.89308656457383	0.67372368900631	6.9096300168453	1.15101681784052	16.3720697610052	0.887044497277241	18.2059305454581	1.29746311217071	30.8384638533353	1.89169750008383	55.4028457724069	1.59806422883511	59.7201734355382	2.18755932027633	84.583884278519	
0.45543727236738	3.87148746614497	0.974880013366613	6.26725779938963	0.618842536668096	6.95706006506452	0.274614108388957	2.90442966099278	0.475737941733679	5.17368404490255	1.00756378004397	10.126412660755	0.686621001982385	7.17569768790451	1.16311843661842	16.673380539259	0.894990986017982	18.5355609792158	1.31295297406429	31.433880698748	1.90344148604371	56.3973864761491	1.62038457271191	60.8617932498907	2.20566750471133	86.1922410355841	
0.463154043261452	3.95398494720856	0.980116472559733	6.3668678662877	0.628318506523569	7.08039650474654	0.2859569005518	3.05648040410085	0.485990592862988	5.37232582740731	1.0176081051132	10.3596782209717	0.699333561153059	7.44302916363744	1.17501081815646	16.9752258966453	0.903311490913762	18.8630530964437	1.32834158500911	32.0299941734134	1.91487640957963	57.3902694257873	1.64227034954171	62.0107937952965	2.22350653384823	87.8000464497112	
0.470828243263742	4.03700257190538	0.985326097374997	6.46652077402215	0.637466334534429	7.20414924559965	0.297348184868057	3.20791554301633	0.496059251284079	5.57144165308003	1.02708406556219	10.5922480832582	0.711877387030349	7.71058089714881	1.18669796923721	17.2739177959437	0.912255430587323	19.1907836322394	1.34369932081771	32.6256308109433	1.92622915709962	58.3863673008003	1.66380162134297	63.1578152803252	2.24099803989568	89.4088129886897	
0.478485786835322	4.11832798356449	0.990135990699656	6.56625936342941	0.646644187791452	7.32778277716886	0.309243729235953	3.35989829957968	0.506642354828569	5.76929879635294	1.03621304232631	10.8249324982159	0.724277338977068	7.97532283058603	1.19821634050501	17.5732951486245	0.920481160838038	19.5201477077533	1.35895043886136	33.2210625575164	1.93734177119564	59.3827333967021	1.68542207838701	64.304289147706	2.25814672380917	91.0170058329894	
0.485944435009499	4.20136144074431	0.995142856636405	6.66532786627606	0.655716608254712	7.45073038969445	0.320873954670819	3.51161958734263	0.517244013328128	5.96805280322261	1.04514603751033	11.0574716268589	0.736733452864957	8.24233206872345	1.20956828541784	17.8725607426017	0.928339056546579	19.848951127104	1.37388866142797	33.8190610289833	1.94809996547915	60.3762682721115	1.70707337014786	65.4516440462006	2.27512829613547	92.6228442939324	
0.493148865350919	4.28453552762623	1.00028229841418	6.76650022671883	0.664725423963995	7.57535298579093	0.331828352664568	3.6640696349856	0.527676655095007	6.167587724034	1.05392392678067	11.290381421869	0.749127850939337	8.50804304325353	1.22047543172729	18.172383267452	0.937096632693516	20.1758527858476	1.38886743697519	34.416254837784	1.95886422224189	61.3728429842601	1.72842700382074	66.6015321419778	2.29198742173164	94.2344271522427	
0.500126961570224	4.36640902259447	1.00529451235441	6.86665837692602	0.673716934640419	7.70022191669669	0.342954632165436	3.81664960212155	0.538344689012833	6.36651868218444	1.062181985159	11.5238379032044	0.761746435360451	8.77379499597494	1.23142949990171	18.4713769152502	0.945713945862876	20.5047623759668	1.40379050895202	35.0134188442637	1.96935934345056	62.3686689130942	1.74986159192864	67.7513261741794	2.30858796696474	95.8488486816256	
0.507072205711588	4.44938520343868	1.0100789383838	6.96641140183249	0.682609362277501	7.82229827699511	0.353695841209954	3.97049779771325	0.549431201321919	6.56434136652373	1.07044799217179	11.7551150898188	0.774348137132596	9.04011691808494	1.24248263482606	18.7710522911407	0.953972086855227	20.8328896551604	1.41853143164852	35.613086245705	1.97950535131321	63.3631686386451	1.77139740868886	68.8983728049165	2.3248947811712	97.4629125831569	
0.513894900051626	4.53231528381763	1.01488703372038	7.06593997800915	0.691335342735816	7.94674485313335	0.363534530606441	4.12508127244269	0.560415797744122	6.76268885110889	1.07892773276835	11.9863689933699	0.786651099231118	9.30614547359788	1.25325711579439	19.0696659593466	0.962436043809913	21.1628628156092	1.43325335628413	36.2117403682333	1.98961317716209	64.3575007261405	1.79276922508463	70.0483326125285	2.3411016224858	99.0762612289848	
0.520705095545006	4.6151783089744	1.01982254450943	7.16460661518393	0.699768799342006	8.0724044768674	0.373524271677348	4.27890921176936	0.571539006287318	6.96189454940579	1.08712624401675	12.2195777429122	0.798793819643424	9.57388021198647	1.26409059210148	19.3694977974222	0.970922748190483	21.4927353932247	1.44799480413597	36.8107036898417	1.99964502119824	65.3476753898603	1.81436326720104	71.1952022919847	2.35699656523143	100.689028729554	
0.527198067740268	4.69841153483699	1.02453279456637	7.26488118070742	0.707859429017921	8.19753836903306	0.383600174519214	4.43286567360521	0.58324659572526	7.16079477391272	1.09525445382745	12.4509424738444	0.81072982977925	9.8396172635474	1.27453668960228	19.6686702591463	0.979437017554011	21.8198065526689	1.4624793843124	37.4112949632331	2.00955083491469	66.3430505585898	1.83641552890781	72.3346344297134	2.37288682639308	102.303137334567	
0.533675047418492	4.78013462121658	1.02922393433806	7.36526471096696	0.716230287557084	8.32162731731963	0.393049101034202	4.58789315635101	0.594773240048048	7.3592516888952	1.10356628694599	12.6832534284674	0.822584773441948	10.1065687596879	1.28500103920952	19.9672205974201	0.987753751664373	22.1486267358251	1.47700570127647	38.010612187403	2.01929001962037	67.3403405264417	1.85844831143244	73.4778645007209	2.38888349396477	103.917290643061	
0.540116064663302	4.86223163359211	1.03387363203041	7.4662489442586	0.724546580372125	8.44567668439866	0.402231087547351	4.74295370104663	0.605956122660449	7.55743572637628	1.11188991723239	12.9158270160441	0.834645250521176	10.373644121725	1.2950669086919	20.2669853802735	0.995971930582835	22.4761970841456	1.49150312241218	38.6101231266593	2.02909834976542	68.3373920757258	1.88044593040634	74.627122091145	2.40452617810676	105.533343849517	
0.546273686949736	4.94520222650113	1.03840248250425	7.56607740629004	0.732612913800695	8.57048321669489	0.411984195998027	4.89614787539137	0.617167495332696	7.75720999707798	1.12002716424813	13.1477691669451	0.846700647986625	10.6414934127848	1.30538491924501	20.5646397862731	1.00453065193804	22.8044007317867	1.50596191088459	39.2094254496687	2.03876123228339	69.3337283693066	1.90240293243524	75.773276514898	2.41986990596696	107.146722297666	
0.551987963350492	5.02784499387946	1.04294696980266	7.6641517223355	0.740944337275222	8.69556635178264	0.421785340309348	5.05101563632321	0.627905623253577	7.95551184685914	1.12838045853813	13.3792884974173	0.858444735088986	10.9074269733997	1.31575094414522	20.8641829143643	1.01327896363722	23.1329973975356	1.52049888237394	39.8090630487891	2.04805963988315	70.3277400818516	1.92440559006219	76.9176223102969	2.43533268003078	108.761076771827	
0.557829449724861	5.10713313750337	1.04746037395396	7.76382931011702	0.749204365881139	8.82064483025774	0.430708478535376	5.20704661909549	0.638082253437131	8.15493500896689	1.13675229465156	13.6118360079631	0.870280814056191	11.1720315367637	1.32560810545464	21.1637390809709	1.02204504065799	23.4612923147847	1.53494878067967	40.41086504147	2.057242214575	71.3250225991233	1.94633614521911	78.0644919897531	2.45074348027614	110.376757449271	
0.563743440688165	5.18669741825753	1.05178041483381	7.86446336613723	0.757134062072792	8.94530793888429	0.439597560544494	5.36030552035609	0.648149641531315	8.35538541982564	1.14506458279685	13.8441441686186	0.882301832889582	11.4380591609541	1.33515599274362	21.4637534582625	1.03061051877594	23.7901404376168	1.54903452842939	41.0116463046577	2.06643029689902	72.3217984769384	1.96793932754483	79.2109090464596	2.46635465247846	111.989606906222	
0.569341618809373	5.27299096995495	1.05612330483997	7.96397983512099	0.765072920266711	9.06930049528896	0.448895264053723	5.515528115172	0.658254713920109	8.55415945012972	1.15336511791898	14.0757482494411	0.893920883841643	11.7037990064826	1.34466165297637	21.763123360363	1.0394039206847	24.1180348861778	1.56279499547677	41.6137910240299	2.07560215583987	73.3170991398654	1.9893667142009	80.3599580206369	2.48195747084532	113.604140194309	
0.574706197235082	5.35788008727656	1.06058672068268	8.06331842150144	0.773085094801963	9.19454661181953	0.45746337208714	5.67255794135811	0.668154487250968	8.75273976534747	1.16191202256031	14.3038403130015	0.905348323456441	11.9711658724717	1.35441781995425	22.0630837209478	1.04825003174931	24.4463447045874	1.5767868136839	42.2148144310754	2.08459754226074	74.3127052765824	2.01057561835462	81.5110447285108	2.49726277268524	115.219791069432	
0.579968763251055	5.44198549668886	1.06482996756083	8.16336946961764	0.781235008238521	9.32028819193626	0.465722566047549	5.82872024060718	0.678250695977951	8.95147468010526	1.17025693637902	14.5373098328523	0.916892307381539	12.2372428567562	1.3641176390524	22.3626361622643	1.056940162237	24.7746768747377	1.59079854279939	42.816817589423	2.0933718581386	75.3089447126201	2.03164645589208	82.660365648867	2.51277421786485	116.8294665792	
0.584695739192117	5.52506784830153	1.06893632514834	8.26352389453471	0.789384429171329	9.44413359938114	0.474733254463147	5.98236424373409	0.688454688488667	9.15012298186773	1.17886876342405	14.7710140459808	0.928598683236237	12.5028485918403	1.3734414383423	22.6616260847725	1.06555752215875	25.1031189409466	1.60467075289814	43.4202102809858	2.10215000869059	76.3032171954735	2.05282226362374	83.8059035371048	2.52834073616476	118.443202655201	
0.589432020364127	5.60832109759853	1.07309091240473	8.36341382385315	0.797305157393041	9.56980067369544	0.483033877557514	6.13805529378278	0.698371251243103	9.3490655815498	1.18742926734824	15.0040849597887	0.940128008795897	12.7699900777771	1.38274440921977	22.9597163497163	1.07464650705237	25.4310413291835	1.61865165120836	44.0212932926733	2.11093441022152	77.2986445182647	2.07386150238733	84.9619839963865	2.54387871069661	120.060433053335	
0.594395843074316	5.69216946199244	1.0773500893169	8.46332610491232	0.805278623734735	9.69559347655134	0.490862414171846	6.2966073666448	0.708399370560298	9.54884730283174	1.19572285515901	15.2369500513173	0.951703765244727	13.0366649711261	1.39193533995397	23.2595295613413	1.0838164870798	25.7584626658991	1.63232417469298	44.6252112501433	2.11956021620217	78.2975065585479	2.09471230624646	86.1197594626735	2.55931398757776	121.676910942865	
0.599090965047485	5.77546834609342	1.08135009432483	8.56289752192537	0.813281768701792	9.82018580466558	0.499329955481744	6.45203904336878	0.718720712195359	9.74725252941379	1.20408096959632	15.4702901173365	0.963211295434649	13.3034814254997	1.40131642995965	23.5585939896518	1.09313918976062	26.0866085715433	1.64556330731827	45.2315692726429	2.1278053030198	79.2927774191539	2.11550413935374	87.2760708899427	2.5746372192865	123.295162070493	
0.603471018305307	5.85805523411993	1.08521008175868	8.66202283544637	0.821175058748853	9.94511247756822	0.507748668820769	6.60689702541405	0.728519251248135	9.94636276715132	1.21246922886161	15.7023151559427	0.974374173977255	13.5698294246406	1.41022602575116	23.8568705191017	1.10260653599953	26.4144154757865	1.65882800885485	45.8346229628047	2.13613143842917	80.2870126491062	2.13652985267088	88.4309816081263	2.59026296948111	124.907750757136	
0.608080388746384	5.93939694392332	1.08935415050072	8.76250601721666	0.828928004662306	10.0705849054737	0.515292105714032	6.76518041172605	0.738737467345071	10.1460206225367	1.22079618896965	15.9334228418565	0.985641178021944	13.8362938390977	1.41927788668334	24.1558548536747	1.11170090670832	26.7430493944366	1.67245632733454	46.4349385647272	2.14454742456948	81.2831403264402	2.15748114202184	89.5843463309094	2.60598507992076	126.520801379754	
0.61249401903528	6.02272656166781	1.09375282029729	8.8635638249882	0.836713204631103	10.1941136632582	0.522944599325638	6.92201652282584	0.749373780381003	10.3438372532796	1.22900750001286	16.165962901822	0.996743082328283	14.1030227491535	1.42871488472255	24.4551781896487	1.12049054584104	27.0721918151884	1.68566131715902	47.043937817923	2.15298893542111	82.278679407935	2.17835252398883	90.7364295538907	2.62195555468525	128.133129296089	
0.616859901364439	6.10605105713838	1.09774783072119	8.96305887355376	0.844363120001337	10.319888770986	0.531373673086999	7.07786217241458	0.759145725374985	10.5428608780218	1.23710471529178	16.3980447511026	1.00747758113529	14.3694480480644	1.4376770542556	24.7552242319063	1.12966352544312	27.4014497199339	1.69853565113836	47.6512085365023	2.16108560398368	83.2756564514167	2.19965065119701	91.8865905271693	2.63782192482676	129.740584532945	
0.621343135611911	6.18910453775261	1.10139267432189	9.06266754346802	0.85207284358906	10.445574471751	0.538871783176918	7.23693997684499	0.769075915555688	10.7419534206312	1.24526004677589	16.631041159108	1.01800781595919	14.6366975674147	1.44640149802564	25.054199253254	1.13861515093192	27.7296291531892	1.71157165748711	48.2583823975385	2.16915221898788	84.2730358262315	2.22084773471354	93.0376492953672	2.65348008080953	131.356533431277	
0.625695436894668	6.27181529167566	1.1052726264014	9.16223523519095	0.859808326991738	10.5705942769066	0.546054157759451	7.39287875868677	0.779238995892147	10.9404508481438	1.25306933042625	16.8638885555086	1.02822493074382	14.9019382240669	1.45536644894193	25.3537163043143	1.14697699760359	28.0575236017502	1.72441973806799	48.8667073732223	2.17738736990911	85.2676212334552	2.2415071507703	94.190268960126	2.66897154966701	132.974978273992	
0.63008261026202	6.35368692399884	1.10923764557241	9.26150956031681	0.867499507359058	10.695265767436	0.553810980824053	7.55006551271925	0.789098600450803	11.1382674788866	1.26082045223663	17.0962777412242	1.03818910225138	15.168216374018	1.46444644330144	25.6533097238221	1.15547983290447	28.3852485496107	1.73704064068157	49.4753489985663	2.1855470007324	86.2625270156294	2.26186408782926	95.3481561851166	2.6844104660171	134.591441262361	
0.634423307477926	6.43647777165951	1.11295919004255	9.36263256066548	0.875131966644642	10.8205239911594	0.561533602804517	7.70592885743606	0.798782485615131	11.3379532739479	1.26877979822909	17.3291679784611	1.04779527425094	15.4356279434885	1.47319091644407	25.9520798542131	1.16419319015232	28.7132342677797	1.74966476526962	50.0836031937378	2.19360275097399	87.2594146521481	2.28190108369685	96.5131289119184	2.69976107793438	136.208738715718	
0.638519025642154	6.52024464533201	1.11667048179781	9.46169081896429	0.882582462635022	10.9464257587514	0.568506624802895	7.86355566136414	0.808419977236326	11.5377322012623	1.27665875228789	17.561074739106	1.05731108386837	15.7017161036434	1.48191036060093	26.2510287985299	1.17266185029766	29.0416502569577	1.76225864990383	50.691849938329	2.20160032484695	88.2559893642967	2.30186643735403	97.6760229268324	2.71513022992305	137.82253439636	
0.642742338157193	6.60363433337971	1.12052005930953	9.56032346286672	0.890203171505144	11.070953825611	0.575913301859354	8.02064788615979	0.818027298287201	11.7368098427113	1.28443316269825	17.7924990746801	1.06684860252194	15.968992631347	1.49061199417394	26.5507321140963	1.1812370004858	29.3692746219849	1.77485912837464	51.3000966829202	2.20957257070394	89.2511857191003	2.32192656360737	98.837065472556	2.73042108937124	139.437090036188	
0.647104688445481	6.68589944947197	1.12437441226507	9.66122387713062	0.897771846952152	11.1974041421734	0.583974337081061	8.17569911763011	0.827522123943951	11.9353417291574	1.29255762221263	18.024986980584	1.07601286840813	16.2353210727148	1.49921824516944	26.8492917655954	1.19001856406224	29.6973180821508	1.78729321042376	51.9102060725721	2.21746410548051	90.2440425917076	2.34150769624714	100.004102010085	2.74554834855117	141.0505578913	
0.651295615559593	6.76799879015383	1.12822729974379	9.76313663898505	0.905008144273737	11.3234325696295	0.591624596956211	8.33213522570311	0.83699206836054	12.1348487102929	1.3005647578415	18.2574655732625	1.08488393103074	16.500561729367	1.50826068828251	27.1469573474654	1.19851019261885	30.0279711080468	1.79948776629162	52.5213324664273	2.22537020185809	91.2368026067718	2.36073763056576	101.172472201478	2.76079301152409	142.663235984906	
0.655324654284029	6.85235519098806	1.13196717594844	9.86284123511994	0.912358483677597	11.4481822912513	0.599023537859449	8.48928193286678	0.846232604286427	12.3342402074346	1.3082049721482	18.4893462568765	1.09402801771201	16.7640459117269	1.51694128333671	27.447862069096	1.2068659761419	30.3573798870422	1.81164063776746	53.1309352166227	2.2333138741447	92.2357913069191	2.38016421467095	102.338853087945	2.77591699832752	144.282142763595	
0.659351951505095	6.93593673147701	1.13561759358461	9.96127923261352	0.919612685218792	11.5747937266114	0.607028297323634	8.64547775972694	0.855518017576846	12.5327842010737	1.31592291789097	18.7215305516354	1.10327116302323	17.0328404951551	1.52520682351235	27.7474722524094	1.21522867903663	30.6858070520906	1.82385726862592	53.7418641701014	2.24133035443641	93.2342957193506	2.3994697435933	103.506157846363	2.79080726734375	145.900826024877	
0.663584293690194	7.01770545266058	1.13919786557589	10.0608627568195	0.926829689305528	11.7004868779566	0.614953803343634	8.80294763580865	0.864919927717945	12.7327866457953	1.32350485282477	18.9541283535978	1.11217926887328	17.3005417059326	1.53389360893384	28.0455904570291	1.22328215615342	31.0142100027532	1.83597404196591	54.3554716071775	2.24944340060918	94.2312057076101	2.41843935865317	104.676565771452	2.80567938520891	147.519121855986	
0.667945802703158	7.09928837499934	1.14279354551922	10.1609808601578	0.934131136290992	11.8253073800908	0.622249743599107	8.96009806826245	0.87397047070656	12.9312635842122	1.33080760212794	19.1864337202857	1.12096787656631	17.5672389510223	1.54286442891114	28.3455340538083	1.23130465550223	31.3431624337087	1.84797527084607	54.9649178951878	2.25725370798007	95.2268863501295	2.43746515265084	105.84907103488	2.82038502978045	149.137775314947	
0.672165069803215	7.18220495120161	1.14655385033698	10.2610356335642	0.941308608278011	11.9506913323558	0.630103601075693	9.11555256238842	0.883171019971644	13.1303440196288	1.33817667413653	19.4194431668066	1.12957453204688	17.8344689125995	1.5515080383693	28.6479493805832	1.23925805225252	31.6719248748681	1.85966345398903	55.5761597730367	2.26494199628418	96.2240347569568	2.4565023243836	107.016938312106	2.83512735067326	150.753463442971	
0.676148441483066	7.26621070910315	1.15010868255357	10.3603583874616	0.948274911066339	12.0777395579827	0.63807119320497	9.27280264635297	0.892520705785965	13.3296302773246	1.34531522723559	19.652072633735	1.1380143727353	18.1009240138313	1.559793630083	28.9471330181777	1.24713054886389	32.0002384185678	1.87116677054342	56.1897932871436	2.27293761556717	97.2219654747096	2.47496769977033	108.191142307829	2.84991499877977	152.370626785884	
0.68016603302194	7.34907839087257	1.15369532817896	10.4598701998327	0.955185563462795	12.2042261961237	0.645332724784499	9.43070558741131	0.901746773056827	13.5281891721241	1.35239476525185	19.8836813711702	1.14658473150168	18.3673232357113	1.56829224546819	29.2442975485263	1.25501260746312	32.3284290276935	1.88266084859613	56.8025886109732	2.28093898388114	98.2169755650072	2.49364617258929	109.362589588862	2.86442762632813	153.991321703831	
0.684363748284382	7.43150835105272	1.1572392037114	10.5596204307716	0.962223264993454	12.3289666045203	0.652622119073349	9.58737732008449	0.910925948265042	13.727278920766	1.35942460076496	20.1166405262744	1.15480577147227	18.6344507518101	1.57695855198515	29.542568490041	1.26266213817361	32.6581395551887	1.89409940923237	57.4180400666594	2.28872848314243	99.2115535216506	2.51242536537217	110.536376352091	2.87921800887922	155.608425442102	
0.68856280948839	7.51412131611007	1.16072793765387	10.6605422654537	0.969351715108238	12.4557158756149	0.660617967285139	9.7440099372114	0.919998257938661	13.9263677380853	1.36633650658469	20.3511009732975	1.16271726391043	18.9002241249497	1.58544524857175	29.8406866946607	1.27005884313994	32.9877122469495	1.90545958965285	58.0328544977348	2.29648682042015	100.208523114552	2.53088697463009	111.711861847616	2.89410773794955	157.223413215583	
0.692430412670022	7.59848004525063	1.16426771664172	10.7603306806163	0.976346239240747	12.5824940177079	0.668109012408557	9.90097783044924	0.92899806837845	14.1251268672289	1.37301342946788	20.5843469757411	1.17083191889142	19.1670927333851	1.59375174711525	30.1399858162489	1.27756784127243	33.3175792366298	1.91675178968358	58.6453517983547	2.3042589640312	101.2038535798	2.5489637998279	112.888025345943	2.90886350754782	158.841038494471	
0.696323398451863	7.68139755277543	1.16781449211476	10.8583663467768	0.983442700689293	12.7062593314152	0.675152634697313	10.0597338629454	0.937877857368535	14.3235674840671	1.37945719212924	20.8163412807038	1.17872500182963	19.4350621650513	1.60210324292232	30.4395121805345	1.28519144207063	33.6473828963781	1.92783098243409	59.2597042934551	2.31201658478425	102.198893472419	2.56726798007528	114.064375108776	2.92341361660403	160.459811162715	
0.700447274266541	7.76325754356698	1.17129830141552	10.9585123897911	0.990461245033867	12.8338514493998	0.682630428034696	10.2150691477875	0.946653928199568	14.522365728757	1.38598972998949	21.0473409332041	1.18638632510965	19.7014166834499	1.61058108063469	30.7398171304556	1.29265425266854	33.9752829328743	1.93907568012395	59.874287756543	2.31975641648446	103.189924952866	2.58539390830136	115.240635464646	2.93771829024013	162.077302331158	
0.704784656663835	7.84509052600514	1.17465242921046	11.0594435376985	0.997420127471729	12.9600698666521	0.690387787151112	10.371442857251	0.955544815696771	14.7235081122558	1.39250723697274	21.2785827295623	1.19415723709983	19.9678252185552	1.61922784381886	31.0379800385568	1.29973449594616	34.3044309415613	1.950173249295	60.4913224605308	2.32752596125151	104.183959017152	2.60330523750053	116.416478588022	2.95222566943653	163.695911086638	
0.709034689804407	7.92730115972938	1.17791929571209	11.159872702762	1.00427569076697	13.0849294843325	0.697765208618026	10.5300526721099	0.964449622310476	14.9218835365169	1.39909827686766	21.5111861194599	1.20159621872702	20.2338817137441	1.62783134546862	31.3367483063027	1.30674239378915	34.6339850068714	1.96122168028909	61.1063380572728	2.33515105409172	105.185510716903	2.62126995643116	117.595026272026	2.96651043402692	165.312403877329	
0.712929988662653	8.01209900744301	1.18136049063704	11.2586999930733	1.01107637057955	13.2106533693212	0.705273914530799	10.6854904024303	0.973227626497331	15.1195381171394	1.40553042981893	21.7455906871312	1.20894235217318	20.5007354210189	1.63626057867224	31.6365186770913	1.31411422176157	34.9622165941884	1.972219620171	61.7214952150395	2.34302125400263	106.182532463866	2.63913146660126	118.777932545473	2.98094464185107	166.926035645206	
0.716878836005029	8.09574015257391	1.18488441027825	11.3579203014924	1.01789561251839	13.3372024060718	0.713380769990921	10.8416340752287	0.982003089378446	15.3198683873918	1.4119123043721	21.9780096751678	1.21622256327205	20.7674289408185	1.64467569310126	31.9365051147069	1.32151631999366	35.29242631056	1.98334285114403	62.3365704164234	2.35091139052639	107.180276917113	2.65636048530643	119.964765274708	2.99536630055752	168.54692427824	
0.721024067576086	8.17777383501738	1.18816305094407	11.4588421361745	1.02489178908199	13.4633723945525	0.721195606777389	10.9984864844728	0.990811284904115	15.5180165689554	1.4181292021215	22.2094638130629	1.22352327637225	21.0337387557356	1.65306767651009	32.2358806047426	1.3286229538914	35.6214215823519	1.99440852379447	62.951973443338	2.35852426006046	108.176732419978	2.67351048377059	121.150540021548	3.00940861354563	170.168677178582	
0.725127450935489	8.25992207013208	1.19153139791018	11.5585532515671	1.03177794258404	13.5892844066922	0.728587751057262	11.1553873224885	0.999446840293485	15.7167999124848	1.42422050839041	22.4417300642045	1.23078441844344	21.3001286643904	1.66128012002401	32.5344030033405	1.33546356058819	35.9504168541438	2.00547810961209	63.5691720600913	2.36615431909683	109.174096893632	2.69097893502127	122.335018367427	3.02337371634144	171.789461503492	
0.728989167500688	8.3440298078507	1.19485109165937	11.6582168695107	1.03854548125362	13.7144541547753	0.736375158796039	11.3114080607129	1.00793270873944	15.9163339019736	1.43054461140342	22.6743353167472	1.23792567671441	21.5648235660398	1.66933467419211	32.8338455485984	1.3423195497188	36.2802018874415	2.01665638438623	64.1840535463889	2.37383621709615	110.171483719027	2.70807526957261	123.520830367168	3.03732335176682	173.410305433045	
0.733096563771913	8.42697618637394	1.19806299026269	11.7580807217982	1.04531132576885	13.8406492889644	0.744181841050079	11.4679512708769	1.01645036434835	16.1117719349739	1.43684234484421	22.9068828272929	1.24494426876	21.8329103443449	1.67754795381252	33.1331018293503	1.34928277056257	36.6108735397881	2.02767921230696	64.7981676229215	2.38145836262637	111.166128730893	2.72500322839439	124.707834459749	3.05117208543411	175.03062782198	
0.737236633083045	8.50833652262794	1.20140626735799	11.8583795017075	1.05207024867723	13.9678483888411	0.751458592696063	11.6259939103148	1.02481228769131	16.3115704200614	1.44283530908349	23.1403150942426	1.25193986482717	22.099035757401	1.68585087081534	33.4318365694851	1.35631849665595	36.9395409860494	2.03854550655574	65.4132875277869	2.38916679764971	112.161898780375	2.74211684185498	125.893661360651	3.06483798086357	176.651248234125	
0.74142020875583	8.59119070022066	1.20487827371669	11.9583206537651	1.05881378868613	14.0942623838248	0.759223726569022	11.7819271042214	1.03310199984105	16.5127062843025	1.44885616490309	23.3722274428226	1.25899311490159	22.3661502349843	1.69399406979718	33.7315883138231	1.36337054895051	37.2686554671252	2.04938746003123	66.0307990689103	2.39679779896334	113.158935428499	2.75890467739758	127.081276400811	3.07872369930618	178.265520751903	
0.745623366225032	8.67376827502187	1.20822025744358	12.0579106972288	1.06562540590449	14.2197515755358	0.767331382241877	11.9368898600513	1.04132104571621	16.7133727619883	1.45485920604102	23.6049351408436	1.26572210049795	22.6335608731323	1.70194131886389	34.030878122186	1.37002653269272	37.5976060354357	2.06020415118682	66.6485490286015	2.4043425115289	114.154839588425	2.77565364085131	128.266529607034	3.09263120240832	179.880225403335	
0.749873850294534	8.75601709296985	1.21136669571127	12.1575417188838	1.07233847383611	14.3462056173883	0.774733274253158	12.0940840646641	1.04929530066685	16.9131339941746	1.46085904029188	23.8378793947873	1.27222144482827	22.9009100439934	1.70997043921777	34.3300002924935	1.37647232816339	37.9275065527271	2.07106748063712	67.2637583404298	2.41194365299925	115.150341417019	2.7926341626113	129.455411245836	3.10627917072799	181.507312919132	
0.753991842883373	8.83986592302503	1.21450719003962	12.2574949781343	1.07910976572695	14.4724966777979	0.781665795136867	12.2542706085669	1.05705617653293	17.1116472541701	1.4668498352888	24.0702667178579	1.27870721956744	23.1675309206356	1.71799895357751	34.6306349305903	1.38334792917214	38.256714166056	2.08176657104247	67.8797201608627	2.41934492319167	116.143667676181	2.80927680586054	130.648852639746	3.11997120159516	183.130332418115	
0.758104329050758	8.92420928534383	1.21773415202311	12.3567916550009	1.08564815703121	14.5994871614279	0.789113230428695	12.4107793597973	1.06493333714972	17.3114662283533	1.47280290301931	24.302486402873	1.28505713381311	23.4330621499173	1.7259420938993	34.9300849264284	1.39038037964685	38.5863054842673	2.09232988969188	68.4982524314794	2.4266787730568	117.138171127023	2.82554652424361	131.842614408607	3.13364232600507	184.753232707814	
0.762282521702331	9.00632399284744	1.22097367817679	12.4577758882925	1.09211338169551	14.7260008079223	0.79671414611833	12.5672564460616	1.07297116532906	17.5098677296452	1.47866538568846	24.5356094707425	1.29129455354067	23.7003126005901	1.7337284126948	35.228871820625	1.3969980364615	38.9165375523796	2.10302372280457	69.1122174964071	2.43414951927317	118.137048068466	2.84199549876506	133.03551936074	3.14712156789404	186.375924381267	
0.766421192033074	9.08803171240527	1.22408642649055	12.5577934087976	1.09874445611261	14.8515710246934	0.80344011834786	12.7261028168432	1.08066832627445	17.7088839038072	1.48466080359603	24.7672424225634	1.29733745129762	23.9664640906771	1.74169706990479	35.5278114517165	1.40346844081578	39.2459128037639	2.11374817536759	69.7269425205197	2.44168851111995	119.135589733799	2.85831246169892	134.229772867897	3.16069387328583	187.995665624944	
0.770624726204796	9.17138973548694	1.22720117093126	12.6560395538499	1.10541481309027	14.9776720953069	0.810337615748857	12.8795475169486	1.08821530250195	17.9090809949377	1.49066886483622	24.9997713066586	1.30345774774656	24.2316991593941	1.749516578924	35.826661675845	1.41005361845406	39.5735185423405	2.12453059432383	70.3463539596051	2.44907029151314	120.132820097009	2.87441299991093	135.423676197783	3.17420333562618	189.616286037089	
0.774765085512315	9.25439758129718	1.23040534376561	12.7558540460434	1.11202550354244	15.1047193896112	0.817845598376144	13.0353968918275	1.09558149430528	18.1095016034755	1.49669422435718	25.2321213768279	1.30982028055167	24.4983740527431	1.75725511497487	36.1257912967327	1.41676490341494	39.8997012200907	2.13520806722459	70.9647595703576	2.45631221982829	121.12794939659	2.89042237035052	136.619762547679	3.18737014347064	191.234656374001	
0.778935523151383	9.33675536398122	1.2337188558088	12.8582175680026	1.11876335982353	15.2288535070405	0.824925015879341	13.195451187931	1.10291675663845	18.3077149776162	1.50255852452563	25.465259345858	1.31585264703516	24.7652463864686	1.7648553407755	36.4255914698423	1.42343660363892	40.2306485439063	2.14577600785333	71.58254678295	2.46372403813364	122.124933890652	2.90646829045152	137.814150165281	3.20041013369022	192.857005320762	
0.783220996503695	9.41926681488277	1.23690804153831	12.9578364824647	1.12530734682525	15.3521829618036	0.83146359122164	13.354707340626	1.11037789551249	18.5068131081609	1.50826510075115	25.6976634327341	1.32195237163358	25.0315636519659	1.77225047812806	36.725365565921	1.43014144193253	40.562180738271	2.15624141798631	72.2024574109117	2.47087645598817	123.123862986158	2.92241442839551	139.005915178636	3.21359984184879	194.482841139077	
0.787387800168635	9.501584550698	1.23989814273626	13.0565073105908	1.13180272101199	15.4796083730552	0.83849090602879	13.512829142479	1.11744262893697	18.7068425612359	1.51406802623208	25.9306393516438	1.32805295990562	25.2983391281482	1.77936504828535	37.0250204527159	1.43646895764313	40.8925357409573	2.16681609041835	72.8211386931333	2.47794648980425	124.118992285739	2.93831745277478	140.201353328052	3.22695722485847	196.105398702086	
0.791616782310677	9.5851213877055	1.24290416167478	13.155162306234	1.13852785301105	15.608203525405	0.845481378011655	13.6710338320371	1.12437010745103	18.9060841154502	1.51973597948006	26.1627379647299	1.33388801930998	25.5646787453863	1.7866911050186	37.3243847668812	1.44282828890457	41.223058381699	2.17714848831002	73.4387619929604	2.48528934222923	125.11441960853	2.95417449577935	141.401857872033	3.24050101702957	197.728328794106	
0.795862611152635	9.66844774582113	1.24607686306452	13.2559155715381	1.1450335606205	15.734612863776	0.851922942094069	13.8295169870319	1.13172140584057	19.1053722357911	1.52536069037886	26.3952500850196	1.33985712487506	25.8320614438584	1.79421817833537	37.6235665418306	1.44927778791917	41.5523032479291	2.18754503985098	74.0560425660963	2.49254377324729	126.111851137407	2.96956664468406	142.60378547684	3.25403768672501	199.349724066597	
0.80006445048025	9.75056431596979	1.24906905657759	13.3564006159534	1.15154366231464	15.8625560903546	0.858418326682472	13.9886706942486	1.13897943017273	19.3051688582335	1.53113394738585	26.6293249645152	1.34571035442946	26.0985985014729	1.80141778140461	37.9232698573971	1.45559298335548	41.8830792083991	2.19787903321463	74.6759010399962	2.4998384127672	127.107375317741	2.98503171335258	143.804111206895	3.26730148565748	200.971342856494	
0.804343624983652	9.83239962671429	1.25214645483163	13.4552157990718	1.15792029184253	15.9905375011569	0.865322985433123	14.1455352106855	1.14587172648924	19.503803190158	1.53689906904566	26.8628987924894	1.3515172105573	26.3650275256739	1.80848974277402	38.221550112137	1.46187366008882	42.2134342110854	2.20842627402912	75.2960500865257	2.50703938401834	128.102802640532	3.00060135603067	145.004615750876	3.28044241786829	202.59381101254	
0.808553977851084	9.91578279550427	1.25527875178672	13.5552882676062	1.1643972343813	16.1158329777816	0.871918527129007	14.3035620176404	1.15284861400886	19.7023555656999	1.5425739113042	27.0943194027734	1.35744824735744	26.6311100978936	1.81579845987577	38.5215067474317	1.46800254024102	42.5428988694327	2.21899752231402	75.9125930522175	2.51413803886732	129.102759916111	3.01571868405278	146.208078175213	3.29388156599436	204.217262645177	
0.812652505617621	9.99873848725281	1.25807269100739	13.655617781159	1.17093984479221	16.2415596567378	0.878425093726333	14.4623087369113	1.15976511097245	19.9022732600712	1.54795299325406	27.3274853114794	1.36329014548094	26.897274626496	1.82281759716412	38.8205208843257	1.47440384758471	42.872028251669	2.22907941415032	76.5318927325993	2.52117702171347	130.099170715494	3.0307769381325	147.411108465896	3.30730100027994	205.837763848038	
0.816843780051025	10.0819121084735	1.26099811079299	13.7553614928402	1.17731137036097	16.3682847134466	0.884847148096696	14.6203476510591	1.16665348102797	20.1015166769306	1.55339449982958	27.5594088359298	1.36920430913161	27.1638321732062	1.82958985097128	39.1190917116951	1.48088595094544	43.2026477499539	2.23899023828081	77.152019427388	2.52833996704051	131.092869503669	3.04580408983329	148.615934346418	3.32075962181395	207.457475289394	
0.82111868618082	10.1655038935103	1.2641554418561	13.8552039247096	1.18380293377071	16.4951643696955	0.891229757018176	14.7794845944702	1.17365310051353	20.3001230691792	1.55864139335115	27.7911442332291	1.37487527049326	27.4295142767378	1.83633200800669	39.4184970040518	1.48701123409702	43.5317026263877	2.24925385234819	77.7708124683132	2.53547990081858	132.089310105373	3.06058920939949	149.821825659915	3.33413434929799	209.079392102501	
0.825335011486061	10.2482798400104	1.26726501019802	13.9551888489261	1.19046401406247	16.620809092269	0.897564268518586	14.9375635554867	1.18040334317526	20.50048221043	1.56403777283673	28.0241387785894	1.38077847941554	27.6964797427163	1.8431209634137	39.7183083530318	1.49301819986309	43.8615882425187	2.25963018415424	78.3902015556579	2.54249146769339	133.087032206879	3.07523028905596	151.031114438002	3.34716222104342	210.704691479039	
0.829570475295635	10.3306646310478	1.27011765215337	14.0551150998232	1.1970412824469	16.7478377601227	0.90396088814341	15.0952914079094	1.18713779149666	20.699623181811	1.56964430557612	28.2565335522402	1.3866676705186	27.9626517218989	1.85006909231485	40.0180004927278	1.49943765500507	44.1911385825387	2.26961459465431	79.0111552648536	2.54952502635387	134.083115180732	3.08967864300697	152.239531498201	3.36011856755255	212.326742402591	
0.833619836517707	10.4141586272189	1.2728420396161	14.155198744228	1.20351742207211	16.8743411620693	0.910598439673251	15.2538611758995	1.19391160433501	20.8984754432077	1.57498524052994	28.4891816456193	1.3921010673117	28.2301983331364	1.8569085395791	40.3176628301029	1.50571435449625	44.5203387452874	2.27934774383134	79.6322430844937	2.55664212739691	135.080509456707	3.10415619243065	153.44703213703	3.37302206800141	213.949747000414	
0.837641566091593	10.4965732205773	1.27566334870764	14.2546779603105	1.20993041756676	17.0001870503095	0.917168952197115	15.4120686594252	1.20062313988294	21.0970967366167	1.58021116463684	28.7214274076652	1.39786605278301	28.4969663587385	1.86342190765997	40.6175784872062	1.511596251702	44.8503547465726	2.28923832425408	80.2524442850848	2.56360194546079	136.077307686263	3.11867378867857	154.65424220323	3.38587126251859	215.570114092831	
0.841885713407357	10.5785249466381	1.27859427836059	14.3538926807944	1.21645612130058	17.1267239798671	0.92337200269037	15.5705378445821	1.2071600622644	21.2978935994568	1.58549888874881	28.954129517751	1.40365614491238	28.7627788474243	1.86975916755426	40.9141562843607	1.51774051317042	45.180620342296	2.29917648958818	80.8674598818268	2.570406454507	137.071960148709	3.13301195742476	155.864022719613	3.39883430182608	217.188901662236	
0.845960538339101	10.6620403632274	1.28160421866192	14.4542613098935	1.22308002643431	17.2535011906376	0.92966301364116	15.7293385805597	1.21386468067582	21.4974741550722	1.59089257718944	29.1867496714542	1.40926092744049	29.0308656257294	1.8763460707063	41.2108644666694	1.52392342481101	45.5109194656304	2.30898456676318	81.4850533793329	2.57726808886609	138.068341145771	3.14718064499643	157.076954831439	3.41190121925891	218.814826887514	
0.849860270080358	10.7457103793568	1.28439725676979	14.5545070044185	1.229476155485	17.3797549981461	0.935863494758034	15.8884904251313	1.22040056086658	21.6950505046022	1.5961088394707	29.4201167458267	1.4147334559752	29.2981775436892	1.88283970546456	41.5125719883212	1.52976828221775	45.8429881017726	2.31887019006142	82.1116248260319	2.58416141248867	139.06615265424	3.16132320607107	158.287398449464	3.42483629125209	220.440439188422	
0.854245806942229	10.8280309091396	1.28730812203243	14.6542767931306	1.23577085911239	17.50617644371	0.941766754335662	16.0480837165823	1.22674251807849	21.8946329228626	1.60122698323976	29.6524146619343	1.41999613393593	29.5630624351348	1.88922154613497	41.8135419025289	1.5355696880246	46.1730152789282	2.32885594915733	82.7327349974127	2.59098030655714	140.06247404666	3.17524349653534	159.501381093105	3.43748854466497	222.065708762639	
0.858494059184487	10.9098606319489	1.29023532215755	14.7544070036618	1.24213731559131	17.6335701899956	0.948301861944913	16.2056374116917	1.23347415409674	22.094612084521	1.60636680736022	29.88618779293	1.42533319376707	29.8299142797646	1.89547242962628	42.1144112339034	1.54182016937661	46.5006433692455	2.33882754626528	83.3544933692746	2.59784662995078	141.057439433476	3.18927143967059	160.712040777957	3.44992244335295	223.691738296041	
0.862549897696876	10.9922463543088	1.29295390947714	14.8533749236752	1.24866864443491	17.7606994406826	0.95458312162527	16.3641801713284	1.2401229769231	22.2950829844754	1.61137216149252	30.1186086436117	1.43056798797059	30.0962408584873	1.90168881006083	42.414703145309	1.5477597878311	46.8309760201911	2.3484669989923	83.9780398803949	2.60468133411639	142.050273954343	3.2035097919871	161.919541416786	3.46251855247323	225.314564079938	
0.866647800190896	11.0769072976105	1.29572981042305	14.9521882441485	1.25516464231091	17.8864354328642	0.960291226043533	16.5244589161618	1.24639404458456	22.4941550379892	1.61638577427911	30.3502974747844	1.43602520038166	30.3620999132997	1.90793674389638	42.7132367197773	1.55365943471221	47.1608467351616	2.35794850748076	84.6007817288489	2.61146177757765	143.049113642886	3.21728006574409	163.13302487155	3.47500984618512	226.939625037908	
0.870628419218814	11.1611547337087	1.29863011749699	15.0529480287103	1.26169656522773	18.0121714250457	0.966474754531281	16.6826067950456	1.25286732530258	22.6924485058676	1.6214243076455	30.5828915514567	1.44126173310832	30.6292311546886	1.91417965390437	43.0119863610726	1.55982568945643	47.489458302071	2.36742243738705	85.2242760859075	2.61829865292394	144.047521197774	3.23089238373448	164.352640153854	3.4877105963702	228.561959083509	
0.874549243868116	11.2430794514161	1.30137255096446	15.1544705664245	1.26803681785456	18.1401239648496	0.972843533388166	16.8390727054396	1.25956866163137	22.8907438363911	1.62640825512464	30.8156476782493	1.44645525482634	30.8944624981155	1.9203355592741	43.3122149425461	1.56588496308891	47.8192247089181	2.3769431659065	85.8459003473251	2.62487828133989	145.044528043577	3.24461686983188	165.569252852321	3.50030844699385	230.185559727751	
0.878646079770779	11.3247638879107	1.30412700679358	15.2540037992138	1.27432029765663	18.2673705621754	0.978906160305998	16.9988820637176	1.26581104034906	23.0902144959479	1.63135992746271	31.048284595758	1.4517460090312	31.1605283065297	1.9263815256807	43.6113445634338	1.57165817903029	48.1492071825922	2.38636284887165	86.4684410301126	2.63137421091109	146.041788209108	3.25812308092559	166.785828297886	3.51280051161964	231.812006493646	
0.882769656267111	11.4073433253569	1.30682647051001	15.3532138630851	1.28038376393189	18.3937752439337	0.98472566590458	17.1592800178348	1.27183123735984	23.2900614098069	1.63624792064286	31.2810667995814	1.45702753548242	31.4279221808721	1.93243925703139	43.9110590548706	1.57780063566541	48.4793312172909	2.3958414031234	87.0934404043802	2.63799482619338	147.038199008491	3.27138246430685	168.005950219647	3.52510794286004	233.438512864183	
0.886674354280187	11.491372831983	1.30962600062309	15.4522041348392	1.28666304489232	18.519809259325	0.990810387184535	17.3186982206501	1.27817708153092	23.4894277612403	1.64138795598729	31.5127276910783	1.46215626943105	31.6952899781838	1.93856198000052	44.2111460753195	1.58381481331412	48.8098575833228	2.40521257204906	87.7168155521549	2.64470716335008	148.035980714639	3.28478660263238	169.22461927826	3.53734633743956	235.064169868573	
0.890617824003023	11.574220490318	1.31234672002528	15.5525885964213	1.29311171775127	18.6458581758768	0.996696676437908	17.4774644976941	1.28444190337357	23.6895671103739	1.64632181979041	31.7460984907409	1.46734149337924	31.9616444965823	1.94489220373528	44.5098733648741	1.5896001483641	49.1414307558788	2.41443128350671	88.3390880140537	2.65136949617946	149.033583606861	3.29820182700278	170.441567252837	3.54981215486892	236.689335134666	
0.894556362099239	11.656362206175	1.31475818347467	15.6532505921174	1.2992811125924	18.7725385291041	1.00252783346983	17.6350349566091	1.29036689097753	23.8888123898784	1.65131532776728	31.97874658412	1.47258543598772	32.2274364961726	1.95105412401113	44.809070040984	1.59544844083193	49.4709810958989	2.42387491223342	88.9609134411378	2.65790383910496	150.028698005282	3.31152602590685	171.659275186599	3.56204064037412	238.314038464785	
0.898428541540993	11.7381593326958	1.3173520120675	15.7537980351423	1.3053735975753	18.8997944396552	1.00840471956368	17.7946096216095	1.29638243737955	24.0874169194819	1.65632063570598	32.2116293707767	1.47742082064139	32.4951768224963	1.95673114800913	45.1096227226981	1.60159518092809	49.7991977820554	2.43341229727671	89.5842289842705	2.66453802677234	151.025809159208	3.32478932889888	172.876580789028	3.57420100020325	239.937877527595	
0.902409740672283	11.8211532086681	1.31998328621912	15.8527827189612	1.31129473867741	19.0283653776193	1.01414560639696	17.9544823098196	1.30267326736559	24.286680825437	1.66116994779406	32.4446872460691	1.48215175235742	32.7615276156048	1.96238010656636	45.4088864540302	1.60745882155706	50.1298806102724	2.44263889318323	90.2095114805875	2.67125037435986	152.023486557232	3.33786655055504	174.090235607138	3.58638150898679	241.560315881319	
0.906252151336647	11.9050523301399	1.32255652612196	15.9500332802285	1.31736698932109	19.1533283721006	1.01981385472584	18.1131442787402	1.3085901802893	24.4870921207495	1.66601699322343	32.6776743408492	1.48735345561623	33.026798074578	1.96859532578718	45.7071480823196	1.61311154993924	50.4596581929898	2.45161690024049	90.8332144538928	2.67782018757881	153.018600955653	3.35083553094433	175.313099342428	3.59847237170915	243.187910036572	
0.910201506325498	11.9881644840735	1.32513737807927	16.0484703463996	1.32355752171845	19.2800906817106	1.02569984712888	18.2726053223918	1.31448858808371	24.6861082949114	1.67093362989883	32.9105124240245	1.49238480694883	33.2948326988214	1.97479898670693	46.0073058832808	1.61887610556436	50.7898418323305	2.46066086578038	91.4567162615317	2.68433553393354	154.012687174001	3.36398814432723	176.536812443866	3.61061325216988	244.815548895306	
0.914039531007679	12.0704486922776	1.32747682911752	16.1507556372662	1.32957036929033	19.4079128363602	1.03150283715055	18.4321762621021	1.32047866826149	24.8847165498051	1.6760289685	33.1434883429342	1.49706393211193	33.5608370399485	1.98056611512816	46.3072140898039	1.62492616057017	51.1208450354979	2.46986956622172	92.0813282056267	2.69083915967513	155.005745212275	3.37720386749235	177.756979069108	3.6228115261644	246.442234079769	
0.917932515858196	12.1533755130277	1.32982555261289	16.2512658273898	1.33541381490541	19.5358206726826	1.0368606693752	18.5913485957694	1.32628802877984	25.0851744112441	1.68116257479662	33.3757750831715	1.50204278383627	33.82636081865	1.98631514678757	46.6061909737967	1.63080814681035	51.4499706924441	2.47909810913667	92.7030567751677	2.69743849746122	156.005747191335	3.39024746817063	178.979425571905	3.63487230701618	248.070513688404	
0.921834114645106	12.2365649667314	1.33234257472429	16.3513550597298	1.3411518736875	19.6625829822926	1.0424887960015	18.7510499206339	1.33212838457503	25.2849077037545	1.68615667498406	33.6070485444957	1.50714880947456	34.0934380433321	1.99246853452462	46.9043110410614	1.63633445803637	51.7797221981307	2.48826259674998	93.3241445948078	2.70390968739113	157.004840199606	3.40333203187339	180.20151444685	3.64688977484887	249.695366030127	
0.925824014139525	12.3189572083491	1.33494232825748	16.4517702549554	1.34687212188572	19.7900996631523	1.04838438541012	18.9100378524401	1.33819981796268	25.4839816199133	1.69084407019273	33.8403746406769	1.51193479728516	34.3594721867802	1.9984828689266	47.2059850351021	1.64210861141213	52.1094252750457	2.49711862821576	93.9534280527152	2.71035105473067	158.002025859334	3.41620379765725	181.423364903227	3.65904997970592	251.320754813628	
0.929993993585348	12.4013494499667	1.33723152120045	16.5518669378755	1.35245600976707	19.9169774567561	1.05397440229329	19.0688488329656	1.34423287008885	25.6826066386125	1.6953828159164	34.0731717456608	1.51656832291583	34.6267245000981	2.00407029987314	47.5066159479088	1.64796869974396	52.4392512865348	2.50593452765875	94.5793065954515	2.71673247886624	158.998377054075	3.42906832473638	182.644842830592	3.67118733245643	252.947290986486	
0.93414206664778	12.4845267964775	1.33961079826382	16.6515221739163	1.35781494107754	20.0446953032823	1.05927850559879	19.2287084826602	1.35002548318627	25.882282189126	1.70049015788025	34.3043483494418	1.52160130633886	34.8920806407441	2.0098262689719	47.8044305413836	1.65367507415758	52.7691704302768	2.51496830398248	95.2046561469906	2.72323483748525	159.995011370866	3.4420110907118	183.86609724055	3.68324915840348	254.574214589517	
0.937725846768244	12.5672189239499	1.34214238868177	16.7514474934909	1.36296463607948	20.1729384157156	1.06488058576651	19.3873946659666	1.35554413186572	26.0817491233927	1.70564282146987	34.5370560474628	1.5263976512656	35.1591355136855	2.01563812282111	48.1027368731545	1.65929318101877	53.0995552352841	2.52395784166308	95.8312871983315	2.72980973365328	160.993865960569	3.45476382891848	185.086785406409	3.69516920748483	256.200095111313	
0.941530675452519	12.6494975442189	1.34445115028952	16.8513988900964	1.36812248281987	20.3015186669049	1.07043496062034	19.5479230052381	1.36109747130125	26.2821902210261	1.71045114743668	34.7707025185944	1.53099048794257	35.4285522205639	2.02160361422009	48.4017137571472	1.66494814662987	53.4296978964334	2.53305131207946	96.4554148547108	2.73616019026544	161.990664190125	3.46733545697965	186.308680566267	3.70708643420475	257.826914406221	
0.945552706478059	12.7334450944623	1.34670168803119	16.9515123368221	1.37328765618185	20.4295922786377	1.07583752976607	19.7076522697785	1.36683418362946	26.4815342207188	1.71531150980684	35.0023969377024	1.53571921260454	35.6942361867406	2.02762308681604	48.7020280202935	1.67066216681185	53.7604664063232	2.54196051072553	97.0805334382623	2.74247617250557	162.986598152373	3.48004483798763	187.535478207926	3.71907465217553	259.453227061672	
0.949479336485899	12.8164333824994	1.34912285121105	17.0506739719218	1.37828757991784	20.5571555256239	1.08135164053556	19.866096309227	1.37254426330428	26.678903816647	1.7201922300096	35.2351493392048	1.54063855650075	35.9591192155412	2.03344615363193	49.0018915233352	1.67628850792669	54.0903631983246	2.5507841907924	97.7059127921224	2.74874473138099	163.983828515582	3.49278801484092	188.760830437017	3.73117481846119	261.078735054456	
0.953407799546117	12.8992810408344	1.35130287405589	17.151077991277	1.38322745763186	20.6849124876964	1.08707438161945	20.0255275505577	1.37819249933284	26.8785272130988	1.72512518208284	35.4685424906082	1.54547547266201	36.2251868866004	2.03918794621408	49.3004996036058	1.68193262702909	54.4198315819619	2.55968731381012	98.3326705033274	2.75497150267385	164.980567140496	3.50536113555606	189.985988951022	3.74325042242937	262.704302651883	
0.957152635107537	12.9812243849924	1.35341461476247	17.2521823651751	1.38806423672297	20.8136529263609	1.09265841656532	20.1850407482711	1.38370351690352	27.0792719218772	1.72988809738945	35.7015482118389	1.5499716675726	36.4924093975973	2.04496822766332	49.6007542621103	1.6874583993162	54.750425003216	2.56847622148174	98.9601658219765	2.7613621081832	165.97605406793	3.51781125543908	191.213337935619	3.75511931777998	264.332403446592	
0.960912351975554	13.0644212892763	1.35587392773233	17.3518338759257	1.3927182129665	20.9423374856736	1.09795475340305	20.3452580258174	1.38923583538441	27.2784650473199	1.7347605941419	35.9346805929338	1.55454664478874	36.758521772138	2.05076541038798	49.90025268672	1.6929596640476	55.0805304114641	2.57730130825897	99.5851204927628	2.76761828729029	166.969752856104	3.5303488358253	192.439196804167	3.76706347714975	265.953649707477	
0.964731150981606	13.1479683708317	1.35830228081561	17.4518560530435	1.39728981213903	21.0717000477885	1.10345742917857	20.5043651669076	1.39478354920667	27.47604512214	1.7395193880376	36.1679731615038	1.55938265033771	37.0246006190675	2.05656858678461	50.198931547503	1.69848817822986	55.4109897222738	2.58605512114639	100.208860718969	2.77374339783209	167.964464923192	3.5426809717363	193.664042393802	3.77893810364996	267.579008688657	
0.968757819632693	13.2310144008657	1.36058015741511	17.5514293327016	1.40192187743568	21.2012153467983	1.1093446953544	20.6624571664396	1.40049880105127	27.6762627023662	1.74434110805871	36.3995558219081	1.56383884163743	37.2916815690398	2.06250798361346	50.4996481419824	1.70403989086007	55.7413857031514	2.59480783305919	100.834515744298	2.77999614214001	168.965226861437	3.55483263281512	194.892836790965	3.79071673848768	269.209314855118	
0.972705857970072	13.3136506489863	1.36262348775778	17.649968844351	1.40646116613219	21.3285383125716	1.11506031074082	20.8226595428254	1.40610538969916	27.8762660784104	1.74919810726588	36.6330495561448	1.56822555046959	37.5578237459015	2.0682906457153	50.798833642222	1.70958622959603	56.0709509443319	2.60361141334548	101.460804068948	2.78632913655862	169.963843032572	3.56702256866743	196.120871228944	3.80270860933844	270.835478498964	
0.976434277364541	13.3960466158941	1.36491325055958	17.7489144126236	1.41078222372813	21.4576587308286	1.12055538073955	20.982791138699	1.41154431962529	28.0748389430479	1.75412174061273	36.8641330276728	1.57324474730333	37.8246215738245	2.07413703540383	51.097389568431	1.71494787608701	56.4011643859936	2.61252679889549	102.087718242338	2.79235025625012	170.961639639881	3.57922493495203	197.351930602502	3.81476671833052	272.463191863501	
0.980188145846917	13.4786102208573	1.36735377490553	17.8500057480062	1.4152801990919	21.5865686701937	1.12603960516091	21.1422391438352	1.41715726225639	28.2749671163111	1.75902431886324	37.0965836806754	1.57788972953465	38.0909947186737	2.07986185965534	51.3974244348182	1.72038365645466	56.731277244822	2.62125321220285	102.712605857902	2.798505237066	171.957782218375	3.59130014036117	198.581306144924	3.82683676698282	274.089742937519	
0.983993837273503	13.5613563650365	1.36946552567039	17.951009539071	1.41981997438699	21.7135731236616	1.13122086651792	21.3027004278845	1.42256837505271	28.4765891309131	1.76382674689805	37.3300923160725	1.58223311145356	38.3583960435964	2.08562862348124	51.6964311211319	1.72623335637791	57.0603954511879	2.62981988774518	103.338707918046	2.80483831493111	172.955563924523	3.60330649835418	199.807939873817	3.83879862152811	275.715936383686	
0.987935450008969	13.6445840029639	1.37162878246786	18.0508175120068	1.42392890519546	21.8425650194093	1.13669324906794	21.4623328348818	1.42778026069416	28.6764155556765	1.76870245370406	37.5629564762786	1.58679668757588	38.6248325183776	2.09128035857883	51.9952142900383	1.73275523509982	57.3888915341036	2.63834145463775	103.965696597238	2.81115415710033	173.952898595857	3.61524520058156	201.038105177746	3.85053962681263	277.340550306842	
0.991913884148301	13.7279429573681	1.37365605527843	18.1507707712573	1.42809435239774	21.9725534302646	1.14206020268919	21.6212406729504	1.433297286707	28.8739192620491	1.77359409268614	37.7956604490095	1.5914945944711	38.88946595274	2.09685787896095	52.2949064297343	1.73902451111186	57.7195669117403	2.64713573657614	104.594018930295	2.81721904727657	174.949547813808	3.62722849338142	202.268017161946	3.86233210024238	278.959799812222	
0.995803227015316	13.810909824987	1.37566931585771	18.2498746643601	1.4323681838831	22.1009977083645	1.14740518315121	21.7816013741664	1.43875664058963	29.0728888700846	1.77839214051296	38.0274964291421	1.59601392561728	39.1572472572551	2.10271915200498	52.5946954269735	1.74491727755058	58.0500299478401	2.65578727925501	105.221827173314	2.82336317525077	175.945079444722	3.63924803781945	203.499210645948	3.87422644058308	280.588109223178	
0.999550597904543	13.8947847320731	1.37800313569474	18.3493548117652	1.4366106396638	22.2294233600138	1.152894050041	21.9400994303216	1.4440667239057	29.272992828962	1.78320565235746	38.2593063322438	1.60038922292481	39.4238178424808	2.10843269958736	52.8938101467008	1.75078586377601	58.3812790201556	2.66428086713353	105.846662634816	2.82947890921358	176.942607831142	3.65113219420644	204.729137531308	3.88600301205235	282.220859179959	
1.00328627705163	13.9773427491011	1.38034187467867	18.4496656988673	1.44084799822873	22.3587989606441	1.15811485355601	22.1007693306178	1.44972942249786	29.4712360054238	1.78799261711966	38.4928335940915	1.60505556226293	39.6903511748052	2.11415571826051	53.1937109026436	1.75634700875396	58.7128484674215	2.67285933928492	106.473032915849	2.83551003930728	177.940344833808	3.66308095302964	205.95878129462	3.8979784345124	283.84779768415	
1.00727985084645	14.0593717749319	1.38229178437378	18.5501796142811	1.4449884766087	22.4883645510705	1.16321791718118	22.2610424875159	1.45513304840945	29.6704198176412	1.79282916722462	38.7261820420134	1.60957370723594	39.9563517906422	2.11985516457715	53.4928666005622	1.76229455647141	59.0411955387322	2.68146006276413	107.099716121251	2.84156946804495	178.937038755241	3.67494774408063	207.189557546128	3.90997001926086	285.476822350809	
1.01116865421575	14.1431861460535	1.38417267584819	18.6496597616862	1.44909316126434	22.6166169767292	1.1685189223781	22.4200509084178	1.46008117294987	29.8703226108521	1.79751212038549	38.9584538810902	1.61400505842211	40.2217228324487	2.12559698472645	53.7911990093639	1.76824706692166	59.3699374907959	2.69018355759757	107.726503634777	2.84762230382203	179.935997653067	3.68693768497537	208.416653210996	3.92171544684914	287.102687971446	
1.01487651898917	14.2264920150735	1.38639002951288	18.7496484111929	1.45313027384242	22.7452903601715	1.17393846855361	22.580540132143	1.46519944061398	30.069549263906	1.80214487449694	39.1879466537363	1.61840395490823	40.4887702548098	2.13126042367337	54.0911779963993	1.77370275670754	59.7010450020867	2.69887023503183	108.353119784958	2.85361068170418	180.933794260376	3.69857639402132	209.645417805839	3.93345260255835	288.72941785939	
1.01875332329735	14.3075152125715	1.3884968829238	18.8496035330884	1.45714953877	22.8750887812306	1.17945313850955	22.7402135173316	1.47060491885632	30.2683996626575	1.80690293696681	39.4194585336283	1.62281645991477	40.7561566785721	2.13677695463867	54.3914028525827	1.77932139915489	60.0306214191376	2.70760260624836	108.977545464547	2.85958848092601	181.928238106575	3.71026641974453	210.879427609173	3.94510163860916	290.355134468421	
1.02268503189451	14.3897398161336	1.39080438198992	18.9485379254907	1.46116658118357	23.0043749748979	1.18465956631552	22.8991213554002	1.47590541392125	30.4688891890625	1.8116574246772	39.654885693438	1.62735947219593	41.023595256396	2.14227586258847	54.6905063964396	1.7851692718931	60.3598215818862	2.71626570983601	109.603431457863	2.86569517507608	182.925215150056	3.72228218613283	212.11202180226	3.95679545745743	291.978675508022	
1.02638700832854	14.4728119231985	1.39280145036786	19.0504022585736	1.46506976079446	23.1331470785285	1.19002420987843	23.0583924092557	1.48114117007339	30.6687528667272	1.8163920599663	39.8887482313967	1.63178574479278	41.2897299826774	2.14788304548408	54.9891591801917	1.79079097016698	60.6906720481587	2.72476627192365	110.231284404364	2.8716253661588	183.922803141118	3.73422174719096	213.342693745645	3.96851962096057	293.607998197891	
1.03005243212094	14.5576125648797	1.3947358492929	19.1514097749284	1.46885736882655	23.2625766958656	1.19557615216716	23.2182352951448	1.48634771087785	30.867457979164	1.82112954481145	40.1214000500659	1.6361554224475	41.5533799404478	2.15370343038198	55.2885570219682	1.79621712782454	61.0215150638509	2.73332216492168	110.860620016333	2.87754760722753	184.918036748823	3.7459000031272	214.576167107202	3.98024560643336	295.237291085439	
1.03370440404137	14.6405077206638	1.3965873172312	19.2495395046645	1.47279508967842	23.3915443772275	1.20077879540415	23.3786090348763	1.49144004546317	31.0668094294369	1.82593760490313	40.3531577991059	1.64044736661722	41.8167467761689	2.15927222749043	55.5890799013613	1.80177709445243	61.3512255913462	2.74210987375413	111.486461306168	2.88342771798699	185.916205885143	3.75751544134397	215.810266317498	3.99188889345318	296.865928321926	
1.03760297987744	14.7220943682927	1.39871150021532	19.349002888264	1.4768501537873	23.5203276567285	1.20595426742137	23.5378465611207	1.49689548295683	31.266289402219	1.83050215127152	40.5871544475089	1.64475742680968	42.0853997985724	2.16482236580135	55.8897443417791	1.80749794068757	61.6819456724643	2.75077856544022	112.111035997362	2.88944433490845	186.913555457637	3.76901910558947	217.043426754684	4.00344220308218	298.493939709672	
1.0414906257583	14.8038412033968	1.4007382959268	19.4491796649218	1.48089841270465	23.6489507487542	1.21125659513709	23.6972722145162	1.50198935402358	31.4661921954299	1.83498856342428	40.8203278067951	1.64929890423048	42.354544559272	2.17045459258387	56.1880693000005	1.81286778566941	62.0120287289718	2.75927248215129	112.737130606925	2.89539841276217	187.908744361861	3.78060460945716	218.276736203475	4.01483452022763	300.122070306702	
1.04528032307587	14.8873668645339	1.40294385726652	19.5488572527033	1.48483004712483	23.7796655911832	1.21647328841707	23.858117203448	1.50708377073477	31.6651860178511	1.83975114170271	41.0521563363474	1.65385199843943	42.6212082767506	2.17591162913209	56.4875192958387	1.81815668748522	62.3420931590286	2.76801963725808	113.363784010007	2.90115212759963	188.906675079614	3.79248879415637	219.506379966787	4.02640062834759	301.749426043387	
1.049091824797	14.9711272189487	1.40482786007429	19.6490563811018	1.48869931713808	23.9087468938938	1.22161496011862	24.018844845741	1.51238388239165	31.8649621511979	1.84429850266663	41.2852030357695	1.65807178481855	42.8876522021121	2.18132670785198	56.7881800109663	1.82380165983045	62.6721240614743	2.77674036188415	113.990988756027	2.90674922904393	189.906408837785	3.80416003639541	220.737230724097	4.03795561093462	303.378897744861	
1.05297216203081	15.053200948261	1.40660690416059	19.7483763410317	1.49259448316348	24.0380740657525	1.22691137611877	24.1782704991365	1.51752216992885	32.0640789081931	1.84889635586031	41.5180969982966	1.66224421377059	43.1547331520844	2.18676601968428	57.0875256986811	1.82914054660209	63.0025610205432	2.78534116135928	114.616912002244	2.9125131852516	190.901970271021	3.81560624750247	221.971940881974	4.04923862182257	305.008697271865	
1.05677499412246	15.1372556005953	1.40857781959195	19.848016675912	1.4964147428529	24.168405203299	1.23224553521781	24.3377054657573	1.52262293596663	32.26324409396	1.85346605569637	41.7505811789103	1.66651675903819	43.4210951210632	2.19209754112046	57.3870241232908	1.83410059492934	63.3333369810132	2.79402973303381	115.24277564382	2.9184508698489	191.897382692651	3.82742107665592	223.203924127482	4.06050090208696	306.636619252649	
1.06038289680734	15.2197381804985	1.41084230344101	19.949640727782	1.50025930811162	24.2966967445039	1.23714341633134	24.4988931813803	1.52793097925262	32.4632847229054	1.85802883746459	41.9840339349556	1.67098213282926	43.6873006278569	2.1975023331322	57.6859600290922	1.83937683720752	63.6626675289161	2.80281113277281	115.868043238977	2.92421141606552	192.890664248332	3.83926423276555	224.434581169706	4.07191971080789	308.263587559161	
1.06414585176172	15.302386535812	1.41275862385815	20.0495343823906	1.50411427537623	24.4255601177424	1.2422327810978	24.6597307197319	1.53284570519464	32.662934196388	1.86251889877204	42.2170955355381	1.67528321691144	43.9547652827117	2.20310856853514	57.9849927924367	1.84503326913363	63.9917894605722	2.81178690707151	116.491336430369	2.93000798891278	193.887477379049	3.85080141867498	225.669038007855	4.083448401495	309.892224795647	
1.06782694073747	15.3851494437967	1.41459456556643	20.1483123126077	1.50780705871341	24.5550884552677	1.24735164688641	24.8211438154072	1.53771893090496	32.861492159865	1.86697353225434	42.4497324530468	1.67952256413222	44.221142152851	2.20863064401298	58.2843422054416	1.85025702547652	64.323019906437	2.82078833721173	117.112729723799	2.93580965812016	194.887896590603	3.86231214281127	226.904359113311	4.0948807244865	311.520474601961	
1.07155943646683	15.4677093234699	1.4163285643329	20.2478855922658	1.51130795859833	24.6844174897715	1.25229792232665	24.9804204571979	1.54300363218836	33.0607579284651	1.87141632665926	42.6825258327406	1.68392474964804	44.4871315928176	2.21406403071866	58.5838220036007	1.85552658512522	64.6509646464147	2.82944241540467	117.742467667101	2.94166703449225	195.886035924602	3.87358995285681	228.140514683755	4.10617941136114	313.148128361856	
1.07530683082538	15.5513495372782	1.41823487676927	20.3478146371305	1.51499713301396	24.8136552546672	1.25737578440946	25.1380505207548	1.54805730170035	33.2602248627318	1.87593151977048	42.9143804393238	1.68806858912155	44.7536164963705	2.21953793352457	58.8828659428156	1.86102445029638	64.978685868985	2.83803885393272	118.371073122206	2.94742985917791	196.88381763075	3.88483233880249	229.376208318224	4.11733980437682	314.776288761207	
1.07904942664332	15.6329529487126	1.42022804092074	20.4477939734119	1.51887798436979	24.9428837063377	1.26249840775871	25.2982677983012	1.55293814263165	33.4599376661465	1.88040654573057	43.1477288872457	1.69231557689529	45.0208948867192	2.224987158529	59.1831243266102	1.86610058537515	65.3127475353422	2.84672515112544	118.996944214362	2.95322017881107	197.87949827327	3.89601913977297	230.612959935087	4.12891727346808	316.399174149746	
1.08283642071561	15.7162262214441	1.42248719427518	20.5481532892857	1.52262620087658	25.072872117193	1.26753953186669	25.4594797283099	1.55799825646514	33.6586260147778	1.88482164785821	43.380049155094	1.69676274030319	45.2873052844696	2.23046640952466	59.4832560505405	1.87102783228841	65.6441195422317	2.85548090172843	119.624044652259	2.95901115759941	198.877682310751	3.90722709903035	231.847312465112	4.14053615910297	318.026261665542	
1.08663386149728	15.7996242913945	1.4242615688847	20.6486932817303	1.52635110145781	25.2018248973945	1.27235744263885	25.6200155181617	1.56299995960924	33.8593446465253	1.88920854819945	43.6124439287448	1.70081428543574	45.5535964729361	2.23582423589927	59.7834585549832	1.87639462442394	65.9728987471966	2.86414213864295	120.250407482711	2.96478110923109	199.876954132947	3.91831599494777	233.08086033247	4.15186257837744	319.658534785188	
1.09041675334391	15.882992559024	1.4257158207299	20.7490395590886	1.53035034712639	25.3294533369577	1.27728414624782	25.7794691112331	1.56771483303074	34.058904713045	1.89347718219165	43.845159077346	1.70479757227189	45.8203495973776	2.24109295414462	60.0834375420186	1.88160665568334	66.3031457164693	2.87259721183929	120.878401990236	2.97046590363671	200.872873194035	3.92953467889685	234.317105309877	4.16315466633104	321.288513126118	
1.09391449978811	15.9665489538047	1.42751632865256	20.8474524108739	1.53415336515945	25.4593970443315	1.28231399815702	25.9397161911004	1.57285637197222	34.257339741948	1.89778130286859	44.0777103131819	1.70916747854884	46.0862608062517	2.24638276287658	60.3816954450179	1.88649967957108	66.6356874644569	2.88121887083302	121.504913832293	2.97619162828426	201.868762452801	3.94090776683924	235.555451350912	4.17454328887326	322.917209967247	
1.09761071295938	16.0481365327561	1.42949688802816	20.9461502473534	1.53761371094618	25.5895419173719	1.28722284051818	26.100430794878	1.57791412713233	34.456877456727	1.90213855969532	44.3109544529804	1.71318114554072	46.353893099162	2.25158201094784	60.6806127243687	1.89172257186781	66.966463424927	2.8899429113109	122.13079237503	2.98184708044077	202.867065699566	3.95219832918215	236.79141320627	4.18597655116179	324.545161750351	
1.10143145835977	16.1304095650898	1.43149722960333	21.0471149228719	1.54114052211695	25.7189640841287	1.29217766060441	26.2606629735848	1.58264794124525	34.6580244968385	1.90642939882174	44.544444461927	1.71719948964623	46.6202289911099	2.25686718726966	60.9797199935157	1.89683502686816	67.2965762837553	2.8984352648494	122.758876289518	2.98756724381196	203.863998039566	3.96324578970828	238.030042369354	4.1972824156464	326.173798986838	
1.10503826742747	16.2147333696355	1.4334776295365	21.1474071835235	1.54480643717613	25.8488742638914	1.29724909177677	26.4189375123327	1.58755153146508	34.8576180909693	1.91057572626535	44.7769547195715	1.72148300957251	46.8859837377989	2.26212187801003	61.2790023512984	1.90184647878253	67.6271808808798	2.90682348571463	123.386915500525	2.99333215868816	204.859067734506	3.97436228391506	239.269550700907	4.2085902630332	327.800797095671	
1.10870258607176	16.2969430720372	1.43524881346398	21.2480216817706	1.54842059113092	25.977983506278	1.30225798023177	26.5796353523048	1.59259203491055	35.0568689584089	1.91456839045469	45.0090514700126	1.72566501839379	47.1527629392714	2.26742481704573	61.5778339489763	1.90702518384513	67.9587242511148	2.91524240562046	124.012645031656	2.99894110986185	205.849443563892	3.98524332330163	240.508015951227	4.21971370055203	329.425619635073	
1.11238186201856	16.37964637538	1.43714204123142	21.3469206839167	1.5521161182259	26.1073591069083	1.30702623916472	26.741014920369	1.59740062242189	35.2560676717868	1.91869916782641	45.2424483467061	1.72971701678358	47.4190690288984	2.27274628374874	61.8778352877525	1.91205842339926	68.2897311795724	2.92384854434463	124.639745469552	3.00441119050162	206.846092781843	3.99596416198017	241.747777602508	4.231035777989	331.055836394571	
1.11592232193129	16.4635305956914	1.4389341765059	21.447205493988	1.55586442302207	26.2364646240047	1.31178915065299	26.9012992531375	1.60222657601428	35.4544095684368	1.92289672563113	45.4765195009115	1.73374495789467	47.6849318090009	2.27794269120466	62.1778738794298	1.91679295503786	68.62012716045	2.9326508237188	125.265400494882	3.00996252663807	207.848732266309	4.00670133133025	242.987941585123	4.24222859094894	332.687215444587	
1.11961027030154	16.5459116614386	1.44100009203806	21.5472667866521	1.55947213079272	26.3663710784773	1.31660885526884	27.0620865000725	1.60718153964638	35.6541335477218	1.92702977636709	45.7099201028951	1.7376922142643	47.9527391905468	2.28292671488337	62.4780801091626	1.92152890381764	68.9499941501304	2.94105309257812	125.893931444184	3.01554331380212	208.847899780382	4.01757393194473	244.228940032724	4.2532559921018	334.317432204085	
1.12337282126565	16.6280524459731	1.44296009837585	21.6468586927608	1.56302293684358	26.4968605408539	1.32136951295065	27.2221715298195	1.61209019951484	35.8530528643406	1.93098611105969	45.9415139391698	1.74163720993568	48.2204161869385	2.2880550350337	62.7768707286493	1.9265996323302	69.2790043230828	2.94937988678804	126.522328283043	3.02118339693586	209.845279155197	4.02822898302089	245.471741520745	4.26429782894086	335.948811254101	
1.12686607164533	16.711094750717	1.44454574501116	21.747476916298	1.56671769786753	26.6248019047874	1.32623880328179	27.3827762375385	1.61703297996333	36.0518268946447	1.93495237196294	46.17389008637	1.74569289249788	48.4862603405905	2.29325831771661	63.076369153259	1.93165238206204	69.6104508357747	2.95770860131527	127.149711842988	3.02685446845465	210.842002878951	4.03904740287344	246.70885076546	4.27538727242893	337.577061060415	
1.1304789410677	16.7939321645042	1.44640161830315	21.8470278442154	1.57056659756847	26.7529500223226	1.33111955412514	27.5424626612425	1.62181277422276	36.2524672952997	1.93895631282141	46.4069069834711	1.74987863243025	48.7521082195325	2.29823689262273	63.3764934266092	1.93634141959393	69.9410405317386	2.96612604820055	127.776529158835	3.03240986278268	211.84044023616	4.0498200261257	247.94917866084	4.28664220819034	339.205668494581	
1.13425053668743	16.876575863205	1.44832661300639	21.9465806347778	1.57431614236826	26.8832979236746	1.33583955693966	27.704371220504	1.62647937327189	36.4527388922326	1.94293345897636	46.6395699780106	1.75394564865853	49.0183025504559	2.30306044115012	63.6761930168855	1.94102100503404	70.2706542016907	2.97453446272368	128.402720625942	3.03796252564635	212.83890739569	4.06054889230427	249.190519835133	4.29774724719883	340.832577196451	
1.13798796385714	16.9598435480012	1.45015018638413	22.0462600852044	1.57788643494123	27.0144635262083	1.34057605769125	27.8650094558341	1.63135120009496	36.6516433076909	1.94683516661725	46.871737508964	1.75788763134421	49.284277089262	2.30803410100716	63.9754455723472	1.94585458889394	70.6018771969753	2.9828467867128	129.025753047025	3.04358365542269	213.834826456778	4.07132056582869	250.431250061846	4.30882692764397	342.458413014767	
1.141670331207	17.043465135359	1.45190362752803	22.1469509518989	1.58135625945557	27.1453180670168	1.34551599665714	28.0239862117699	1.63611795122244	36.8508382957787	1.95087228987631	47.1048959670897	1.76179911839016	49.5505272995372	2.31312827859825	64.2746012702657	1.95051886741303	70.9344934507654	2.99115115227109	129.655610199612	3.04907105669498	214.831073343395	4.08200852113685	251.672427323373	4.31991411106825	344.091073564585	
1.14522826039133	17.1254606335787	1.45355378290849	22.2482229638525	1.58507404998556	27.2748855200883	1.35060045158994	28.1838998781714	1.64101516566611	37.0505250221626	1.95463114500884	47.3376818962032	1.76593559473424	49.8178839209784	2.31822207147744	64.5730566136414	1.95531202942255	71.2652098065934	2.9994780540313	130.287479008863	3.05453918274478	215.829078566951	4.09267934803748	252.912084666531	4.33087033023537	345.723704312082	
1.14894733181588	17.2058393558857	1.45544655928134	22.3470884383875	1.588693225719	27.4037991847435	1.35525822219004	28.3451267093406	1.64595156139776	37.2494815916826	1.9583941528447	47.5698680536072	1.76988704329529	50.084696650062	2.32323889284485	64.872704049856	1.96027405692669	71.5943838923112	3.00771799149699	130.915875847722	3.06018388934796	216.825697982581	4.1034593053619	254.151831416652	4.34183867383711	347.35332502516	
1.15266763821491	17.2875107538648	1.4572866125285	22.4456782414535	1.59230563966054	27.5321186656244	1.35964904305598	28.5064839256642	1.65074649568519	37.448788338474	1.96223574368309	47.80293710477	1.77371761958524	50.3506041336459	2.32817879783477	65.1729922359715	1.96514036396949	71.9257931521018	3.01572210906399	131.546880389665	3.0657722996667	217.821393526261	4.11408541652031	255.392993777019	4.3526904978086	348.983988819473	
1.15625624751651	17.3719332785987	1.45909426919013	22.5453632798153	1.59592800588976	27.6609596871222	1.36449427666721	28.6666397359235	1.65551174138211	37.6493952115179	1.96612460440423	48.0362445745006	1.77753862867195	50.6166867058656	2.3333170576068	65.4724310559393	1.97003370078162	72.2552056563874	3.02369904907824	132.176812048054	3.07149922438159	218.814377058732	4.12473101151746	256.630311637981	4.36363619941017	350.612655858281	
1.15996494942086	17.4559627852248	1.46098546599914	22.6463819720405	1.59947165705492	27.7902384302093	1.36941050078426	28.8262963573065	1.66020880701372	37.8496817096113	1.97018177528981	48.2690156024536	1.78151969876828	50.8828698609186	2.33813695772456	65.772234954339	1.97493384166769	72.5847895240185	3.03191177471849	132.804478730049	3.07728660244403	219.812188567201	4.13536810813788	257.870758742645	4.37445982904583	352.243319652593	
1.16393155435484	17.5393794816259	1.46271856123138	22.7458956470567	1.60304465985807	27.9215865719589	1.37401875812596	28.9869811587631	1.66496200624519	38.0479714521996	1.97397872153901	48.5028781404123	1.7854632378104	51.1514707292605	2.34295768064836	66.0683582660986	1.97979942399018	72.9143510399089	3.04018541564229	133.43235402829	3.08276726472435	220.81216074394	4.1458891729199	259.11646595696	4.3850285736667	353.8762484233	
1.16753930476847	17.6233847738662	1.46439842941674	22.8456253888999	1.60680582181854	28.0494497047999	1.37847818400224	29.1489567732468	1.66992715387803	38.2458998416461	1.97779995230963	48.7349115609213	1.78929559546433	51.4177544671467	2.34794746155369	66.3655619119935	1.98464303464357	73.2453505177862	3.04820555814509	134.062270785518	3.08813243756854	221.811969007914	4.15655265382744	260.356823654661	4.39594423214071	355.505213485317	
1.17121141372239	17.7049984298484	1.46607416427027	22.9457611873664	1.61047599724195	28.1776835040079	1.38321659296394	29.3087028015928	1.6748124659144	38.4463763295357	1.98161344231698	48.9670455642636	1.79332083044305	51.683393729842	2.35282025418725	66.6684950540953	1.98929371842581	73.5774899344407	3.05606328729788	134.692872996129	3.09353595671179	222.810302057	4.16705487403052	261.599982770533	4.40686267572325	357.133612303236	
1.17492019329904	17.7882512134842	1.46793914387143	23.0451984939351	1.61378890150982	28.308862145057	1.38787991142935	29.4690206619724	1.67931127622916	38.6465175413143	1.9854168280448	49.2001779453584	1.79709492083128	51.9502735141477	2.35770374293837	66.9690589116798	1.99403409397971	73.9085639181204	3.06433235988653	135.320956910617	3.09906608635378	223.806727757544	4.17739295603343	262.847433420625	4.41759167916667	358.764663527722	
1.17861895520917	17.8716362449192	1.46961932803708	23.1463159063485	1.61731434191927	28.4383495043909	1.39244905416578	29.6297687933611	1.68412809613149	38.845246868137	1.98907334751425	49.4331389631077	1.80088406221308	52.2167099889289	2.36247863349909	67.2687585019561	1.99883218817464	74.2399806284914	3.07245584626731	135.949711377327	3.10460330866911	224.804986300828	4.18795456161318	264.08791032761	4.42822885940776	360.395357124355	
1.18212938093504	17.9557290814773	1.47136650404595	23.24599349413	1.62106266292045	28.5672929713671	1.39714190345566	29.7903641878547	1.68889657684141	39.0453359258539	1.99286873666196	49.6643826221109	1.8048377398074	52.483969752827	2.36713284587635	67.5656119705795	2.00344249480999	74.5711663708748	3.08028314013006	136.579985762407	3.11017072908408	225.801397100211	4.19855530526754	265.328089211385	4.43907617762898	362.025603686175	
1.18567722949543	18.0384864015269	1.47323377004986	23.3453041408346	1.62455298999492	28.6977582193579	1.40182287511141	29.9515016120611	1.69347235606024	39.2443111218246	1.99686534531091	49.8979620380204	1.80887942243178	52.7488416057572	2.37195764539697	67.8664440490528	2.00801745036116	74.9011600204192	3.08815863870225	137.210245246326	3.1157945202893	226.79798671352	4.20884091522932	266.572753344466	4.44976689884833	363.657489375647	
1.1893302556381	18.1199342820988	1.47503545296984	23.4456094400016	1.62792337385079	28.8271226441178	1.40621421852498	30.1121808255825	1.69833101979701	39.4429696681349	2.00074608614483	50.1306138566895	1.81239111465718	53.0158107970258	2.37688378279658	68.1679839326491	2.01268390475247	75.2302074462729	3.09611183797687	137.841115677825	3.12124448773746	227.795679012705	4.21902126222402	267.81503329187	4.46051448855672	365.284576891443	
1.19293225955279	18.2022874081701	1.47681638086559	23.5442811994503	1.63168129837681	28.9555278066714	1.41081933137824	30.2724781968665	1.70312498424004	39.642879911926	2.00431984159621	50.3635748744388	1.8159933086837	53.2827092077821	2.38189931964314	68.4668341567777	2.01749253413243	75.560864197459	3.10407238324459	138.471285754782	3.1266299063936	228.793117992162	4.22935951059608	269.051725304091	4.47119678538129	366.909757058697	
1.19648507941415	18.2853539272998	1.47826879230096	23.6448416809906	1.63537952992778	29.0851436885145	1.41529424008491	30.4342396071682	1.70772705982914	39.8426448694024	2.00798322623436	50.5960963079537	1.82006850738408	53.5489333410264	2.38689750307464	68.7664145377701	2.02222207398097	75.8911558702132	3.11202764737778	139.099697494801	3.13208818446385	229.789558593866	4.23963853355774	270.298594808925	4.48178279550037	368.542834841009	
1.19999995985381	18.3703743610982	1.4799195676454	23.7444615267752	1.63903545730902	29.2148862302218	1.41995932631698	30.5950696949395	1.71232197270943	40.0412773386818	2.01160977074907	50.8286736208205	1.82381749390822	53.8167407225724	2.39155908480372	69.0668815378114	2.02707935834736	76.2218424237203	3.11974443316364	139.730016583362	3.13740531353114	230.787772433668	4.24970788993985	271.550292289755	4.49222672775029	370.177879576504	
1.20358637532613	18.453997811101	1.48165587702901	23.8436660027113	1.64273739165886	29.3438539115837	1.42455062892535	30.7570453094232	1.71678118386924	40.2417799036023	2.015330336952	51.0623610701434	1.82736662927098	54.0821713690208	2.39633485207659	69.3669089536184	2.03176385585631	76.5523576138818	3.12741219564245	140.359441602294	3.14279968259306	231.786656825692	4.25987883353346	272.79565677738	4.50280016289583	371.809377835804	
1.20714128370165	18.5343690828278	1.48341123048084	23.9434236842304	1.64640153448103	29.4732965674362	1.42890513370559	30.9177655011359	1.72132957915423	40.4417460267453	2.01911636516693	51.2962645862934	1.83107628821384	54.34762436721	2.40122340041806	69.6668991165242	2.0364687335496	76.8837072690306	3.13541600721179	140.984411174241	3.14838176370177	232.78197984036	4.27011983802162	274.040723241794	4.51349635300433	373.441144315993	
1.21061147067516	18.6161242998346	1.48522607797722	24.043959951385	1.64995468951951	29.6030335212082	1.43330022089623	31.0773867322628	1.72622192064462	40.6401400774569	2.02268794969957	51.5281974239692	1.8346903209452	54.6143700410713	2.40606753551087	69.9653693610604	2.04117073970763	77.2164874355859	3.14374276118858	141.613210344432	3.15384089762254	233.778956883841	4.28007662567668	275.290334560157	4.52401809596335	375.071152459244	
1.21424878097053	18.7001165535595	1.48702866703913	24.144298778163	1.65332354950462	29.7339942327852	1.43788081464538	31.2373115745346	1.73091281799874	40.8384447212057	2.02637230449746	51.7602010421572	1.83863452595864	54.8808586699143	2.41089009407728	70.2658736140029	2.04578002881485	77.5487535121046	3.15159651112595	142.247224920794	3.15914627180403	234.776485270261	4.29004455525595	276.537666000965	4.53451519613863	376.702024869804	
1.21777788393412	18.783883427232	1.48879408770385	24.2434287482967	1.65691536067573	29.8637051095264	1.44236403304281	31.3978306005808	1.73535566022713	41.0343800804372	2.03024085208949	51.9920034946787	1.84243858757632	55.1481594120037	2.41551176309257	70.56529008223	2.05034158632451	77.8763033713294	3.15926631488341	142.878974520762	3.16429706764861	235.773656028829	4.29994801501937	277.783954360539	4.54489981997406	378.329887245945	
1.2213152801972	18.8665718294143	1.49046304754069	24.3431026107881	1.66049409108945	29.9923468280028	1.4467047557041	31.5599477760891	1.73965145280225	41.2365254983012	2.03406327275857	52.2257803509645	1.84585699736244	55.4157209244016	2.42018629381435	70.8635964140008	2.0549411637978	78.2056413698125	3.16712729283277	143.508921080311	3.1694406098873	236.77060326999	4.30982958879536	279.030823865373	4.55551668980434	379.954501169101	
1.224871337493	18.9490963188313	1.49223015420196	24.4435625094951	1.66413643733116	30.121476559485	1.45103695197333	31.7209268754653	1.74401557035648	41.4375421532584	2.03754967015223	52.459207029979	1.84949298835186	55.6811627467204	2.42488477936935	71.1633705100795	2.05960972950321	78.5363130221591	3.17492494467114	144.140029930378	3.17496784713239	237.768668098187	4.31986063560745	280.274534324183	4.56609234083404	381.591125427608	
1.22855376593762	19.0321069586091	1.49385901319785	24.5440671116836	1.66773772629855	30.2519064172197	1.45538192419551	31.8814757038324	1.74877052785513	41.6364391181365	2.04108840372451	52.6922313776603	1.85316027122688	55.9474613857672	2.42963747075633	71.4622356353686	2.06447976989226	78.8667686076786	3.18272493879161	144.770453327062	3.18035597788137	238.766270990409	4.32974412523039	281.520435253585	4.57657640409977	383.225037674907	
1.23208837169051	19.1154156215967	1.49557556467194	24.6453093213162	1.67139190528464	30.3809430164489	1.45962952423248	32.042587051008	1.75346025643435	41.8373365638099	2.04472486252894	52.9257102107365	1.85686973906235	56.2148254577887	2.43450782026301	71.7623152052373	2.06925614350266	79.1971124344946	3.19043078381893	145.401040636512	3.18554142542179	239.762532778188	4.33940500822178	282.773235420291	4.58692505994295	384.85787703865	
1.23553242963496	19.1992551384265	1.49740913802108	24.7450334752242	1.67509291915017	30.5100205938695	1.46400484606301	32.2043205216337	1.7580055381508	42.0366060577001	2.04833279332212	53.1579783245231	1.86016997972952	56.4817350444154	2.43916576624845	72.0627598535379	2.07370550384805	79.5279554501868	3.19800414984531	146.03310316085	3.19071320073933	240.759092589176	4.34926633320558	284.022504011963	4.59744654064153	386.490507786147	
1.23899755739065	19.281580324822	1.49900137966588	24.8433662332718	1.67867117432745	30.6388672033025	1.46853856227815	32.3646309314331	1.76262673063755	42.2361959265408	2.05197525362162	53.39055936268	1.86364259236739	56.7484173883446	2.44408843405237	72.3626159059993	2.07823027774808	79.8595435239033	3.20561436381825	146.665031574744	3.19596485512863	241.757217022015	4.35923878343629	285.27010367366	4.6077634684782	388.122304068657	
1.24252630712105	19.3643320569364	1.50061124544377	24.9428091277757	1.68230211686763	30.7683471120561	1.47294169559527	32.5256454210655	1.76715150886256	42.435864026474	2.055727784387	53.6229243340098	1.86720755485304	57.0147383791321	2.44909060664696	72.6632319176455	2.08276868214773	80.1912508069037	3.21331463266806	147.296810977033	3.20140935517774	242.755013629323	4.36872047808958	286.523082654293	4.61797294480957	389.75541165329	
1.24592635329255	19.4471843718841	1.50233643152961	25.0441072167601	1.68585342050667	30.8984081660688	1.47717155601515	32.6868014717224	1.77161484329592	42.6360611176045	2.05933608312827	53.8560604403948	1.87082397755021	57.2803217624755	2.45376013887316	72.9615009965151	2.08747403843023	80.5223620434846	3.22111250802385	147.925684653027	3.20676874866476	243.748950836066	4.37825968548594	287.773915867815	4.62821764057102	391.381932924987	
1.24927735157007	19.5293884863506	1.50404529886484	25.1448837651274	1.6893523957902	31.028793320322	1.48143282864753	32.8476110703981	1.77605413199898	42.8356994152168	2.06297896502004	54.0889730293725	1.87433652450856	57.547838571392	2.45818396745834	73.2611707844704	2.09213047347864	80.8515584809431	3.22902310409853	148.55512457312	3.21212906207729	244.742783734685	4.38784180155606	289.023124854845	4.63835829630834	393.012030475202	
1.25266599851038	19.6125462750882	1.50573709180925	25.2436002280576	1.69289463298068	31.1585693896403	1.48595054898413	33.0087186922835	1.78052754910518	43.0351141954217	2.0665090874499	54.3217068044243	1.87788504046614	57.8149157960741	2.46283796525888	73.5601700202039	2.0966526619457	81.181716043253	3.23658007239815	149.187455318346	3.21739510297897	245.742562196338	4.39725546739083	290.274270992737	4.64847549346185	394.649340187091	
1.25602144032583	19.6957897454987	1.50734599109549	25.3436130919501	1.69650836944102	31.2873061030148	1.49039559542609	33.1689694974409	1.7848814075184	43.2341303695837	2.06987053400241	54.5540866769146	1.8813081083669	58.081370897306	2.46781573795866	73.859221409999	2.10116508614164	81.5140193726728	3.2440584185797	149.819294325277	3.22268213378441	246.741625402288	4.40667636596986	291.525849264284	4.65863216247597	396.283014015822	
1.25946468377048	19.7786793133475	1.50906264967167	25.4437842806727	1.70009887914121	31.4163892683705	1.49463494779837	33.3307029680667	1.78920156321857	43.4336606337824	2.0734915805707	54.7870737716947	1.88483904601248	58.346879774847	2.4725423783614	74.1593903868306	2.10556676283513	81.8442141878839	3.25155041910274	150.451014122924	3.22807745704451	247.740062759497	4.41612424689644	292.78045247141	4.66881254987797	397.91597258885	
1.26312621413974	19.8614869248138	1.51085444996689	25.5428714099699	1.70339818438815	31.5471339131204	1.49877509782015	33.4931107162045	1.79353174124188	43.6330120840554	2.07703065377886	55.0212492340236	1.88817797745748	58.6134168324615	2.47712357486237	74.4588068550577	2.10991169892762	82.1733808230214	3.25884865702068	151.083136251904	3.23322000783211	248.737829564484	4.42570282035518	294.028707784168	4.67859269404506	399.549586812939	
1.26647620587874	19.9446614773569	1.5124587766339	25.6431357309456	1.70706920839777	31.6759767972633	1.50305092311285	33.6539128642999	1.79787695237736	43.8320990387296	2.08052577295607	55.2538600745014	1.89163157005525	58.8793056895949	2.48187723609375	74.7570684833471	2.11467078245288	82.5038215073804	3.2662646655621	151.715347787847	3.23847814789363	249.734761904485	4.43512024635828	295.278632026901	4.68824011457025	401.182575188287	
1.26974939281271	20.0273610554096	1.51423091196559	25.743331134054	1.71073293856837	31.804998495332	1.50719983142602	33.8151396954692	1.80232756468821	44.0321880964466	2.08414595063532	55.4864411126583	1.89534839505967	59.1458576483699	2.48665078252898	75.0565669079568	2.11953757404535	82.8349327439614	3.27385401629114	152.346724858803	3.24379069074439	250.733363174459	4.4446156817798	296.530627530942	4.6979664316568	402.817858342351	
1.2731749758027	20.1095037025891	1.51586801229318	25.8432769427242	1.7142674757875	31.9344672282153	1.5114016401887	33.9748689600096	1.8066393881596	44.2331861249532	2.08771560628248	55.7194729109199	1.89893183752892	59.4138252173911	2.49149111796537	75.3566539284057	2.12395321156112	83.1664910153569	3.2813785619282	152.980411609634	3.24904601887529	251.731129979447	4.45414217860205	297.781237227057	4.70757163693609	404.454631612463	
1.27634882087404	20.1942726793043	1.5173023318096	25.9428576729626	1.71777425181148	32.0641520279257	1.51592297577985	34.1362038245924	1.8108150429803	44.4316286044365	2.09122803864162	55.951755925867	1.90223533407072	59.680008372444	2.496149452388	75.657761678348	2.12819964729915	83.4984069146041	3.28869947760909	153.613129785033	3.2543024785282	252.726676511522	4.46359480816783	299.033828777517	4.71675475568257	406.083119837345	
1.27955284132075	20.2774211548167	1.51878529867562	26.0425445739694	1.72135015390331	32.1937921241546	1.52026517667708	34.2971810613235	1.81503886264982	44.6304547888022	2.09462852380347	56.18483242761	1.90569579779766	59.9453980407011	2.50089388903224	75.9573197075997	2.13256165070441	83.8297044156911	3.29604969083561	154.24391080957	3.25972600804506	253.724994659447	4.47299938650614	300.284900409607	4.72576035800126	407.695067774087	
1.28303115265183	20.3597873194035	1.52058468923237	26.1430361376425	1.72496929163879	32.3230857684022	1.52435446689354	34.4588698284679	1.81934813943127	44.8296348757296	2.09816420415692	56.416556649039	1.90918069345691	60.2120319558588	2.50558563160805	76.2563114927529	2.13722859262563	84.1584240160141	3.30318635337266	154.877433647635	3.26510786769854	254.721643877398	4.48240483857636	301.536329669549	4.73486152528537	409.29724054955	
1.28636254985456	20.4424608204253	1.52241693726874	26.2423709987328	1.72862476743918	32.4527966451434	1.52828457206745	34.6207932888898	1.82357815308278	45.0301858694216	2.1015477846906	56.6504229122878	1.91262464322802	60.4788521355226	2.51026916414461	76.5555491470541	2.14177566553718	84.4898481769652	3.31037995916649	155.509958107948	3.27026692201115	255.718084479103	4.49199140824268	302.78647742969	4.74385099950686	410.879475572283	
1.28938648308555	20.525681939095	1.52403499837098	26.3417151730485	1.73206976338839	32.5818257937924	1.53238210808595	34.7818785590345	1.82770097190149	45.2294814403427	2.10486869465378	56.883443534679	1.91601426423258	60.7478106317161	2.51501917920154	76.8538927317261	2.14625864440407	84.8210190181881	3.31795475201981	156.141394783546	3.27534128900815	256.715568162041	4.5014616192113	304.036058945731	4.75263837516918	412.463617943558	
1.2926760487473	20.6083032860551	1.52567836513745	26.4426612221163	1.73556468804154	32.7117899902619	1.53651373041181	34.9431612695556	1.83173637268531	45.4298424442385	2.10827385245892	57.1152683389412	1.91895940458729	61.014146523664	2.51956062790847	77.1551569438535	2.1507240237248	85.1508338538068	3.32535070846437	156.774038453143	3.28069141469465	257.7112339034	4.51089018415839	305.283733113231	4.76131596966936	414.03598839805	
1.29600156291919	20.6906899397376	1.52743776493559	26.5428827022556	1.73903174942657	32.8429909830517	1.54060860313878	35.103594613929	1.83583598523296	45.6292795761842	2.11178212764437	57.3481958290793	1.9223152641298	61.2796591264951	2.52412426286123	77.4528374268839	2.15522119587209	85.4810435701784	3.33274627870692	157.405996669358	3.28587300073884	258.709730865251	4.52030177023343	306.537486954209	4.76974088207025	415.597689621633	
1.29928753120778	20.7729052300745	1.52898984762491	26.6426273452593	1.74253132437125	32.9719269994476	1.54445822026655	35.2654957226102	1.84004613491478	45.828381432019	2.11515395068453	57.5814027159766	1.9259007185585	61.5456969952334	2.52879141033702	77.7522166422097	2.15978236669661	85.8124602805493	3.34015424782738	158.036747891573	3.29109922652933	259.707482769078	4.52946667164716	307.793356759975	4.77798739553367	417.197150385888	
1.30244471584373	20.8560220406208	1.53063523659537	26.7415412485659	1.7459149327807	33.1009226204855	1.54821411957921	35.4277954373345	1.84401203609472	46.0279750261498	2.11853131115918	57.8138049402076	1.92933248700866	61.8115485994655	2.53339978811603	78.0526687410906	2.16408988535625	86.1429084154886	3.34728894832387	158.671701241045	3.29627803044522	260.706516172707	4.53861804984964	309.048034472903	4.78646666110757	418.779206594695	
1.30546272636953	20.9393530553491	1.53238521671175	26.8404626024528	1.74933416038462	33.2329767047131	1.55238521998807	35.5899275140033	1.8478674373934	46.2275313673794	2.12209714517071	58.0486733064991	1.93253676965156	62.0785215160243	2.53794143575347	78.351943648293	2.16856887133475	86.4730808789589	3.35445767589561	159.307444352024	3.301349770286	261.702986576732	4.54818734209681	310.298152430723	4.79499583249822	420.30785704432	
1.30857698780309	21.0242393787031	1.53392485879991	26.9418314719494	1.75284872299293	33.3621027109053	1.55653288848389	35.749910098272	1.8520898496075	46.4267896853993	2.12555395381164	58.2824017340134	1.93592667377818	62.3446487917254	2.54258338660543	78.6531780580994	2.17309820984463	86.8044975893298	3.36148247654452	159.940907585447	3.30650867260676	262.700947096806	4.5575079101561	311.552591725083	4.80319573349958	421.827745611579	
1.31166590929976	21.107866553996	1.53551550095057	27.0425167507088	1.75643385116203	33.4904315050114	1.56046761377449	35.9111071271203	1.85631909048246	46.6259734976167	2.12895643044385	58.5137534264302	1.93908960533196	62.6113125092041	2.5473149092747	78.9545465783501	2.17776453459584	87.1348414161458	3.3684241403844	160.573551255044	3.31174201938281	263.700248721323	4.56660396117347	312.805749519641	4.81127816522431	423.376363616256	
1.31477910097547	21.189808035509	1.53716450554811	27.1416541714227	1.7597958923583	33.6213680022026	1.56455679968281	36.0738389754987	1.86018392785418	46.8266660523333	2.13261674435431	58.7451498223284	1.94231303840012	62.8777750610162	2.55194769860752	79.2518992358499	2.18211609445822	87.4659824550477	3.37551860529502	161.206135319999	3.31690936047565	264.695676044114	4.57577267639973	314.059860988471	4.81945467775878	424.930048015497	
1.31791913671478	21.2716098186424	1.53880295074624	27.2417936951793	1.76303809743806	33.7501326552529	1.56836633049827	36.2364255375623	1.86415166814009	47.0260584807976	2.1361145428418	58.9782524011023	1.94555508705246	63.1445281854577	2.55671639630385	79.5498628409295	2.18642083993026	87.7968776248016	3.38271569558571	161.840194599843	3.32193831830256	265.692504075991	4.5850379619774	315.312333329647	4.82743642415321	426.430505469483	
1.32103273694424	21.3540132361304	1.54025543445224	27.341631470436	1.76649906952177	33.8785620321923	1.57225564997153	36.3969333877381	1.86816441910063	47.2255440415149	2.13968234485435	59.2116306513452	1.94887661590856	63.4122871382321	2.56158080503769	79.8502329834277	2.19088479093394	88.1273332103212	3.3897598968888	162.475192652797	3.32706900244563	266.690703014633	4.59438460683601	316.560663148208	4.83551164093361	427.951228501729	
1.32419622974232	21.4377130545807	1.54195036536584	27.440800556116	1.77012776626487	34.0077625441869	1.57645293361244	36.5564391348712	1.87211664544999	47.4254617358862	2.14296419497404	59.4441669860206	1.95212374352275	63.6782728529087	2.56624792569139	80.1498804196423	2.19514630486016	88.458533853865	3.39664957796951	163.10925193264	3.33222618710489	267.687650255794	4.60345979907983	317.813224896347	4.84333244691709	429.423999599531	
1.32711332249129	21.5206827161672	1.54362155181453	27.5409456678077	1.77365851835622	34.1387027666682	1.58058802899735	36.7148235696778	1.87616034493497	47.6246902515851	2.14625335457897	59.676368044585	1.9555508505055	63.945264395918	2.57082686633698	80.4491180739435	2.19951214890003	88.7878047971259	3.40339366092142	163.744100973989	3.3373342203071	268.684984927127	4.61264739017746	319.069571539249	4.85112002374179	430.874359351962	
1.33018596863698	21.603354354544	1.54528002973801	27.6408467729965	1.77707798847654	34.2683316870267	1.58426250357454	36.8773728788402	1.87997212997594	47.8238517120618	2.14977845429886	59.9093067105936	1.95883885322731	64.2117716512116	2.5754111805043	80.749190193232	2.20396826861589	89.1192662109783	3.41042898483442	164.376923457512	3.3425689891778	269.679160552437	4.62174033124098	320.326544030892	4.8588502527839	432.343405159643	
1.33332587287355	21.6864711650903	1.54693479741204	27.7414705844689	1.78052393899646	34.396910075571	1.58788404715485	37.0417252284214	1.88365436194046	48.0225139836623	2.15325853999136	60.1421857719602	1.96204369827845	64.4776679589252	2.58018574148742	81.0476380860274	2.20839848263384	89.4505786132258	3.41724839316217	165.008851871405	3.347736437559	270.673514991673	4.63091631050395	321.580774709005	4.86642315398044	433.757733906019	
1.33627755603733	21.7691446661121	1.54853367064985	27.8416995151884	1.78392700170427	34.5269040743614	1.5918842273794	37.2032091046091	1.88748821502495	48.223821211249	2.15669634796369	60.3749269975922	1.96505611143894	64.7443018740829	2.58490199124641	81.3471216094767	2.21274797365043	89.7796707425609	3.42415176434716	165.642434314113	3.3526850320264	271.673621278857	4.64012217494216	322.836286886921	4.87354319414908	435.09862973352	
1.33943151609108	21.8526749838619	1.55016719893625	27.9409859475072	1.787182623452	34.6579262532254	1.59575656324833	37.3652964777964	1.89133317017306	48.4232471673243	2.16003442507743	60.6090801081804	1.96805809446759	65.0106452166111	2.58949405996057	81.6469553101973	2.21698074062893	90.1073025581684	3.43106785679901	166.280680820053	3.35763377252518	272.672267252313	4.64949401147112	324.087358519011	4.88017700019506	436.381500442087	
1.34241866749941	21.9353689739794	1.55188121992541	28.0402481654401	1.79056385642426	34.7879388784665	1.59963938848121	37.5270821024839	1.89498131471264	48.6217231744187	2.16334083267171	60.8416052669854	1.971251057228	65.2771301201639	2.59416112398985	81.9471689905104	2.22136702397466	90.4413642245256	3.43767949651276	166.916647448438	3.3628053153846	273.671151644337	4.65871199140325	325.339950069471	4.88593191151431	437.34018150312	
1.34537806143788	22.0182417780228	1.55348324528851	28.1407881578848	1.79385743603387	34.9168227408007	1.60355951678053	37.6887298914369	1.89881170118167	48.8213167685495	2.16667089942176	61.0740074912165	1.97443359134669	65.5433095499267	2.5989419910862	82.2462203803056	2.22583533544228	90.7736899056861	3.44423154942224	167.552763088428	3.36802432780234	274.668277699424	4.66767039281568	326.596266910052	4.89103386845406	438.043575882705	
1.34842436576476	22.1005781402886	1.55515768537665	28.2402291897436	1.79720007247815	35.0462653966532	1.60751593955886	37.8512307718277	1.90271889413212	49.0213685733652	2.1699681248972	61.30740436791	1.97743419001672	65.8098540581215	2.60371516175023	82.5449290434095	2.23013060274551	91.1038698197367	3.45093265366493	168.189936710813	3.37307771383627	275.666387231102	4.67680294581073	327.848202809451	4.89614022058474	438.484739640055	
1.35123039138135	22.1846355865906	1.55657280827421	28.3407822207036	1.80053082067122	35.1763562529868	1.6112473003959	38.0133516726262	1.90636052953015	49.2212713665761	2.17333407980769	61.540175395863	1.98057838901221	66.0773969440688	2.60841046407377	82.8447031394882	2.23434434733813	91.4352790795274	3.45771900725895	168.824994368409	3.37800826146073	276.66506300688	4.68600568487008	329.098588988159	4.90092087641674	438.481222966181	
1.35407011505439	22.2682255089823	1.55812974268267	28.4420318809164	1.80409407514635	35.3051432577778	1.61507292953537	38.1741165678204	1.91025419666163	49.4201571555838	2.17668503215337	61.7729054456247	1.98372870759448	66.3428611181284	2.6130789474794	83.1443654768633	2.23858638088896	91.7657421156272	3.46430750850193	169.460424555017	3.38297805444816	277.662367875892	4.69514524560186	330.353207096445	4.90552016084414	438.31781684029	
1.35696130229172	22.3510442963189	1.55982634525044	28.5426743188394	1.80742886651923	35.4357295776976	1.61909952161419	38.3352353655761	1.91404169531854	49.6211663599608	2.18000772869594	62.0062501682565	1.98695983485978	66.6096887483724	2.61787753109603	83.4436031311646	2.24281558912673	92.0971290236771	3.47087822244412	170.096376282242	3.38807877891018	278.660030372756	4.70425640338156	331.609911367199	4.91013849625473	438.245844235143	
1.35969918733108	22.4343864869175	1.5614302743533	28.6423668077814	1.81056990124747	35.5666586243086	1.6230711045371	38.4962014264369	1.91765848725027	49.819392772617	2.18327635016422	62.2391962848453	1.99009834267689	66.8750262625678	2.62257683524865	83.7442861980329	2.24711576328339	92.4282626119988	3.47754982622346	170.732968759368	3.39313042940121	279.657305439447	4.7130227136568	332.868105754002	4.91462269660394	438.260119546888	
1.36249849623179	22.5173989893404	1.56291147494277	28.7415265802361	1.81383895653758	35.6952221116923	1.62676009452172	38.6591158140312	1.92150758504343	50.0183195398161	2.18670644382285	62.471773597712	1.99326892495251	67.1379423381842	2.62724993765338	84.0432332797047	2.25136955470026	92.75938129916	3.48397157403098	171.371557991999	3.39806574205615	280.653805645794	4.72194562987461	334.124571606188	4.91878765154139	438.156288260621	
1.365474300563	22.5998769126309	1.56440404943144	28.840634198629	1.8172556907232	35.8249255378533	1.63050462887586	38.8213782758542	1.92536241797341	50.2190120945327	2.19007649555732	62.7045036474738	1.99641863158017	67.404978584675	2.63197312261653	84.3415768643767	2.25568420999167	93.0912226926048	3.49030724170669	172.006928573965	3.40327306813342	281.649560794115	4.73096491378804	335.381424888547	4.92245247697684	437.951486710901	
1.36835282267475	22.6820176971653	1.56592159404628	28.9401515989353	1.82065394380765	35.9529935616509	1.6343792802048	38.983048416548	1.92901221833468	50.4191197787003	2.19348760680128	62.9359112192423	1.99933305128761	67.6738402233253	2.63669518127309	84.6420885678995	2.2600417709766	93.4214696618775	3.49696720682928	172.64167330719	3.40844004861815	282.648594197744	4.73999271395958	336.634970113278	4.92628620121894	437.922161227064	
1.37108303530993	22.76477687986	1.56754462551816	29.0398142855563	1.82383908406397	36.0430449997584	1.63815935451533	39.1446142491183	1.93262527729269	50.6182961403375	2.19680813391521	63.1682128606401	2.00232896166814	67.941792891186	2.64149820581993	84.9423916551755	2.26425195880174	93.7520668084217	3.50323759976449	173.279502580637	3.41335059928006	283.647150764237	4.74903584143064	337.889856442453	4.93017099723539	437.891435034142	
1.37406099863896	22.8484021925079	1.56931277727469	29.1389181786591	1.82655549709468	36.0728063425393	1.64201039623487	39.3059118607999	1.93630379677259	50.8177034699622	2.20002979309913	63.4023920482591	2.00539451917405	68.2090377539236	2.6461824630768	85.243477053377	2.26820207882524	94.0821871178303	3.5095917332677	173.916661301861	3.41837327409054	284.643144331127	4.75796424739923	339.145994469108	4.93375009050433	437.770884645809	
1.37702436162395	22.9325117928715	1.57095071743405	29.2395606165821	1.8291843529451	36.0822872058985	1.64578679494115	39.4678539476725	1.94004497452953	51.0180793750186	2.20325469511915	63.6359751894586	2.00840278000373	68.4762677155007	2.65067651572423	85.5412171410494	2.27236679042506	94.412799165535	3.5160313413917	174.553998837011	3.42345490810448	285.640717421028	4.76694818022849	340.401655658628	4.93752922875437	437.769007099588	
1.37989970851361	23.0145724836684	1.57252582404147	29.3409872280756	1.8316823400164	36.0862360134273	1.64935441320384	39.6303101245819	1.94384725867741	51.2167528224893	2.20638409945018	63.8695657812385	2.01130550070471	68.7438851072505	2.65521995627404	85.8407528185603	2.27673341953494	94.7433143556965	3.52220530553653	175.192051627864	3.428453709555	286.638975964312	4.77609030851184	341.657883092247	4.94112858648489	437.736850395259	
1.3827664166937	23.0966182733047	1.57401750766189	29.4399085819625	1.83415073211257	36.0860013201497	1.65291295626353	39.7925688611148	1.94742980746705	51.4163501419103	2.20950454070946	64.1018376203152	2.01441715086089	69.0094982929149	2.65984609974717	86.1408994436512	2.28103439366277	95.0755431793139	3.52837442243258	175.828554698027	3.43332434973829	287.63645964725	4.78523915492553	342.910593851991	4.94438394696195	437.661301511595	
1.38565527822647	23.1799567386133	1.57563555404923	29.5393999052379	1.83654634041803	36.0860087707299	1.65683769946413	39.9535423725558	1.95072131757886	51.6159511866213	2.21270420039519	64.3331855874419	2.01731863248957	69.2758639871838	2.66451019661182	86.4389524556938	2.28518224831812	95.4064681513888	3.53466772558886	176.464655436857	3.43844870616146	288.634271155719	4.79441617481342	344.163513227981	4.94762395803213	437.666487115444	
1.38848261866782	23.2645971928193	1.57731655655057	29.6368814344928	1.83895172901336	36.0837102667249	1.66073830678239	40.114858610688	1.95451916787458	51.813488420605	2.21606008876218	64.5620301596068	2.02042108786094	69.5424755506008	2.66938930627255	86.7378324821433	2.28928463345368	95.737340969402	3.54100946293246	177.098446495812	3.44328205706188	289.631754838657	4.80332662334605	345.417326673601	4.9507860497313	437.550466679899	
1.39132734623811	23.3481703514055	1.57873882896129	29.7068665973607	1.84105427747891	36.0811956958929	1.66470754928585	40.2764914984805	1.95820984185335	52.0141325465501	2.2193377064573	64.7959634780778	2.02359545142845	69.8085059687588	2.67411051950939	87.0377034357652	2.29368485873331	96.0684075025015	3.54722740170794	177.733310438321	3.44811556591462	290.627658998584	4.81236134482758	346.674418374528	4.95414749850177	437.569093130507	
1.39426448009433	23.4308177753964	1.58009748180716	29.7309263836106	1.84311527443472	36.0803761320662	1.66844894920983	40.4382659472976	1.96158345932514	52.215752698507	2.22252958652615	65.0323480374488	2.02648873046846	70.0750430263733	2.67856649583071	87.338766482226	2.29782019232123	96.4017613637356	3.55347538036883	178.363361305994	3.45320262709445	291.625530111695	4.82135611708748	347.930824622072	4.95732307447116	437.554698609477	
1.39701525247283	23.5126158332397	1.58128663194169	29.7401632404669	1.84544200365907	36.0779584187773	1.67222037698768	40.5998951098	1.96513558288304	52.414921609564	2.22578952867919	65.2656853095003	2.0293068122826	70.3432192116413	2.68309132675682	87.6379519824655	2.30157607562076	96.7324777195636	3.55946077105192	178.804405854061	3.45818327739391	292.623401224806	4.83036571842424	349.184459253766	4.96001404440953	437.429618268357	
1.39984226408164	23.5959971393846	1.58230926530729	29.7456450048807	1.84756229285929	36.0753879685935	1.67603999755403	40.7616285804258	1.96879462534032	52.6135578041336	2.22896223906186	65.4982253694658	2.03217562958798	70.608810045565	2.68780496575087	87.9362583142364	2.30551107297378	97.0546631610134	3.56445654838263	178.941600838656	3.46309753756021	293.621242535595	4.83940584024959	350.442117198791	4.96297929621574	437.444817452053	
1.40262742831698	23.679484616298	1.5834204167511	29.7481558504226	1.849444737646	36.0729330024034	1.67975772267603	40.9236824260021	1.97241902355233	52.8130284636903	2.23207675593957	65.7306238684068	2.03516358548418	70.8744530335503	2.69258668497245	88.2358833987102	2.30947067285423	97.2854374334614	3.56906081675347	178.978466309698	3.46808108025656	294.617474521053	4.84838513462678	351.671403334251	4.96596876640208	437.390636832526	
1.40556863701797	23.7623108542148	1.5844921357467	29.7493609817769	1.8514585101676	36.0714205346141	1.68332851262178	41.0862540869052	1.97606297441037	53.0125140244076	2.23521807981425	65.9632533353352	2.03805369172353	71.1408857830414	2.69731229741626	88.5372370178005	2.31290059443955	97.3651213891607	3.57360562665048	178.991460121642	3.47309299610267	295.611918367252	4.85716147397772	352.529173736472	4.96854220536374	437.258523143656	
1.40850538411339	23.8442784127587	1.58540567474816	29.7498452694927	1.85306381525894	36.0709511480587	1.68691719194129	41.247283477698	1.97961586515688	53.213105996291	2.23839281780258	66.1937072328327	2.0408686350097	71.4086149334948	2.70179529829151	88.8363554628178	2.31583908473806	97.3932771318991	3.57797370891501	178.989120639446	3.47798730296218	296.59101401815	4.86490972734946	352.781152360291	4.97100971290147	437.167089622913	
1.41130975036927	23.9267395722436	1.58636648046588	29.7505996407423	1.85476198045223	36.0695653401335	1.69076279047618	41.4084432536451	1.98295920603602	53.4128113491255	2.2416673491238	66.4266719758721	2.04380301640004	71.6734011047522	2.70633603244702	89.1311227689732	2.31855564934735	97.4078802691755	3.58211040349158	178.981446541796	3.48242097798976	297.292441444551	4.87201031061936	352.83414088698	4.97335256936175	437.030684399824	
1.4142837103791	24.0094708152623	1.58724636965341	29.7510690272976	1.85657571033254	36.0675909363691	1.69475436291107	41.5696030295922	1.98617169590682	53.611354411442	2.24465240110385	66.6622369714163	2.04682719338703	71.9406310663294	2.71076615222109	89.3405958325063	2.32127785841758	97.4160610062823	3.58607972369664	178.964950957138	3.48610518180279	297.530502384477	4.87874237306134	352.843409408802	4.97585910716186	436.93093603153	
1.41717796797159	24.0934183655057	1.58831327306519	29.7504077883011	1.8583853825044	36.0652663553333	1.69849802800364	41.7314631600821	1.98970335173606	53.8105643006903	2.24774555081648	66.8945758657152	2.04970402105609	72.2079727866101	2.71433503821764	89.4130676265304	2.3239842620822	97.4185867529847	3.58985159712419	178.949319639788	3.48922723149707	297.614813150507	4.88549508356518	352.819001307926	4.97847143978396	436.955582550974	
1.42002410821271	24.1765072363761	1.58929423705054	29.749668318212	1.86011538783545	36.0638023163155	1.70219162394883	41.8937926771274	1.9933653863174	54.0111115690922	2.25100598124449	67.1275778616558	2.05266977107302	72.4728483648305	2.71762668142729	89.4385337098011	2.32660109292253	97.4164409858747	3.59358471271869	178.934731403672	3.49204076369591	297.664732038135	4.89179145072114	352.783268325081	4.98087624212919	436.954599074382	
1.42278067924423	24.2594359197712	1.59024374058089	29.7497577251749	1.86186994840592	36.0623494531682	1.70568551688861	42.0568113728451	1.99678839291976	54.2099675557789	2.25404166887799	67.3615558836083	2.05545701649397	72.7401602827903	2.72100231278543	89.4517584897325	2.32884841708338	97.4168135148869	3.59726977708572	178.918623249186	3.49495233497681	297.689229545974	4.89738135804899	352.745359772804	4.98285231350248	436.67526191991	
1.42556403361713	24.3428321270766	1.59097763109524	29.7504748435233	1.86349400505453	36.060810908348	1.70938015681149	42.2177960601565	2.00024811224064	54.4100417123354	2.25700154557897	67.5942151528577	2.0581647221065	73.0070624188367	2.72444028003165	89.4600807878639	2.33098271281636	97.419696889441	3.6007583384426	178.903036635318	3.49773797174785	297.699779567599	4.90270221587699	352.705841895195	4.98488029216286	436.404358822273	
1.42830062109713	24.4255074907435	1.59178754842267	29.7503519089493	1.86497714962865	36.0586763171083	1.71301012500777	42.3797567734797	2.00365732741082	54.6103878150708	2.26000259865297	67.8289307822542	2.06094515227763	73.2743147321545	2.72768144870087	89.4627853484922	2.33338574236578	97.4182514768738	3.6042822476415	178.884127062661	3.49995279155168	297.70687251999	4.90791939130872	352.666324017586	4.98730129920653	436.468702033252	
1.43098580331364	24.5083709815616	1.59274164804158	29.7499551655513	1.86650121550399	36.0566013305106	1.71661820758915	42.5422949067717	2.00701166418279	54.8092736040785	2.26310160047653	68.0618657229726	2.06380424629008	73.5416415512748	2.73081349067159	89.4653632492563	2.3358356526157	97.4163888318131	3.60769293991282	178.869613332348	3.50230004539104	297.70839243836	4.91309080835932	352.620547652572	4.98938684333427	436.386119801838	
1.43371919675884	24.591154378642	1.59349881486244	29.7498303683322	1.86782006403622	36.0557892172642	1.72027763378048	42.7052614484277	2.01059378616476	55.0085915267403	2.26613879838346	68.2943834311974	2.06640564011496	73.8075527601489	2.7338532695938	89.4674345105638	2.33786517961702	97.4164931399364	3.61081552826091	178.857588095835	3.50483828119732	297.710031566013	4.91791324818832	352.581178786568	4.99137841200813	436.315607510418	
1.43654035513912	24.6739508142378	1.59434646914204	29.7497782142705	1.86939734727268	36.0535950213826	1.72407851843578	42.8679076151333	2.01418043103334	55.2081553185501	2.26931804584736	68.5252173082873	2.06917933326737	74.0739631578993	2.73664022910485	89.4693046062048	2.33964036650293	97.4179609042443	3.61381743693543	178.842731638831	3.50719938309327	297.709495124236	4.92240241956497	352.545743826932	4.99366365698161	436.382424314037	
1.43937389619231	24.7557023059546	1.59490755193732	29.7505325855201	1.87095500745513	36.0520900041735	1.7279092365954	43.0278045177292	2.01753963293549	55.4084120143226	2.27254068679661	68.7586737896227	2.07210897868449	74.3406343259582	2.73935046744362	89.4698633997231	2.34168568646505	97.4147497041596	3.61681515900646	178.828813954937	3.50931966260773	297.707021531595	4.92681920687456	352.506553774854	4.99572338097094	436.257910217016	
1.4421597472548	24.8141316188656	1.59559738485764	29.7507207126713	1.87234938875128	36.0508308561124	1.73166151990845	43.1898844403363	2.02082571662646	55.6077075852437	2.27562694749867	68.9916906867238	2.07491364383068	74.6065529854126	2.7421970865127	89.4663094729471	2.34367689298241	97.4115236029143	3.62000231227591	178.812333271439	3.51147447609886	297.704816159843	4.93126962462658	352.467572339022	4.99775800882028	436.184268681893	
1.44444198481893	24.8337154690344	1.59631275180249	29.7502271117302	1.87377880682769	36.0493593665144	1.73552536756953	43.350451895154	2.02434865551503	55.807684884257	2.27862722667853	69.225050310516	2.07745640281429	74.8721885228177	2.74473554509134	89.4657208771079	2.34549533871935	97.407865368015	3.62290017943617	178.801067994112	3.51379260822629	297.706514892138	4.93563501829674	352.433001646695	4.99942754153725	436.005365349098	
1.44646761500942	24.8409555703856	1.59699941676503	29.7502625019863	1.87522050829802	36.0478357228547	1.73907256764992	43.5124535866686	2.02777207700413	56.0069394769867	2.28166747567972	69.4543419174956	2.08025543813878	75.1398357168884	2.74706595018188	89.467471763465	2.34720705841636	97.4073587285585	3.62579587418757	178.788789437871	3.51578625936063	297.706127461966	4.939736443926	352.400576721477	5.00100802109635	435.771119106256	
1.44882183244081	24.845599144522	1.59769284258816	29.7509013892422	1.87669721600123	36.046405211448	1.74279796536238	43.6750885775038	2.03101904534477	56.2063058284201	2.28435995626372	69.6188358281014	2.08300361626564	75.4067378529348	2.74941777161132	89.4687905161681	2.34904996018941	97.4092511759402	3.62869069371694	178.776168154939	3.51787543128076	297.705501613225	4.94367445555152	352.365201366483	5.00275939815025	435.674172156134	
1.45110543990481	24.8469365236757	1.5984619025031	29.7500799627704	1.87795930195325	36.0447847102452	1.74691593856215	43.8364383432471	2.03445463399873	56.4066705576061	2.28667503719788	69.6737838573939	2.0856856128756	75.6715240241923	2.75178484482749	89.4676580279711	2.35075076073456	97.4087966905454	3.63133350572724	178.764321732353	3.52001182539992	297.705591020188	4.94754258509645	352.32833589544	5.00473930867928	435.729336252253	
1.45300170227638	24.8472773877218	1.59919134035256	29.7498489947828	1.87925544329273	36.0436708484989	1.75064970128594	43.9972777442437	2.03786898848047	56.6056457535767	2.28878362274083	69.6927530346926	2.08848516553231	75.9385453695226	2.75408212861218	89.4686564057237	2.35230507749806	97.4088935480885	3.63397716911772	178.753056455026	3.52195721073006	297.705829438756	4.95148678437096	352.294748679705	5.00675865216299	435.726683845687	
1.45491115697778	24.8475716856414	1.59973287459964	29.7505474866806	1.8804628541368	36.0431046044004	1.75430840163937	44.1584077178698	2.04121911853239	56.8056714813616	2.2908772870409	69.7063205413152	2.09120059663442	76.2054996596307	2.75622570183143	89.4697143881182	2.35404643996451	97.4075449930646	3.6365236864481	178.740092445403	3.5235926043975	297.704607543596	4.95517920314792	352.268761055817	5.00879228808373	435.826670632548	
1.45681519215013	24.8474915919038	1.6003708774977	29.7506238551281	1.88143835910502	36.0423856234069	1.7580711400437	44.3205286186682	2.04471166199153	57.0049223488012	2.29294996612876	69.7114614416829	2.09365270890314	76.4726551154054	2.75841747353771	89.4662722200459	2.35572454561037	97.4066658245959	3.63908495983965	178.725086976793	3.52517979782586	297.703355846115	4.9586690847477	352.239972013758	5.01093814227474	436.005007721246	
1.4587537672596	24.847620114413	1.60096027495569	29.7501749576685	1.88264134131232	36.0406310117597	1.7619462513354	44.4821466053003	2.04838650288695	57.2047357350492	2.2949122921118	69.7150973248415	2.09600611044908	76.7401160449701	2.76054055231681	89.4630908222821	2.35717416766489	97.4077908622126	3.64148070992735	178.71458165865	3.52715649340614	297.699719962957	4.96215124283115	352.206563611948	5.01258904769026	435.894143087229	
1.46071371866111	24.8477169719561	1.6016565322672	29.7497838022057	1.88423187555192	36.0378035165575	1.76583085495202	44.644338286611	2.0516761869313	57.4044075602726	2.2966116129309	69.7157976793844	2.09866663335065	77.0059080445603	2.76264256694825	89.4659145921942	2.35875318532666	97.4064423071886	3.64377305802254	178.705819776285	3.52896490862431	297.696322498366	4.96542850532598	352.175748012063	5.01413159806624	435.784530150694	
1.46257182453717	24.8476350155735	1.60242588543816	29.7505772890016	1.885409777737	36.0367380835827	1.7694672123355	44.8060717572368	2.05499640498588	57.6034200091444	2.29860552036521	69.7128472496081	2.10129616116165	77.2724227504341	2.76463149105008	89.4673227518602	2.36008300367469	97.4050714004239	3.64613420260799	178.695761492957	3.53061653014527	297.696531114613	4.96866064527687	352.1505054462	5.01541834668153	434.413057141876	
1.46418203014895	24.8481826332213	1.60302168977847	29.7497241975638	1.88638388866084	36.036317125799	1.77306798431405	44.9689563425102	2.05851982060101	57.8031775160406	2.30043028365319	69.7142256069531	2.10383102403739	77.5397123166531	2.76669748128606	89.4665925949964	2.3615420485018	97.4029181827336	3.6486050441233	178.684675029555	3.53236706307156	297.698974904932	4.97203682513749	352.121865415745	5.01219376202368	427.177739063218	
1.46573137356258	24.8479907807801	1.60357782995753	29.7498825223939	1.88760451213756	36.0355012872624	1.77699771557942	45.1300714149758	2.06171354848374	58.0028940447454	2.30200162749632	69.7168556617789	2.10661985498264	77.8048114122808	2.7688128616596	89.4676356762304	2.36318538149049	97.3996101251057	3.65082959462991	178.676315478522	3.53399511819649	297.698378858513	4.97534742601197	352.094179059562	5.00224659745683	416.154873814528	
1.46730707425497	24.8479796049097	1.60418123350008	29.750344458369	1.88874688293441	36.0350468018675	1.78101712818562	45.2902253625901	2.06510885722087	58.2013327989385	2.30367883407829	69.7158721851868	2.10934213337206	78.0715049320804	2.7704893400579	89.4693865625875	2.36459395010658	97.3974494568352	3.65289512363422	178.666555218404	3.53574514991989	297.696739730859	4.97835950996773	352.068519261205	4.99308551087639	408.08512055097	
1.46894327422657	24.8477896151135	1.60460590531453	29.7509665818193	1.88973528660391	36.03267006677	1.78472019373146	45.4533558170114	2.06850537001258	58.4013734278839	2.30523822607835	69.7152388858661	2.11182704183937	78.3381164954973	2.77219777567868	89.4653408975155	2.36585437491091	97.3987980118592	3.65500545182726	178.654455476089	3.53746584237442	297.697454986563	4.98135970492723	352.043515113909	4.98734441924799	403.113795389604	
1.47061360520902	24.8473500308792	1.60519757222519	29.7505605251961	1.89081274811124	36.0310197632462	1.78841063960028	45.6153537832358	2.07181451692346	58.601957949187	2.30691517263505	69.7168556617789	2.11448345934878	78.6040351549517	2.77402746716484	89.4629120083563	2.36710028803311	97.3997442355501	3.65694832868662	178.643398815008	3.53888564109351	297.696680126217	4.98426597755316	352.020954756934	4.98355960426485	399.716360601099	
1.47224025269226	24.8471879807589	1.60564600359198	29.7500557483846	1.89198650392596	36.0304907720489	1.79223565045215	45.7777540807934	2.07513734313527	58.8021736667681	2.30849590423305	69.7165576385692	2.11723973873642	78.8717792065656	2.77575000468581	89.4633664937511	2.36848645630978	97.398760758958	3.65904513244021	178.634666734964	3.54011257925162	297.696382103008	4.98708876144072	351.996546656057	4.98084362943599	397.181106958318	
1.47378593782424	24.8471991566292	1.60617534105815	29.7499402643908	1.89305836988427	36.0302262764503	1.79610392116206	45.9395657825117	2.07840476206824	59.0016704033558	2.30995303470331	69.71535809515	2.11974830226166	79.1383088135999	2.77752283587856	89.4656538218857	2.37003438947401	97.3990289798468	3.66134884176862	178.6259793584	3.54146399301443	297.697335777279	4.99013276413785	351.970022590392	4.97876303753711	395.076854481437	
1.47527939630113	24.846517428537	1.6067736958137	29.7508678616311	1.89401984772003	36.028806940914	1.79983637403303	46.0998612911506	2.08167891317705	59.2020574842825	2.31136572163948	69.7174889610995	2.12222678540645	79.405508972856	2.77928356547157	89.4661753625027	2.37111617903526	97.3995728722045	3.66319537354604	178.618856603688	3.54296035618167	297.694891986959	4.9930809688876	351.946508559145	4.97648774587789	393.191559656738	
1.47676778736457	24.846487626216	1.60742816964048	29.7499439896809	1.89518551382238	36.0273205501555	1.80379201062377	46.2611291005112	2.08494961778697	59.4005297660867	2.31273356442149	69.7178614901117	2.12486222020075	79.667523528263	2.78099108440899	89.4667490571815	2.37227612974484	97.396123253552	3.66488688565026	178.61124211068	3.54438660182997	297.693312463948	4.99573086235465	351.922964725577	4.97430034770525	391.418679186746	
1.47819877856123	24.8474748280982	1.60788245106929	29.7500557483846	1.89636654224198	36.0268250865693	1.80738182470745	46.4244532700189	2.08839890708661	59.5957647707753	2.31413641578217	69.7137562203978	2.12723127986954	79.8557102840417	2.78256271807972	89.4664808362927	2.37352183622402	97.3945884340219	3.66694352236332	178.599455292735	3.54582752158305	297.690511045776	4.9983672206895	351.898348008454	4.97228169847797	389.70453909139	
1.47964222563274	24.8466850665925	1.60839310813123	29.7502978922425	1.89741352934373	36.0252381129776	1.81118055185505	46.5859371462066	2.09144612766604	59.7371507067574	2.3156190769242	69.7119084764975	2.12902081494965	79.9183324109845	2.78410333430812	89.4671588390948	2.37454237895088	97.398239218341	3.66912337027681	178.587921794519	3.54725114305535	297.687888441531	5.00112807549068	351.874774372565	4.97015423332285	388.014449469059	
1.48092648766172	24.8461299983644	1.60902294029185	29.7502271117302	1.8982657907015	36.0245899124964	1.81501846215326	46.7466722390798	2.09391287762508	59.7851696964238	2.31705790425156	69.7118414212753	2.13071339409921	79.9409747243431	2.78567722383421	89.4670694321319	2.37566384031024	97.3976953259833	3.6708314264011	178.583123620842	3.54847876421052	297.689855394715	5.00375039503407	351.854121364131	4.9681009568469	386.337353658671	
1.48205839144636	24.8457537440621	1.60955501108501	29.7500631989648	1.89913632539985	36.0231072470281	1.81860108670604	46.9091321412793	2.09645597226929	59.801885073199	2.31835076363938	69.7117147614112	2.13236023945455	79.9571126811495	2.787139017262	89.4647150487751	2.37711521999748	97.3948864572316	3.67235321343487	178.576552209068	3.54964091068768	297.691732940936	5.00629816283382	351.833200134809	4.96604868873718	384.668364079589	
1.48338352038731	24.8458021728337	1.60987418449402	29.7506555200942	1.89997582775472	36.0227198168554	1.82232385800734	47.0707464026212	2.09901517130858	59.8121705992246	2.3194987727155	69.7139946389655	2.13391190548191	79.9609795322957	2.78862697518478	89.4644691796271	2.37821229114777	97.3926810854797	3.67421230204252	178.566642937345	3.55101342164263	297.690898475949	5.00883778690449	351.811861672993	4.96388492881199	383.00470911596	
1.48481282111708	24.8455041496239	1.61025885605036	29.7511025549087	1.90090819319179	36.0213861629919	1.82607931896392	47.2328822045801	2.10151582055382	59.816782508395	2.3206196355313	69.7148887085947	2.13559808333128	79.9612328520239	2.79020871313502	89.4632025809858	2.37887776906303	97.3908556933202	3.67603726671737	178.556912479547	3.55246501691358	297.690481243455	5.01132109382908	351.789807955473	4.9617025438788	381.345405291193	
1.48613698915432	24.8460666684323	1.61072909703613	29.7507803173132	1.90196560036709	36.0201903448629	1.82967327606518	47.3957034599214	2.10385029899901	59.8187271098384	2.32171056921342	69.7149408626564	2.13707209708497	79.9640044678743	2.79161802882316	89.4626661392083	2.38013344645634	97.389656149901	3.67782681351475	178.551205335081	3.55371473416254	297.689765987752	5.01388373242895	351.765697877807	4.95944185895455	379.686935931413	
1.48722374368354	24.8469830898022	1.61117886451903	29.7505567999059	1.90286058972202	36.0197246835977	1.83356610138006	47.552985208852	2.10592247911916	59.8197627404922	2.32284110614831	69.714590685385	2.13843386274852	79.9660310257004	2.79302712546422	89.4643201680222	2.38155606183833	97.3925469750353	3.67946592834559	178.544604120986	3.55490808658171	297.688812313481	5.01627779264348	351.744806450806	4.95732263201116	378.032698501211	
1.48826304701897	24.8449267296551	1.61166950990352	29.7508268834397	1.90365378607809	36.0185549424996	1.83715552526291	47.6656417074169	2.1079765907897	59.8195839265664	2.32406617390801	69.714806752212	2.1397621141987	79.9666866767618	2.79429443257359	89.4650577754663	2.38232092751294	97.3927406901216	3.68092545224503	178.537660180199	3.55607135713031	297.688544092592	5.01853868516148	351.727729720888	4.955120632109	376.378550477972	
1.48943309258424	24.8451204447414	1.61200695441794	29.7506070913226	1.90433231867368	36.0180594789134	1.84027606031242	47.7014342949044	2.11017611357946	59.8204854467758	2.32538453491033	69.7143224644962	2.14105839698862	79.9687057840077	2.79557409609257	89.4650130719848	2.38307271429282	97.3918466204925	3.68276308577075	178.528570472303	3.5572674112115	297.68785863921	5.0208925398544	351.708715840108	4.95288697222181	374.71358421222	
1.49057304715198	24.8460908828181	1.61267412913308	29.7500035943229	1.90525330127085	36.0168673860745	1.84341505365739	47.7118055026028	2.11218921789457	59.8211075702261	2.32653931725108	69.7125343252379	2.14242252952118	79.9698010193034	2.79697461064847	89.4660859555398	2.38426244661457	97.3907141322955	3.68435629794111	178.521701037319	3.55823306808957	297.690123615604	5.02334848743206	351.687407180613	4.95070928675398	373.052760469084	
1.49168264819981	24.8459157941824	1.6131898403837	29.7497260602088	1.90616238816622	36.0163979995192	1.84620664360533	47.717393437785	2.1142896482299	59.8215844073616	2.32744348041861	69.7158274817053	2.14339217306524	79.9685791241435	2.79823105597546	89.4663020223669	2.38528020397098	97.3903863067648	3.68584718748692	178.514876305816	3.55943193410138	297.688603697234	5.02557579719136	351.669644997314	4.94836139464628	371.39324802807	
1.49278178055905	24.8458357004448	1.61364002536105	29.7498750718137	1.90700194602792	36.0154555011185	1.84883718865372	47.71907726892	2.1162778986479	59.8206344583806	2.3284477100934	69.7143522668172	2.14457454225757	79.968318353835	2.79943715249636	89.4652365893921	2.38630656427417	97.3904310102463	3.68732386214564	178.509228765992	3.5605826088148	297.686964569581	5.02768109160916	351.653313325421	4.9459870020224	369.734987284537	
1.49384966908893	24.8444182275535	1.61412023372193	29.7499235005853	1.90785739471497	36.014766322446	1.85160267940986	47.7173561848838	2.11823571005058	59.8193939367702	2.32950371614627	69.7135252524102	2.14577766815048	79.9696743594393	2.80072041078078	89.4656240195648	2.38757310419493	97.3897455568639	3.68891286360874	178.498991668738	3.56147478139624	297.687381802074	5.02981391822736	351.634508060888	4.94361160155615	368.077710017596	
1.49474185321877	24.8447199760534	1.61448997293519	29.7496273400206	1.90865058362046	36.0136710871503	1.85410632807842	47.7147112288975	2.120302580724	59.8189543525358	2.33045680252114	69.7141660023111	2.1470485585875	79.9664110052928	2.80187961617036	89.465080127207	2.38859820530926	97.3887397285311	3.69044011804155	178.49231594884	3.56234706430348	297.686606941729	5.03189414018411	351.614242482626	4.94133275057968	366.419002239249	
1.49582683476591	24.8451763240933	1.61501833943936	29.7501265288969	1.90951287698711	36.0127472152001	1.856519933046	47.7121035258125	2.12210603123613	59.8197292128811	2.33145504895478	69.7134060431263	2.14817448918928	79.9666494238606	2.80308953347123	89.466734156021	2.38928261572029	97.388583266346	3.69192961205286	178.485804141708	3.56334485747989	297.685832081384	5.0340435791058	351.593023230094	4.93888329957267	364.765539669392	
1.4969614526923	24.8449434934607	1.61545036246231	29.7499961437426	1.91029098695935	36.012374686188	1.85913642834827	47.7087656658636	2.12364394356734	59.8201613465352	2.33254693087463	69.7130707670154	2.14933365211055	79.9665302145767	2.80428679384217	89.4676282256501	2.39020915884875	97.3863555428534	3.69337385186616	178.477086962823	3.56443086270189	297.685146628001	5.03615068357232	351.576780965164	4.93639679174091	363.1097525185	
1.49806289473736	24.8445039092263	1.61567910298809	29.7499700667118	1.91099505283442	36.0112049450898	1.86174386372123	47.7050776286433	2.12548167223929	59.8192151228444	2.3335997224036	69.7125566769786	2.15033650711247	79.965159307812	2.80540483552472	89.4649013132812	2.39140169963775	97.3889706965187	3.69485476379232	178.469994010432	3.56571083169467	297.68204718662	5.03813305911438	351.561820200036	4.9340445935585	361.447826089487	
1.49907468710654	24.844708800183	1.61602516013505	29.7500259460636	1.9118292423898	36.0093758276401	1.86401002698367	47.703505556212	2.12713508853527	59.8196658829491	2.33422918289084	69.7116551567692	2.15139426956987	79.9649581421454	2.80667104437777	89.4629790635785	2.39226482054273	97.3888663883953	3.69655463148404	178.465225639076	3.56659694775734	297.679364977733	5.04010743099829	351.545041493329	4.93164112988665	359.789237520424	
1.5000518722971	24.8453774897598	1.61655812961957	29.7499700667118	1.91264645057603	36.0091038814613	1.86631762925209	47.7013635143921	2.12875536676162	59.8195317725047	2.33506334525161	69.7100979854984	2.15253625889699	79.968318353835	2.80785062473628	89.4633217902697	2.39299262343212	97.3867951270877	3.69804818245873	178.459071459796	3.56768014402896	297.679484187017	5.04224014436766	351.527368716993	4.92923861743275	358.130231718866	
1.50108838828883	24.8439097254519	1.61687651795858	29.7493181409405	1.91337810293014	36.0094652346031	1.86865725680519	47.6972917722893	2.13050304502705	59.8186898569372	2.33611525634313	69.7092933228322	2.15333021499109	79.9686461793657	2.80892670672786	89.4618242236408	2.39407818731782	97.385975563261	3.69928150022889	178.454094472193	3.56871223276344	297.681361733238	5.0444382459883	351.510649614927	4.92696352960486	356.470272243038	
1.50203562888576	24.8438910990013	1.61735668552752	29.7497744889804	1.9140458013105	36.0081725589309	1.8705902161734	47.694460551797	2.1319563669002	59.8191964963937	2.33711581179319	69.7127280403242	2.15430390208748	79.9679160225019	2.81012690643435	89.4606097790612	2.39484772787088	97.3848952291257	3.70049632385934	178.447612467382	3.56963336910449	297.683179674817	5.04613410089626	351.495986873009	4.92458264236806	354.813292999307	
1.50281087421452	24.8448801635286	1.61778589103191	29.7505344481652	1.91496457126566	36.0063695185121	1.87266408724357	47.6922291030142	2.13341703998185	59.8189506272457	2.33806163860171	69.7132048774598	2.15528788222503	79.9688473450323	2.81096567240992	89.4630386682204	2.395641838192	97.3836807845461	3.70189259168326	178.44113046257	3.57070306302647	297.681898175015	5.04785563623266	351.479178363981	4.92212262909201	353.156313755576	
1.50357892945359	24.8450105486828	1.61815840548168	29.7497707636903	1.9156135057953	36.0062689356788	1.87460146668038	47.6906719317434	2.13477129994796	59.8187271098384	2.33888527397309	69.7123257089911	2.15602090738936	79.9691230165013	2.81180236208912	89.4634931536152	2.39664247235628	97.3817808865841	3.7033384508104	178.434410039191	3.57181548531814	297.680795489139	5.04963363176629	351.461654599249	4.91949461559569	351.496771512241	
1.50442286901339	24.8457258043862	1.61842041856008	29.7489847274747	1.91633975445283	36.0060975723332	1.8766494905397	47.6877066008066	2.1360718173976	59.819326881548	2.33963469984442	69.7123033572504	2.15700550618703	79.9684152113782	2.81319288859456	89.4644021244049	2.39735211813416	97.3793817997459	3.70464867601735	178.428881708651	3.57269675886429	297.681063710028	5.05129507190688	351.445531543603	4.91698647360613	349.839047210485	
1.5054434451922	24.844494596001	1.6187982806408	29.7493144156504	1.91721070478299	36.0050060623276	1.87877564637948	47.6855869107275	2.13762576956577	59.8185222188817	2.34069607494866	69.7123555113121	2.15783723536861	79.9684524642794	2.81440391208547	89.4640892000347	2.3979018003944	97.3804546833009	3.70598618904565	178.42332357579	3.57349804754043	297.68082529146	5.05315457029647	351.431524452746	4.91448627567009	348.183736896729	
1.50622116411955	24.8434850423781	1.61938159744129	29.7505549372609	1.91802491376709	36.0028938228287	1.88075224957256	47.682874899519	2.13925242021551	59.8183285037954	2.34161009998992	69.7125268746577	2.1587177320404	79.9673944818849	2.8153399020903	89.4628896566156	2.39869738250787	97.3827122091145	3.70741796441593	178.416469041966	3.57454765807311	297.680288849683	5.05503498706425	351.417517361889	4.91195168978877	346.526698048355	
1.50713024635831	24.8430622219493	1.61978633171157	29.7504636676529	1.91867610340704	36.0029795045015	1.88269846441427	47.6793656762246	2.14061114756139	59.8189059237643	2.34226412577487	69.7115359474854	2.15964856485228	79.9677446591563	2.81632606879281	89.4646926970344	2.39981381035391	97.382481241127	3.70874150544608	178.409659211624	3.5754362910234	297.679722605584	5.05681620930464	351.404106317452	4.90951827239633	344.867513432872	
1.50794729808234	24.8443548976215	1.62008835212613	29.7497819395607	1.91937744638593	36.0017538840515	1.88438072164588	47.6778979119167	2.14181983957354	59.8191704193629	2.34301657096488	69.7131527233981	2.1606239338474	79.9683854090572	2.81715371493398	89.4646330923924	2.40037772389253	97.3822130202382	3.70993107508324	178.405606095972	3.57630571133608	297.680288849683	5.05842022014865	351.389294563929	4.90702922383509	343.209848735759	
1.50883321651836	24.8436489551434	1.62039118052124	29.7501153530265	1.92005461734717	36.0012323434345	1.88601977825159	47.6764264223187	2.14321457689685	59.818898473184	2.34381653116176	69.7125566769786	2.16133597432337	79.9693241821678	2.81814728201882	89.4651918859107	2.40100440746688	97.3817957877446	3.71109948468146	178.39942211437	3.57737358030818	297.679066954523	5.06014954754673	351.376419961269	4.90453631675785	341.554389410397	
1.50973773936267	24.8433453439985	1.62072498463541	29.7499197752952	1.92044790675145	36.0019028956564	1.8878654183051	47.6736734329189	2.14471672959014	59.8176765780242	2.34450968161026	69.711401837041	2.16218075233543	79.966202389046	2.81919016596359	89.4637092204423	2.4021008271745	97.3815573691768	3.71222703705346	178.392537778225	3.57823120103156	297.679394780054	5.06182999766913	351.361190975252	4.90193425541496	339.89907909664	
1.51049887429874	24.8444666563251	1.62091058637509	29.749271574814	1.92113651754955	36.0006698246261	1.88945038866064	47.6719150959815	2.14620652252107	59.8172705214009	2.34529942278866	69.7129515577315	2.1630542631391	79.9667909848852	2.81999609971586	89.4624947758627	2.40308676115696	97.3811401366832	3.71336419425415	178.385102099143	3.57906428923979	297.679484187017	5.06353886266456	351.343756617483	4.89931480936456	338.244811864118	
1.51109874435687	24.8438836484211	1.62129119090976	29.7494615646102	1.92198660687098	35.9990046199418	1.89104269308835	47.6695756137852	2.14745475594616	59.8177510838266	2.34606084643473	69.7111857702139	2.16371487022563	79.9681991445512	2.82083346419648	89.4652961940341	2.40356423917107	97.3812071919054	3.71457224286792	178.378158158356	3.57994487978889	297.677487431511	5.06543773456709	351.32709712006	4.89676858184625	336.585955074165	
1.51183504271842	24.8432596623257	1.62171821972121	29.7492510857183	1.92260366289237	35.9993659730836	1.89286150602833	47.6667928220644	2.1485988403067	59.8183508555362	2.34673691567629	69.7125864792996	2.16443650584454	79.9686834322669	2.82183024878545	89.4655122608611	2.40421966272569	97.3798809886221	3.71585269492026	178.374775594926	3.58084808551607	297.676712571166	5.06697612470172	351.313656273301	4.89417781590954	334.926830063324	
1.51253710091813	24.8439767806741	1.62210698418998	29.7496962578879	1.92322671891872	35.9988444324666	1.89456840194587	47.6645017686397	2.14987490794264	59.817885194271	2.34754918236388	69.7117073108309	2.16540709017574	79.9671486127369	2.82279987817341	89.4644319267259	2.40508912923197	97.3799852967455	3.71714138010866	178.37091619436	3.5817449784245	297.675401269043	5.0683913992653	351.303553286492	4.89148596791069	333.268986552285	
1.51334294358705	24.8436731695292	1.62247896975912	29.7496739061471	1.92392994049167	35.9970227655972	1.89614019468649	47.6626428488691	2.15124735966547	59.8176430504131	2.34833953326171	69.7117073108309	2.16606386307125	79.9659714210585	2.823730487951	89.4624649735417	2.40554928586851	97.3804621338811	3.71817274833126	178.366356439251	3.58269829874761	297.673702536748	5.07004246541534	351.291125718646	4.88898167847667	331.609116483419	
1.51409144543504	24.8437961041032	1.62267221335561	29.74991418736	1.92461209504733	35.9966874894862	1.89748405953849	47.6617785815609	2.15243100108518	59.8183024267646	2.34899650385954	69.7131005693364	2.16667057874031	79.9651444066515	2.82470894827352	89.4594772908643	2.40623612871367	97.3787186981042	3.71936378055814	178.361319847007	3.58344600472225	297.672689257835	5.07156988796934	351.278221313665	4.88639704058431	329.952375658256	
1.51475447638753	24.8437029718502	1.62285039105737	29.7507467897021	1.92523696223998	35.9962441799618	1.89891033945945	47.6598563318582	2.15349426782199	59.8176281492526	2.34982814858763	69.7094348838568	2.16737442482325	79.9661725867251	2.82538801794538	89.4581585381612	2.40715522079585	97.3782418609687	3.72070868428302	178.354614324788	3.5843090675127	297.67316609497	5.07299180615745	351.265346711005	4.88365862656138	328.296350088796	
1.51564223933119	24.8427418469988	1.62325793800332	29.7498136045267	1.92604969783103	35.9952234504685	1.90029013345008	47.6589510863586	2.15453204486523	59.8171922903084	2.35056672608762	69.7087568810547	2.16817137043371	79.9684375631189	2.82623087739218	89.4605799767402	2.40769712392234	97.3797990322395	3.72183473085193	178.34914559889	3.58505185944525	297.675818501537	5.07465213712777	351.251220410865	4.88093264148062	326.643364356075	
1.5165263067403	24.8423562794713	1.62353450467336	29.7490108045055	1.92670498541255	35.9952569780796	1.9016359201095	47.6570586389769	2.15557790901314	59.8177399079562	2.35112955876818	69.7102022936218	2.16903586601156	79.9682289468721	2.8273601896728	89.4633813949116	2.40830476175209	97.3788453579684	3.7227628148012	178.34515208788	3.58574498083648	297.674954234229	5.07624776582412	351.238375610526	4.87831673506137	324.990080600144	
1.51724341183576	24.8426710664865	1.62396015601797	29.748932573413	1.92727123452774	35.9943703590307	1.90324060441614	47.6537021525774	2.15667977749334	59.8175834457711	2.35184805436898	69.7102544476835	2.16952021068449	79.9678415166995	2.82830698036526	89.4633143396894	2.40911423960586	97.3785696864994	3.7238643228945	178.339504548055	3.5867072828578	297.67438799013	5.07779890378577	351.224785752162	4.87572711405771	323.328601205946	
1.5179400773285	24.842745572289	1.62456452158182	29.7488692434809	1.92781969894984	35.9939792035679	1.90477970750148	47.6513216921898	2.1579381632542	59.8165850680186	2.35248480795019	69.7091815641285	2.17002725174684	79.9678638684402	2.82907825422605	89.4630908222821	2.40996647339648	97.3781971574872	3.72513852173274	178.334989496428	3.58753213494975	297.67498403655	5.0791560004906	351.214384742143	4.87307904101395	321.669565602068	
1.51848573484912	24.8431385903968	1.62487691624886	29.7490368815364	1.92833082603283	35.9940686105308	1.90601215329176	47.6505170295235	2.15907995785924	59.8173450272034	2.35313161961733	69.707572238796	2.1707875438709	79.968318353835	2.82998006590885	89.4626139851466	2.41039269609003	97.3769529105866	3.72628343076196	178.331890055047	3.58816520286843	297.67438799013	5.08059247059397	351.201510139483	4.87049728061731	320.011334660856	
1.51923064826466	24.8427660613846	1.62509110448684	29.7490145297956	1.92899174269099	35.9923810541058	1.90726822359261	47.6499358842646	2.16016044129296	59.8173077743021	2.35383174352989	69.709442334437	2.17142235999847	79.9684301125387	2.83082859168519	89.4629418106773	2.41101266499741	97.3754702451183	3.72724675079454	178.325691172285	3.58886557637544	297.67376214139	5.08220382892119	351.185983130257	4.86769541058135	318.353222928928	
1.52000417015771	24.8427995889957	1.62537074281591	29.7493274541658	1.92964025786353	35.9919265687109	1.90866137512969	47.6473319064696	2.1614802108683	59.8163801770619	2.35439124620254	69.7123555113121	2.17214500271468	79.9679383742426	2.83162257311127	89.4630163164797	2.41193553885461	97.3735554459958	3.72829038948313	178.31666106903	3.58973598366886	297.673553525143	5.08353111197635	351.173585364732	4.86482872204236	316.697554987319	
1.52060351245279	24.8429467379555	1.62571079064469	29.7503593595295	1.93014557157861	35.9910324990818	1.9100003979483	47.6448657644092	2.16253521727443	59.8164546828643	2.35483711392931	69.7102022936218	2.17286028900699	79.9682512986129	2.83230462410386	89.4637166710225	2.41256281799229	97.3717300538363	3.72942092988138	178.311728784909	3.59053730214732	297.673017083366	5.08501317602422	351.159518669233	4.86200667921015	315.041082383045	
1.52129155655856	24.8428331166068	1.6259600300053	29.7499812425822	1.93067134408166	35.9901868582242	1.91113600043399	47.6438822878171	2.16349655578434	59.8164286058335	2.35547732444023	69.7109399010659	2.17336644516155	79.9680277812056	2.83301496703489	89.4634409995535	2.41290490721032	97.3705379609974	3.73031942545045	178.308033297109	3.59124490690848	297.67283826944	5.08661407691438	351.148521612794	4.85938436758495	313.388186057287	
1.52195826404662	24.8423544168262	1.62630162480162	29.7491858931412	1.93133529346955	35.9900043190082	1.91243495295903	47.6419414116638	2.16465749708935	59.8167154531728	2.35611764372962	69.7105897237945	2.17382892992409	79.9679607259834	2.83383819310746	89.46210734569	2.41354001268235	97.372303748515	3.73121293668004	178.304158995382	3.59188788986194	297.673136292649	5.08803220513182	351.137166928504	4.85684688036605	311.73287574353	
1.52248164136844	24.8427232205482	1.6264911149353	29.7505810142917	1.93207387618494	35.9892741621444	1.91378113960404	47.6405965819299	2.16555745029466	59.8166334967901	2.35678020317096	69.7106642295969	2.17460433227384	79.9673795807244	2.83458359181773	89.4614293428879	2.41439207734478	97.373622501218	3.73193076642014	178.301774809705	3.59263014780905	297.672033606774	5.08930201120669	351.126557302238	4.8542143193962	310.073333500195	
1.52303101305007	24.8423544168262	1.62662073208673	29.7504394532671	1.93272923640963	35.9885812581818	1.91501948891426	47.6398738756463	2.16635008498754	59.8165329139569	2.35752969460739	69.7099862267948	2.17532273474239	79.9683630573165	2.83534502541148	89.4641115517754	2.41501859477119	97.3748667481186	3.73295411485522	178.30010587973	3.59349056556189	297.671675978922	5.09057545526038	351.115947675972	4.8514652566775	308.414655524169	
1.52382873899826	24.8413634896539	1.62698740522891	29.7489716889592	1.93320414575458	35.9870501639419	1.9161324624383	47.6378063396289	2.1673523645427	59.8163690011915	2.35814813163465	69.7101799418811	2.17581070174792	79.968132089329	2.83627111155742	89.4619061800235	2.41565163735789	97.3745240214274	3.73426129243127	178.293221543586	3.59419264182925	297.672212420699	5.09202737187255	351.103222084917	4.84875251414231	306.756573594562	
1.52457760003991	24.8424419611441	1.6274867453886	29.7486960174902	1.93372933349764	35.9875046493367	1.91724129368982	47.6362342671976	2.1683718622849	59.8168272118765	2.3587296149171	69.7115657498063	2.17631813124745	79.9688175427113	2.83710502432373	89.4628449531341	2.41649897398082	97.373100960601	3.73525407418418	178.287991236255	3.59480585285628	297.67009645591	5.09340988376515	351.093327714354	4.84587868673638	305.099534746188	
1.52501588465886	24.843360245159	1.62772817525433	29.7491057994036	1.93427822025707	35.9874375941145	1.91827634448412	47.6357760565127	2.16933102615076	59.8158102076733	2.35930180331502	69.7104034592884	2.17689084219301	79.9669772493913	2.83774423444286	89.4644915313678	2.41722019657562	97.3731680158232	3.73608565334716	178.284981201837	3.59551233652625	297.672033606774	5.09476453510794	351.080095483842	4.84316309948802	303.442615107099	
1.52555802452755	24.8425499945576	1.62802644444125	29.7495565595083	1.9348354023649	35.9862715783065	1.91951027223563	47.633794202168	2.17046064092496	59.815586690266	2.35979207087941	69.7099042704121	2.17730168420479	79.9694731937727	2.83847643951945	89.4638731332076	2.41742213345719	97.3728774431937	3.73698882901009	178.279959510753	3.59617106103151	297.669530211812	5.09605550692028	351.067012264936	4.84033829836936	301.786440526034	
1.52622244822057	24.8421718776102	1.62841937055406	29.7493125530054	1.93536068063251	35.9858208182018	1.92054128730071	47.6327660220945	2.17141232915763	59.8165664415679	2.36029494470977	69.7106716801771	2.17788017871593	79.9689144002545	2.83934807593749	89.4604682180366	2.41795285639957	97.372549617663	3.73796427224909	178.275310348681	3.59687235893438	297.668755351467	5.09743254098303	351.05732651062	4.8375327635325	300.128597014995	
1.5268946150983	24.8416689634438	1.62857937214531	29.750007319613	1.93592577672961	35.9828219596539	1.92164838971484	47.6302924294538	2.17221274037657	59.8160076480497	2.36104443018575	69.710053282017	2.17855001858525	79.9689442025755	2.84001655230981	89.4604905697773	2.41871231800508	97.3722143415521	3.73897240961371	178.271138023745	3.59767522818135	297.670901118577	5.09864419900148	351.046120837934	4.83496998033513	298.471587968943	
1.52740444909228	24.8410468399935	1.62867298844628	29.7506238551281	1.93618722168965	35.9422423743602	1.92292596501652	47.6283925314918	2.17305448443071	59.8159405928275	2.36161559136979	69.7100681831775	2.17914037378045	79.9680128800451	2.84061623666221	89.4617646189989	2.419119752261	97.3724080566384	3.73988371410456	178.26668257676	3.59826091296845	297.671199141786	5.09999442208004	351.031696514584	4.83219516864264	296.815741213409	
1.52798008696932	24.8417695462771	1.62884675241244	29.7501190783167	1.9362674045706	35.8407244932587	1.92385053679119	47.6276884516588	2.17413638947596	59.8153296452476	2.36200484690749	69.7101501395601	2.1798401576846	79.9687355863287	2.84135200446676	89.4618987294432	2.41957315101719	97.3722515944533	3.74053786133398	178.264477205008	3.5989667911274	297.67009645591	5.10128966718453	351.021355109206	4.82936759433639	295.160013667158	
1.5286399307788	24.8417155295704	1.62925788481061	29.7497111590484	1.9363272691769	35.7195631573464	1.92479703255125	47.6260232469745	2.17512773609569	59.8153557222785	2.36269833140394	69.7102022936218	2.18039217701154	79.969175170563	2.84208279836264	89.4617497178384	2.4202236103489	97.3705454115776	3.74168572981532	178.259068083752	3.5996317628863	297.668785153788	5.10261641677811	351.014291959136	4.82644836074059	293.502289365403	
1.52940029256578	24.8414733857125	1.62963623181353	29.7497390987243	1.93628401316072	35.5927840839308	1.92572618122924	47.6250248692219	2.17588758800103	59.8156649213585	2.36338789602769	69.7085259130671	2.18080474983395	79.9680054294648	2.84276002445818	89.4606768342834	2.42103783088141	97.368317688085	3.74268295920397	178.254836154173	3.60026222749062	297.666937409887	5.10393445587462	351.00338430966	4.82372732844494	291.84525051703	
1.52996647723345	24.8412312418546	1.62980860639193	29.749485778996	1.93616276672512	35.4637437594114	1.92679771574731	47.6235273025931	2.17666114230411	59.8153743487291	2.36382434619728	69.7095987966221	2.18131287026424	79.9663290489102	2.84352459184763	89.4593059275187	2.42149127907337	97.3722143415521	3.74360366411567	178.247325969288	3.60102728240998	297.665238677592	5.10516796560783	350.991940218407	4.82089059064631	290.190208424162	
1.53043941820486	24.8411939889534	1.63006684570468	29.7500576110297	1.93607945617219	35.3327849104795	1.92805657301933	47.6223612867851	2.17772940194856	59.8147932034701	2.36426638223014	69.7093827297951	2.18179400562868	79.966202389046	2.84427951566538	89.4588737938646	2.42194071623362	97.3707465772442	3.74445087333367	178.247176957684	3.60165039655086	297.664135991716	5.10643327189289	350.980853755005	4.81804462975065	288.536447831095	
1.53092693996253	24.8408680260677	1.63013159808381	29.7482750597065	1.93576811800346	35.1992705125242	1.92887827838765	47.6225922547726	2.17861522483088	59.8150427979082	2.36481787230392	69.7105673720537	2.1823633746454	79.9659490693178	2.84487595941685	89.4607215377648	2.4227742502485	97.37092539117	3.74513660525652	178.242900324624	3.60234981585968	297.66395717779	5.10762843085669	350.970929582121	4.81518952026376	286.883223679807	
1.53138150850063	24.842656165326	1.63026830905532	29.7181225614629	1.93555312406101	35.0663782380193	1.92972147869852	47.6216050528904	2.17915085537176	59.8156611960684	2.36547608171213	69.7086674740918	2.18298008730563	79.9651965607132	2.84547430187894	89.4617720695791	2.42333138206491	97.3702622895284	3.74606911597991	178.240113807613	3.60318814645941	297.666192351863	5.10862066521311	350.962078292793	4.81239042639564	285.224635110743	
1.53193536544343	24.8429094850543	1.63027496748796	29.6424432926442	1.93552209641504	34.9355497742416	1.93083310288167	47.6193885052681	2.18008638131602	59.8145547849023	2.36619983535065	69.7107089330784	2.18344991657114	79.9644440521087	2.84639516228658	89.4618018719001	2.42342478185084	97.3684965020108	3.74709431689128	178.224467589103	3.60380913166673	297.668189107368	5.10969656116138	350.953346212748	4.80974971275601	283.564765041877	
1.53262169598551	24.8417416066012	1.63014448067926	29.5512370145991	1.93533072214028	34.8029294459155	1.93170860850845	47.6182187641699	2.18112047381431	59.8145845872233	2.3666424587512	69.7091666629681	2.18390551753853	79.9650028456269	2.84706684275198	89.461615607394	2.42415494218544	97.3701356296642	3.74744308142232	178.020098173036	3.6042195104736	297.666222154184	5.11100827551821	350.942021330778	4.80694767284682	281.908352042245	
1.53311970841098	24.8411008567003	1.63002987735591	29.4558099828462	1.93514086149171	34.6688152762506	1.93264955789332	47.6174476291148	2.18168704282135	59.8150465231984	2.36689722157647	69.708123581734	2.18439495410123	79.9682661997733	2.84750880576915	89.4621296974308	2.42496105225454	97.3626105436188	3.74721087463674	177.513637530435	3.60464232716332	297.667205630776	5.1121876839895	350.934987983029	4.80391927604468	280.250866159057	
1.53369854591076	24.8416596502185	1.62983857968239	29.3588034280818	1.93500552582191	34.5351481414004	1.93353370744508	47.6162406351154	2.18236693369854	59.8146106642542	2.36752609320591	69.7085631659684	2.18502580043722	79.9671486127369	2.8481609626458	89.4616379591347	2.4249112388601	97.2604779896472	3.74700412347008	176.907234804454	3.60545648287578	297.665626107764	5.11329878043875	350.901668988182	4.80111996759983	278.594423357103	
1.53408691020768	24.8415590673853	1.62967473486058	29.2601167674726	1.93475864145029	34.4028370121543	1.93439741609028	47.6148063984186	2.18345965992051	59.8149273139145	2.36817645344489	69.707847910265	2.1854871812449	79.9690261589581	2.84889404666972	89.4613250347645	2.42468720462774	97.0088048396175	3.74636336197782	176.284455703099	3.60630030620652	297.667503653986	5.11369450083408	350.500589352539	4.79826240679043	276.938427589964	
1.53452263174542	24.8408233225863	1.62942643480876	29.1601523323518	1.93447183132636	34.2696057362483	1.93537260004906	47.6127500382715	2.18435151596287	59.813962463773	2.36866122529803	69.7077361515614	2.18594289471605	79.9684599148597	2.84946512291714	89.4621893020727	2.42464336965509	96.7059164009972	3.74589003560842	175.638058262373	3.60677234483114	297.649205028909	5.11319968352726	349.491572171384	4.79527795236024	275.28717039186	
1.53507834288162	24.840724602398	1.62927492274096	29.0609199167398	1.93419722822788	34.1370859907555	1.93634764468199	47.6120869366299	2.18495261224104	59.814759675859	2.36915417962328	69.7076541951787	2.18648370629174	79.9672901737615	2.85029886007095	89.4557892536439	2.42418752236489	96.3894977086555	3.74527847866927	174.977892149359	3.60669395304696	297.350824191336	5.11237424565811	348.278111068361	4.79234521395843	273.637164891236	
1.53544523477401	24.8416168093821	1.62904474534172	28.9616278964858	1.93380665561395	34.0046556522255	1.93706842445038	47.6120347825682	2.18567018158334	59.8149794679762	2.36965901847444	69.7069612912161	2.18687704114456	79.9675062405885	2.85063066468222	89.3664493459496	2.42345163362849	96.0631548434301	3.74465779847086	174.318009158393	3.60609610578161	296.589941134595	5.11139580740359	347.021227983681	4.78953092392101	271.975923915606	
1.53592734929609	24.8407935202653	1.62869964314976	28.8610730028807	1.93339571659925	33.8712530129739	1.93780894387435	47.610127434026	2.18651659977087	59.8136458141127	2.36994596628875	69.7069389394754	2.18711025054023	79.9682661997733	2.85027492069223	89.1403912907956	2.42298564252996	95.7344873971689	3.74406188622596	173.656010202638	3.6050714879782	295.676619206082	5.11007944085918	345.733022659659	4.78667557251145	270.316024044419	
1.53638760241765	24.8403055072594	1.62844999915871	28.7609055394482	1.93304662583213	33.7378242966914	1.93871254884206	47.6099076419088	2.18704175808414	59.8143945974271	2.37037574351461	69.706529157562	2.18741313611855	79.9680277812056	2.84995776848637	88.8649284380499	2.42275447987902	95.4040318116493	3.74329642027397	172.993340694662	3.60400002787392	294.731498201092	5.1085361262881	344.431465895842	4.78384276773463	268.658031521775	
1.53689779187999	24.8406761736265	1.62837410292881	28.6603953493245	1.93269160770321	33.604552042594	1.93957169734774	47.6086000650762	2.18785075176076	59.8144132238777	2.37094616608417	69.7093827297951	2.18807935589044	79.9678787696007	2.84996442492855	88.5800853047782	2.42191172450791	95.0731515430559	3.74280202099671	172.330298657673	3.60285627153797	293.754458910341	5.10733699954244	343.116825913118	4.78113280732774	266.999413150391	
1.53731161401925	24.8406556845308	1.62808353782281	28.560166418605	1.9324406931903	33.4716150646076	1.94040908391817	47.606633111892	2.18885177585234	59.8131615263969	2.37119128608279	69.7092709710915	2.18858639918796	79.9678787696007	2.84989552275098	88.2868528181529	2.4214142482918	94.7410121264014	3.74200598564424	171.66864242861	3.60167894086015	292.767555051348	5.10591040971378	341.803080000023	4.7783879821384	265.343834615745	
1.53776134834707	24.8407637179443	1.62794856392522	28.4592613477285	1.93223606828492	33.339624310312	1.94120945006109	47.6065250784785	2.18955566552118	59.8137538475262	2.37164017908872	69.7086972764127	2.18889331118227	79.9683034526746	2.84928987016953	87.9905581430477	2.42102584438495	94.4095432619688	3.74097158072292	171.007805763373	3.60040687617787	291.773021798186	5.10441315645981	340.486562471078	4.77544585322269	263.687689837001	
1.53820831675161	24.8412461430151	1.62785983828444	28.3597160077463	1.93193104777781	33.2065979253626	1.94206495947038	47.6052286775162	2.18992615869827	59.8150129955873	2.37217369459021	69.7077287009811	2.1894849866611	79.9678117143785	2.84873285022277	87.6945167876707	2.4204493449476	94.0763756652408	3.74030672420433	170.344033569521	3.59910489949825	290.777475266111	5.10295790685524	339.168376012158	4.77262706987978	262.03500212749	
1.5386090208806	24.8405290246667	1.62761869591228	28.260934352239	1.9315602062513	33.072398074025	1.94293458504655	47.6037422867577	2.19084209697878	59.8142418605321	2.37269237058401	69.7096360495234	2.19001073345964	79.9672231185393	2.84850728867965	87.3944521189625	2.41992376454769	93.7433347283769	3.73961012924841	169.679322602558	3.59781494592534	289.779931978531	5.10137000215409	337.848878251116	4.7696501655886	260.381003115856	
1.53920290192337	24.8407190144629	1.62741540225099	28.1611058902076	1.93137294705445	32.9395542282916	1.94375870235991	47.6025911721102	2.19174883302388	59.814543609032	2.37309848679147	69.7093678286346	2.19053138341493	79.967580746391	2.84807694926708	87.0958030605005	2.41929222205429	93.4103533961549	3.73849984112394	169.017889890901	3.59630507642822	288.780570749371	5.0997018145597	336.531854082714	4.7666001852926	258.721073442349	
1.53984067917944	24.8385043294856	1.62711470827854	28.0621212063886	1.93098892158002	32.8053171240527	1.94457599026735	47.6015220138453	2.19231536366043	59.8153892498895	2.37356923151216	69.7085557153881	2.1909428999662	79.9678787696007	2.84756662423944	86.7966548131622	2.41857290140102	93.0774912732168	3.73772516399586	168.356382673443	3.59497607716792	287.782401613051	5.09823643534363	335.214919321275	4.7637391533974	257.063408745235	
1.54020646591792	24.8140682889335	1.62679041121595	27.9626988009805	1.93067621544394	32.6718399789987	1.94545598376301	47.6009483191666	2.19299665938534	59.8145473343221	2.3741322154395	69.7084886601659	2.19126219519221	79.9672529208603	2.84678658709339	86.4979759523791	2.41785722319692	92.7445844467973	3.73697556949771	167.694160200281	3.59375532267857	286.784083465125	5.0965811743902	333.89595800201	4.76091712844658	255.406757327034	
1.54028045661545	24.7517348719752	1.62654077448922	27.8624586943906	1.93050980794258	32.539662960197	1.94617089577424	47.6004565808705	2.19389948859626	59.8129901630513	2.374532724177	69.7097254564863	2.19168052922846	79.9675881969712	2.84628724901789	86.198097548177	2.4172935229956	92.4107537484277	3.73589392747619	167.032757290946	3.59235177763509	285.785586503274	5.09508876663298	332.576460240968	4.75793228159198	253.750329426241	
1.54038079188503	24.6760667790269	1.62619430190848	27.7619652680725	1.93010150241709	32.4072102699264	1.94691633583523	47.5993650708649	2.19459889188634	59.8129715366007	2.37511997932531	69.7034148150204	2.19218351630766	79.9672231185393	2.84593447742549	85.8968407866299	2.41663365503615	92.0790837183285	3.73517182494531	166.368463556476	3.5908446753651	284.785837843942	5.09335604365762	331.259048642394	4.75495099374005	252.094691286954	
1.54034056507115	24.5963027295899	1.62612534088274	27.6603151391716	1.92956676520681	32.2748767889396	1.94774325390333	47.5974912499338	2.19511316681053	59.8134148461251	2.37530465944571	69.6346757616981	2.19262674223899	79.9687504874891	2.84531787190264	85.5963886877491	2.41583065267447	91.7463035517731	3.73387125722248	165.708982896844	3.58936563034025	283.787460091374	5.09159125888974	329.943931822534	4.75213442724756	250.438024967593	
1.54017501220371	24.5146965241879	1.62614846297399	27.560970964856	1.92918610911776	32.1433256188784	1.94833863143597	47.5963587617368	2.19572160684663	59.813534055409	2.37503489464375	69.4583205273454	2.19293334402722	79.9677297579958	2.84468797141822	85.2970094724233	2.41504726628874	91.4129049870575	3.73288095534372	165.04822073741	3.58771767262019	282.786549141524	5.09008249214878	328.624314852208	4.74902318894131	248.78131394475	
1.54029966395654	24.4323322222462	1.62570902300293	27.4624668434627	1.92876465987749	32.0104333443734	1.94897666804791	47.5960979914283	2.19653926903515	59.8132695598104	2.37479535862854	69.2434308919756	2.19328446933269	79.9671262609961	2.84409410698826	84.9965201206412	2.41463267255494	91.0795809281444	3.73248084374041	164.38362897973	3.58639801566621	281.785906412563	5.08828695741443	327.307469497732	4.74601551978249	247.125735410105	
1.54033885207818	24.34967921032	1.62533203000927	27.3624968204067	1.92834012016548	31.8766134726281	1.94980082708452	47.5945296442872	2.1970721748172	59.8138507050694	2.37440493489245	69.0231097836087	2.19366001092426	79.9679234730822	2.84365401868887	84.6953155131558	2.41391317457785	90.7484920433042	3.73172705369808	163.722434686642	3.58524625760461	280.788839962118	5.08655945894918	325.992382480193	4.74309878221269	245.470335689385	
1.54024614670392	24.2671938364493	1.62521028960596	27.2611335388452	1.92805057783215	31.7434194496233	1.95060722489737	47.5932220674545	2.19766927075641	59.8137240452052	2.37409288986163	68.7966195948005	2.19404601319504	79.9687057840077	2.84291533821987	84.3968899721011	2.412926004754	90.4156597226871	3.73047980045584	163.066411096242	3.58384631477716	279.790700628119	5.08473708097194	324.68021609011	4.74007117271573	243.814071701357	
1.54002257914547	24.1836579307643	1.62479146861035	27.1610759714713	1.92753719232699	31.6113001728185	1.95125613968297	47.5933189249977	2.19850961555076	59.8140071672545	2.37378762256579	68.5660166856982	2.19445954841128	79.9670070517123	2.84221267368878	84.0975554602567	2.41230958217204	90.0815459022682	3.72951617045662	162.402683605871	3.58232737417486	278.791100980392	5.08290798434051	323.362476666005	4.7371627994122	242.156883841379	
1.54005780026949	24.0997476334221	1.62450905151751	27.061221432409	1.92710299600475	31.4785494593382	1.95193474082391	47.5921380080292	2.19901529646887	59.8139885408039	2.37336289008176	68.3340801227323	2.19490368309225	79.9685418712423	2.84171517099397	83.7975131432892	2.41176238352248	89.7509562063042	3.72863712197475	161.738971016661	3.58076194503452	277.792544413898	5.08110822399773	322.042412660864	4.7341277574954	240.502184475203	
1.53983370662438	24.0169251207954	1.62421247765212	26.9619629397661	1.92677696082069	31.3464860618852	1.95262738548858	47.5914935328381	2.19963695323544	59.8138171774583	2.37297099477452	68.1011898854953	2.19539201990852	79.9691602694025	2.84117538648117	83.4973739687786	2.4108690178299	89.4214095915743	3.72768702561761	161.076331311005	3.57934662126337	276.793600417232	5.07935824744509	320.724732841401	4.73104454365174	238.847172184656	
1.53944641604935	23.93352891349	1.62376997384515	26.862264862889	1.92656802015485	31.2121781771341	1.95324312420658	47.5913854994246	2.20049291068655	59.8125878317182	2.372573629088	67.8684337587028	2.19580589587822	79.9686014758843	2.84028389227544	83.1991346922299	2.4101949727194	89.0859919196129	3.72663187219133	160.413795913473	3.57792875974298	275.792749072024	5.07755449745608	319.408185510135	4.72800402837545	237.192636731244	
1.53940287740582	23.8505033725517	1.6235398636874	26.7623004277681	1.92614247129662	31.0793548204963	1.95395133347176	47.5897091188699	2.20139844901008	59.8112243755337	2.37217437884697	67.6363332829716	2.19594550853071	79.9685493218226	2.83974780534611	82.8983994712998	2.40935611535236	88.7525113985147	3.72531551348094	159.75306355636	3.57636513767112	274.794311714815	5.0757581247526	318.090624899956	4.72504317163373	235.541871271436	
1.53951712976046	23.7675411615455	1.62327421208315	26.6630475230604	1.9258188186278	30.9462036383279	1.95471271762975	47.5883382121052	2.20206685385682	59.8119619829778	2.37157467741089	67.4033089352903	2.19642671467566	79.9677148568354	2.83941496068081	82.5979622735795	2.40860687227094	88.4187403047869	3.72440948887392	159.090811280877	3.5747932735225	273.796440601704	5.07389697228911	316.775120649923	4.72216128990567	233.88352112094	
1.53943396998278	23.6850967658661	1.62303596657822	26.5625820364182	1.92538281318818	30.8133542046593	1.9554153209151	47.5881519475991	2.2028516665751	59.8127740962242	2.3710851634148	67.1688987796837	2.1968820136326	79.9667462814038	2.83856630958373	82.2987544215992	2.40796533204132	88.0856919173428	3.72354984849681	158.428559005394	3.57321789954507	272.797287988792	5.07210051613912	315.458394504731	4.71913303317445	232.224634528666	
1.53914758992027	23.6021345548598	1.62262165021529	26.4629528774083	1.92488489505345	30.6811753232126	1.9559897949707	47.5868704477973	2.20344790033079	59.8121743245147	2.37072365943916	66.9367759522118	2.19722947637234	79.9663886535521	2.83776368333663	81.9985928953479	2.40719551431541	87.7530309600713	3.7224704474295	157.76748392159	3.57169704160569	271.798671817656	5.07021667995221	314.142353812922	4.71596706425341	230.569532831156	
1.53886498287836	23.5178219261845	1.62235114204902	26.3622433842631	1.92457257809962	30.5483538292199	1.9566014610791	47.5865612487172	2.20400307830228	59.812859777897	2.37015118174943	66.7043625521104	2.19759287762115	79.9658075082931	2.83723347981066	81.698140796467	2.40639664267786	87.4198708139235	3.72123958569163	157.106706860995	3.57015890326694	270.800055646521	5.06828973094563	312.829978806592	4.71289778638318	228.911585011994	
1.53855600030376	23.4335111601543	1.62198731772959	26.2624633510032	1.9238178310878	30.4151411797645	1.95733097455196	47.585574046835	2.20472931354877	59.8128225249958	2.36971216333587	66.4697661319978	2.19788614868501	79.9662172902065	2.83664969283814	81.3969212878212	2.40559964069366	87.0862040283192	3.71997100972587	156.44563177719	3.5685285483352	269.805015753903	5.06638912748315	311.517901823471	4.70992470335509	227.25575315762	
1.53844970615313	23.3504893445061	1.621553070528	26.1620537437128	1.92328177173124	30.282386740994	1.95793311927817	47.5849817257057	2.20534774014522	59.8131205482055	2.36937247233197	66.2377923161307	2.19843964252261	79.9655541885649	2.83581046552063	81.098972583902	2.40481432504993	86.7539081494796	3.71880643232292	155.785942501311	3.56697854484204	268.806816815261	5.06448552679179	310.199417341342	4.70678870156568	225.601113396085	
1.53836479090224	23.267409786861	1.62127610462919	26.0622569466474	1.92289609349102	30.1510348739542	1.95873907426459	47.5835549395892	2.20582239505284	59.8141338271186	2.36885844768934	66.0074725290776	2.19879624167071	79.9602344742713	2.83516696582902	80.799161234922	2.40404686301717	86.4204276283814	3.71795459715661	155.122945167804	3.56558541253213	267.804236935437	5.06250900261133	308.882571986866	4.70369174099333	223.947144186772	
1.53802616090158	23.1839875025248	1.6208598955161	25.9633653950816	1.92240472379965	30.0170361882831	1.95954731267354	47.5820312959295	2.20627895703454	59.8096299513617	2.36833585411067	65.7718926323729	2.19885996219691	79.8823684601513	2.83442931033873	80.4995808539296	2.403228842817	86.0877592205296	3.71683462075695	154.462898264073	3.56412468555135	266.804577683067	5.0606269645522	307.566739911303	4.70074866980036	222.291327233559	
1.53778538186162	23.0997624181673	1.62061067013709	25.8635592847909	1.92193739853474	29.8836093346457	1.95996113835182	47.5819754165777	2.20682038982574	59.7476783766408	2.36794678265497	65.5380487208649	2.19867116841918	79.6784684306401	2.83345061267483	80.2002612432457	2.40245178787647	85.7547108330855	3.71577812842059	153.800109546813	3.56247486711863	265.804083965711	5.05875874772757	306.249119696482	4.69774840027881	220.634511902593	
1.5375635334548	23.0172248902349	1.62050297400257	25.7627249944266	1.92165641667988	29.7512125237269	1.96044773664495	47.5817891520716	2.20684470779927	59.595448121115	2.36730072008578	65.304793405196	2.19833342701104	79.4360936047537	2.8328972207592	79.8997718914637	2.40156146433744	85.4220275240732	3.7148638781281	153.138259602663	3.56085391409786	264.805974434032	5.0567139190571	304.933198213956	4.69465070604545	218.978784356343	
1.53732213091183	22.9346873623025	1.62008154689863	25.6614436692478	1.92121953713581	29.6180091874968	1.96097117319889	47.5815656346643	2.20671416136274	59.4138886564625	2.36660971128949	65.0708004820831	2.1978634407714	79.1837573530824	2.83226096796796	79.6002511151132	2.40076436102535	85.089374017382	3.71361107675863	152.478600129105	3.55934679096625	263.806434390947	5.05475891280538	303.619452300861	4.69143935775664	217.322728984562	
1.53711487595726	22.8517344645216	1.6195003241014	25.5619560712625	1.92078716855742	29.4851709296985	1.96153423647491	47.5807050926462	2.20668849116743	59.2249382162089	2.36613554545455	64.8375228146735	2.19719188470189	78.9234936840325	2.83130104160537	79.299664905788	2.40005320421773	84.756727961271	3.71226679368536	151.819715515892	3.55773247858977	262.805583045739	5.05284873107437	302.303113585842	4.6884390792944	215.666003060559	
1.53685358131866	22.7680290581361	1.61935845132123	25.4618277233763	1.9202878627113	29.3532267415295	1.96219874752599	47.5794533951654	2.20662343687703	59.0296510574585	2.36581463841793	64.604155740301	2.19686574934842	78.6605552566754	2.83055247664898	79.0000398213141	2.39943520728735	84.4247152044806	3.71123705246662	151.157716560137	3.55616886545861	261.807056281567	5.05082377121648	300.988592812402	4.6853513075464	214.011095078135	
1.53676963814735	22.6843236517506	1.61924795052041	25.3617552548419	1.91963904054007	29.2203270164442	1.96287186115132	47.5785779519868	2.20637085132702	58.8315699311171	2.36547376895336	64.3748715839017	2.19652019247915	78.396290626035	2.82987260760001	78.7001241642108	2.39843269004741	84.0907429450863	3.7102808072035	150.49290128505	3.55467072402521	260.808648726678	5.04878471892295	299.678572189429	4.68208967180819	212.357692112921	
1.53668015381625	22.6014601609325	1.61874547482474	25.2615095603168	1.91935684084707	29.0864661665077	1.963502612603	47.573861734693	2.20610090640148	58.6342785662814	2.36467112949886	64.1430542302197	2.19596833453908	78.1304837252843	2.82902017148574	78.3978392225902	2.39757735895769	83.7582906040616	3.70898305439152	149.83255635811	3.55298071497204	259.809883543938	5.04683607168358	298.364900782136	4.67893783011932	210.706837246149	
1.53640248119493	22.5178255350593	1.61827116329004	25.1615656142916	1.91903862149088	28.9535515402619	1.96385357744747	47.5248406419839	2.20592529608854	58.4349680941998	2.36410723661261	63.9066473191081	2.19548758333388	77.8630153451394	2.82826798792205	78.09802042303	2.39682527265322	83.4256668996913	3.70788307942477	149.172583960181	3.55129621653127	258.810581919421	5.04480695625271	297.046461003488	4.67596745620383	209.051199106862	
1.53606427129643	22.4347497027044	1.6180960218688	25.0621581100439	1.9183623608103	28.8221884973518	1.96396445023626	47.3983670423583	2.2057633915261	58.2350243227976	2.36360733569805	63.671514457218	2.19493476001974	77.5977672379069	2.82770111254516	77.8004889516044	2.39598879780142	83.0910985938776	3.70690094511695	148.512000614673	3.54982523178901	257.813455864334	5.0427812329315	295.730479916321	4.67286741793632	207.391627061206	
1.53574008275618	22.3524319668892	1.617701323717	24.9618882011331	1.91791313789514	28.689637086893	1.96414397191234	47.2447882318085	2.20555278168581	58.0355536632408	2.36280800986018	63.4383932519935	2.19428651650267	77.3317517209094	2.82676655815696	77.5008415153898	2.39519937080507	82.7589889795441	3.70577737842219	147.851476873806	3.54837708872248	256.815286728014	5.04078176127706	294.415735625473	4.66991182243376	205.733723945525	
1.53532592408942	22.2694157391761	1.61714280941637	24.8626893131322	1.91744769569463	28.5555694833546	1.96398246745768	47.0863181153292	2.20536172449153	57.8360979048445	2.3621173641691	63.2053167502504	2.19368975331369	77.0647974308013	2.82592798079202	77.200940759447	2.39435496333755	82.4264397809762	3.70455157105927	147.190178272595	3.54673624304727	255.816014905817	5.0387050585687	293.100231375441	4.66692064040867	204.076983120361	
1.53507604041667	22.1852875123619	1.61695679932096	24.7628291861347	1.91682847997126	28.4221910584888	1.96386084937784	46.9246144470243	2.20492831303566	57.6363813761396	2.36179693423158	62.9717261584706	2.19309741913399	76.7990277829518	2.82538130503349	76.9015019394792	2.3935300526367	82.0944642770871	3.70332253427127	146.529341607358	3.54505274052795	254.815849013991	5.0365134615044	291.787707357506	4.66362545469431	202.422566876234	
1.53488708711488	22.1012170275444	1.61679218693801	24.6627231899892	1.916329632039	28.2902152053537	1.96376477947863	46.7620874896027	2.20465601327262	57.435353545312	2.36136908333615	62.7391413950237	2.19260315440327	76.5302704524248	2.82448959598911	76.6008635760922	2.39266884410408	81.7616692093712	3.70221264128951	145.868504942121	3.54335550916133	253.816547389474	5.03444856583592	290.472367020239	4.66028937897117	200.767778103094	
1.53475450553468	22.0173160434276	1.61641280118456	24.563943397127	1.9158976245169	28.158313858021	1.96349889223238	46.5969789061268	2.20432033449947	57.2360169961996	2.36064704517661	62.5062139048855	2.19197998457543	76.2636290866869	2.82364791287874	76.3001879598041	2.39171290581613	81.4302972024817	3.70106446459356	145.208517643032	3.54167469042263	252.816828532463	5.03247826208701	289.156981979491	4.657102543826	199.112154864967	
1.53434119042499	21.9349591920661	1.61599812134389	24.4634015420373	1.91522739587877	28.0257475464017	1.96331321821644	46.4300933592629	2.20409474742635	57.0362520387232	2.36008928443252	62.2721502012602	2.19143895861542	75.998641749763	2.82311300616212	76.0012930321941	2.39080857228099	81.0967421755811	3.69985411119002	144.547293547623	3.54012925228438	251.818450779895	5.03051420112138	287.842833735063	4.65407691872134	197.454236848125	
1.53395424116223	21.8526973356027	1.61550475046728	24.363057127324	1.91481787791681	27.8917768004065	1.96320925231996	46.2646718514168	2.2037414236585	56.8360139694014	2.35943948255662	62.0399081645044	2.19090402691021	75.7318290206794	2.82206104947106	75.7024204563248	2.38993331798945	80.7634330178284	3.69872118851597	143.884832655893	3.53848296156189	250.819059748415	5.02834571693395	286.526554624686	4.6508408367517	195.799954714442	
1.53374753613617	21.7687926261957	1.61524595807127	24.263424243024	1.9146101530402	27.7589534437688	1.96308448650952	46.0980657013121	2.20341388935949	56.6370872022023	2.35866893395191	61.8055054594782	2.1903294323476	75.4660146693485	2.8212147793991	75.4021397207895	2.38911535366864	80.4302058164585	3.69746252460475	143.224681444039	3.53660490615205	249.818104095083	5.0262797120952	285.213211042924	4.64773938682035	194.14540435987	
1.53333653648649	21.6860185423405	1.61491074595464	24.1640130134861	1.91412820712842	27.6262139061588	1.9627141176409	45.9318544319602	2.20312835759229	56.4365026808992	2.35811933183807	61.5717099767417	2.18968175459152	75.1988890158948	2.82055825371187	75.1007115958968	2.38836413886091	80.0979620916806	3.69625888810336	142.564500429864	3.53487572177137	248.820009464565	5.02413075846398	283.901715205063	4.64462344755861	192.490228156558	
1.53305021770501	21.6024435211093	1.6143895995405	24.0640280892696	1.91344614555965	27.4937425894375	1.96246697710904	45.765725118991	2.20272455612331	56.2362720621576	2.35777796079808	61.3383466276593	2.18888898039265	74.9320837373915	2.81958227857162	74.8014515898549	2.38759943064423	79.764228250854	3.69511898924695	141.903589258824	3.53326567672659	247.821959537529	5.02182458443848	282.588997472041	4.64132386189223	190.834336697542	
1.53281896451759	21.5184568553196	1.61401083002575	23.9636333831397	1.91276803794998	27.3626589432865	1.96229485983198	45.5996963888551	2.20242763332057	56.0359110582618	2.35715688437381	61.1053409064286	2.18835760023953	74.6661352756162	2.81867049731382	74.5014465257886	2.38672946195756	79.4326327265573	3.69399270449889	141.242961209835	3.53170306100698	246.822553604888	5.01971233544074	281.274253181194	4.63801319390627	189.180129069661	
1.53256438268332	21.4358355083595	1.61378029976585	23.8633224960375	1.91213562468138	27.2293792386089	1.96210740631471	45.4324159612384	2.20189269511348	55.8373754465255	2.35635653877264	60.8733223870801	2.18781584136357	74.3993821511746	2.81793377217986	74.2016575285494	2.38578275347217	79.0999121646439	3.69266451639687	140.582288457363	3.53004751589501	245.824756997579	5.01770660312162	279.958450907952	4.63479804521598	187.525697924373	
1.53222115771169	21.3528881985137	1.61322551061583	23.7632518901482	1.91147685487908	27.0959114067801	1.96184666508554	45.2658694157756	2.20138340902263	55.6369771897284	2.35584688103755	60.6402607864975	2.18725689149521	74.1317349571039	2.81715787246346	73.9025316329518	2.38494432701063	78.7666700621134	3.69167475569221	139.920662030621	3.52836924384626	244.826856082147	5.01553859182486	278.646537837597	4.63161726956982	185.873144325306	
1.53189716512172	21.2686109600946	1.61282802381648	23.663583615592	1.91094347520533	26.9636449810156	1.9614944373097	45.1001461594296	2.20125250066835	55.4362995361723	2.35527687936786	60.4058245538601	2.18680152567545	73.8650712396252	2.81616787913145	73.6024818654041	2.38404301577441	78.4347243605452	3.69040192606773	139.261196272149	3.52659153289107	243.831995003455	5.01345086491146	277.332136273441	4.62847556494302	184.220963255252	
1.5314725560203	21.1855071880637	1.61253378422381	23.5637197633044	1.91059243599496	26.8315108030503	1.96107539445566	44.934095077553	2.20088864991112	55.2367394696526	2.35473768950445	60.172498457679	2.18621058852036	73.598973766245	2.81550656531695	73.3034602779299	2.38303854543461	78.1020932055947	3.68906457894369	138.601164269578	3.52482246187364	242.832589070814	5.01138492563782	276.018137040618	4.6253262947522	182.562583302435	
1.53138082682344	21.1023549872613	1.61219551311415	23.463066149511	1.91009463762832	26.6981342408295	1.9607809281617	44.7682861395342	2.20024518764691	55.0365982578739	2.35408600493668	59.9408934455339	2.18548569908188	73.3308944385202	2.81476949272401	73.0025983971357	2.38211726405792	77.7697600738539	3.68787207568775	137.94333763876	3.52331007101855	241.831156580347	5.00915395506057	274.708265429249	4.62214694716116	180.904844099519	
1.53091616363346	21.0196144310172	1.61169627224522	23.3623045023041	1.90955147032472	26.5636996962142	1.96058426421339	44.6021605518552	2.19989173312137	54.8376677653847	2.35341861543554	59.70717619389	2.18476887812161	73.0639848518935	2.81380037604694	72.7029658620816	2.38131664793676	77.4358548696818	3.68665593898055	137.285376897497	3.52155286217529	240.831363217533	5.00696030356851	273.398095794671	4.6189054916698	179.249727500848	
1.5304155957055	20.9366708464616	1.61129474096221	23.2621538026772	1.90893681362327	26.4302057873546	1.96029996329371	44.4347422885039	2.1996875154485	54.6379400608095	2.35288117191838	59.4745765292825	2.18408365776293	72.7993923957224	2.81301493483179	72.4037580101014	2.38044598433212	77.102113578275	3.6854580842927	136.621947430336	3.51983213742833	239.830526773485	5.00484914734976	272.081518661084	4.61562965121338	177.592852565241	
1.53005556333577	20.8535409973999	1.61101903816382	23.1633684218798	1.90834296521768	26.2978127017259	1.96014279866256	44.2692537254356	2.19923144299348	54.4374598476298	2.35219286739181	59.2408257500275	2.18334175938813	72.5331459107374	2.81216506701414	72.103074943233	2.37959131064554	76.7676346794242	3.68433608151556	135.959426933964	3.51821568121713	238.832923881263	5.00273613041835	270.765358759991	4.61232714036756	175.938928059409	
1.52983796411731	20.7694388476164	1.61062014688927	23.0641024786567	1.90789241792108	26.164862685224	1.95977692027052	44.1036124254724	2.19867525832072	54.2376576372522	2.35160419388606	59.006661463569	2.18247930155604	72.2674135157891	2.81097965674546	71.8017809287847	2.37878609340669	76.4342659170296	3.68282903465305	135.300184692899	3.51642946838112	237.832132140697	5.00054284102452	269.451568143414	4.60903921421955	174.284675728047	
1.5295499036462	20.685090828685	1.61019727414569	22.9636351293694	1.90728944662877	26.0327489963545	1.95928293164772	43.9366859004172	2.19830782173874	54.0375760301155	2.35084573607776	58.7741325794738	2.18199951274466	71.999416144447	2.810164664403	71.502498571002	2.37776316942225	76.1042722674851	3.68148868311147	134.638364551071	3.51462240124191	236.83069965023	4.99828306463997	268.138716299949	4.60571638454608	172.633850663596	
1.5293226247207	20.6022888051539	1.60987404099108	22.8626685912059	1.90673284541027	25.9007768685095	1.95889472965723	43.7714543823673	2.19790888018453	53.8387684722003	2.35014010868351	58.5408064832927	2.18142508283988	71.7319552148823	2.80952071368933	71.2026499691208	2.3767827388523	75.7722595106948	3.6803366118748	133.976395397637	3.51304042685331	235.833886519514	4.9960862564766	266.823733590534	4.60247891326433	170.98436670359	
1.52905356454566	20.5189317133948	1.60962251691586	22.7631120753533	1.90625896723165	25.7692145225779	1.95875589685373	43.6045464837627	2.19749292049139	53.6373383100396	2.34957053680172	58.3066198450934	2.18081948573611	71.4669380756374	2.8086892632704	70.9042393292266	2.37589549945201	75.4405671288549	3.67885083979017	133.318136633164	3.51124753910033	234.836179319168	4.99387184306855	265.511999334104	4.59919336042894	169.324571140527	
1.52851790190917	20.43677975299	1.60920173685992	22.6644552170651	1.9057511059362	25.6364228309062	1.95853194918188	43.4384097202132	2.19713545370595	53.4376031548842	2.34886335964595	58.0751489433928	2.18025722448629	71.2005723813684	2.80767021453664	70.6037052739631	2.37495702410267	75.1073697298059	3.67745158444136	132.658730479334	3.50955762988495	233.836415758676	4.99157649655276	264.200145868391	4.59588672381246	167.666429606278	
1.52818097988427	20.3544676051099	1.60864647787513	22.5645354854257	1.90529564880592	25.5025489424542	1.95794776263107	43.2730627181696	2.1967083137181	53.2388365751603	2.3481083838374	57.8396323766201	2.17965640433393	70.9332604634086	2.80682301708858	70.3036033523537	2.37401086275184	74.7737252959423	3.67627849647883	131.997744802493	3.50785937428467	232.838261523516	4.98935032676877	262.88774105974	4.59251072121942	166.010731862348	
1.52777471024734	20.2698681290953	1.60816173658113	22.4642972414809	1.90462539222812	25.3702620275939	1.95755978341294	43.105603476627	2.19616312568323	53.0382073503758	2.34745731792975	57.6063882368216	2.17890498830224	70.6666936034731	2.80597298237793	70.0045892154597	2.37315460652119	74.4414294171027	3.67492673751043	131.336312090837	3.50628398838631	231.839228119887	4.98700982343638	261.58180335474	4.58917934794188	164.354393368518	
1.5272133652441	20.1853338456577	1.60791354288634	22.3632692360303	1.90405333537385	25.2382321577521	1.95729987568256	42.939816890349	2.19573196896514	52.8386808114671	2.34671461683634	57.3754537768985	2.17820188650351	70.3990166070814	2.8050453631939	69.7038018404679	2.37211555824631	74.1089696254978	3.67359032521306	130.676026768538	3.50449598636321	230.838138356111	4.9848544645992	260.270694947051	4.58596598247822	162.700319851082	
1.52687741753396	20.1023734972965	1.60755235745779	22.2643851350447	1.90369141817608	25.1057384892901	1.95699081649513	42.7744177342436	2.19517040145743	52.6381372683554	2.34609866892028	57.1411851823166	2.17775694485512	70.1327030668742	2.80429994347101	69.4045567355865	2.37118021173919	73.7763161188065	3.67258004723337	130.014936783573	3.50277234835774	229.839149655964	4.98267350527601	258.95183793591	4.58256357771667	161.044890328041	
1.52663743995529	20.0192287470743	1.60706898841522	22.1640667973623	1.90319953301514	24.9723470259088	1.95653772607675	42.6077817818179	2.19477985061906	52.4372770755832	2.34559621002932	56.9088947167892	2.17694991926132	69.8674400584812	2.80345317022292	69.104760287767	2.3703650273115	73.4425748273997	3.67129581912278	129.355769048311	3.50095848560215	228.842008699717	4.98034196672669	257.638106923976	4.57909242143028	159.394855025096	
1.52624692274916	19.9362665360681	1.60673772757432	22.0615225988322	1.90257939513107	24.8390952609071	1.95594681554574	42.4414624790525	2.19429632419473	52.2384881441187	2.34488280126613	56.6760752600645	2.17610444205333	69.6001579428424	2.80243133191029	68.8048371800834	2.369506071654	73.1099883759307	3.66986474934073	128.696184080555	3.499218476692	227.843019999569	4.97808217991133	256.325359388633	4.57582981361249	157.742077908622	
1.52583146968955	19.8525518164573	1.60638433394552	21.9620275502667	1.9020055738629	24.7065196360624	1.95557288767445	42.2744614481949	2.19380377621158	52.0389653305002	2.3440758669128	56.4417321596802	2.17546847522464	69.3341573270054	2.80160647668712	68.5041392120546	2.3686325365141	72.7776775959306	3.6686612663213	128.034468246849	3.49740386388414	226.84428461915	4.97585627238779	255.010331975737	4.57251054837828	156.082893293139	
1.52560055427536	19.7697348917658	1.60571881450504	21.8642237834163	1.90141027218082	24.5750168947728	1.9552690680089	42.1066892822821	2.19324397218646	51.8389768556165	2.34337289573203	56.2091287697826	2.17474113621569	69.0678363362179	2.80054585669957	68.2054976041728	2.36777586204395	72.4450166386591	3.66744629987913	127.373899802501	3.49559832069134	225.845802558459	4.97367217926889	253.695528080247	4.56913540312589	154.427717089827	
1.52529364259546	19.6874525462067	1.60518037558433	21.7643599311287	1.90071761954767	24.4438643307545	1.95473790957445	41.9431155183363	2.19267012426508	51.6384556642454	2.34276359729037	55.9765775339467	2.17400109706343	68.8011875198997	2.79962400170962	67.9061854440691	2.36665858977393	72.1126313528566	3.66636509323345	126.712690608253	3.4938547319169	224.846232713053	4.97134125815151	252.384717695768	4.56580307266993	152.771855433132	
1.52487087409013	19.6041327073488	1.60491346199724	21.6640844342827	1.9000553265055	24.3092491095683	1.95417969763941	41.777228349225	2.19200833985899	51.4396369304599	2.34220626894188	55.7427373477288	2.17336851116853	68.5377573542466	2.79867914384947	67.6049808365837	2.36568095995872	71.7798958897826	3.66494576641628	126.053910303163	3.49206669860137	223.845455873647	4.96904232134062	251.07238739292	4.56234977047762	151.1160831834	
1.52449265331644	19.5209879571266	1.60457477562831	21.5630359397364	1.89949297338638	24.1756788322612	1.95376481158654	41.6105365174475	2.19156047967839	51.2388884963914	2.34152157706216	55.509239888202	2.17259718337282	68.2747667728277	2.79782998585096	67.3062945252205	2.36475520784948	71.4467953482768	3.66329198394249	125.397737701158	3.49039019189785	222.848091399993	4.96687074061039	249.759788869182	4.55876161421973	149.462799427469	
1.5242050343679	19.4367721859944	1.60431873816598	21.4631385598378	1.8989486518365	24.0436918032558	1.95343894947136	41.4449101186447	2.19127538962002	51.0384343602425	2.34081900921973	55.2771505883412	2.17182194289307	68.0054282970418	2.79686192943226	67.0097018269056	2.36390668381394	71.1144845682767	3.66204760521574	124.740253797031	3.48854095719647	221.849966967154	4.96451956623047	248.451422275023	4.55533544636682	147.808532194947	
1.52383498917452	19.3537261559604	1.60386972558998	21.364863543787	1.89841987495683	23.9108721719082	1.95282154699234	41.2797568316873	2.19067774433461	50.8394181860806	2.34011750882432	55.0434817654688	2.171146749811	67.736060018935	2.79599017562719	66.7095999052961	2.36295171462535	70.7825165149678	3.6608456831337	124.076571010142	3.48666645482882	220.84986067997	4.96210047330063	247.140120152248	4.55212413831114	146.152074491833	
1.52339309408578	19.2706782632814	1.6033053813439	21.2648469546044	1.89783602857155	23.7785033006653	1.95240887097376	41.1137020245206	2.19005472893743	50.6394446123574	2.33939461257908	54.8100401852939	2.17052825560667	67.4681371533952	2.79495670312815	66.4077843502308	2.36195607745528	70.4479556597343	3.659480773745	123.414765769473	3.4850072672677	219.852108776143	4.95977718278853	245.825763291573	4.54895086959061	144.49721121289	
1.52308592938301	19.1863786731215	1.60295936947097	21.1642939236444	1.89711800936567	23.6463579468296	1.95205207709794	40.9481650326807	2.18966097251586	50.4388079369925	2.33878908995198	54.576110592113	2.16991419488198	67.2013542266327	2.79408633219158	66.1074961641153	2.36092488803537	70.1142143683276	3.65809658913381	122.754718865742	3.48325890452208	218.854803907131	4.95768323991393	244.509856710208	4.54539360933056	142.844195677849	
1.52267997460878	19.1031780435475	1.60258795507627	21.0631075933636	1.89656793405253	23.5127913948126	1.95146521496214	40.7822890394398	2.18912102799008	50.2403133034476	2.33808493483321	54.3417041617966	2.16921203189715	66.9379315115598	2.79336051056326	65.8078114749995	2.35992300089336	69.7830360765244	3.65687166295338	122.09370338658	3.48142395351506	217.859361683179	4.95537516345251	243.197973442174	4.54182746124961	141.189108881499	
1.52223025158498	19.0211024515901	1.60211592268	20.9631096306317	1.89603676310922	23.3811750321743	1.95112995961476	40.6150980187859	2.18863680105984	50.0394344842249	2.3373555689345	54.1092944869854	2.16861284074439	66.6725194915619	2.79233791053935	65.5109580063761	2.3592368820122	69.4501217995247	3.65554574709801	121.433045535269	3.47954388242048	216.860372983032	4.95313912631747	241.884197726758	4.53849879857479	139.532949201595	
1.52174141954385	18.9390343102131	1.60185292673044	20.8645850201428	1.89531608079808	23.2483758899223	1.95072723439375	40.4495796533967	2.18804883697156	49.83910328265	2.33676896092178	53.8772126377048	2.16794083089379	66.4031512134551	2.79131332809638	65.2111913608776	2.35850157367603	69.1179749322899	3.65416525858016	120.772417486279	3.47785697438046	215.85788251017	4.95077831108415	240.57219524944	4.53513167784219	137.879382323615	
1.52128681145956	18.8557871145125	1.60152765013768	20.7658629692774	1.89472466035627	23.1144405341833	1.95022138955724	40.2829809538722	2.18744808780336	49.6392936216921	2.33607879605509	53.6438753656532	2.16702120602556	66.136107516384	2.79048368671918	64.9083327245782	2.35748498907051	68.7837046496859	3.65287287556461	120.112944277227	3.47609623484675	214.857016263802	4.94852580618688	239.259388109456	4.53155712526183	136.226485997857	
1.52112746665455	18.7712174408188	1.60105245146003	20.6656955058449	1.89412259930373	22.9823193947335	1.94980192734611	40.116575969434	2.18695505080019	49.4401135347648	2.33522845804752	53.411558823095	2.16608655065285	65.8693022378807	2.78946732102099	64.6082531547096	2.35651042104229	68.4521836311916	3.65165733814603	119.453538123397	3.47422799761414	213.857923255531	4.94635685857333	237.94774325999	4.52819256463022	134.574602951012	
1.52086629960715	18.6862361225667	1.60059591307002	20.5653715802273	1.89353744436949	22.8493935926174	1.94931235692926	39.950942120051	2.18629654797323	49.2403113243872	2.33454929540665	53.1773386572847	2.16530839989482	65.6017817036741	2.78835864831586	64.3081065296187	2.35545363985585	68.1197014878459	3.65022044083996	118.793111240073	3.47255073936821	212.858979258865	4.94404522310926	236.63507023045	4.52466950456081	132.925193496808	
1.52027063174061	18.6038699579799	1.60014211806529	20.4648986430049	1.89310969404513	22.7158475296961	1.94885518943093	39.7841497054401	2.18591413825624	49.0398944411395	2.33380368228292	52.943692186153	2.16481619879449	65.3351254367757	2.78748787553106	64.0072893523059	2.35429863249631	67.7872267950805	3.64868677771535	118.131730682479	3.47080265974467	211.85884316936	4.94169832298775	235.320340840763	4.52105537379774	131.267901328706	
1.5198204679393	18.521654667643	1.59984426433566	20.3647963721495	1.89252984408726	22.5844416459496	1.94831775096029	39.6197116741861	2.18559982925587	48.8405914196382	2.33300519925705	52.7112378078603	2.16419209339491	65.0687448413463	2.78673204504786	63.7075599597087	2.35329137481282	67.4551842359692	3.64752406177012	117.471616723526	3.46890978866901	210.860525021435	4.93932095803582	234.010126502703	4.51754669226627	129.611130701222	
1.51962372190645	18.4382044436308	1.59949778747083	20.2643457866678	1.89178774133939	22.4521156155431	1.94769031721743	39.4548266081175	2.18486136279305	48.6400702282671	2.33227954919574	52.4780495474136	2.16339791546591	64.8023344435959	2.7856214915135	63.408031732778	2.35244849177484	67.1210331626491	3.64593633389143	116.814281831003	3.46706775392934	209.863160547781	4.93700739033351	232.698585961361	4.51400681671373	127.957072084946	
1.51927468691967	18.3542401295819	1.59911766190966	20.1638691241552	1.89106117841885	22.319005411566	1.94695795530049	39.2887568997903	2.18420290839486	48.4397837301737	2.33164987615767	52.2446079672387	2.16262007938432	64.536214618475	2.7848056507711	63.1081384274153	2.35147132490262	66.7882157431925	3.64448972521337	116.155471723593	3.46519953904847	208.863844022103	4.93473212720702	231.385987437623	4.51036794258407	126.301650012486	
1.5189641942579	18.2713878146342	1.59856001836071	20.0650576663269	1.89047596238984	22.1866905570298	1.94636573491666	39.1218937046671	2.18357617380754	48.240622269697	2.33095466883697	52.0116730265203	2.16185970102592	64.2683215552562	2.78392751932723	62.8081482645096	2.3505126842076	66.4565829659945	3.64352246394085	115.491677178	3.46349412968009	207.864467891783	4.93235405243594	230.073776344058	4.50707832857687	124.646086379001	
1.51849714240595	18.1897965103927	1.59796290622825	19.9653018474529	1.89008043859151	22.0537498537533	1.9461278375984	38.9542817262296	2.1830171570876	48.0418556899732	2.33023812340845	51.7783879085304	2.16087778992656	64.0011362971606	2.7828651988145	62.5083220143691	2.34963240459839	66.1235047762294	3.6422229517441	114.830736204639	3.46176036057299	206.866745790277	4.92988318387308	228.761818570222	4.5036430039371	122.992437544638	
1.51801799230703	18.1064058910225	1.59761548801749	19.8651697742765	1.88945705694002	21.9211034483963	1.94575190670836	38.789120988692	2.18247553662357	47.8419305450216	2.32951149456202	51.5458925520464	2.16003997487822	63.7345396349041	2.78200262079527	62.2074117048034	2.34888855142997	65.7904042347235	3.64068942895233	114.172499791908	3.46012749620422	205.869515427067	4.92756036923188	227.451797947249	4.49991985205257	121.343057892755	
1.51755992077377	18.0214133969	1.59729359824332	19.7644118523598	1.88863536446484	21.7888668249527	1.9451257992096	38.6246159022158	2.18182714478165	47.6410629016692	2.32882675760629	51.3128458526243	2.15933673673387	63.4682260946969	2.78099345841155	61.9080585665084	2.34784578769023	65.4587193034639	3.63961371876296	113.510895716906	3.45820774165253	204.876278574867	4.92553364849911	226.13669602855	4.49619224657184	119.692739467761	
1.51707493737663	17.9372386039592	1.59692578308441	19.6636129522517	1.88812298773337	21.6557547583305	1.94451450737666	38.4574733103335	2.18116546654633	47.4411824601991	2.32817933303022	51.0795681852147	2.15849065278668	63.2024638974276	2.7798615645342	61.608202514047	2.3468385128704	65.1268481076981	3.63804243107934	112.852867920421	3.45615592209026	203.875829560992	4.92318192225237	224.824753155874	4.49258999735445	118.0348661544	
1.51666528967555	17.8545874546781	1.59639914263541	19.5639986944022	1.88771285353272	21.523398925603	1.9439593993244	38.2923796280181	2.18053200052823	47.2411232048031	2.3276123454638	50.8468232342925	2.15781296841089	62.9352711887517	2.77901341326048	61.308543901962	2.34583316134811	64.7939338306984	3.63652674800436	112.198133280403	3.45437989996052	202.873175175365	4.92059944564497	223.519292288009	4.48921964991508	116.377186556126	
1.51631931666204	17.7718357225637	1.59581827698292	19.4654871224288	1.88710313534967	21.3905420413542	1.94336883625238	38.1271332088078	2.17997629667986	47.0410602241169	2.32683408478057	50.6122342647602	2.15717616361307	62.6685553172114	2.77801157563569	61.0087027506611	2.34478459616139	64.4611462135627	3.63502367391366	111.540090582758	3.45263566693205	201.870952923392	4.91825574987848	222.208899136024	4.48557422678327	114.723589875826	
1.51597021760027	17.6885121584156	1.59541947176258	19.3653606371876	1.88641063917872	21.2578248554849	1.94283842723575	37.9606127403758	2.17956484385458	46.8400361185795	2.3259333119127	50.3794967644182	2.15635233695416	62.4030464396704	2.77733037773493	60.7084331909962	2.34380101067217	64.1288503347231	3.63360805335872	110.876079970337	3.45078927992408	200.871636397714	4.91597528906397	220.893707810362	4.48175504620455	113.070432779759	
1.51567251486129	17.6050898740794	1.59496877970931	19.2656904999863	1.88571946236008	21.1255565670753	1.9422033846049	37.7945095044375	2.17904096971314	46.6399992149242	2.32532096882038	50.1455597206571	2.15566867231746	62.1365391843768	2.77651364649681	60.4083498958374	2.34274296608844	63.7999072169929	3.63252193315408	110.21398415704	3.44898999292562	199.874257022899	4.91349991922119	219.58128810055	4.47808231438975	111.417074518026	
1.51527977178839	17.5216489632925	1.59453129637713	19.1658098838932	1.88509517698808	20.9928524197215	1.94167523665905	37.6281156958696	2.17823139502534	46.4411544041078	2.32471814860036	49.9118908977847	2.15505547936422	61.8701734901079	2.77539623151903	60.1092240002398	2.3417148727282	63.4670376434746	3.63120278113952	109.553900000407	3.44712914340935	198.874046427592	4.9110299944257	218.268987600023	4.47439062698238	109.762278294306	
1.51464590048768	17.4393293648322	1.59416173952859	19.0642379860849	1.88449185767799	20.859671435232	1.9412515733158	37.4627947708568	2.17748960786784	46.2420078447916	2.32391192332111	49.6795520034858	2.15426185192253	61.6028056927963	2.77448158096114	59.8106270958395	2.34070484085012	63.1309047158098	3.6298209820238	108.89273550964	3.44536650292984	197.87399974505	4.90855903794599	216.957908994655	4.47072571032606	108.112622970954	
1.51420906852831	17.3556723872183	1.59372783941346	18.9649049876396	1.88392077905003	20.7269542493628	1.94073972586663	37.297105042122	2.17692293830148	46.0424626794324	2.32298792034033	49.4471944827362	2.1535368157076	61.3361941293793	2.77355667275236	59.5100148094834	2.33971281297414	62.7966307079157	3.62850602108307	108.231667876416	3.44355535524732	196.876992899248	4.90606984984894	215.647247621781	4.46712371718744	106.461283816467	
1.5139277929459	17.2716875840737	1.59332081186041	18.8651473061205	1.88318771201709	20.5952205400856	1.94003790317532	37.1303238033815	2.17648469151774	45.8410772207531	2.32215823446329	49.2129929433765	2.15281856084235	61.0699811720054	2.77258810954284	59.2093950725471	2.33869790691457	62.4637648596875	3.62701293355273	107.573803992696	3.44165614602094	195.878391629273	4.90378999752567	214.335066330537	4.46330944841564	104.804483386661	
1.5135149402204	17.1892543642647	1.59294706524189	18.7645458463888	1.8824656302599	20.4627734377501	1.93944235203853	36.9649358231465	2.17579882897132	45.6420237936899	2.32150899462311	48.9796780230657	2.15199354540255	60.8027176828172	2.77158685332527	58.9082873226049	2.33766651372128	62.1320613019773	3.62534024615031	106.915686789248	3.43987530819676	194.878419452534	4.9013335720996	213.024196341416	4.45940752468048	103.151117674348	
1.51291528058307	17.1058786460549	1.59268686166517	18.6653823486441	1.88188732279923	20.3295850026805	1.93893995556356	36.8002332962939	2.17521394008109	45.4427729262503	2.32075965336853	48.7469330721434	2.1511675761371	60.5358975031534	2.77051358460343	58.6088037991556	2.33664384938958	61.7994711252181	3.62386740741215	106.25542381869	3.43796788669595	193.880086403448	4.89879242508524	211.71471216022	4.45591520213276	101.494466256147	
1.51236515618334	17.0228251654407	1.59237526791237	18.5662561038006	1.88141136050112	20.196126484077	1.93851050865472	36.6336308714792	2.17446140439003	45.2419723381201	2.31995439271828	48.5140428349065	2.1502384492582	60.2683769689468	2.76952849588969	58.3097300576198	2.33574171359527	61.4666760575022	3.62264301346511	105.593633479182	3.436002102562	192.883303075052	4.8965999423681	210.401949723717	4.45231715095665	99.8400872649211	
1.51207206797312	16.9387323288826	1.59194650580495	18.465565237106	1.88097810794626	20.0630330439055	1.93794383421635	36.46596673898	2.17376561190767	45.0421738530327	2.31911278916025	48.2807837939475	2.14941241256499	60.002231066795	2.76866529697516	58.0104812274482	2.33468179797867	61.1337059011506	3.62136749409955	104.933780290538	3.43402787816586	191.8890678451	4.89424732599816	209.089813135955	4.44839046671857	98.1887630115944	
1.51163980826046	16.8548276194756	1.59142222198042	18.3651221022045	1.88022878381626	19.9301612584961	1.93730823960807	36.3008358037634	2.17320080119133	44.8422300816304	2.31852095850007	48.0463587371805	2.1487910095725	59.7361112416741	2.76769265854833	57.7096864018761	2.33358736924703	60.8002589076634	3.62000511649963	104.273942003054	3.4322063157358	190.887069110535	4.8918564601867	207.778183187649	4.44469325677786	96.5346224389358	
1.51115405551519	16.7737988340424	1.59084055114136	18.265567448997	1.87940335277943	19.7989304633853	1.93684637450702	36.1355446810715	2.1726682905755	44.6421559250739	2.31779254717208	47.8134983022645	2.14807419643534	59.4691234239549	2.76677851042151	57.4106126603403	2.33268898989577	60.4662791976889	3.61845977996246	103.615608732779	3.43044743691474	189.885785631672	4.88944198029549	206.466225413813	4.44100348149215	94.8788948926855	
1.51074598521844	16.6935635354051	1.59037081669624	18.1653273424071	1.87873582449947	19.6666454111702	1.93632952111169	35.9698922052379	2.17224411078482	44.4410722148945	2.31694359426819	47.5809731434595	2.14725041447991	59.2031675115993	2.76575797339352	57.1113191266872	2.33162747012841	60.1357081281756	3.61688760141059	102.957394671787	3.42850560958726	188.885902861896	4.88704289624914	205.154923291038	4.43697221877414	93.2274365289144	
1.51028917455044	16.6096048092913	1.59009075473776	18.0646588274533	1.87820400762575	19.5323934057708	1.93548309572988	35.8075887652235	2.17140081811027	44.2428942310099	2.31639121859422	47.3476284208277	2.14639353059016	58.9362653755529	2.76470941711835	56.8102747066771	2.33046614436219	59.8027528729845	3.61551540861367	102.295663936922	3.42657454420437	187.887540010489	4.88457292675017	203.843069825325	4.43300466315373	91.5755534820694	
1.50985841170017	16.5243738966011	1.58962002492999	17.9652774002364	1.8776911180324	19.3998624844076	1.93492838431044	35.643076228167	2.1705667183579	44.0437364958233	2.31564232649906	47.1149393492573	2.1456644187854	58.6694824487903	2.76389992644761	56.5105453140798	2.32950732496383	59.4683596558065	3.61412889364131	101.636183277289	3.42485452778643	186.888715223107	4.88217840656861	202.531603789784	4.42930194409073	89.9219344500279	
1.50940897384734	16.4394465950557	1.58923578429091	17.8650242551311	1.87714957376794	19.2673874423962	1.93450372403877	35.4740821670944	2.16999611066492	43.8426453350636	2.31479150729458	46.8828873022977	2.14488321432541	58.4052140928598	2.762992154842	56.2113709897106	2.32865241509385	59.1362425908927	3.61271357535874	100.978244887767	3.42303283571627	185.888012889504	4.8797802439379	201.220182457725	4.42523342114712	88.2701855136273	
1.5089598473182	16.3559535302072	1.58874547166227	17.7659296752537	1.8763769493033	19.1355978537672	1.93400424827289	35.307457390539	2.16959732445532	43.6422843311678	2.31395364714108	46.6485740042343	2.14396040436307	58.1381890222394	2.76198261668708	55.9112280899099	2.32766642585524	58.8052468383055	3.6113631061266	100.317557234135	3.42109005717083	184.888547352221	4.87731838091511	199.909118753518	4.42121777853645	86.6171401762644	
1.50858245650426	16.2736041294259	1.58832568566512	17.6664271761079	1.87568621586987	19.0034431867063	1.9332627578813	35.1417229583227	2.16924621481958	43.4426423082654	2.3132930233434	46.4154118208185	2.14305581521473	57.8708547525389	2.76102043223394	55.6104854183996	2.32665065761216	58.4719078782319	3.61001230582674	99.6556327841829	3.41931350903008	183.891153076246	4.87493365804915	198.599723979285	4.41739227396312	84.9635583971241	
1.50800235230691	16.1902153727007	1.58798019112443	17.5652482964074	1.87512839867587	18.869988393393	1.9326933177059	34.9744313548356	2.16855676346818	43.2430971429062	2.31247775080083	46.182596089384	2.14249777819383	57.603174030857	2.75991843806047	55.3117655794252	2.32557742319213	58.1402490240031	3.6086773613345	98.9943118312304	3.41746343337934	182.892343190024	4.87233208801344	197.294203506779	4.41349286339028	83.312345902501	
1.50763507452693	16.106780049849	1.58738658658562	17.4667963290758	1.87442810735241	18.7379156827147	1.93207451559457	34.8096319704398	2.16776363270074	43.043522175226	2.31172501520142	45.9474147987223	2.14172771044265	57.3366779514339	2.75897797679958	55.0120697144391	2.32450203573475	57.8073831757749	3.60733844284225	98.3363510899675	3.41558428221028	181.893250181753	4.869933208113	195.980859925017	4.40937568646722	81.6651045671475	
1.50721323581914	16.0232571826795	1.58688779003322	17.3661389899924	1.87377782072881	18.6060180606722	1.93141082872342	34.6434803057299	2.16705647227964	42.8437162395583	2.31099433088173	45.7145469132261	2.1409372569192	57.0694032863753	2.75786241694652	54.7125824656997	2.3234394899817	57.4734295428312	3.60573845913679	97.6787926800377	3.41374046424399	180.895528080247	4.86757170839251	194.666607372466	4.40540472160082	80.0109341921679	
1.50677136997394	15.9399168547259	1.58651721118621	17.2656921298008	1.87335460316308	18.4726191467107	1.93092509260819	34.4758832284528	2.16632932905208	42.643649533582	2.30994018261395	45.483064835655	2.14008026983891	56.8035330556925	2.75685961916308	54.4132479538553	2.322381766518	57.1412752250162	3.60407999183687	97.0194461308496	3.41168309979665	179.895958234841	4.86507072666663	193.355647976382	4.40136831185875	78.3563763870157	
1.5062717240204	15.8568484729512	1.58598285921747	17.16588601951	1.87266342764828	18.3403378197856	1.93048093732189	34.3108454254892	2.16578998530503	42.4436945863094	2.30923133585291	45.2501000926157	2.1391654579468	56.5383818060032	2.75585283147149	54.1128852619374	2.32136852298565	56.8099739986391	3.60278825281342	96.3580804744157	3.40992055915492	178.894913174547	4.86257980451679	192.04413723736	4.39736012625482	76.7015205586538	
1.50565107690074	15.774163796059	1.5854821851886	17.0658135509756	1.87186589322092	18.2075368148886	1.92997915689934	34.144529848014	2.16515599971953	42.2442835313946	2.30857679885946	45.0151870228427	2.13850551914856	56.2710847892039	2.75503152742788	53.8130552865068	2.32021000169947	56.4762587842632	3.60155734339183	95.6977802509565	3.4081222770186	177.896580125461	4.860091622772	190.732507289054	4.39335195555206	75.0465157186871	
1.50530564170855	15.6905813242475	1.58517337058387	16.9661806666756	1.87128078075498	18.0741863296987	1.92940678781922	33.9792424506123	2.16432055695926	42.0449134546711	2.307896277937	44.7809072523904	2.13776144054179	56.0039032563983	2.75402429318457	53.5126106382062	2.31922611457233	56.1424318111837	3.60008430572317	95.0395065853234	3.40618209284682	176.898455692622	4.85771797626516	189.421488288328	4.38919316389992	73.3970541104211	
1.50502752290804	15.6068610167015	1.58462407640004	16.8657300811939	1.87069422115928	17.9416647215608	1.92882487612275	33.8138842726982	2.16359842824603	41.8447238141208	2.30712823243634	44.5487583478877	2.13685719363702	55.7376940243145	2.75289967526485	53.2127545857448	2.31821027480368	55.8098081068134	3.59841899113593	94.3804208064438	3.40430089768081	175.901612759584	4.85525620711968	188.10948581101	4.38516838983436	71.7443738514901	
1.504504230651	15.5237870469916	1.58413928928497	16.765950047934	1.87004484887326	17.8097186707466	1.92812807502382	33.6469093188714	2.16306146515158	41.6436997085834	2.30618379450946	44.3161139797987	2.13606435499063	55.4715332210023	2.75178183757722	52.9133083151968	2.31711391718657	55.4774600739121	3.5969624905199	93.7204856614165	3.40233992924128	174.902147222301	4.8526322171111	186.80079139132	4.38108400240437	70.0966556790011	
1.50375356574239	15.4407028327339	1.58382044937686	16.6665257798808	1.86926673614796	17.6782420064878	1.92745834567941	33.4820652309942	2.16251157988652	41.4445680504276	2.30541991251548	44.0832572701729	2.13520786326335	55.2052569336962	2.75087675124235	52.6145661244817	2.31593435645025	55.1449555788257	3.59550781708891	93.0604685600066	3.40039723563246	173.901832318871	4.85013943722884	185.489668082471	4.37645272851539	68.4517389246834	
1.50332357902143	15.3568055739071	1.58341482462263	16.5663825308341	1.86854346020822	17.5440943092119	1.92694516192786	33.3160961055002	2.16181308276191	41.2445311467724	2.30473296291775	43.8495996231709	2.13452473756556	54.9379077628352	2.7500464241498	52.3140171680577	2.3149525329535	54.8132296693747	3.59420286729545	92.3993338715601	3.39838810718699	172.901934647934	4.84773603667697	184.176056279821	4.372050807328	66.7961268624268	
1.50295987877743	15.2739746793777	1.5828827650171	16.4663901560373	1.86784774709192	17.4117142620986	1.92622051954003	33.1501381558766	2.16119062642022	41.0435144918151	2.3039199123304	43.6173017070633	2.13369285323177	54.6711211107826	2.74888241233863	52.0124698338812	2.31415552240114	54.4796485654432	3.59292043880275	91.7403598513842	3.39650437278162	171.903199267515	4.84537142253229	182.865663127835	4.36796532994792	65.1411182971699	
1.502551237708	15.1903521606974	1.58256625193114	16.3664350341417	1.86705323496347	17.2805225825341	1.9255135772812	32.9845303835244	2.16058474799875	40.8449751547887	2.30309015939814	43.3837707199254	2.13275398368843	54.4055302768589	2.7477145181696	51.7133662900243	2.31313928972495	54.1464064629127	3.59120090944283	91.0822724502572	3.39464047440626	170.906192421712	4.8427637959778	181.557043213947	4.36367689294274	63.4875327927394	
1.50202066837573	15.1072893668578	1.5820488029142	16.2658559261508	1.86607551217875	17.1488056370624	1.92491677217095	32.8180397174135	2.15992942728566	40.6451841202815	2.30229131401212	43.1503924696825	2.13200763618778	54.1383003152818	2.7466594285385	51.4139907999886	2.3119879456762	53.813678450419	3.58980400159154	90.4221286889831	3.39275310202208	169.907457041293	4.84026729467021	180.246754370085	4.35911818029332	61.8355044595797	
1.50158883575014	15.0236612602424	1.5815249356528	16.1657946334868	1.86553457837878	17.0147734237803	1.9244290233512	32.6523797909996	2.159090095462	40.4483248890999	2.30150962758102	42.9182286640193	2.131145613359	53.8727653607099	2.74575489790635	51.1142390556506	2.31088929271565	53.4815464843448	3.5885135120712	89.7619104219066	3.39101594229545	168.907261347146	4.83767442119667	178.936122799532	4.3547403531544	60.184515482364	
1.50109187963083	14.9409793773178	1.5812220592132	16.0658972535881	1.86508678974114	16.8815216587786	1.92382537132616	32.486146169907	2.15840053682223	40.2498526072956	2.30068813833219	42.6839153659559	2.1303100705573	53.606183599614	2.74477569110586	50.8154633373244	2.30988805701632	53.1484012393575	3.5868221986538	89.1036069539525	3.38920035442777	167.909181617789	4.83525082251656	177.624403444264	4.35058730829807	58.5321555983834	
1.50060448549938	14.8581745598191	1.58080357543203	15.9670150152475	1.8643952885603	16.7479495188264	1.92318617152163	32.3206874091597	2.15780553407732	40.0471483959134	2.30000297754901	42.4505594674538	2.12948730538494	53.3391548037034	2.7435574756979	50.5148026221968	2.30877482271071	52.8165635712028	3.58528004087775	88.4453183871589	3.38716991868379	166.913173149739	4.83264048535935	176.31560471645	4.34595152418848	56.8868663150536	
1.50016304292282	14.7751490188808	1.58029563904285	15.8668065736237	1.86385243015894	16.6149734252937	1.92260145236489	32.1561189927514	2.15721904897004	39.8456698049811	2.29936592350013	42.2181684190931	2.12866545417763	53.0720813043114	2.74252749477376	50.2144511061492	2.30764980669719	52.4843086705545	3.58398864782317	87.7850405154405	3.38511211912254	165.917954443194	4.83003029497859	175.005338224329	4.34135978325488	55.2377027299974	
1.49973755422215	14.6917462923177	1.57989772375944	15.7668756661139	1.86321977754043	16.4840872195191	1.92196136914268	31.9903994616956	2.15641873686734	39.64514861361	2.29870639397156	41.983158491777	2.12772480997584	52.8060471608633	2.74156798665068	49.9142299752559	2.3064102859931	52.1511373485364	3.58228317092768	87.127400149128	3.38320501650658	164.916432545764	4.82753096460405	173.6960552088	4.33682942885406	53.5840352691842	
1.49928027846912	14.6078909430048	1.57940955802142	15.6690495475228	1.86255224292748	16.351865497236	1.92134503709091	31.8236368494057	2.15562466829299	39.445856767979	2.29786250103054	41.7500559130031	2.12699622332642	52.5385601542678	2.74051288286347	49.6149960462448	2.30523982653682	51.8185695235179	3.58061788565964	86.4725686515672	3.38130507361919	163.916072938852	4.82502773473532	172.389387346936	4.33209242022491	51.932357113296	
1.49862605976661	14.5244090540266	1.5790314007232	15.5716276229098	1.86187253649306	16.2185802046232	1.92071731083709	31.6571294194892	2.15510573490514	39.2464345371938	2.29697386254498	41.5187563746481	2.12624612571571	52.2724515050172	2.73952388470785	49.3140894619692	2.30423845151164	51.4868175370361	3.57908458042482	85.8121566694044	3.37943335039961	162.915460012212	4.82253581591898	171.078748325802	4.3274364192093	50.2800531086673	
1.49798776876983	14.4408116810546	1.5785090722337	15.4698210318239	1.86123825282605	16.0858145899823	1.92004126979152	31.4917377139641	2.15442595171236	39.045704729576	2.2962495983324	41.2853520473743	2.12533423267005	52.0053966320758	2.73857068940351	49.0144047728533	2.303255330083	51.1544285259434	3.57764420309225	85.1501502630695	3.37749873495476	161.916217992336	4.82010517224924	169.764719290658	4.32278481442042	48.629261571828	
1.49764356398865	14.3585675197193	1.57784675858016	15.3672442370053	1.86059835796379	15.9545912454518	1.91941070441247	31.3263366952136	2.15354555341176	38.8456901776614	2.295513470083	41.0523537767239	2.12442774928143	51.7388148709798	2.73747462557206	48.7154986693729	2.30211936362519	50.8225387037271	3.57634246186223	84.4887622548948	3.375553135538	160.917676327004	4.81764978595797	168.452552900575	4.3180230549741	46.9795280173831	
1.49739140806925	14.2744243917445	1.57744567487332	15.2671652492132	1.85980497093123	15.8212435542295	1.9187428799254	31.1606339279634	2.15276331571914	38.646323826228	2.29457264480296	40.8199627283632	2.12353480810306	51.4732352129265	2.7365588029971	48.4149795152699	2.30096760543475	50.4894046346102	3.57483002136143	83.8288867145095	3.37360495962898	159.917614743301	4.81524708851972	167.141004908652	4.31330137140929	45.3292133176794	
1.49684132697603	14.1909378461537	1.57696730339501	15.1668934776573	1.85917436780447	15.6880523251922	1.91809463173995	30.9947095059509	2.15217534678799	38.4460410534247	2.29360516675297	40.5857984419047	2.12280302071331	51.2059232949667	2.73551869208893	48.1158834219933	2.29988452825058	50.1561290044686	3.57329882371543	83.1701362117408	3.3715429717122	158.91880485708	4.8127079609154	165.829516521371	4.30838319750032	43.6792934987285	
1.49632118786872	14.1081646936211	1.57644887820067	15.0669811965981	1.85850730842797	15.5556257119524	1.91728027150344	30.8300777596105	2.1514677811659	38.2457396541708	2.29284678829335	40.3524760710136	2.12198971135803	50.9398332721668	2.73439365592971	47.8156622911	2.29897332842914	49.8230247376726	3.57208978538011	82.5094038546275	3.36944812724712	157.921142360216	4.80998030415677	164.520665639496	4.30326847885796	42.0303124528882	
1.4958911290634	14.0249882784328	1.57605093507071	14.9673287545249	1.85761830915374	15.4234309980227	1.91651246089972	30.6637919844562	2.15074327850559	38.0465521166633	2.29191102483882	40.1194889762335	2.12109848795177	50.6707183137882	2.73306251826464	47.5164507138296	2.29773599130979	49.4907549358639	3.5704588684239	81.8519497528212	3.36756985875067	156.922317572834	4.80711327938664	163.213967975311	4.29836482221906	40.3807390859186	
1.49530870307304	13.9420800841334	1.57562169185951	14.8669014521065	1.85694397950067	15.2909475741085	1.91605753249295	30.4973460218267	2.15016026634677	37.8467238292548	2.29096072399767	39.8863565951387	2.12022016499883	50.4044755540933	2.73188611428109	47.2160433184302	2.29662638753241	49.1589917735117	3.56895236869594	81.1917836398064	3.36569253998206	155.923090454119	4.80448029724903	161.904245375547	4.29343744905492	38.7318623482017	
1.49471277147342	13.8578037770367	1.57525254756941	14.7657514434044	1.85636105639367	15.1584408671311	1.91561937460391	30.3314514021352	2.14947492709304	37.6469849488093	2.29020271609384	39.6538761398151	2.1193357414581	50.1401215164899	2.73101614631034	46.9162729476416	2.29548503786712	48.8263643438513	3.56740994541729	80.531602625631	3.36373236182795	154.924817009675	4.80193623474099	160.596631289992	4.28824363566575	37.0825683779912	
1.49434090794256	13.774751227745	1.57492421505699	14.66575627464	1.85554293474895	15.0268757272319	1.91508845086275	30.1655307054128	2.14879910624127	37.4475589927339	2.28926193477222	39.4210455072201	2.11836516141711	49.8733125126965	2.73006432530634	46.6164876756925	2.29428828986368	48.4929285262345	3.56574794891702	79.8711682917275	3.36180283380252	153.9292704776	4.79926150354265	159.295126680237	4.28303880198308	35.4343379781104	
1.49392125132939	13.6921447819454	1.57429065375283	14.5666942910511	1.85496146408026	14.8934870578182	1.91450151776017	30.00036437994	2.14815936875514	37.246549788357	2.28851462708377	39.1861547891879	2.11743419766741	49.6059707924158	2.72891256224389	46.3152346394356	2.29325065872998	48.1599397434323	3.56432900904692	79.21306598944	3.35986878512567	152.933455724636	4.79663882685025	157.982394046055	4.27778659727603	33.7868805759298	
1.49359850824252	13.6090149328837	1.57371345858231	14.4678576875145	1.85437591344451	14.7599707972179	1.9137890823978	29.8351179607296	2.14749187640685	37.045693320875	2.28789132162623	38.9527020331426	2.11660596062566	49.3390910081101	2.72781939267197	46.0146707818511	2.29199561552116	47.8273793689941	3.56282277035121	78.5548370272883	3.35790450802299	151.930697030886	4.79414277928303	156.667567798825	4.27221860177013	32.1413845389983	
1.49309576455294	13.5250915970261	1.57317135281179	14.3682825452113	1.85369067106572	14.6274752661109	1.91303132093931	29.6683851507607	2.14693383549179	36.8462636395095	2.28713687048988	38.7210336910655	2.11580903856632	49.0728370725448	2.72701851016342	45.7152617642043	2.29088977712753	47.4943421574203	3.56134076141515	77.8953265653349	3.35594005508661	150.929696674073	4.79147800506391	155.357442867728	4.26680320821821	30.4978200649947	
1.4924656647827	13.4414364820572	1.57267898614539	14.2669909754847	1.85290434345828	14.4962928997717	1.91231024835748	29.5031089292294	2.14623799532571	36.6469419915576	2.28647638926023	38.4909933007715	2.11498663500905	48.8067395991646	2.72603518232456	45.4167691679273	2.28987209676278	47.161934519877	3.55997069781373	77.2350412430362	3.3538153537585	149.930469555358	4.78876774493372	154.047429695335	4.2612410882169	28.8481386646115	
1.49188908205571	13.3592128098175	1.57235889747923	14.1664118674938	1.85220733678732	14.3632059788578	1.91174537987	29.3355751818844	2.14538081260939	36.4466927463654	2.2855933850667	38.2579205243186	2.11428301885833	48.5396586491923	2.72492422247162	45.1167566532808	2.28863070305257	46.8293033649265	3.55833490678664	76.576305641428	3.35189887605367	148.931749076099	4.78630064771507	152.734138267635	4.25525995133361	27.2049504449102	
1.49131207363864	13.2766985649484	1.57202499605361	14.0675361484109	1.85154496812175	14.2293469915663	1.91121081442474	29.1696917380632	2.14457677237585	36.2470730752037	2.28468196164042	38.0225492438607	2.11333240150724	48.273311581374	2.72374591828733	44.8171613711279	2.28741477444903	46.4966796605562	3.55680551695418	75.917666897363	3.34993139959018	147.933699149062	4.78370760436829	151.425205429378	4.24932444241136	25.5784198599873	
1.49088943402836	13.1920897757084	1.57144106423691	13.9678539040167	1.85098931197447	14.0970190985147	1.9106061169319	29.004817847865	2.14395774427913	36.0481537585849	2.28390647787007	37.7874759866125	2.11226672786067	48.0070166676174	2.72258995446528	44.5169886690062	2.28634435903766	46.1641155608279	3.55547004842418	75.2570388483731	3.34814059457717	146.933354443311	4.78121023230902	150.114529155343	4.24330012308042	23.9304986591866	
1.49065916959119	13.1073105544454	1.57082171716791	13.8676212480071	1.85012029494791	13.9650907428287	1.90965724274879	28.8392734054449	2.14330883585004	35.8479045133927	2.28292652047589	37.5553233568196	2.11149495623155	47.7393694735467	2.72157812729991	44.2169985061005	2.28519749987756	45.8320133970746	3.5539606853566	74.5982212903823	3.34621418097593	145.93394851067	4.77867725882607	148.805164183431	4.23686283228027	22.2740912474891	
1.49026046274178	13.024390252953	1.57042929089023	13.7673699655469	1.84932316935369	13.8327488799391	1.90891884618169	28.6744330428577	2.14261454023007	35.646779825022	2.28215586532789	37.3219860847681	2.11064353787819	47.4723816558274	2.720509411267	43.9174628285895	2.28406432635138	45.4994790996672	3.55239614389433	73.94549085645	3.34427491374943	144.935749572028	4.77586910459749	147.500932661306	4.23013729653718	20.6261299998196	
1.48961925932467	12.9426322419786	1.57000450406919	13.6678534965631	1.84869332168088	13.7010980583671	1.90835513108483	28.5090078097215	2.14200513186321	35.4471601538603	2.28142572628011	37.0882129537723	2.10966930160447	47.20575519125	2.71931154363334	43.6179606786897	2.2829807038953	45.1671087150252	3.55068418505191	73.2890053300753	3.34226022998807	143.936835377683	4.77316571809357	146.194942802245	4.22345976117134	18.9801971726212	
1.48889988890938	12.8603787674179	1.56920363941852	13.5683547227074	1.84795548617156	13.5715743774545	1.9077296768914	28.3425171436105	2.14123368740763	35.2490007964263	2.28051863388797	36.8550060668751	2.10893697155052	46.9393224417589	2.71827152846514	43.3179071858518	2.28181715729144	44.8336244686368	3.54903883289263	72.6258366332225	3.34027549547695	142.938561933239	4.77046840993631	144.88273915926	4.21639722511976	17.3371086044306	
1.48832342101447	12.7770067744983	1.56873347285718	13.4678883047427	1.84719195730589	13.4397782695678	1.906871350703	28.176439984703	2.14048615095722	35.0482300106171	2.27971392297998	36.6211658806571	2.10803679278501	46.6733590788231	2.71733834912234	43.0181517162237	2.28057632598948	44.4999167048412	3.54759288608807	71.9649552645043	3.33828257998384	141.940243785314	4.76781658172966	143.570483362214	4.2088834128951	15.695688034892	
1.48779615281911	12.6927649263353	1.56849929986872	13.3676249150896	1.84644205616335	13.303581662725	1.90626996030752	28.0103274355394	2.13963080846446	34.847768423888	2.27894650284498	36.3873107932787	2.10699659132314	46.4070008351344	2.71629968553021	42.71822488325	2.27939223864127	44.167203593508	3.54608909472765	71.3049903171561	3.33626039674742	140.943564765042	4.76543390956618	142.258771457526	4.20103654213819	14.0561021707382	
1.48739256044355	12.6086776777123	1.56794541248343	13.2676316089703	1.84578960346388	13.1706074318374	1.90571982746778	27.8455038367578	2.13911599574246	34.6480667963436	2.27799422915992	36.155716957004	2.10614688392577	46.1410933515504	2.71534195802604	42.4183874572392	2.2782340074446	43.8351349573658	3.54438521825763	70.6449881169066	3.33419446686813	139.94779471556	4.76285096826375	140.948862593256	4.19316795033108	12.415448079642	
1.48691791358032	12.525729436544	1.56753295729882	13.1675805608541	1.84495371100278	13.0393989884673	1.90491372309159	27.6801680105845	2.13853432845418	34.4484322240215	2.27716445536603	35.922394586113	2.10530586850963	45.8746680526395	2.7141977475997	42.1189151096603	2.27716812237042	43.502742220983	3.54274585109155	69.9856341171383	3.33230641595724	138.946749655265	4.75994860731061	139.640823824627	4.18498547933457	10.7758291535384	
1.48627267834554	12.4433623406347	1.56718952098684	13.0685567614889	1.84424445483804	12.9060252202141	1.90428780167108	27.5138021416926	2.1377326055433	34.2483766939156	2.27636249380378	35.6883457836482	2.10455768898105	45.6075684762166	2.71322915049003	41.8186343741251	2.27598252065096	43.1715304015688	3.54116819918018	69.3275839689124	3.33022185756586	137.946270839069	4.75708615013057	138.333924994776	4.17631693853556	9.14020653241264	
1.48575575180637	12.3602958215051	1.5665263982177	12.9695236488984	1.84339833685668	12.7724800886153	1.90371277507362	27.3478050765227	2.13712556479051	34.0478182496433	2.27557675264447	35.4558019983926	2.10359619457388	45.3408526046763	2.71206758813873	41.5198772822495	2.27483342053665	42.8391004122848	3.53953922116773	68.668930323687	3.32820554405984	136.945464197343	4.75451587544382	137.024679232148	4.16736011189691	7.5043440957353	
1.48534255804801	12.2767254568865	1.56593495530187	12.8676453459776	1.84261303935023	12.6400916595993	1.90303855506637	27.1823928819019	2.13657586131962	33.8468686499083	2.27481839430142	35.222278461835	2.10270433611621	45.0735406867165	2.71084939284734	41.2190154014553	2.27368438785009	42.5059961454889	3.53800448761587	68.009159091425	3.32636175142552	135.947488776108	4.75188747058206	135.714658609175	4.15805438577591	5.87411176568856	
1.48489207528618	12.1931522983003	1.56554805174379	12.7667365498109	1.84196137162763	12.5083626069347	1.90232707688242	27.016669625556	2.1358822665781	33.6478301240056	2.27389082002452	34.9892541141537	2.10183053344218	44.8075698732004	2.70992578815838	40.919010337389	2.2724680007739	42.1734096940198	3.53655409168545	67.3472942461148	3.32440702278905	134.949289837467	4.7493785351169	134.401382082635	4.14829497308512	4.24236656039889	
1.48419005074225	12.1102441040008	1.56500081187711	12.6684801602108	1.84129211581414	12.3751629959947	1.90167883111841	26.8507209891577	2.13515917137322	33.4482104528439	2.27303102470976	34.7560136996453	2.10086853623141	44.5413345640858	2.70877608872631	40.6198583647606	2.27120288197029	41.8415608499948	3.53507924620325	66.688908821778	3.32236345275412	133.948200073691	4.7466453334732	133.093410369229	4.13818766611172	2.60619946483879	
1.48360036118085	12.0272120438048	1.56453784890965	12.5687373798521	1.84060458628754	12.2428015753321	1.90095364122349	26.6856906367743	2.13441282072345	33.2492240810029	2.27216164356529	34.5231346382787	2.10015488918938	44.2745181097121	2.70746684598937	40.3199762352684	2.2700885192335	41.5073650731932	3.53330501603087	66.0321327227738	3.32025059273855	132.94879414105	4.74386014385493	131.78690642013	4.1276323157605	0.975752203014342	
1.48323352268827	11.9439313204931	1.564077714916	12.4679897024832	1.83984071769286	12.1098552841203	1.90033822257798	26.5188889089382	2.1336838946418	33.0487960218849	2.27141277009658	34.2902593022022	2.09941671037726	44.0074557861905	2.70624663166047	40.0211148352694	2.26906223517691	41.1745923572181	3.53187890153103	65.3730171415732	3.31808290227041	131.951995911494	4.74129002265015	130.476125837972	4.11690792866191	-0.655987734482275	
1.48272479789958	11.8607018199206	1.56357853383798	12.3666301462118	1.83908915894164	11.9765923432482	1.899743225095	26.3525118641759	2.13285481908951	32.8494184945812	2.27060479288315	34.0572498556814	2.09836429518442	43.7404530673108	2.70540730077989	39.724201762004	2.26781612449247	40.8436562092728	3.5306426297636	64.7117706944232	3.31600554384074	130.952277054483	4.73839844748347	129.169368569145	4.10591956220684	-2.28546874918146	
1.48222749683585	11.7769219077327	1.56300372788822	12.2666387027376	1.83837114336793	11.8444106678339	1.89907583225848	26.1870400649132	2.13207352516427	32.6497094164566	2.26967084990815	33.8242478597408	2.09728589718016	43.4740724718813	2.70436593031033	39.4240588622033	2.26646466217903	40.5112224946987	3.5290083765771	64.0512991076184	3.31408818793364	129.953243650854	4.73550702058335	127.86112863485	4.09437068317038	-3.91231132715207	
1.48171875435203	11.693869358441	1.56258431235374	12.1679790504818	1.83762665484519	11.7132050184315	1.89831484584528	26.0207244874379	2.13146592200324	32.4502275810294	2.26869278600919	33.5913501719236	2.09659991969115	43.2079563720505	2.70312425951998	39.1214833479532	2.26534561785827	40.1783678223409	3.52739803203022	63.3927572210966	3.31205055371807	128.956460322459	4.73283124376588	126.551890322802	4.08281452053944	-5.53907753667519	
1.48119314598305	11.6112191404824	1.56215368701908	12.0677305619891	1.83678367259784	11.5801348613232	1.89755869420114	25.8560834278723	2.13082790813909	32.2501720509236	2.26793219416251	33.3574243040329	2.0957947957882	42.9418663492506	2.70200515593795	38.821053600813	2.26416014540638	39.8458633272545	3.52582628736408	62.7347517763522	3.31013888127685	127.955161942436	4.73015446283133	125.243598234445	4.07105574482854	-7.16788613650744	
1.48072721214893	11.5275426050954	1.56168671803158	11.9671207203547	1.83590566223153	11.4471904327565	1.8968863388181	25.6902148852116	2.12985524231962	32.0496955630339	2.26720290537732	33.1242434941664	2.09499239738913	42.6758061287716	2.70070726065066	38.5213838128577	2.26295563913081	39.5127031811067	3.52444609936656	62.0756659974726	3.30804161529159	126.954429806512	4.72761610688596	123.933488204509	4.05901472317266	-8.79366886943848	
1.48028500107991	11.4431070418461	1.56115544805954	11.8683269576545	1.83534865571891	11.3147237726479	1.89636133983104	25.524163803335	2.12899846815706	31.8499082538168	2.26642726104696	32.8907758369606	2.09409600077117	42.4084010785588	2.69968408305541	38.221211110736	2.26169653560585	39.1798187064279	3.5229612017589	61.4177574102714	3.30584758076947	125.957318652586	4.72477713340051	122.628221051731	4.04688440321146	-10.4177733591698	
1.47974024265819	11.360963463344	1.56068471592347	11.7689688135009	1.83470611824048	11.1826417487443	1.89573895133616	25.3588484662573	2.12849738316476	31.6493535348347	2.26544329511817	32.6577812916003	2.09310667774108	42.1425755513575	2.6986967038411	37.9223050072556	2.26028589429683	38.848003390014	3.52128592918545	60.762754549365	3.3038647159117	124.958538568685	4.72207730142891	121.323065657656	4.03462686100065	-12.0429479384885	
1.47918054975136	11.2780981098809	1.56027957953733	11.6684893570207	1.83386620942166	11.0506696208993	1.89503289007356	25.1935256785994	2.12783846209829	31.4491862460251	2.26442839854634	32.4248649773325	2.09218108453287	41.8760980983849	2.6975216640996	37.6218976118562	2.25920407630152	38.5157782916867	3.51944525795403	60.1019104335481	3.30192001406872	123.960116112636	4.71930794500458	120.012843869016	4.02184442821435	-13.6670012054806	
1.47867004285363	11.1944998055864	1.5596647757509	11.568298610525	1.83304046976199	10.9179775807384	1.89428142988542	25.0274447944018	2.12708348242471	31.2500881154805	2.26362873307259	32.1905926574604	2.09116053257458	41.6087861804251	2.69631254699144	37.3212033691175	2.2580551247157	38.1864104908826	3.51768627211779	59.4427575994463	3.29988885211433	122.962274801847	4.71648316006725	118.70211544092	4.00841137944789	-15.287781805101	
1.47814085452723	11.1112693736914	1.55921052618508	11.4678238106575	1.83223658153768	10.7850499159772	1.89360445513075	24.8622952327346	2.12622447419972	31.0499040628654	2.26270768507358	31.955970160317	2.09030814847463	41.3423608815142	2.6953234255287	37.021529855872	2.25663528750427	37.8556047280917	3.51616138356524	58.7845807913564	3.29784054610618	121.963070034872	4.7137746935945	117.392355588255	3.99466530543333	-16.9069717058394	
1.47754667588624	11.0276533742688	1.55899452995906	11.3676917374811	1.83154262119376	10.6533320391831	1.89290700482432	24.6972648803512	2.12541630026182	30.8506941736171	2.26162177229144	31.7238100799439	2.08937214514054	41.079940269484	2.69420517146421	36.7216998804415	2.25520138564555	37.5199262858217	3.51453394190327	58.1242060620948	3.2957714200675	120.962881791306	4.71099965444935	116.084391325429	3.98032572342889	-18.5209871785991	
1.47688055067861	10.9450022249877	1.55834050334768	11.2686465176977	1.83066501714603	10.5208718983322	1.89223698855688	24.5307425492742	2.1247573195907	30.6511229312271	2.26070232013694	31.4914190315832	2.08842516539573	40.8135969269558	2.6929138050625	36.4204058659932	2.25405061927874	37.1859689275879	3.51290594714627	57.4648148094252	3.29360381975139	119.96518204154	4.70794440972402	114.777239175849	3.96538109200789	-20.132648268002	
1.47642319390051	10.8619571262763	1.55772929851765	11.1688459953422	1.82995859200402	10.386472743973	1.89142322984415	24.364643038626	2.12404020390169	30.4508252572633	2.25991334582728	31.2593744352038	2.08754439484558	40.5445452985092	2.69213122644191	36.1198569095692	2.25282012758405	36.8534569819213	3.51121962216617	56.8066491772057	3.29160178919467	118.967065059282	4.7051993555919	113.469558035072	3.94971116903211	-21.7491615477882	
1.47592272171252	10.7780561421594	1.55735590122076	11.069298792715	1.82923058158119	10.2541951423381	1.89070218110418	24.1991283985269	2.12307435519468	30.250389747565	2.25923089136273	31.0262401914639	2.08652578592887	40.275992858939	2.69111657207224	35.8208539485456	2.25163383429937	36.520065867786	3.50961292491133	56.1480141584308	3.28950995112037	117.966623495987	4.70247166009026	112.16109458337	3.93302397947199	-23.3611597759471	
1.47533670319189	10.6946934624651	1.55686937073967	10.9687625255604	1.82853257228326	10.1220395439546	1.89006981275448	24.0335671923012	2.12241768402311	30.0504608773233	2.25847991682447	30.7916381834161	2.08547508653489	40.0100220454229	2.68974447920581	35.5219217680343	2.25043518013473	36.1875017680576	3.50793849377036	55.4891444463782	3.28749692690599	116.969303725814	4.69953918187628	110.854095170685	3.91510105200105	-24.9667169774859	
1.47482395161467	10.6108045855411	1.55618813668008	10.8689433767543	1.82778596415765	9.98929255576439	1.88938696316461	23.868048826912	2.12180371719312	29.8509511022202	2.2577056134531	30.5584033568429	2.08440451125029	39.7427213033335	2.68856885619444	35.2227995977269	2.24908873382574	35.854930217749	3.50615442977454	54.8306621644983	3.28544754376507	115.971775339394	4.69683581921423	109.547866893056	3.8959653994721	-26.5685880044494	
1.47424150951244	10.5280575100394	1.55557361553259	10.7704737142947	1.82685966712552	9.85718259218492	1.88877108437007	23.7013011157826	2.12085912594139	29.6516722951047	2.25685031587923	30.3256602685658	2.08359495535782	39.4754764405959	2.68747967615816	34.9232676455061	2.24763352392346	35.5231484289462	3.50435685374331	54.1708760310759	3.28329614373533	114.975781772505	4.69403225306483	108.243229314308	3.8748362546575	-28.1625651416454	
1.47368316278	10.4453728331472	1.555124885613	10.6693721343642	1.82608697681637	9.72605144858488	1.88800911693658	23.5357007940107	2.12001413460431	29.4522910425108	2.25594188029293	30.0922429027766	2.08263197638171	39.2099638377648	2.68635358670802	34.6244844765996	2.24650355374531	35.1904129658723	3.50272451554811	53.5139918986581	3.28114848748266	113.978730223221	4.69107545393219	106.933875518266	3.8748362546575	-28.1625651416454	
1.47304262002567	10.361555668058	1.55457061556472	10.5686579846064	1.82543452299931	9.59308839356759	1.88719844739174	23.3705419191181	2.11941846812326	29.2516767188867	2.25516294115866	29.8598909699622	2.08158496935579	38.943449131891	2.6851917689124	34.3237343545091	2.24528542255805	34.8570777310888	3.50113456385155	52.8561578172594	3.27880666353449	112.977036962445	4.68820960613262	105.624503095774	3.8748362546575	-28.1625651416454	
1.47249393651585	10.2777357090013	1.55399534322609	10.4687829564484	1.82482399096839	9.45927504108006	1.88652700895398	23.204598870655	2.11883953155427	29.0520197948238	2.2541935336644	29.6268312320247	2.08077036579391	38.6766587545482	2.68412136315765	34.022906001326	2.24398496086591	34.5239548378422	3.49974221315953	52.1959171984421	3.27665565018989	111.977176544409	4.68540633651633	104.31690018609	3.8748362546575	-28.1625651416454	
1.47212394170703	10.1941858334784	1.55366471322818	10.3690252749293	1.82403869327568	9.32688847470906	1.8859234159748	23.0377747910782	2.1180386739934	28.8524057115974	2.25322186416804	29.3936541474484	2.0798271264734	38.4092909572366	2.68288219398123	33.7225991887599	2.24268252334964	34.1924002917368	3.49813460156711	51.5373306084388	3.27452743381754	110.976720079954	4.6825149878473	103.007877940869	3.8748362546575	-28.1625651416454	
1.47166653473064	10.1116427176108	1.55301394118758	10.2692666620877	1.82288444004272	9.19605628564128	1.88538629918298	22.8701199718042	2.11716196787459	28.6518491299701	2.25250853829256	29.1600058136718	2.0788305725617	38.1430146699306	2.68143792778858	33.4223519808357	2.2414957611615	33.8591507386261	3.49625285667009	50.8779505316396	3.27234710504592	109.978975626707	4.67952168450181	101.699768391728	3.8748362546575	-28.1625651416454	
1.47104682988824	10.0286302151879	1.55237190108193	10.1685906965536	1.8219859228322	9.06354399072868	1.8847492717873	22.7056744899699	2.11643702890712	28.4524771906016	2.25175745814232	28.9264599253734	2.07780769545764	37.8762168420075	2.68025611601064	33.1214528471403	2.24012280427805	33.5279314686316	3.49463154044476	50.2199860650866	3.27033517137536	108.979845365535	4.67654078029616	100.394996702536	3.8748362546575	-28.1625651416454	
1.47038756929052	9.94554506960763	1.55187667424241	10.0686160168849	1.82129119474087	8.93040864104327	1.88398852051558	22.5415549710213	2.11563400694677	28.2517697347244	2.25085081975248	28.6932604890564	2.07685170868264	37.6089943310107	2.67901904995268	32.8228522174498	2.23860988840072	33.1956802932735	3.49316443572583	49.5615000579166	3.26831884594841	107.979157933093	4.67384045531732	99.0856764341057	3.8748362546575	-28.1625651416454	
1.46982926633025	9.86242267112615	1.55139782054273	9.96861898547544	1.82052353906262	8.79895339720266	1.8831628407691	22.3764314863849	2.11476492796987	28.052248783751	2.24998369949252	28.460509950199	2.07587923440138	37.3429378358218	2.67784747794423	32.524147279636	2.23750769767166	32.8625462241565	3.49139450801347	48.902626620574	3.26611755931052	106.981808360599	4.6709114474441	97.7803534019757	3.8748362546575	-28.1625651416454	
1.46936196220048	9.77880667170357	1.55098262495307	9.86868714664313	1.81974732644492	8.66666555101989	1.88243089280758	22.210769697326	2.11403677988017	27.8531357520459	2.24904202413615	28.2275247180639	2.07479217161052	37.0768031095404	2.676813443782	32.2234008828355	2.23648331046305	32.528994922546	3.48965793816288	48.2421401326087	3.26403375246153	105.982909067414	4.66779109662332	96.4785209666895	3.8748362546575	-28.1625651416454	
1.4688300310476	9.69571966347825	1.55052634601207	9.77031620437174	1.81894169355075	8.5329946908795	1.88181451921882	22.0444224548847	2.11334523584111	27.6517800956876	2.24815542480465	27.994023533247	2.07374423907114	36.8104485911418	2.67574512736214	31.9244165482626	2.23509085457776	32.1972243096135	3.48793659912678	47.5839595992286	3.26187632348017	104.983540387675	4.66480120736669	95.1726503169116	3.8748362546575	-28.1625651416454	
1.46830855722116	9.61265128170353	1.54976370742672	9.67054455301466	1.81820739172958	8.39996644328508	1.88123171721289	21.8788724245294	2.11260421803174	27.4494875288637	2.24723973039706	27.7604348041123	2.07288504083897	36.5439525117187	2.67463093361379	31.6249106730726	2.23362212686588	31.864196411265	3.48618230780243	46.9278838547672	3.25959503111064	103.985892791971	4.66204750718502	93.8604802015382	3.8748362546575	-28.1625651416454	
1.46780944871643	9.52875588552183	1.54919393946062	9.57019548168874	1.81736739769475	8.2688464755554	1.88038965389575	21.7138755997572	2.11172602305991	27.2501770567822	2.24645765534251	27.5276097594525	2.07191994086301	36.2769125399377	2.67344180937037	31.3243766178091	2.23236859299918	31.5301850363245	3.4844564455072	46.2694611775293	3.25723908715969	102.988975353131	4.65921621422373	92.551167383688	3.8748362546575	-28.1625651416454	
1.46713695350685	9.44614012649688	1.54857871706216	9.4696433820512	1.81649662025897	8.13633231799775	1.87957501809834	21.5474519888684	2.1109659474744	27.0520158367031	2.24553181381455	27.2954478164343	2.07079424652643	36.0105580215392	2.67239088250089	31.0243007732305	2.2312367483248	31.1980046414787	3.48267044517532	45.6121523620377	3.25505196426181	101.995507532944	4.65627458257566	91.2447528415524	3.8748362546575	-28.1625651416454	
1.46662912498808	9.36304287372372	1.54799852036122	9.36898976825785	1.81579877822658	8.00250406434973	1.87881853408264	21.3815871714978	2.11005089747796	26.8529102555782	2.24458015208409	27.0622819077283	2.06989142421343	35.7437452924556	2.67105885098734	30.7249327337751	2.22975743997935	30.8661911877098	3.48092980819247	44.9559574082924	3.25297263187065	100.997338396623	4.65316649328018	89.9385394650833	3.8748362546575	-28.1625651416454	
1.46612179508195	9.27950696803876	1.54761383019019	9.26868446909086	1.8149920943698	7.87024788313299	1.87810829590232	21.2171062994074	2.10922055863898	26.6525231746515	2.24375441699966	26.8294997039049	2.06897641014866	35.4760682960639	2.66990470000798	30.4248214989403	2.22827358974833	30.5343218545891	3.47913940370014	44.3017629353424	3.25082195305713	99.9941326680586	4.65012573117971	88.6320802194662	3.8748362546575	-28.1625651416454	
1.46548212149606	9.19609306560527	1.54710281534333	9.16742828962035	1.81392562125249	7.73927692700818	1.87752322351239	21.051522741441	2.10863158503196	26.4531922134743	2.24290559951008	26.5956204021407	2.06807117700821	35.2106264737451	2.66875738141476	30.124598505402	2.22715400220456	30.2023519386352	3.47747413605156	43.6422077699075	3.24867907524598	98.9947714388991	4.64728510075498	87.3251925654851	3.8748362546575	-28.1625651416454	
1.46487515442239	9.1130321344108	1.54661626707398	9.06706990506913	1.81318181355566	7.60581049216321	1.8768168153496	20.8851214822929	2.10794895805733	26.253615383149	2.24207734846935	26.3607129203029	2.06709832025023	34.9438472722727	2.66740218460835	29.8249622450577	2.22593083266111	29.8693780569934	3.47575218815169	42.9810209273993	3.24651079640316	97.9947620092585	4.64436995025157	86.0177200409549	3.8748362546575	-28.1625651416454	
1.46429544341198	9.03025898187821	1.54606944442236	8.96918883844872	1.81259300494981	7.4730416178935	1.87606534528944	20.7191393182835	2.10702264573412	26.0534462316944	2.24105781352692	26.1287055768248	2.06605048382335	34.6765316290228	2.66637034949082	29.5249627689267	2.22442605678757	29.5375813670301	3.47384852820999	42.3225125684886	3.24427697061172	96.9953858789385	4.64139833806082	84.7109776732886	3.8748362546575	-28.1625651416454	
1.46379985460809	8.9475463653101	1.54557918627609	8.86954943489095	1.81152063525092	7.3419193218575	1.8753238299384	20.5536544805054	2.10605345584334	25.8545902450077	2.24019397279718	25.894992050471	2.06495126057315	34.409219711063	2.66518201925809	29.2255835536008	2.22292184294975	29.2047117935118	3.47204505312917	41.662599775202	3.2419921162593	95.9969783240502	4.63835956333289	83.4028345965365	3.8748362546575	-28.1625651416454	
1.46325341903739	8.86398438259428	1.54490618125473	8.7692944271406	1.81075051185888	7.20785637493182	1.874672440431	20.3873109633542	2.10523164395523	25.6553356522779	2.23952895612552	25.6602838716547	2.06391868737079	34.1438859221577	2.6638013711286	28.9258020069418	2.22167905854793	28.8723451341599	3.47031863177846	41.0052201791981	3.23967936857452	94.9955607347436	4.63525588367518	82.0979995774124	3.8748362546575	-28.1625651416454	
1.46260962078097	8.78088992378871	1.54438875542772	8.66848341983961	1.80995159148964	7.07527236818439	1.87405329235079	20.2214237942429	2.10443635810153	25.454574179694	2.23853853693455	25.4281573188927	2.06280253974838	33.8775612060801	2.6626371227615	28.6266202319924	2.22023441326046	28.5395090882527	3.46840937218991	40.3481386064039	3.23755183817945	93.9973394443613	4.63219582996095	80.793462581498	3.8748362546575	-28.1625651416454	
1.46205814657469	8.69769208818227	1.54397070786058	8.56978651468259	1.80914805472901	6.94337754010944	1.8733045137081	20.0558122966006	2.10376029223625	25.2530508852803	2.23753808964623	25.1962673220534	2.06178471925444	33.6102194857994	2.6614911313437	28.3267679048212	2.21879565882694	28.2068816585923	3.46663437743662	39.6899133695424	3.23541601578874	93.0001835869538	4.62920423086593	79.4865004217145	3.8748362546575	-28.1625651416454	
1.46155951423773	8.61358248781859	1.54331305034844	8.4706705143869	1.80851612857122	6.80977420085251	1.87255292127215	19.8910538903961	2.10293569542587	25.0543606740039	2.23660916211689	24.9631330783135	2.06082485012158	33.3454407651222	2.66027054664528	28.0270627266097	2.21762470234126	27.8747366540026	3.46485849032496	39.0315167693353	3.23330409656031	92.0004647299427	4.62627345168701	78.1807005524489	3.8748362546575	-28.1625651416454	
1.46096892514678	8.53045077611181	1.54274930306266	8.36923179570043	1.80758611355966	6.67846424332664	1.87163913676843	19.7247681152418	2.10223706586719	24.8556481109869	2.23575764799442	24.7289352642439	2.05986340339812	33.0782480564463	2.65900542706747	27.7270539372533	2.21609589731497	27.5422153951107	3.46315306185825	38.373392115307	3.23104567417873	91.0014909309558	4.62318719119575	76.8744778627545	3.8748362546575	-28.1625651416454	
1.4603587212906	8.44792535537231	1.54217223185119	8.26915560187592	1.80666744073578	6.54741924706066	1.8709244539326	19.5592590630779	2.10130766549369	24.6545271479062	2.23490998966966	24.4971067346915	2.05891014063689	32.8110702489309	2.65776080278547	27.4267284982366	2.21439658587351	27.2094557176509	3.461445375301	37.7151109990937	3.22861157179775	90.0039923468571	4.61994337764178	75.5703599619788	3.8748362546575	-28.1625651416454	
1.45976180792563	8.36437175455926	1.54165466017906	8.1698030456575	1.8058867695393	6.41424245352264	1.87022025561784	19.3934966911857	2.10041129105859	24.4551123677013	2.23388012052162	24.2638495563776	2.05778622729176	32.5450957101247	2.65657310462392	27.1255760448129	2.21321563817087	26.877178465262	3.45970278570141	37.0557048452637	3.22632088496784	89.0093398844112	4.61683697341151	74.2654858273084	3.8748362546575	-28.1625651416454	
1.45912029905219	8.28112083356859	1.54120352176034	8.0700490894285	1.80512916756976	6.28229454006346	1.86949246632012	19.2271755257752	2.0998084184691	24.2537995521794	2.2328502496972	24.0306091418692	2.05676156547097	32.2779551555105	2.6551339401174	26.8243341844263	2.21214978438913	26.544472804509	3.45784672857282	36.3986530747904	3.224130622535	88.0108876260414	4.61372693679037	72.9605558132861	3.8748362546575	-28.1625651416454	
1.45836973416763	8.19703637891323	1.54069328080761	7.97014891556222	1.80438346879916	6.14954894885701	1.86884596578477	19.061964496821	2.09900531492488	24.0539079348389	2.23190756333197	23.7986390512923	2.05566630940466	32.0118986603216	2.65396323867437	26.5260185394302	2.21052856003839	26.2130076653665	3.45587168734234	35.7445517340934	3.22203977144144	87.0096712024014	4.61050475888431	71.6583601622131	3.8748362546575	-28.1625651416454	
1.45797600346206	8.11437684772935	1.54004519413088	7.87082150505213	1.80345047172182	6.01622733466551	1.86805204999385	18.8975246029219	2.09827907616288	23.8538915202793	2.23102148692063	23.5644561383832	2.05452381363045	31.7453019980652	2.65303132019682	26.2272968378108	2.20892425186423	25.8806372807245	3.4542656287536	35.0886250012369	3.21969862974526	86.0102503686	4.60735992397716	70.3558050206433	3.8748362546575	-28.1625651416454	
1.45750816504999	8.03155619774771	1.53958276805342	7.7702572982217	1.80243594900021	5.88416440287383	1.86725422233961	18.7312760806688	2.09737673245647	23.6550522973981	2.23012080215589	23.3308376069275	2.05345234077207	31.4778820466919	2.65172521822303	25.9278393913924	2.20784630281574	25.5461025025218	3.45239581792886	34.4281385132716	3.21729663758559	85.0099727180706	4.60440227718964	69.0458328264416	3.8748362546575	-28.1625651416454	
1.45686173535326	7.94749130086549	1.53908937468537	7.67013779789952	1.80150090196546	5.75315246855768	1.86656636568599	18.5658061440511	2.09640262993805	23.4553003784371	2.22907905146216	23.0981615738725	2.05236033014958	31.2112034280527	2.65041232838031	25.6280485315081	2.20636540644889	25.2119793688776	3.45044761435334	33.7694140875338	3.2150080841596	84.0121761107622	4.60128609035867	67.7387402815039	3.8748362546575	-28.1625651416454	
1.45614298741652	7.86356051442764	1.53841902638971	7.57060037415883	1.80069334991813	5.62048324579872	1.8658275754663	18.4003548338841	2.09550952832765	23.2549896659579	2.22812700818631	22.8642636456577	2.05127368839219	30.9454058405273	2.64922179127979	25.3280006266054	2.20454165915274	24.8821179671325	3.4486630576122	33.1113117852463	3.21275066067968	83.0123082421462	4.59823974481638	66.433545771883	3.8748362546575	-28.1625651416454	
1.45556424438787	7.78020249134598	1.53781468938266	7.47033372487685	1.80006725826928	5.48765197291947	1.86507979125493	18.2338939700941	2.09462126334897	23.0563348449377	2.2272903798408	22.6312746882325	2.05018305076618	30.6786396775703	2.64775377242659	25.0288114010758	2.20327878372478	24.5505727342524	3.44671027974106	32.4528555803973	3.21044592708387	82.0126042862955	4.59483123504866	65.1302045940976	3.8748362546575	-28.1625651416454	
1.45503629932472	7.69818184741794	1.53743636721124	7.37001305888811	1.79923422523624	5.35513409007169	1.86426323812046	18.0684538357974	2.09379591015332	22.8561135394214	2.22639280938964	22.3983453354493	2.04904910950998	30.4128998320418	2.64629945857883	24.7289963268057	2.20187864742593	24.2182992071535	3.44486072020562	31.7944925078013	3.20815273007187	81.0157688038384	4.59159851983301	63.8242426747117	3.8748362546575	-28.1625651416454	
1.45458077569213	7.61499518768186	1.53674699822356	7.26968866760924	1.7982452190303	5.22256451882348	1.86342387497522	17.9037401330743	2.09304158564771	22.6550112027914	2.22557945958581	22.1644921107159	2.04791028486967	30.1459716189645	2.64518984154752	24.4291980163412	2.20012331805488	23.8863795826162	3.44280622224071	31.1391506454938	3.20574058743907	80.0169514670367	4.5883601633404	62.5201238426135	3.8748362546575	-28.1625651416454	
1.45413942927463	7.53100805623093	1.53600699777338	7.17090934040828	1.79723202688344	5.09083826012653	1.86290665065157	17.7372494669634	2.09210517221148	22.4558087641234	2.22463778609209	21.9314882521303	2.04698874173305	29.8799207117109	2.64398432907683	24.1288371870684	2.19857450563521	23.5538434225637	3.44101619661041	30.4811675524902	3.20335570580554	79.0183725488028	4.58504727242674	61.2155635636358	3.8748362546575	-28.1625651416454	
1.45356832493629	7.44857017980928	1.53547992413715	7.07107948139305	1.79634662270063	4.95907242022204	1.86235752025252	17.5714964082965	2.09132520117757	22.2565131932023	2.22365559556682	21.6989295657141	2.04595366952446	29.6122921440907	2.64260783551332	23.8284372422492	2.19735632564664	23.2209962007862	3.43918848357432	29.8226182153881	3.20120453748886	78.0200618514576	4.58195810240225	59.9111513649405	3.8748362546575	-28.1625651416454	
1.45287048792716	7.36471389917386	1.53484149290649	6.97069455414971	1.79535541614615	4.82576896681989	1.86140690866387	17.4051361273397	2.0904779767094	22.0567258839852	2.22281268290103	21.4651191818172	2.04489668674153	29.3454905908776	2.64144138530756	23.5285364863064	2.19566788995741	22.8886183655639	3.43729492157914	29.1631748086569	3.19874505046751	77.0217511541123	4.57889839985484	58.6121976475957	3.8748362546575	-28.1625651416454	
1.45215129884038	7.28064713964657	1.5342534498303	6.87119764293909	1.79443280864154	4.69314351621986	1.86068541933265	17.239479926216	2.0896813646116	21.8555844318089	2.22171079826847	21.2335160323172	2.04383644771144	29.0794191945282	2.64021304010183	23.2291293313046	2.19387576330375	22.5563262120144	3.43552943926734	28.5053221008075	3.19610663960367	76.0209743147067	4.57555329161778	57.3114874559586	3.8748362546575	-28.1625651416454	
1.45158477056716	7.1979233472081	1.53371875231178	6.77029955698151	1.79368561836364	4.56167057725117	1.8599037703581	17.0751536536656	2.08898190732833	21.6560541676101	2.22083698867351	20.9994467407568	2.04261570931565	28.8130833025803	2.63878646248978	22.9293477846456	2.19260761363305	22.2229537243297	3.43356137868958	27.8496263359385	3.1939919978516	75.0211958530536	4.57211428459798	56.0038905998707	3.8748362546575	-28.1625651416454	
1.45096683866026	7.11537138377648	1.53301663703376	6.67010881048576	1.79288258184547	4.42932079812013	1.85887676736103	16.9087319054219	2.08808789640949	21.4557415924859	2.21998362613185	20.7655432246068	2.04147046717593	28.5466654542497	2.63745990824728	22.6297767168785	2.1910951182304	21.8910452756627	3.43158479265106	27.1927831817121	3.19190523825602	74.0245391845224	4.56877138548137	54.6992790981538	3.8748362546575	-28.1625651416454	
1.45018711942092	7.03179217159385	1.53257957510759	6.5705616078585	1.79211015284216	4.29557659633047	1.85815297858855	16.7433327493165	2.08710873113423	21.2565950331696	2.21901918192917	20.532872779487	2.0405870256974	28.2770382684793	2.6361883804833	22.3301851600158	2.18936256496997	21.5587382209528	3.42988578559532	26.5341090473909	3.18943302128904	73.0261986848562	4.56554959551773	53.3932040230805	3.8748362546575	-28.1625651416454	
1.44962214398258	6.94718245103135	1.53215205365572	6.47110660616175	1.79101512496137	4.16366244331302	1.85758716204961	16.5761845694991	2.08614195411981	21.0563476506225	2.2181734686949	20.2997832392285	2.03946867232478	28.0100336869546	2.63483771177889	22.0307426147579	2.18796615251788	21.2256060144809	3.42779052931064	25.8770777660134	3.18693356865477	72.027366446894	4.56239886675893	52.085922768915	3.8748362546575	-28.1625651416454	
1.44921291386908	6.86490289943987	1.53156276745597	6.37039851000037	1.78998065060933	4.03102698099578	1.85680567289001	16.4102601474866	2.08524388493373	20.855690486162	2.21717081416626	20.0672282781025	2.03822995980488	27.7460875686196	2.63354340715923	21.731545938648	2.18657732231795	20.8939583361224	3.42553916094629	25.2213838637894	3.18469968847409	71.0285342089317	4.55909317748519	50.7821056671267	3.8748362546575	-28.1625651416454	
1.44852994042485	6.78247759587238	1.53084237194558	6.27111114635908	1.78910717188405	3.89824087725926	1.85580741628186	16.2474128151144	2.08448394010592	20.6562216892503	2.21631364898794	19.8349713401862	2.0370951099853	27.4803384098657	2.63236346931872	21.4300973246596	2.18484141558028	20.563353738998	3.42366352602596	24.5645686492389	3.18252768299055	70.02941139834	4.55576282247859	49.4793823236148	3.8748362546575	-28.1625651416454	
1.44786517345225	6.69988651689448	1.53015245084077	6.17176045278573	1.78814115718618	3.76767737474149	1.85518789950851	16.0806651039851	2.08368810413743	20.4564138909375	2.21534256127134	19.6005239316785	2.03570026649735	27.2133710812422	2.63106690623598	21.1307479116547	2.18298069509216	20.2303314285847	3.42165960373732	23.9082395850492	3.18025295973974	69.0297372448103	4.55251450582862	48.1748206476533	3.8748362546575	-28.1625651416454	
1.44729960584991	6.61665096272556	1.52970049582677	6.07107750233267	1.78729034251014	3.635624454667	1.85450322655202	15.9151905107547	2.08280530115611	20.2577087785007	2.21433871423653	19.3662516118064	2.03460552999844	26.9466663855722	2.62953661530776	20.8312755640759	2.18149515141401	19.8972066726931	3.41967446001431	23.2505712790609	3.17795800930343	68.0322461112919	4.54918401034548	46.8735020695733	3.8748362546575	-28.1625651416454	
1.4465649433391	6.5327043438047	1.52920860192882	5.96960572169638	1.78638778030373	3.50263485695759	1.85379214248632	15.7500735453761	2.08202997016919	20.0574874729844	2.21352497692684	19.1317259722061	2.03343801604182	26.680140503828	2.6279492497306	20.5295680424241	2.17995315275403	19.5647450184431	3.41793172252069	22.5926440654091	3.17554217132235	67.0340024691689	4.5457031310044	45.5753558088623	3.8748362546575	-28.1625651416454	
1.44585343108029	6.44917635436124	1.52844050437289	5.8698540937737	1.78542425806373	3.36988414347722	1.8531925640022	15.5840317767247	2.08128603518975	19.8570817656071	2.21263272765708	18.9001544876722	2.03225043676356	26.4141790035373	2.62658000064602	20.2294828846202	2.17806499021753	19.2332947804611	3.41613355018108	21.9342735422329	3.17314275341978	66.0352670887498	4.54234569212628	44.2706227695553	3.8748362546575	-28.1625651416454	
1.44509092546449	6.36626490043289	1.52771546527649	5.77152785498377	1.78441786545062	3.23837465009921	1.85236373771836	15.4185413510114	2.08032226687693	19.6585796814819	2.21162141020448	18.6678267692436	2.03101425986833	26.1476140062468	2.62549353959436	19.9300459272975	2.17628524623677	18.8999576830325	3.41418152552872	21.2773800965898	3.17079415024651	65.0377014494289	4.53905221995192	42.962868985621	3.8748362546575	-28.1625651416454	
1.44446029150508	6.28340420358245	1.52711422935825	5.67208263217358	1.78336060364911	3.10624000647269	1.85139387260703	15.2537224088424	2.07921629321436	19.4587718831691	2.21064384240359	18.4345155742229	2.0298654285511	25.8807081449103	2.62421604330411	19.6310224771782	2.17480244594389	18.566683915536	3.41208619119921	20.6211292634927	3.16842741007828	64.0396068189107	4.53558082666681	41.6608116359437	3.8748362546575	-28.1625651416454	
1.44393703771166	6.1999455976675	1.52662411267988	5.57102854969217	1.78244303366249	2.97326158463364	1.85057333673558	15.0871823826374	2.07849017366165	19.2575633757706	2.20949114844339	18.201688666918	2.0286309823559	25.6150260413787	2.62276755400013	19.3320791207966	2.17317848733484	18.2352765183904	3.40991680439063	19.9641650373373	3.16587940851775	63.0442316501813	4.53209308562039	40.3585228526176	3.8748362546575	-28.1625651416454	
1.44336328046603	6.11675195301245	1.52595107715771	5.47107855007052	1.78153814761417	2.84077303844558	1.84989231842858	14.9215410826741	2.07777341120583	19.0582808433649	2.20841348649243	17.9688747981286	2.02744494669243	25.3472708138944	2.62151331538995	19.032400019616	2.17140723361083	17.9034388502358	3.40801952544048	19.3055113921118	3.16351730299484	62.0452653017747	4.52867197144934	39.0538964497403	3.8748362546575	-28.1625651416454	
1.44268585213971	6.03344515266996	1.52535669499947	5.37130783003597	1.78050994133083	2.70912151838169	1.84913990432165	14.7559044393235	2.0766991826861	18.8593447629406	2.20755416268883	17.7354667455647	2.02646482049608	25.0804264198449	2.62012818535205	18.7319628218956	2.16979463288223	17.5721394865037	3.40591553396121	18.6494300597152	3.1609889525386	61.0443729783753	4.52527242354267	37.7518861318508	3.8748362546575	-28.1625651416454	
1.4420048189431	5.94980726716791	1.52462725874502	5.271478436682	1.77951713688874	2.57815452037763	1.84853034058103	14.5896708182309	2.07569465847496	18.6591290453595	2.2065729623108	17.5021015338373	2.02511718765876	24.8142898309184	2.61876843883694	18.4323489132921	2.16832992972371	17.2397933162474	3.40374684262941	17.9946060127347	3.15833656099784	60.0469787024	4.52193668415463	36.4484369206519	3.8748362546575	-28.1625651416454	
1.44119831752653	5.8657488895434	1.52390738042716	5.1715666212841	1.77844539593154	2.44529228102425	1.8478024025511	14.4248369749014	2.0749056398052	18.459360362593	2.20555080244732	17.2690585597053	2.02379828306705	24.5473616178411	2.61716627044621	18.1331503745372	2.16637598342071	16.906797082865	3.40163070317053	17.3372226914406	3.15574663588166	59.0524715262688	4.51840887141765	35.1466873730709	3.8748362546575	-28.1625651416454	
1.44049402571853	5.78277596832805	1.52330122270775	5.07131720146893	1.77751826011538	2.31247521081359	1.84695718496662	14.2595505088222	2.07406255239415	18.2591297438514	2.20483612555457	17.0352779781293	2.02276398754656	24.2810611161493	2.61552641930629	17.8333390255572	2.16451839419624	16.5742944504237	3.3996183407303	16.6788931464557	3.153348207195	58.0529389337638	4.51474179283526	33.8460693823644	3.8748362546575	-28.1625651416454	
1.43975551591415	5.70092249679421	1.52279364513969	4.97206802205139	1.77662017258799	2.18021355807698	1.84618852586983	14.0926547174106	2.07326869243606	18.0577517357524	2.2038817211839	16.802253630448	2.02152049576442	24.0148854116766	2.6142404757864	17.532385875155	2.16309276289528	16.2423124272768	3.39762589329623	16.0215023745814	3.15085729056289	57.0506011977972	4.51119693560292	32.5419607948139	3.8748362546575	-28.1625651416454	
1.43915040200942	5.61751977023109	1.52221472178372	4.87232337904769	1.77555395672526	2.04667005629263	1.84535144139736	13.9278916545934	2.07237557760088	17.8575732710725	2.20283860457174	16.5695943611986	2.02028432892748	23.7482198315529	2.61300181239381	17.2315686978423	2.16131565380071	15.9099113089913	3.39565424931515	15.3652608547096	3.14832259338775	56.0495114340213	4.50765531010648	31.241914636141	3.8748362546575	-28.1625651416454	
1.4385722421575	5.53287745338003	1.52145586981626	4.77106533693212	1.77443114129288	1.91523553437832	1.84447486571023	13.7624105421054	2.07142822117093	17.6586614050339	2.20185875185823	16.3363949248816	2.01905179373636	23.4816175813612	2.6115355532979	16.932971793442	2.15914743730334	15.5777569911763	3.39356615443543	14.7093751000444	3.14601041247096	55.0515211116266	4.50412747827739	29.9403560096788	3.8748362546575	-28.1625651416454	
1.43800160411491	5.45032409296462	1.52075465616327	4.67095328719018	1.77343653036439	1.78414350632455	1.84382258729036	13.595861202675	2.07048130458718	17.4598985506002	2.20093855542565	16.102351710352	2.01758509606897	23.214691230929	2.61007985192501	16.6333895498045	2.15730249727884	15.2460916176898	3.39151358610105	14.0529268265709	3.14338533222088	54.0538623400526	4.5005277259587	28.6395014630495	3.8748362546575	-28.1625651416454	
1.43735957944592	5.36768365389261	1.52030933190409	4.57217489131175	1.77263940372243	1.65181212081349	1.84298100954735	13.4305561101452	2.06949001759561	17.2591873694329	2.1998478432647	15.8681632095077	2.01623106324111	22.9488899181135	2.60864598140526	16.3337775038461	2.15551313440641	14.9134464929013	3.38943468321218	13.396070633829	3.14063304005888	53.0550301020904	4.49711555921319	27.3363502750603	3.8748362546575	-28.1625651416454	
1.43647930669911	5.28464786840646	1.51980131448983	4.47277670028935	1.77173497949951	1.51925279411311	1.84198448272537	13.2640533368413	2.06855366208764	17.059405648151	2.19874229010594	15.6368655337977	2.01501769225883	22.6816394674407	2.6072717300998	16.0336923460422	2.15364280992778	14.5809671435232	3.38729349222954	12.7390915065131	3.13805258614406	52.0567603829365	4.49348226623156	26.0343893172649	3.8748362546575	-28.1625651416454	
1.43577646108955	5.20085538336437	1.51900687716402	4.37266930716007	1.77053724914843	1.38663432843205	1.84129837754027	13.0992586090582	2.06775689408644	16.8598232298906	2.19779474159076	15.4034947341351	2.01371785092058	22.4150726075052	2.60581822162488	15.7349184903611	2.15175105048379	14.2491061923053	3.38516857156874	12.0831182075301	3.13551211125321	51.0588780939553	4.48975676764656	24.7358947419276	3.8748362546575	-28.1625651416454	
1.43510500026503	5.11699072082618	1.51827796662369	4.27213024603795	1.76942763963154	1.25501738371711	1.84047713965533	12.9351912441712	2.06695428999306	16.6594845777355	2.19694450099953	15.1702040282101	2.01244937504243	22.1486268194986	2.60425796067792	15.4350130778056	2.1500179653625	13.9175702726505	3.38300263703325	11.4280110385003	3.13300995434921	50.0598037121352	4.48611701227578	23.4348930463385	3.8748362546575	-28.1625651416454	
1.43442976772377	5.03446343744161	1.51754763442527	4.17216534525581	1.76850271940268	1.12278180801135	1.83971344086989	12.7687145478982	2.06611020200396	16.4601647924286	2.19600911312994	14.9380085575808	2.01125886249969	21.8801656495363	2.60271594829837	15.1345209320559	2.14799619585954	13.585232484297	3.38080951777382	10.7719026977503	3.13036224476495	49.061064606426	4.48258467544148	22.1329097368024	3.8748362546575	-28.1625651416454	
1.43382552242869	4.95146956146932	1.51683595240966	4.07214503078312	1.76748862501379	0.990983022572348	1.83905237212113	12.6036665003868	2.06488455844849	16.2610703871741	2.19495647560125	14.7050615096695	2.01002776754655	21.6128034401599	2.60123976075663	14.8351640684708	2.14588531114928	13.2527419590486	3.37874351105419	10.1179615445286	3.12787368669562	48.0624260835501	4.47890808486579	20.8364622083869	3.8748362546575	-28.1625651416454	
1.43335728514862	4.86809011796946	1.5160633667986	3.97179921908606	1.76641538581758	0.86400822590625	1.83820128324047	12.4379758403294	2.0639609509538	16.0611377916422	2.19374558338636	14.472140538789	2.00868319053577	21.347940900455	2.59980273094041	14.5353126726221	2.14396771250381	12.9200670319391	3.3765917905676	9.46168556572314	3.12529151549182	47.0631393601931	4.47537732487703	19.5369003374298	3.8748362546575	-28.1625651416454	
1.43266568617303	4.78551813110344	1.51532432203673	3.87255795591003	1.76518386823592	0.732749025458284	1.83716558118413	12.2721426879249	2.06316384648323	15.8603725937682	2.1928058396163	14.2380293377147	2.00747233886255	21.0827822001854	2.59819086449559	14.237597730658	2.14206376455021	12.5918568650403	3.37442849913141	8.80288477153785	3.12258646601796	46.0648174869775	4.47161317772058	18.2338087540825	3.8748362546575	-28.1625651416454	
1.43174995659037	4.70234776951164	1.51473942452	3.77343776466295	1.76417469737697	0.59718967605692	1.83638685152169	12.1059081355098	2.06217884213555	15.6604996028783	2.19193107964157	14.0043688967451	2.00605796973693	20.8155298868676	2.59661937249685	13.9408634713185	2.14007901629548	12.2621994229293	3.37219905363487	8.14624092033293	3.11977222539807	45.0670134290888	4.46790484814878	16.9364280404916	3.8748362546575	-28.1625651416454	
1.43104352739123	4.61801139211181	1.5140796204432	3.67305004345202	1.76315167135682	0.463757732887385	1.83591814853968	11.9407837195508	2.06111011975788	15.4610717841579	2.19073598837939	13.7725999718348	2.0046571914366	20.5487935262316	2.59508700983573	13.6393710851712	2.13802021855938	11.9272511375232	3.37004966723474	7.48936144452781	3.11687541559279	44.0672610444666	4.46421275067964	15.6495302933026	3.8748362546575	-28.1625651416454	
1.4302296230312	4.53522287275748	1.51325698980601	3.5729324057749	1.7618762534324	0.330397028615467	1.83500195628188	11.7758381175178	2.06012108023978	15.2606232359442	2.1894510747916	13.5386545461709	2.00336586326565	20.2834969902275	2.59352514950523	13.337269614089	2.13604446235801	11.5940751588924	3.36762183370787	6.83389944161394	3.11419504950833	43.0676688473196	4.46038497875452	14.3460401039123	3.8748362546575	-28.1625651416454	
1.42943626039341	4.45165343946142	1.51219920347194	3.47332792681202	1.76065802379974	0.198135070288658	1.83395664688227	11.6105814537595	2.0592152240037	15.0605295216145	2.18848894586267	13.3055687312026	2.00207755731794	20.0152630629626	2.59203133969307	13.0367839875971	2.13407598276619	11.2608926610038	3.3655011153899	6.17682997601262	3.11145080608051	42.0702037908319	4.45642208215638	13.0386495357648	3.8748362546575	-28.1625651416454	
1.42894078497805	4.36780693771257	1.51159716923563	3.37277093773119	1.75957026711956	0.0662684874798238	1.83320790046335	11.4446477185217	2.05839243211976	14.8619799400403	2.18750082192201	13.073227042936	2.00055761900637	19.7486887524469	2.59046785155622	12.7373181592759	2.1318381923454	10.9287141288031	3.36317871470336	5.52205342648111	3.10866019816682	41.0725412939679	4.45258043572511	11.7374802021203	3.8748362546575	-28.1625651416454	
1.42824648904362	4.28491969817001	1.51104429330158	3.27175806627175	1.75845114742837	-0.0657436581301255	1.8325342519913	11.2780676454478	2.05744567309832	14.666188935801	2.18657578017895	12.8421621978586	1.99921093068149	19.482201986249	2.58893808420008	12.4371575643471	2.12974863596407	10.5966715696917	3.3608026353891	4.86746127881061	3.10603702184278	40.0740331562462	4.44877892477998	10.4351336767973	3.8748362546575	-28.1625651416454	
1.42743398468843	4.20177355096401	1.51027250184092	3.17256569752856	1.75724376543218	-0.197342616678706	1.83164068720503	11.1142210040006	2.05650881990903	14.4668365542056	2.18559761318258	12.6102954840825	1.99786602372059	19.2160914743534	2.58743643201736	12.1377885935691	2.12764449851707	10.2649205145324	3.3585694914709	4.2114218559279	3.10312532782633	39.0776037304124	4.44489152570684	9.13674340958343	3.8748362546575	-28.1625651416454	
1.42656953459415	4.11967281329835	1.50922511541727	3.07355400535627	1.7560579263591	-0.330639550823144	1.83069460446344	10.94804698755	2.05542183454593	14.2635921757557	2.18444425904274	12.3749754263638	1.99645332401397	18.9503348650194	2.58567837208414	11.8377220622158	2.12557770772241	9.93259576469438	3.35633145825469	3.5542532044771	3.10016099152301	38.0800902451532	4.44100039328745	7.83930681664064	3.8748362546575	-28.1625651416454	
1.42586653475757	4.03742259836658	1.50822147379713	2.9736517360143	1.75474918177477	-0.462699222985971	1.82981174687748	10.7817202342043	2.05430409798817	14.0631790177982	2.18333571571569	12.1417471190483	1.99493711625468	18.6828348199084	2.58397393126714	11.5380662440985	2.12340317803376	9.59990873039202	3.35393001138981	2.89867804587578	3.09726017232746	37.0840519747821	4.43731417657326	6.53907625610671	3.8748362546575	-28.1625651416454	
1.42527759333924	3.95600405445443	1.50756415478	2.87569825906715	1.75361229327245	-0.594374724605017	1.8288846371442	10.6168100224274	2.0533801453628	13.862150255648	2.18216271225854	11.9073788729557	1.99363000864455	18.4161711024298	2.58247062167948	11.2370814287303	2.12131831701997	9.26638723110245	3.35168405547646	2.24342931582137	3.09439791847807	36.0843480189315	4.43351976016413	5.23854394707294	3.8748362546575	-28.1625651416454	
1.42450716321023	3.8750306827118	1.50690572079511	2.77979951245266	1.75244999444852	-0.726605527282802	1.82827820503978	10.4510923540166	2.05243878856528	13.6623592211408	2.18119387462311	11.6731680203706	1.99222921600186	18.1495781654634	2.58087446260693	10.9369068639635	2.11925556307212	8.93462127478264	3.34932794830501	1.5892045748891	3.09155750628514	35.0845062273463	4.42947591757107	3.94025798798245	3.8748362546575	-28.1625651416454	
1.42347237531675	3.79100536703712	1.50602088816492	2.67869793252219	1.75110162874167	-0.858084170601989	1.82767258007771	10.2863982090668	2.05154974522211	13.4623930979978	2.18011627814413	11.4396994318423	1.99052867724015	17.8836613686541	2.57931057066607	10.6369316022182	2.11674845418551	8.60352307671711	3.3470142850948	0.933455258974602	3.08867078623076	34.0839007512862	4.42546753297802	2.64209496346596	3.8748362546575	-28.1625651416454	
1.42288154298181	3.70575862186384	1.50508988946714	2.57541472956431	1.74982058073035	-0.989713688171098	1.82666561556272	10.1242279481742	2.05068804222689	13.2618719066268	2.17911507717138	11.2062513324097	1.98901638320683	17.6179513254466	2.57762425427118	10.3379305038397	2.11433732357943	8.27215898606916	3.34454006095847	0.278057051654058	3.08561645465521	33.0859402312125	4.42164130586093	1.34134658760514	3.8748362546575	-28.1625651416454	
1.42219509440052	3.62170490085199	1.50438502682245	2.47541280871159	1.74857385340536	-1.12348955492678	1.8255408070535	9.95815451455686	2.04986860363392	13.061621730112	2.17808150196484	10.9736749508655	1.987742974957	17.3508070455423	2.57557733188742	10.0388427924658	2.11216812955424	7.94068499936263	3.34205588188018	-0.377836153591383	3.08258483008615	32.0882833222836	4.41770378287864	0.0439733245944236	3.8748362546575	-28.1625651416454	
1.42122213354375	3.53786561685275	1.5036224714042	2.37480948633488	1.74733413302548	-1.25457529655347	1.8246771838981	9.79047734354218	2.04876568682234	12.863077736473	2.17682687912581	10.7415027632994	1.98634583891957	17.0840278440698	2.57384559607788	9.73928848850428	2.10999718336204	7.60854278874054	3.33958603404027	-1.03152259010109	3.07945977659823	31.0881360569085	4.41368173984628	-1.25402951244683	3.8748362546575	-28.1625651416454	
1.42033739036708	3.45405939480334	1.50270166400058	2.27420523263564	1.74592017978762	-1.38501481675938	1.82402665648108	9.62460786955897	2.04759644171741	12.6638855423528	2.17572477183149	10.5075787580538	1.98491085547512	16.8182824106061	2.57233634683496	9.43858306989517	2.10760610475969	7.27674749576103	3.33705392204158	-1.68557131107511	3.07638192239881	30.0889331525791	4.40972060092159	-2.55171197453764	3.8748362546575	-28.1625651416454	
1.41950907541998	3.36985759350915	1.50175134202406	2.17316092904079	1.74448961172589	-1.51756261834345	1.82328798109347	9.45800823871193	2.0466724664609	12.4630830915775	2.17443065116542	10.2747546447165	1.98317034197354	16.5519353427878	2.57065419962782	9.13881735571922	2.10498807425986	6.94528189095727	3.3344938481419	-2.34194438025433	3.07322007878199	29.0928892942729	4.40557530075713	-3.84496134138384	3.8748362546575	-28.1625651416454	
1.41878707857025	3.28658362228585	1.50081495828526	2.07370592734404	1.74302353531453	-1.64972985825853	1.82224227440911	9.29217694895247	2.04563557714294	12.2636478222769	2.17334080388882	10.0410122473642	1.98140719839272	16.2845153914145	2.56890196395899	8.83962533622199	2.10253290724734	6.6131769332364	3.33195695048977	-2.99815877535744	3.06991651920797	28.0951932697977	4.40145461729939	-5.13881420522973	3.8748362546575	-28.1625651416454	
1.41794678128508	3.20397089005912	1.49997416047826	1.97336104696951	1.74122038720299	-1.78085797506035	1.82124012223579	9.12735800678352	2.04446227162873	12.0641324592386	2.17232093853059	9.807761588308	1.97981275173714	16.0172388637108	2.56704022395782	8.53953552180546	2.09997225524044	6.28090806275018	3.32932052965233	-3.65049054503905	3.06687686229601	27.0960052666289	4.39729351582715	-6.43775954067173	3.8748362546575	-28.1625651416454	
1.41705977745673	3.12003381719419	1.49929386469124	1.87325411950149	1.73950774682974	-1.91211624418578	1.82052910624977	8.96156024463515	2.04351959696902	11.8638776261113	2.1711609511039	9.57510976963883	1.97821545627056	15.7511656047164	2.56512530617674	8.23916910459742	2.09740715913682	5.94760542425525	3.32668550970885	-4.30318883379211	3.0636006369232	26.0978156412127	4.39304600937779	-7.73667507379276	3.8748362546575	-28.1625651416454	
1.41619494772627	3.03718196790779	1.49831874981342	1.77457525871849	1.73788053786391	-2.04276356573129	1.81977489448072	8.79571032842507	2.04258556344033	11.6636134797586	2.16993418249916	9.3417911240379	1.97644103376797	15.4873955063397	2.56324667393398	7.93974518579011	2.0949578040021	5.61649884428695	3.32397373771102	-4.95688960393763	3.06028542397753	25.098419021797	4.38879081495369	-9.03147043603939	3.8748362546575	-28.1625651416454	
1.41554068059499	2.95418436664538	1.49713326773953	1.67408811882744	1.73595377831025	-2.17469005877227	1.81886691123771	8.63052910179181	2.04166797830234	11.4625744730606	2.16862554251411	9.10864104781497	1.97474442745181	15.2230815156052	2.56132267149698	7.63927585744246	2.09241828777318	5.28660344926941	3.32141808174371	-5.61196726168475	3.05697846502954	24.098336948999	4.38451664780067	-10.3275323969273	3.8748362546575	-28.1625651416454	
1.414811814665	2.8713890952027	1.49628346086507	1.57288444266458	1.73419947440662	-2.30768058780422	1.81785382715342	8.46588990487122	2.04057785281054	11.263446540195	2.16737640681816	8.8761671117491	1.97298507402792	14.9541397832172	2.55933719900503	7.33959815324563	2.08958203763679	4.95454692032012	3.31887918196922	-6.26635032744718	3.05369109698746	23.1024346517174	4.38009507247014	-11.6228940032724	3.8748362546575	-28.1625651416454	
1.41392577437134	2.78691162243952	1.49555263944872	1.473264247634	1.73230400089452	-2.43869182362847	1.81708324922943	8.2999924912121	2.03971651236174	11.063847358129	2.16622322597998	8.64366151071719	1.97106914027283	14.6866704717498	2.5573239410104	7.04037959105628	2.08680755109075	4.6233108865201	3.3162779106079	-6.92002139713514	3.05018830126257	22.1053067339858	4.37568874248273	-12.9160949413471	3.8748362546575	-28.1625651416454	
1.41298056541978	2.70294917103564	1.49446336740917	1.37474115054421	1.7300974337672	-2.56923879517133	1.81625942227937	8.13453093649719	2.03868011020115	10.8640879885878	2.16523851977781	8.40897475231914	1.96891720735692	14.4190540113226	2.55538935770701	6.74112703559457	2.08399950539503	4.29115330907626	3.31337876436416	-7.57353879860558	3.04673017639016	21.1071226965047	4.37130436218522	-14.2105140492914	3.8748362546575	-28.1625651416454	
1.41233075814786	2.62082771144368	1.49345291270455	1.27475762331147	1.72796170315149	-2.69874501378648	1.81532647813029	7.96884772702005	2.03742219094582	10.6648799619846	2.1641422171901	8.17612083666087	1.96697844412642	14.1525057778377	2.55333341693093	6.44127377710076	2.08088616757764	3.96056221612853	3.31046816475612	-8.22620939506527	3.0432511497171	20.1087728836132	4.36670337909699	-15.5035026458291	3.8748362546575	-28.1625651416454	
1.41141362748933	2.53802568791266	1.49233700833758	1.17425686282841	1.7257960219817	-2.82887894378712	1.81451761230116	7.8038415890225	2.03634403081873	10.4643326935827	2.16272341658715	7.9440883474744	1.9652602415573	13.8858755879701	2.55114867238562	6.14252320448292	2.07770966262602	3.62954364613935	3.30757895822721	-8.8790795273771	3.03968381544474	19.111289200675	4.36206882144569	-16.7972586521318	3.8748362546575	-28.1625651416454	
1.41037964350185	2.45505625915679	1.49125788346496	1.07430651396082	1.72305106819239	-2.95976794352926	1.81362690452153	7.63870972248335	2.03528666697345	10.2650063890181	2.16138106578654	7.71153338634838	1.96323594158679	13.6197697326872	2.54904361880239	5.84267087731164	2.07431939943387	3.29879492685335	3.30457740027792	-9.53166141536577	3.03622216565607	18.111974537642	4.35770364410003	-18.09271339073	3.8748362546575	-28.1625651416454	
1.40956670896295	2.3716644756334	1.49006779772387	0.974381310801537	1.72004824129219	-3.09034332040929	1.81285547344786	7.47224885869334	2.03420976771161	10.0654928886249	2.16001701279501	7.47772160546762	1.96130452397685	13.3525248699495	2.54672837536436	5.54378433160437	2.07078291083224	2.96601382897542	3.30161086094809	-10.184274036998	3.03241290001823	17.1145485967007	4.35296588960913	-19.3822300168744	3.8748362546575	-28.1625651416454	
1.40875794708097	2.28747338454831	1.48888723647326	0.874708146802042	1.71113213424016	-3.20527294444021	1.8119789181567	7.30656378657114	2.03310835949708	9.86550534506373	2.15878523680056	7.24445464826713	1.95942852435597	13.0858918861144	2.54428371142366	5.24307285939882	2.0667764366426	2.63554846456929	3.29869839678569	-10.8364889839097	3.02858904288392	16.1175184678347	4.34791342238347	-20.6714709715498	3.8748362546575	-28.1625651416454	
1.40775300443228	2.20512887321033	1.487731734814	0.774550113010168	1.68471674982811	-3.2914726653927	1.81098315149185	7.14155438894474	2.03189824412742	9.66574318155492	2.15741782045978	7.01244404516012	1.95740284002684	12.819987196498	2.54201679548995	4.94294346377476	2.06261310127561	2.30481650908883	3.29561766744173	-11.488617317826	3.02464435194214	15.1191984572642	4.34292821231737	-21.9602574408305	3.8748362546575	-28.1625651416454	
1.40673529661069	2.1231068322985	1.48655352163715	0.674133579008456	1.65050584939649	-3.37985074974374	1.81006582055832	6.97435312374308	2.03090553757323	9.46558520597071	2.15599617208776	6.77705693221922	1.95537768625472	12.5533244103419	2.5397798734634	4.64300824889827	2.05829287094756	1.97415579978195	3.29251014302173	-12.1410958290138	3.02064956931497	14.1215732133014	4.33810517841089	-23.2519049329244	3.8748362546575	-28.1625651416454	
1.40572958635429	2.03934345108549	1.48529696975533	0.574938649128311	1.65050584939649	-3.37985074974374	1.80929019952841	6.80886456067479	2.02966630496198	9.26595715290628	2.15469169742548	6.54318089008386	1.95339028256642	12.2866010882213	2.53749708034821	4.34248909479525	2.05349408267865	1.64513235548348	3.28919640314857	-12.7914253134628	3.01659471589265	13.1243894162179	4.33321012007921	-24.5418089892415	3.8748362546575	-28.1625651416454	
1.40479166982149	1.95521638842436	1.4839439577616	0.476280452063956	1.65050584939649	-3.37985074974374	1.80833669861623	6.64411267372803	2.02848811829884	9.06523107057853	2.15332662462408	6.31047226074033	1.95146661112142	12.0192016259436	2.53476921617123	4.04525145562801	2.04835056542191	1.31641386110605	3.28590987798794	-13.4410535120464	3.01245334321992	12.1283781542002	4.32807651187461	-25.829090441313	3.8748362546575	-28.1625651416454	
1.40384232987804	1.87163659416515	1.48231052786942	0.376010077491855	1.65050584939649	-3.37985074974374	1.80751425621105	6.4784480907015	2.02753357541136	8.86542420358827	2.15189607970583	6.0776486130643	1.94932686241357	11.7525248699495	2.53214532012027	3.74515651893757	2.04302082311457	0.985481729489222	3.28257255262663	-14.0919967380428	3.00802982965541	11.1343422272695	4.32266808353249	-27.1148445244347	3.8748362546575	-28.1625651416454	
1.4026231996433	1.78930791531019	1.48063213522208	0.275167376121007	1.65050584939649	-3.37985074974374	1.80676082266678	6.313910873598	2.0265621633791	8.66605226421969	2.15043004484322	5.84502147444218	1.94705285920814	11.4868884012219	2.52955774259974	3.44567415964149	2.03791215377514	0.653892049605148	3.27916873608366	-14.7419592814148	3.00348315650321	10.1349893800128	4.31694806708941	-28.3951894863	3.8748362546575	-28.1625651416454	
1.40145907788925	1.70713872543855	1.47900642160084	0.1750413419892	1.65050584939649	-3.37985074974374	1.80582785933246	6.14841951656212	2.0254412095966	8.46597903898574	2.14884933662751	5.61316453955269	1.94498865164612	11.2196807913855	2.52656950930915	3.1464253294699	2.03262404402535	0.325001906300804	3.27553160339798	-15.3870668404359	2.99904380493682	9.13562442556317	4.31116070929521	-29.6751470179926	3.8748362546575	-28.1625651416454	
1.40031873034422	1.62369606842194	1.4774816098672	0.0754355533540126	1.65050584939649	-3.37985074974374	1.80484354018787	5.98262175441374	2.02419340244391	8.2656944035374	2.1472628836358	5.37963820902748	1.94289065038082	10.9538971736981	2.52352451618576	2.84634063732729	2.02725485864982	-0.00258226633845308	3.27216955396594	-16.040880402471	2.99426512649009	8.13711302821267	4.30520790616632	-30.9559315640922	3.8748362546575	-28.1625651416454	
1.39920249097468	1.54018775316693	1.47556831344064	-0.0228656925227024	1.65050584939649	-3.37985074974374	1.80407527357951	5.81634855211361	2.02283007009229	8.06560348317537	2.1458286981776	5.14684017272104	1.94074585344477	10.687680491034	2.52058545134885	2.54653441062127	2.02189167998185	-0.326568885561998	3.26859946380489	-16.6924820734965	2.98935717895627	7.13981002184533	4.29869458160846	-32.2339891978228	3.8748362546575	-28.1625651416454	
1.3979702687834	1.45690190758137	1.47556831344064	-0.0228656925227024	1.65050584939649	-3.37985074974374	1.8031707652873	5.65279760556977	2.02159262722692	7.86626786538548	2.14435084020979	4.91420977447006	1.93848422480973	10.4210801034874	2.51733888631174	2.24763808602743	2.01591316476426	-0.659016628181703	3.26475848939776	-17.340988028431	2.98439647854101	6.14252890155746	4.29178611166594	-33.5078000008149	3.8748362546575	-28.1625651416454	
1.39690172667473	1.37390570330276	1.47556831344064	-0.0228656925227024	1.65050584939649	-3.37985074974374	1.80217639778911	5.48743896199447	2.0205921742284	7.6662672833089	2.14250196451491	4.68101825439453	1.93645950045299	10.1546706370595	2.51396188594468	1.94797016071716	2.0098506337845	-0.99258935021045	3.26074195867089	-17.9892555647976	2.9790302050016	5.14463264273827	4.28451524932398	-34.7774757317721	3.8748362546575	-28.1625651416454	
1.39569722591113	1.29080146561062	1.47556831344064	-0.0228656925227024	1.65050584939649	-3.37985074974374	1.80128945828032	5.32100417523532	2.01942019579648	7.46712351796026	2.14060176853972	4.44716502966117	1.93459037848053	9.88747327177097	2.51055712233355	1.64853879132962	2.00379054970346	-1.32334621856859	3.26074195867089	-17.9892555647976	2.97360927148821	4.14763930111229	4.27654726923902	-36.0427034663242	3.8748362546575	-28.1625651416454	
1.39434998260509	1.20721596700091	1.47556831344064	-0.0228656925227024	1.65050584939649	-3.37985074974374	1.80069771583377	5.15390908080212	2.01791088586613	7.26706938483818	2.13884423908777	4.2145532578608	1.93229418047857	9.62095856589718	2.50674844744444	1.35461118885067	1.99724966321163	-1.6527584900235	3.26074195867089	-17.9892555647976	2.96795998899452	3.15130405526934	4.26813576695156	-37.3019483849412	3.8748362546575	-28.1625651416454	
1.39312912617559	1.12395934165974	1.47556831344064	-0.0228656925227024	1.65050584939649	-3.37985074974374	1.79977418871218	4.98955254026951	2.01656842290514	7.06746834012714	2.13711534335218	3.98209515427794	1.93005802030295	9.35433210131974	2.50261075269181	1.05851139298493	1.99724966321163	-1.6527584900235	3.26074195867089	-17.9892555647976	2.96187144615268	2.1547128703535	4.25924909939169	-38.5571029350047	3.8748362546575	-28.1625651416454	
1.39201920219758	1.04096174039734	1.47556831344064	-0.0228656925227024	1.65050584939649	-3.37985074974374	1.79835174884395	4.82574501436856	2.01539788857619	6.86752596570871	2.13531186821265	3.74964543259786	1.92776608368968	9.08613077034343	2.49843565324217	0.754470791979218	1.99724966321163	-1.6527584900235	3.26074195867089	-17.9892555647976	2.95529726995521	1.15775352199988	4.24979256213607	-39.8069973754167	3.8748362546575	-28.1625651416454	
1.39057088723693	0.95855366629666	1.47556831344064	-0.0228656925227024	1.65050584939649	-3.37985074974374	1.79742246716747	4.65981686706593	2.01416094632581	6.6677316715726	2.13333164501556	3.51570908732866	1.92531344552057	8.81968684498195	2.49379373353712	0.452924912994103	1.99724966321163	-1.6527584900235	3.26074195867089	-17.9892555647976	2.9482436356063	0.162338597439911	4.24979256213607	-39.8069973754167	3.8748362546575	-28.1625651416454	
1.38910085533555	0.875036270646984	1.47556831344064	-0.0228656925227024	1.65050584939649	-3.37985074974374	1.79663461596873	4.49384820723323	2.01270703044953	6.46852876724329	2.13119770666625	3.28187821433602	1.92310584669754	8.55393768622813	2.48872926018568	0.152312597534207	1.99724966321163	-1.6527584900235	3.26074195867089	-17.9892555647976	2.94007429923759	-0.826461201394423	4.24979256213607	-39.8069973754167	3.8748362546575	-28.1625651416454	
1.38774182448338	0.791091921824787	1.47556831344064	-0.0228656925227024	1.65050584939649	-3.37985074974374	1.79573976852426	4.32918572724939	2.01149650410467	6.26832888214521	2.12915916248942	3.04907505575566	1.92089141958617	8.28825930798661	2.48872926018568	0.152312597534207	1.99724966321163	-1.6527584900235	3.26074195867089	-17.9892555647976	2.94007429923759	-0.826461201394423	4.24979256213607	-39.8069973754167	3.8748362546575	-28.1625651416454	
1.386256291812	0.707968126359513	1.47556831344064	-0.0228656925227024	1.65050584939649	-3.37985074974374	1.79458310937663	4.16329553133988	2.01021856115782	6.06926893582431	2.12716601684232	2.81703395183578	1.91849064142791	8.02162725547399	2.48872926018568	0.152312597534207	1.99724966321163	-1.6527584900235	3.26074195867089	-17.9892555647976	2.94007429923759	-0.826461201394423	4.24979256213607	-39.8069973754167	3.8748362546575	-28.1625651416454	
1.38473934619472	0.625198117040467	1.47556831344064	-0.0228656925227024	1.65050584939649	-3.37985074974374	1.79371878453369	3.9980877620145	2.00885395066492	5.86831700778295	2.12490464713821	2.58422404116708	1.91612850655002	7.75509764843971	2.48872926018568	0.152312597534207	1.99724966321163	-1.6527584900235	3.26074195867089	-17.9892555647976	2.94007429923759	-0.826461201394423	4.24979256213607	-39.8069973754167	3.8748362546575	-28.1625651416454	
1.38301329322799	0.541663782962269	1.47556831344064	-0.0228656925227024	1.65050584939649	-3.37985074974374	1.79284736182528	3.8310990711804	2.00751335367856	5.66824611085532	2.12269059905181	2.35113519940052	1.91373750824506	7.49071148020911	2.48872926018568	0.152312597534207	1.99724966321163	-1.6527584900235	3.26074195867089	-17.9892555647976	2.94007429923759	-0.826461201394423	4.24979256213607	-39.8069973754167	3.8748362546575	-28.1625651416454	
1.38137122676244	0.459547038190627	1.47556831344064	-0.0228656925227024	1.65050584939649	-3.37985074974374	1.79168071190306	3.66507220368955	2.00604344876897	5.46977196640603	2.1203218380524	2.1190344908387	1.91121851961712	7.22384100912871	2.48872926018568	0.152312597534207	1.99724966321163	-1.6527584900235	3.26074195867089	-17.9892555647976	2.94007429923759	-0.826461201394423	4.24979256213607	-39.8069973754167	3.8748362546575	-28.1625651416454	
1.37961648959584	0.376363870914041	1.47556831344064	-0.0228656925227024	1.65050584939649	-3.37985074974374	1.79066613221365	3.50174663719807	2.00484334352211	5.26995299222287	2.1178718253689	1.88545286303825	1.90846620112694	6.95741524455657	2.48872926018568	0.152312597534207	1.99724966321163	-1.6527584900235	3.26074195867089	-17.9892555647976	2.94007429923759	-0.826461201394423	4.24979256213607	-39.8069973754167	3.8748362546575	-28.1625651416454	
1.37755939318497	0.29270325532149	1.47556831344064	-0.0228656925227024	1.65050584939649	-3.37985074974374	1.78992057223926	3.33578077133296	2.00344407355683	5.06998780040245	2.1153453149898	1.6528726397886	1.9058062502728	6.69045024423933	2.48872926018568	0.152312597534207	1.99724966321163	-1.6527584900235	3.26074195867089	-17.9892555647976	2.94007429923759	-0.826461201394423	4.24979256213607	-39.8069973754167	3.8748362546575	-28.1625651416454	
1.37530107140552	0.211313029435031	1.47556831344064	-0.0228656925227024	1.65050584939649	-3.37985074974374	1.7889224866685	3.17122306513379	2.00195525477791	4.86965846147264	2.11277338651156	1.41972605602516	1.90341335974738	6.42224891326302	2.48872926018568	0.152312597534207	1.99724966321163	-1.6527584900235	3.26074195867089	-17.9892555647976	2.94007429923759	-0.826461201394423	4.24979256213607	-39.8069973754167	3.8748362546575	-28.1625651416454	
1.37238295555214	0.129479464920282	1.47556831344064	-0.0228656925227024	1.65050584939649	-3.37985074974374	1.78786122786336	3.00629888351891	2.00055779975078	4.66973378218229	2.11014691634895	1.18629949342603	1.90082831875951	6.15651838095981	2.48872926018568	0.152312597534207	1.99724966321163	-1.6527584900235	3.26074195867089	-17.9892555647976	2.94007429923759	-0.826461201394423	4.24979256213607	-39.8069973754167	3.8748362546575	-28.1625651416454	
1.36937272465049	0.0456592584810013	1.47556831344064	-0.0228656925227024	1.65050584939649	-3.37985074974374	1.78675186511789	2.84038191208665	1.99922543473632	4.46919768965074	2.10726016317351	0.954548205436071	1.89794919556074	5.88939459015115	2.48872926018568	0.152312597534207	1.99724966321163	-1.6527584900235	3.26074195867089	-17.9892555647976	2.94007429923759	-0.826461201394423	4.24979256213607	-39.8069973754167	3.8748362546575	-28.1625651416454	
1.36937272465049	0.0456592584810013	1.47556831344064	-0.0228656925227024	1.65050584939649	-3.37985074974374	1.78584618713691	2.67488543277685	1.99764049485854	4.27056242640369	2.10430982392585	0.72201134689174	1.89504912450742	5.62256556292335	2.48872926018568	0.152312597534207	1.99724966321163	-1.6527584900235	3.26074195867089	-17.9892555647976	2.94007429923759	-0.826461201394423	4.24979256213607	-39.8069973754167	3.8748362546575	-28.1625651416454	
1.36937272465049	0.0456592584810013	1.47556831344064	-0.0228656925227024	1.65050584939649	-3.37985074974374	1.78491045678501	2.50977941043791	1.99584184849848	4.07167943136357	2.10083656093083	0.489117413468495	1.89220437044121	5.35735843388221	2.48872926018568	0.152312597534207	1.99724966321163	-1.6527584900235	3.26074195867089	-17.9892555647976	2.94007429923759	-0.826461201394423	4.24979256213607	-39.8069973754167	3.8748362546575	-28.1625651416454	
1.36937272465049	0.0456592584810013	1.47556831344064	-0.0228656925227024	1.65050584939649	-3.37985074974374	1.78370910959035	2.34511727970002	1.99431302790148	3.87119060345043	2.09694297812774	0.25755602796325	1.88928288421312	5.09094989877688	2.48872926018568	0.152312597534207	1.99724966321163	-1.6527584900235	3.26074195867089	-17.9892555647976	2.94007429923759	-0.826461201394423	4.24979256213607	-39.8069973754167	3.8748362546575	-28.1625651416454	
1.36937272465049	0.0456592584810013	1.47556831344064	-0.0228656925227024	1.65050584939649	-3.37985074974374	1.78250827751603	2.17985141913181	1.9925876509994	3.67175626547232	2.09694297812774	0.25755602796325	1.88628087366389	4.82488176205641	2.48872926018568	0.152312597534207	1.99724966321163	-1.6527584900235	3.26074195867089	-17.9892555647976	2.94007429923759	-0.826461201394423	4.24979256213607	-39.8069973754167	3.8748362546575	-28.1625651416454	
1.36937272465049	0.0456592584810013	1.47556831344064	-0.0228656925227024	1.65050584939649	-3.37985074974374	1.78155849315137	2.01431384521536	1.99082275287079	3.4719039965087	2.09694297812774	0.25755602796325	1.8831612112348	4.55753678214678	2.48872926018568	0.152312597534207	1.99724966321163	-1.6527584900235	3.26074195867089	-17.9892555647976	2.94007429923759	-0.826461201394423	4.24979256213607	-39.8069973754167	3.8748362546575	-28.1625651416454	
1.36937272465049	0.0456592584810013	1.47556831344064	-0.0228656925227024	1.65050584939649	-3.37985074974374	1.78052403432335	1.84969083002374	1.98932527661615	3.27174741790828	2.09694297812774	0.25755602796325	1.88004504866939	4.29157295354971	2.48872926018568	0.152312597534207	1.99724966321163	-1.6527584900235	3.26074195867089	-17.9892555647976	2.94007429923759	-0.826461201394423	4.24979256213607	-39.8069973754167	3.8748362546575	-28.1625651416454	
1.36937272465049	0.0456592584810013	1.47556831344064	-0.0228656925227024	1.65050584939649	-3.37985074974374	1.77929944017048	1.68557713184093	1.98761263757594	3.07226371983606	2.09694297812774	0.25755602796325	1.87696162460713	4.02564218690246	2.48872926018568	0.152312597534207	1.99724966321163	-1.6527584900235	3.26074195867089	-17.9892555647976	2.94007429923759	-0.826461201394423	4.24979256213607	-39.8069973754167	3.8748362546575	-28.1625651416454	
1.36937272465049	0.0456592584810013	1.47556831344064	-0.0228656925227024	1.65050584939649	-3.37985074974374	1.77827192425332	1.51973711093274	1.98564984530319	2.87320191087011	2.09694297812774	0.25755602796325	1.87373140252916	3.75885763032549	2.48872926018568	0.152312597534207	1.99724966321163	-1.6527584900235	3.26074195867089	-17.9892555647976	2.94007429923759	-0.826461201394423	4.24979256213607	-39.8069973754167	3.8748362546575	-28.1625651416454	
1.36937272465049	0.0456592584810013	1.47556831344064	-0.0228656925227024	1.65050584939649	-3.37985074974374	1.77749556297912	1.35255604378846	1.98380256435266	2.67408515387486	2.09694297812774	0.25755602796325	1.87040978633829	3.49197202525397	2.48872926018568	0.152312597534207	1.99724966321163	-1.6527584900235	3.26074195867089	-17.9892555647976	2.94007429923759	-0.826461201394423	4.24979256213607	-39.8069973754167	3.8748362546575	-28.1625651416454	
1.36937272465049	0.0456592584810013	1.47556831344064	-0.0228656925227024	1.65050584939649	-3.37985074974374	1.77631192743858	1.18812883915885	1.98188814412474	2.47333508999195	2.09694297812774	0.25755602796325	1.86680523601327	3.22589923192085	2.48872926018568	0.152312597534207	1.99724966321163	-1.6527584900235	3.26074195867089	-17.9892555647976	2.94007429923759	-0.826461201394423	4.24979256213607	-39.8069973754167	3.8748362546575	-28.1625651416454	
1.36937272465049	0.0456592584810013	1.47556831344064	-0.0228656925227024	1.65050584939649	-3.37985074974374	1.77526023203573	1.02306757850903	1.98005007048532	2.2730946923638	2.09694297812774	0.25755602796325	1.86315747721594	2.95990117722078	2.48872926018568	0.152312597534207	1.99724966321163	-1.6527584900235	3.26074195867089	-17.9892555647976	2.94007429923759	-0.826461201394423	4.24979256213607	-39.8069973754167	3.8748362546575	-28.1625651416454	
1.36937272465049	0.0456592584810013	1.47556831344064	-0.0228656925227024	1.65050584939649	-3.37985074974374	1.77442010207441	0.85692708966948	1.97822410729321	2.07453160661286	2.09694297812774	0.25755602796325	1.85960381515396	2.69881026093329	2.48872926018568	0.152312597534207	1.99724966321163	-1.6527584900235	3.26074195867089	-17.9892555647976	2.94007429923759	-0.826461201394423	4.24979256213607	-39.8069973754167	3.8748362546575	-28.1625651416454	
1.36937272465049	0.0456592584810013	1.47556831344064	-0.0228656925227024	1.65050584939649	-3.37985074974374	1.77329070884458	0.691226126856606	1.9760408064142	1.87957867623562	2.09694297812774	0.25755602796325	1.8559139647671	2.43536053750698	2.48872926018568	0.152312597534207	1.99724966321163	-1.6527584900235	3.26074195867089	-17.9892555647976	2.94007429923759	-0.826461201394423	4.24979256213607	-39.8069973754167	3.8748362546575	-28.1625651416454	
1.36937272465049	0.0456592584810013	1.47556831344064	-0.0228656925227024	1.65050584939649	-3.37985074974374	1.77193568488203	0.526285625269574	1.97386456200919	1.68227310873132	2.09694297812774	0.25755602796325	1.85186655642974	2.16408118556776	2.48872926018568	0.152312597534207	1.99724966321163	-1.6527584900235	3.26074195867089	-17.9892555647976	2.94007429923759	-0.826461201394423	4.24979256213607	-39.8069973754167	3.8748362546575	-28.1625651416454	
1.36937272465049	0.0456592584810013	1.47556831344064	-0.0228656925227024	1.65050584939649	-3.37985074974374	1.77078067830919	0.362059575392596	1.97163304850451	1.47831929534391	2.09694297812774	0.25755602796325	1.84765921293353	1.8959902163113	2.48872926018568	0.152312597534207	1.99724966321163	-1.6527584900235	3.26074195867089	-17.9892555647976	2.94007429923759	-0.826461201394423	4.24979256213607	-39.8069973754167	3.8748362546575	-28.1625651416454	
1.36937272465049	0.0456592584810013	1.47556831344064	-0.0228656925227024	1.65050584939649	-3.37985074974374	1.76984853653198	0.197447594190177	1.96937039744019	1.27651287888092	2.09694297812774	0.25755602796325	1.84319751019486	1.62945397360399	2.48872926018568	0.152312597534207	1.99724966321163	-1.6527584900235	3.26074195867089	-17.9892555647976	2.94007429923759	-0.826461201394423	4.24979256213607	-39.8069973754167	3.8748362546575	-28.1625651416454	
1.36937272465049	0.0456592584810013	1.47556831344064	-0.0228656925227024	1.65050584939649	-3.37985074974374	1.76865588887681	0.0321920654812871	1.96697614434319	1.07650694169979	2.09694297812774	0.25755602796325	1.83842123171899	1.36182342692349	2.48872926018568	0.152312597534207	1.99724966321163	-1.6527584900235	3.26074195867089	-17.9892555647976	2.94007429923759	-0.826461201394423	4.24979256213607	-39.8069973754167	3.8748362546575	-28.1625651416454	
1.36937272465049	0.0456592584810013	1.47556831344064	-0.0228656925227024	1.65050584939649	-3.37985074974374	1.76753520576863	-0.134208116825098	1.96445946093646	0.877533724789536	2.09694297812774	0.25755602796325	1.83350649380664	1.09635529474321	2.48872926018568	0.152312597534207	1.99724966321163	-1.6527584900235	3.26074195867089	-17.9892555647976	2.94007429923759	-0.826461201394423	4.24979256213607	-39.8069973754167	3.8748362546575	-28.1625651416454	
1.36937272465049	0.0456592584810013	1.47556831344064	-0.0228656925227024	1.65050584939649	-3.37985074974374	1.76644940549599	-0.299281193629521	1.96189478292668	0.676474345411228	2.09694297812774	0.25755602796325	1.82800459739981	0.831683792572354	2.48872926018568	0.152312597534207	1.99724966321163	-1.6527584900235	3.26074195867089	-17.9892555647976	2.94007429923759	-0.826461201394423	4.24979256213607	-39.8069973754167	3.8748362546575	-28.1625651416454	
1.36937272465049	0.0456592584810013	1.47556831344064	-0.0228656925227024	1.65050584939649	-3.37985074974374	1.76532395130665	-0.463445299644293	1.95917128006335	0.476595242717203	2.09694297812774	0.25755602796325	1.8217489330455	0.564980668509133	2.48872926018568	0.152312597534207	1.99724966321163	-1.6527584900235	3.26074195867089	-17.9892555647976	2.94007429923759	-0.826461201394423	4.24979256213607	-39.8069973754167	3.8748362546575	-28.1625651416454	
1.36937272465049	0.0456592584810013	1.47556831344064	-0.0228656925227024	1.65050584939649	-3.37985074974374	1.76384296500295	-0.628412554926201	1.95607878605999	0.27862651536362	2.09694297812774	0.25755602796325	1.8217489330455	0.564980668509133	2.48872926018568	0.152312597534207	1.99724966321163	-1.6527584900235	3.26074195867089	-17.9892555647976	2.94007429923759	-0.826461201394423	4.24979256213607	-39.8069973754167	3.8748362546575	-28.1625651416454	
1.36937272465049	0.0456592584810013	1.47556831344064	-0.0228656925227024	1.65050584939649	-3.37985074974374	1.76265525776084	-0.793050005617039	1.95607878605999	0.27862651536362	2.09694297812774	0.25755602796325	1.8217489330455	0.564980668509133	2.48872926018568	0.152312597534207	1.99724966321163	-1.6527584900235	3.26074195867089	-17.9892555647976	2.94007429923759	-0.826461201394423	4.24979256213607	-39.8069973754167	3.8748362546575	-28.1625651416454	
1.36937272465049	0.0456592584810013	1.47556831344064	-0.0228656925227024	1.65050584939649	-3.37985074974374	1.76164037581652	-0.957900496336701	1.95607878605999	0.27862651536362	2.09694297812774	0.25755602796325	1.8217489330455	0.564980668509133	2.48872926018568	0.152312597534207	1.99724966321163	-1.6527584900235	3.26074195867089	-17.9892555647976	2.94007429923759	-0.826461201394423	4.24979256213607	-39.8069973754167	3.8748362546575	-28.1625651416454	
1.36937272465049	0.0456592584810013	1.47556831344064	-0.0228656925227024	1.65050584939649	-3.37985074974374	1.76027032158013	-1.12260488583441	1.95607878605999	0.27862651536362	2.09694297812774	0.25755602796325	1.8217489330455	0.564980668509133	2.48872926018568	0.152312597534207	1.99724966321163	-1.6527584900235	3.26074195867089	-17.9892555647976	2.94007429923759	-0.826461201394423	4.24979256213607	-39.8069973754167	3.8748362546575	-28.1625651416454	
1.36937272465049	0.0456592584810013	1.47556831344064	-0.0228656925227024	1.65050584939649	-3.37985074974374	1.75901905468044	-1.2882920534323	1.95607878605999	0.27862651536362	2.09694297812774	0.25755602796325	1.8217489330455	0.564980668509133	2.48872926018568	0.152312597534207	1.99724966321163	-1.6527584900235	3.26074195867089	-17.9892555647976	2.94007429923759	-0.826461201394423	4.24979256213607	-39.8069973754167	3.8748362546575	-28.1625651416454	
1.36937272465049	0.0456592584810013	1.47556831344064	-0.0228656925227024	1.65050584939649	-3.37985074974374	1.75800242434096	-1.45384848662999	1.95607878605999	0.27862651536362	2.09694297812774	0.25755602796325	1.8217489330455	0.564980668509133	2.48872926018568	0.152312597534207	1.99724966321163	-1.6527584900235	3.26074195867089	-17.9892555647976	2.94007429923759	-0.826461201394423	4.24979256213607	-39.8069973754167	3.8748362546575	-28.1625651416454	
1.36937272465049	0.0456592584810013	1.47556831344064	-0.0228656925227024	1.65050584939649	-3.37985074974374	1.75676695098997	-1.61830956811664	1.95607878605999	0.27862651536362	2.09694297812774	0.25755602796325	1.8217489330455	0.564980668509133	2.48872926018568	0.152312597534207	1.99724966321163	-1.6527584900235	3.26074195867089	-17.9892555647976	2.94007429923759	-0.826461201394423	4.24979256213607	-39.8069973754167	3.8748362546575	-28.1625651416454	
1.36937272465049	0.0456592584810013	1.47556831344064	-0.0228656925227024	1.65050584939649	-3.37985074974374	1.7553628631358	-1.78373829371235	1.95607878605999	0.27862651536362	2.09694297812774	0.25755602796325	1.8217489330455	0.564980668509133	2.48872926018568	0.152312597534207	1.99724966321163	-1.6527584900235	3.26074195867089	-17.9892555647976	2.94007429923759	-0.826461201394423	4.24979256213607	-39.8069973754167	3.8748362546575	-28.1625651416454	
