X_Zr54.8Cu24.8Ni8.64Al11.76_Pd_[¦Ìm]	Y_Zr54.8Cu24.8Ni8.64Al11.76_Fn_[mN]	X_Zr54.8Cu24.8Ni8.64Al11.76_Pd_[¦Ìm]	Y_Zr54.8Cu24.8Ni8.64Al11.76_Fn_[mN]	X_Zr54.8Cu24.8Ni8.64Al11.76_Pd_[¦Ìm]	Y_Zr54.8Cu24.8Ni8.64Al11.76_Fn_[mN]	X_Zr54.8Cu24.8Ni8.64Al11.76_Pd_[¦Ìm]	Y_Zr54.8Cu24.8Ni8.64Al11.76_Fn_[mN]	X_Zr54.8Cu24.8Ni8.64Al11.76_Pd_[¦Ìm]	Y_Zr54.8Cu24.8Ni8.64Al11.76_Fn_[mN]	X_Zr54.8Cu24.8Ni8.64Al11.76_Pd_[¦Ìm]	Y_Zr54.8Cu24.8Ni8.64Al11.76_Fn_[mN]	X_Zr54.8Cu24.8Ni8.64Al11.76_Pd_[¦Ìm]	Y_Zr54.8Cu24.8Ni8.64Al11.76_Fn_[mN]	X_Zr54.8Cu24.8Ni8.64Al11.76_Pd_[¦Ìm]	Y_Zr54.8Cu24.8Ni8.64Al11.76_Fn_[mN]	X_Zr54.8Cu24.8Ni8.64Al11.76_Pd_[¦Ìm]	Y_Zr54.8Cu24.8Ni8.64Al11.76_Fn_[mN]	X_Zr54.8Cu24.8Ni8.64Al11.76_Pd_[¦Ìm]	Y_Zr54.8Cu24.8Ni8.64Al11.76_Fn_[mN]	X_Zr54.8Cu24.8Ni8.64Al11.76_Pd_[¦Ìm]	Y_Zr54.8Cu24.8Ni8.64Al11.76_Fn_[mN]	X_Zr54.8Cu24.8Ni8.64Al11.76_Pd_[¦Ìm]	Y_Zr54.8Cu24.8Ni8.64Al11.76_Fn_[mN]	X_Zr54.8Cu24.8Ni8.64Al11.76_Pd_[¦Ìm]	Y_Zr54.8Cu24.8Ni8.64Al11.76_Fn_[mN]	X_Zr54.8Cu24.8Ni8.64Al11.76_Pd_[¦Ìm]	Y_Zr54.8Cu24.8Ni8.64Al11.76_Fn_[mN]	X_Zr54.8Cu24.8Ni8.64Al11.76_Pd_[¦Ìm]	Y_Zr54.8Cu24.8Ni8.64Al11.76_Fn_[mN]	X_Zr54.8Cu24.8Ni8.64Al11.76_Pd_[¦Ìm]	Y_Zr54.8Cu24.8Ni8.64Al11.76_Fn_[mN]	X_Zr54.8Cu24.8Ni8.64Al11.76_Pd_[¦Ìm]	Y_Zr54.8Cu24.8Ni8.64Al11.76_Fn_[mN]	X_Zr54.8Cu24.8Ni8.64Al11.76_Pd_[¦Ìm]	Y_Zr54.8Cu24.8Ni8.64Al11.76_Fn_[mN]	X_Zr54.8Cu24.8Ni8.64Al11.76_Pd_[¦Ìm]	Y_Zr54.8Cu24.8Ni8.64Al11.76_Fn_[mN]	X_Zr54.8Cu24.8Ni8.64Al11.76_Pd_[¦Ìm]	Y_Zr54.8Cu24.8Ni8.64Al11.76_Fn_[mN]	X_Zr54.8Cu24.8Ni8.64Al11.76_Pd_[¦Ìm]	Y_Zr54.8Cu24.8Ni8.64Al11.76_Fn_[mN]	X_Zr54.8Cu24.8Ni8.64Al11.76_Pd_[¦Ìm]	Y_Zr54.8Cu24.8Ni8.64Al11.76_Fn_[mN]	X_Zr54.8Cu24.8Ni8.64Al11.76_Pd_[¦Ìm]	Y_Zr54.8Cu24.8Ni8.64Al11.76_Fn_[mN]	X_Zr54.8Cu24.8Ni8.64Al11.76_Pd_[¦Ìm]	Y_Zr54.8Cu24.8Ni8.64Al11.76_Fn_[mN]	X_Zr54.8Cu24.8Ni8.64Al11.76_Pd_[¦Ìm]	Y_Zr54.8Cu24.8Ni8.64Al11.76_Fn_[mN]	X_Zr54.8Cu24.8Ni8.64Al11.76_Pd_[¦Ìm]	Y_Zr54.8Cu24.8Ni8.64Al11.76_Fn_[mN]	X_Zr54.8Cu24.8Ni8.64Al11.76_Pd_[¦Ìm]	Y_Zr54.8Cu24.8Ni8.64Al11.76_Fn_[mN]	X_Zr54.8Cu24.8Ni8.64Al11.76_Pd_[¦Ìm]	Y_Zr54.8Cu24.8Ni8.64Al11.76_Fn_[mN]	X_Zr54.8Cu24.8Ni8.64Al11.76_Pd_[¦Ìm]	Y_Zr54.8Cu24.8Ni8.64Al11.76_Fn_[mN]	X_Zr54.8Cu24.8Ni8.64Al11.76_Pd_[¦Ìm]	Y_Zr54.8Cu24.8Ni8.64Al11.76_Fn_[mN]	X_Zr54.8Cu24.8Ni8.64Al11.76_Pd_[¦Ìm]	Y_Zr54.8Cu24.8Ni8.64Al11.76_Fn_[mN]	X_Zr54.8Cu24.8Ni8.64Al11.76_Pd_[¦Ìm]	Y_Zr54.8Cu24.8Ni8.64Al11.76_Fn_[mN]	X_Zr54.8Cu24.8Ni8.64Al11.76_Pd_[¦Ìm]	Y_Zr54.8Cu24.8Ni8.64Al11.76_Fn_[mN]	X_Zr54.8Cu24.8Ni8.64Al11.76_Pd_[¦Ìm]	Y_Zr54.8Cu24.8Ni8.64Al11.76_Fn_[mN]	X_Zr54.8Cu24.8Ni8.64Al11.76_Pd_[¦Ìm]	Y_Zr54.8Cu24.8Ni8.64Al11.76_Fn_[mN]	X_Zr54.8Cu24.8Ni8.64Al11.76_Pd_[¦Ìm]	Y_Zr54.8Cu24.8Ni8.64Al11.76_Fn_[mN]	
0	0	0	0	0	0	0	0	0	0	0	0	0	0	0	0	0	0	0	0	0	0	0	0	0	0	0	0	0	0	0	0	0	0	0	0	0	0	0	0	0	0	0	0	0	0	0	0	0	0	0	0	0	0	0	0	0	0	0	0	0	0	0	0	0	0	0	0	0	0	0	0	
0.00353864275186749	-0.000262320087404619	0.00136902250109949	0.00221775862865322	0.00144467287855747	0.00286832514594115	0.000385456025255711	0.00397102921180428	0.000884130969802708	0.00352629882931303	0.00196886487954118	0.00191154756537011	0.000603691170496435	0.00326999823230618	0.00181875004899058	0.00239359133047136	0.00213420635902476	0.00264024571344254	0.00210030548910415	0.00286216763972894	0.00136489872601134	0.00252824781270173	0.00119702260619232	0.00327171694983722	0.000803092186491748	0.00446384525901535	0.000910028783183862	0.00375415566299396	0.00162995074199075	0.00318515033873947	0.00103237899926317	0.00352237185875097	0.00253693815106179	0.000973259329086891	0.00149931779515968	0.00211598161467462	0.000416634583554784	0.00368738238415075	0.00118922170086008	0.00169998376006338	0.0013759482444151	0.00344616496380125	0.000994832273460572	0.00382306443529549	0.000978983372727759	0.00315049859224779	0.00200437821341346	0.00375488007548951	0.00117439537989775	0.00217030394006365	0.0010279905846345	0.00306865134893337	0.000197636144133235	0.00406327652653949	-0.000152765933516244	0.00425570558741131	0.000800983647429975	0.00281186837869699	0.00120206175500519	0.0029024375621003	0.00120799718583811	0.00266528501088774	0.0225028935700744	0.284734794267943	0.001234935942396	0.0038523938190452	0.00168591296253587	0.00290218790581652	0.000687120093336048	0.00457902911954514	0.00125021580449013	0.00339413584037598	
0.00418167417410846	0.00409848852174085	0.00316068991388959	0.00486303748553631	0.00266267135083079	0.00556516325501881	0.00302648058531689	0.00545163467476762	0.00145307186287391	0.00755421534039547	0.00261448155130294	0.00543096538547003	0.00177716608000064	0.00668692737306802	0.00296308842056904	0.00500072609506067	0.00432329129304966	0.00446530067784273	0.003136930012737	0.0071302941956924	0.00271596022733629	0.00473080013120006	0.00303900784820002	0.00523452767004712	0.00256540997853541	0.00729328950830245	0.00210801338948269	0.00650081861795229	0.00293978007735189	0.00616300865489669	0.00253448139385597	0.00735093691774152	0.00389212571589999	0.00511617484590978	0.00287416983403295	0.00515551822059771	0.00165730553471062	0.00703310764284014	0.0028876075637641	0.00265495315156634	0.00254185662666738	0.00635818518899795	0.00194623041915578	0.0077036853305642	0.00175401424336203	0.00628414424847219	0.00259247758307275	0.00719191859789975	0.00271828748998345	0.00419554129361318	0.0021773848219813	0.00627620549697116	0.00273350341920581	0.00437661198833286	0.000543556592219611	0.00775988118652819	0.0027743730600563	0.00495282028290959	0.00263012375007181	0.00589681412024654	0.0038635614978551	0.00426752356100483	0.0638768128046649	1.02956388785247	0.00250140057081416	0.00619360041723249	0.00260228867333841	0.00685169665500961	0.00149609615413381	0.00932128706445392	0.0025174416468683	0.00721814978809502	
0.00514213513876134	0.00830039022414023	0.00503739236625965	0.0075354688507038	0.00425127374591342	0.00841369234022143	0.00534598243323762	0.00709558264992692	0.0032060525992953	0.0105310086383075	0.00407869013417805	0.00848360871891784	0.00332869894214401	0.00961169393853097	0.00359935165354756	0.00883132455673413	0.00489361432470374	0.00717738362270058	0.0038538022083314	0.0109109479855639	0.00371398407032683	0.00847048391518679	0.00421160017186307	0.007245499884094	0.00408310769255188	0.0097827601067412	0.00342877861813244	0.00925910855262583	0.0041495675900543	0.00911491908844479	0.00395681688439305	0.0107669397381936	0.00442643455651272	0.00985662835341594	0.00366672852734665	0.0103624042447644	0.00368908325602081	0.00964132004491303	0.00410852097138365	0.00576101565378551	0.00377855977175452	0.00845470952969436	0.00304216756379215	0.0100171596176223	0.00310657034752846	0.00945682541544261	0.00371585704556507	0.0102043622674386	0.00423396015933495	0.00647182770832412	0.00375465181310866	0.00765506783884279	0.00452612574059094	0.0065677519678554	0.00308630879713362	0.00970975769898142	0.00397956654384091	0.008370284661278	0.00377301083868818	0.00937435789677105	0.00512876855339268	0.00781577509026553	0.0996926606464054	1.94414205404348	0.00374211703599592	0.00908418544494225	0.00331421039221424	0.0112517772435123	0.00263399983204694	0.0126107291556921	0.00378151683370003	0.0107164045769846	
0.00750148598564174	0.00935828166918609	0.00627834515409042	0.0103365641514831	0.00509081359101974	0.012198833121991	0.00584281596475632	0.0114225616957521	0.00477063698829098	0.0148172386854499	0.00535156862511203	0.0126245560892996	0.00414275576086571	0.0135685814178891	0.00427125882678392	0.0131991917539248	0.00535221883923685	0.0118067567958896	0.00475764821595737	0.0151019666748788	0.00454555089673043	0.0124050251107837	0.00462320134326523	0.0112447950530184	0.00490850983806781	0.0139732176378517	0.00397405834293273	0.0134300847081497	0.00497409749895383	0.0129327957662078	0.00505223435394087	0.0137296913480719	0.00561843821067626	0.0132956568501391	0.00424400375551322	0.0151752298802319	0.00452600259645387	0.0146204031229573	0.00474535954013773	0.0106594665733792	0.00475507827158696	0.0135165693545941	0.0041801238366933	0.0127806518617428	0.00443794742305082	0.0129622743070815	0.005004667643629	0.0141858115595461	0.00496758081836682	0.00988749901797314	0.00485160378844305	0.0100520505612091	0.00483260220080472	0.0113477757689668	0.00489858302169716	0.0131969639467586	0.00500820937623889	0.0128745369489845	0.00467028451252876	0.0133503484019378	0.00526700117061883	0.0124690262499076	0.129213369519653	2.89581374888169	0.00440869542819191	0.0144439175034503	0.0040385573106867	0.0164553836299402	0.00379253271722242	0.0165181437636024	0.00468096187448663	0.0157160931660135	
0.00903970775423642	0.0112435149392865	0.00690540457503457	0.0152558124854344	0.00591653469960076	0.0177471334365452	0.00646347548237913	0.0166762139352626	0.00536212623925035	0.0207352522166931	0.00591017774249531	0.0176520752148808	0.0049228428912712	0.018435574736232	0.00554714901675385	0.0167817266843405	0.00642264735766514	0.0168217126170047	0.00554168876177097	0.0202251991993391	0.0053361843276364	0.0164009044451442	0.00560631347233749	0.0163087285257397	0.00546831063512072	0.018452623895728	0.0047521121229409	0.0181669511687225	0.00576815798339399	0.0167641911725758	0.00600072724413284	0.0171042894241924	0.00678082108515899	0.0173567032957758	0.00498409245661635	0.0198488464442688	0.00501844615383195	0.0196461250870932	0.00582189367427508	0.0160091578108565	0.00584204228126045	0.0191593961774979	0.00502789232517347	0.0184076189167904	0.00554532079347362	0.0168740654032889	0.00592592437030861	0.0193473701889188	0.00550473188422542	0.015764277880386	0.00538380566783935	0.0153984853530615	0.00561476134677448	0.0159582442998696	0.00508497454620066	0.0182933354559726	0.0060181881292999	0.0175731682541108	0.00584073569351891	0.0185828530716472	0.00632441527408099	0.0157513997486593	0.155410164722015	3.87642303172259	0.00498671553015463	0.0209029521177983	0.00518057762210753	0.0217794889636825	0.00481899452001812	0.0223690611453987	0.00559077933966581	0.0215834287453863	
0.0095001042132495	0.0161433373768253	0.00762424261841823	0.0209784874823931	0.00725206548013577	0.0229165305456328	0.00781505609835964	0.0205088298834624	0.00615927468285499	0.0255193705627575	0.00695081616920909	0.0227084325970962	0.00635176043545262	0.0231062754603935	0.00650658417678996	0.0221467274454056	0.0075404377675614	0.0211549999177817	0.00619798710404079	0.0249304079698362	0.00625314941237913	0.0212778840148383	0.00643978668385868	0.0216430493034872	0.00638178983102546	0.0240824403975408	0.0062072888789105	0.0228621298047511	0.00703241546898024	0.0207131951522334	0.00677200110273741	0.0214282671376442	0.00767124166583724	0.0216515226104738	0.00606754319684325	0.0242445796483035	0.00628879611961282	0.0240612196134197	0.00724807505548196	0.0196197788458236	0.00681518434475994	0.0238795679541178	0.00578782204723938	0.0224861240218931	0.00620627005992057	0.0216816359786192	0.00675900845724929	0.0240254632856651	0.00654370856570653	0.0215219302229241	0.00607368591725736	0.0207976631044065	0.00730030713151746	0.0202584732887967	0.00545962714088615	0.0234330425666783	0.00697370442790671	0.0211995217276819	0.00678297888334824	0.0230635621806219	0.00810342324263698	0.0199355990470242	0.178444227748977	4.86577068103542	0.00582449325605458	0.0263931275382177	0.00637527970849534	0.0255190363234704	0.00542888257135661	0.0261980118301244	0.00659111376577291	0.0272283856047805	
0.00974428027868832	0.0186497000195578	0.00881300914937246	0.0249564334010758	0.00828456087807562	0.0275486523253668	0.00881870854141066	0.0248059320297534	0.0070271499102717	0.0301677832108159	0.007989913839499	0.0272561969282582	0.00730955270344599	0.0278471709823037	0.00711980555240831	0.0290222233018934	0.0084231254730171	0.0266083899172404	0.00724290040615618	0.0304390097520383	0.00721371671733429	0.0266901193809965	0.00716089132974382	0.0274370668804537	0.00774102587943427	0.0286677818647638	0.00731228754767789	0.0277835697934559	0.008114322356863	0.0246312945033926	0.00763786202930506	0.0257560574527048	0.00859254837780018	0.0263132284324619	0.00718413749405559	0.0291703099506865	0.00713736282030103	0.0285272749444553	0.008486167343951	0.0237410265619006	0.00766253828846472	0.0291045092662465	0.00651878442664487	0.027473487139309	0.00672882476741815	0.0280028457724069	0.00720875911031247	0.0285177175198357	0.00780263106831655	0.0265248184141618	0.00701759948942392	0.0267644428297478	0.00826801436898685	0.0247572231338188	0.00682602942989577	0.0291155542795143	0.00777447088400808	0.0261833032551323	0.00763022657078784	0.0270773294559272	0.0092933469817265	0.0259838840456884	0.199188578795127	5.86025643674836	0.00690674045611809	0.0314555785346455	0.00924078523688287	0.0536529802939429	0.00837363923016837	0.0576285174160224	0.0076026125813433	0.0326425490996148	
0.0101444416673408	0.0188125113868731	0.010429454763028	0.0290423981813681	0.00904322245665609	0.0352136450246713	0.0098557610804361	0.0293413781652597	0.00772713717597479	0.0356780839290402	0.00883373199666905	0.0314592154900983	0.00804042681493527	0.0325803448945626	0.00813314685363701	0.0342014243086531	0.00939187453903352	0.0320575380336114	0.00827896198412538	0.0357891193570586	0.0081965162892738	0.0326058873699277	0.00825026460871354	0.0339983050475644	0.00903744852771056	0.0338357788068245	0.00816349058206376	0.033171129205285	0.00904969210049207	0.0296343627745728	0.00883021278011603	0.0302715929311456	0.00975303051858101	0.0311917177632892	0.00844963943178509	0.0343172129831308	0.00759860637140292	0.0340511234951138	0.00927121716676975	0.0290033044487531	0.00882967179521117	0.0334077050267499	0.00728246399864872	0.0327070177189932	0.00809841974590936	0.0335907773167085	0.00781411607958191	0.0390039635595322	0.00893633934338284	0.0308410272242401	0.00820507027036665	0.0311943366531586	0.00860897655826124	0.0302879438261174	0.00814208406132761	0.033505081091999	0.00858035128185805	0.0300498760959047	0.00892230870588665	0.0301757230991853	0.00982886988644443	0.0322261169613041	0.218525107086511	6.85853919441765	0.00788574124475724	0.0367056546411585	0.0330454264739492	0.435824731302536	0.0348279170783432	0.487037092684636	0.00850978601190746	0.0353916531382368	
0.0103540214351756	0.0194001258813367	0.0116946969279691	0.0345132923150257	0.00968581335295042	0.0394322395920342	0.0114589788992514	0.0338285592382247	0.00875532060786132	0.0425026044289043	0.00985973350783313	0.0373655756662812	0.00936832705827443	0.0390218007961498	0.00941641785242567	0.0390091840588724	0.010295524604028	0.0370711146060768	0.00900234658498633	0.0415209547842184	0.0098444845096986	0.0420626673106374	0.00964386107022589	0.040587502899469	0.00999552694783895	0.0391257580819878	0.00924553214728254	0.0402899285253614	0.0106693795205254	0.0354083150803819	0.0100396641668549	0.0365847627921515	0.0110483973276329	0.0378231598230953	0.0100573444442632	0.04168092921032	0.00937303924107937	0.0407853129854882	0.0101027178861861	0.0335989154749134	0.010166092225682	0.041049286424048	0.00852381027362739	0.0406681882633571	0.00976215512550449	0.0422638020543811	0.0122535371164606	0.103168462475997	0.0101050052877634	0.0402834771671093	0.0097642104309696	0.0410375099425956	0.00981031232257912	0.0336290779557703	0.0100889444699965	0.0462775547777719	0.0112046667191611	0.0440076086776995	0.0110401143874569	0.0478929846384169	0.010884883337503	0.0358725939136908	0.236554095412591	7.8582352340268	0.00832642829324095	0.0408844842830592	0.078557902301318	1.42948169727492	0.0854595420841847	1.6051672065912	0.0118429876216267	0.0704625093205013	
0.0101691845217874	0.0192212737567281	0.0127706391633152	0.0412344978596544	0.0109304602411542	0.0393983827438741	0.0127680189771056	0.0401515188997356	0.0107124579578097	0.0502763463140292	0.0114146638440994	0.0449691256349364	0.010967882310989	0.0471654596247672	0.0108915434932215	0.0465780859190145	0.0114281738445408	0.0440195901329579	0.0103209046828043	0.0504343953399385	0.0118414577174944	0.0539292370227481	0.0114644270263018	0.0521068639307224	0.0108661625449767	0.045729051282111	0.0116329559037915	0.0539307649737745	0.0132276470029459	0.0504619359750685	0.0120357883049484	0.0546682923823056	0.0139472918730864	0.0572112903793801	0.0124181680569904	0.0666646856357178	0.0129416912283359	0.0655749941646823	0.0116351930674202	0.0406540765442346	0.0136986872499088	0.0762531361912465	0.013273657558184	0.0837572584949711	0.014440090231768	0.0950687854448258	0.0213842730151421	0.254596907510796	0.0168093765987167	0.110458313327104	0.016614758798655	0.122823198658517	0.011992502656389	0.0441461103896595	0.0204834753034899	0.165353252090965	0.0247384736980409	0.211553768805803	0.0253578891698286	0.242890298354993	0.0134759019919673	0.0553800610831165	0.252693905705105	8.85950660569608	0.0101668666219998	0.0674113730197027	0.118032036922163	2.64802351394757	0.128872395131404	2.97908074609994	0.0382055173458443	0.548784878756359	
0.0103171240980503	0.0200281419475235	0.0137621495146462	0.0441707322432673	0.0116772748720579	0.0404773308092553	0.0138998821091497	0.0470030004592584	0.012163993944247	0.0549994321115352	0.012206672361513	0.0488565604641872	0.0116030806315112	0.0514133672049759	0.0119573974870736	0.051863552281682	0.0129224887834924	0.0529631349618769	0.0117477072368812	0.0603388394655344	0.0132483892161809	0.0658660051705863	0.0136106060198893	0.0680343636731535	0.0133017897378976	0.0593677167667741	0.0140386283251007	0.0760788407450115	0.0156859304918266	0.07400626430817	0.0148109162917576	0.0861778948996704	0.0178901557589954	0.0960951119682512	0.0163674959473094	0.111394302332468	0.0177816342027759	0.117201869106111	0.0146212738914056	0.0703892840865501	0.0203143255017585	0.151548700127411	0.0218256912892254	0.183251383013958	0.0242314657027114	0.218021956801769	0.0295046472801855	0.436987839456148	0.0310296800333255	0.28199866840546	0.0309981599350885	0.319803763703538	0.0199951997322584	0.143658774047766	0.041201781074946	0.460774885083531	0.0516677480382246	0.643107252621455	0.0550077794670429	0.739482909358453	0.028789095162518	0.296087761432421	0.268342577867815	9.86088787342396	0.0285527785246302	0.403707267575366	0.149262536068155	3.91634230797803	0.163303092256013	4.40969995334656	0.0896982924120474	1.7933847505831	
0.0105159511004463	0.0212777830609312	0.014185362325332	0.0457404727302442	0.0117841838994157	0.0423170711565338	0.0151338007424305	0.049659801703971	0.0124675164002254	0.0574871837650692	0.0124523441800335	0.0500478129300091	0.0121879285394154	0.053258971973813	0.0124805977404564	0.0540030402405548	0.0139371980007691	0.0603793326688444	0.0127523628273027	0.0682468882458802	0.0145290774817406	0.0783112026604392	0.0152714008623055	0.0856491288023425	0.0160227264919525	0.0802716147590174	0.0160335654103455	0.0992116882287235	0.0182268069024483	0.0992615558208531	0.0177833696690953	0.122584573180705	0.0218687570132951	0.141403130888068	0.0217850265488018	0.162436277620989	0.0229393711315909	0.17639440083074	0.0194029172497629	0.134304392291676	0.027503960398692	0.241705552303825	0.0303815618444327	0.303494420359409	0.0348715279930994	0.369251098815067	0.0363919479416555	0.626461566556528	0.0449628514612561	0.49405682134841	0.0457319270012527	0.561291242945232	0.0366915602704044	0.390654720466453	0.0605771669505905	0.824918269172002	0.0767328684221172	1.17615075062231	0.0824499343768801	1.34913228388806	0.0608859032041815	0.916239718344784	0.283881318331714	10.8610975374086	0.0692284202779293	1.26917362442207	0.176291792346119	5.21936171382918	0.192715978095502	5.87571523751344	0.134216639761435	3.31960374991196	
0.0105468180372097	0.0218366147779349	0.0142878170579947	0.0466484248858775	0.0117624096948891	0.0440541240998913	0.0157650526737577	0.0513074713312732	0.0126650497758245	0.0603044089536184	0.0127792497044717	0.0528997662626012	0.0126711485210106	0.0561603763499811	0.0128527342911692	0.0570183460897841	0.0144652665431938	0.0661318754703906	0.0136437979773287	0.0783121710448769	0.0154949685459509	0.0918767374985957	0.0169320913529374	0.104307411722993	0.017456528992377	0.103167986355543	0.0183979906610265	0.124558853253837	0.0211474842589642	0.128195251186418	0.020577193986461	0.160398494357059	0.0258271487837678	0.188717153054709	0.0275716662059585	0.217209931321512	0.0284816121969558	0.237708165137454	0.0242535159950961	0.208976552209068	0.0345688144921437	0.335936431233642	0.0385651258661757	0.42924318912192	0.0444388356455281	0.52735779578076	0.0433292592401608	0.820598483774179	0.0569130463064587	0.71571746255233	0.0583226081888882	0.815037225889224	0.0533881294844064	0.692407323949483	0.0768263817791395	1.20508156493617	0.0975061505680764	1.7312589091823	0.104344458759362	1.98319482336013	0.0918140093111293	1.67737574556734	0.298858574058971	11.8600247702689	0.107030614020661	2.33144999787542	0.200852743321338	6.53539029844594	0.219353452262176	7.3585325114509	0.170186984096413	4.90611028343055	
0.0109200905140686	0.0225876063453914	0.0140986206059788	0.0468639605680451	0.0119702980858807	0.0456393496429251	0.0158535130823478	0.0534607217633195	0.0129217239926129	0.062884779905203	0.0129204217947593	0.0554431280575391	0.0125598574677617	0.0606242379799003	0.0131336346285304	0.0606273445862803	0.0147530634890336	0.0735343652738641	0.0142204354319687	0.0883658632439448	0.016634889584606	0.104551149470281	0.0186977256398639	0.123994114823773	0.019126944737524	0.12461814139164	0.0205635332443215	0.151486763651297	0.0239021158403823	0.157758862552511	0.0229926138004631	0.198759480208523	0.0294711259358396	0.237873156563466	0.0335047813297974	0.276062865016586	0.0335311191861296	0.303722605293288	0.0295514684069223	0.287099727762783	0.0412802259356333	0.433480621032517	0.0458440992287644	0.560521190643468	0.0527762812817131	0.689989992648373	0.050483540229728	1.01873083285482	0.0679271305230819	0.944331357768068	0.0699288639125297	1.07457888714743	0.067854673932989	1.00723985760661	0.0917066372164545	1.59603842316618	0.115786392426609	2.30116252312117	0.123251838846375	2.6345366553996	0.117665830477442	2.4697465842291	0.312809664763913	12.8615019642174	0.137634466478678	3.4406555972193	0.222361802732599	7.86133467404366	0.243661135755092	8.85164462463918	0.201585298862488	6.5335409915791	
0.0109414093344125	0.0231306583300689	0.0141234887668753	0.0482933951330331	0.0123784805787196	0.0474456424146399	0.0159189054245152	0.054373486964686	0.0131565952482915	0.0652160329938469	0.0132928728894871	0.0575867305702473	0.0127097733681021	0.063268364507051	0.0133372431344394	0.0640841591605466	0.0151353033381045	0.080108578291774	0.0149951626405033	0.0979467346358703	0.0182570660064186	0.117267398196261	0.0200790034892664	0.144630068413643	0.0214689946540699	0.146344971978833	0.0227582720293404	0.177490962169679	0.0266872751717924	0.186725699903434	0.0255284397615116	0.238139478427369	0.0326412423496033	0.287169134938157	0.0391816985053865	0.336667689150878	0.0379942714500381	0.37159093025733	0.034895070884152	0.370290811280877	0.0466020371118209	0.532222142359512	0.0523739508550529	0.693327667060344	0.0604034128316757	0.854883149581458	0.057377445624266	1.21719054180489	0.0773418568385976	1.17533362961297	0.0807299149421277	1.33827622595151	0.0806608105713187	1.33241961740688	0.104636351498548	1.99284037801217	0.131800756449779	2.87887888535209	0.139729583960122	3.29417214740274	0.140713781829256	3.28383120768667	0.32615463815709	13.8623700732311	0.164414866571432	4.58105980283902	0.242280792151099	9.19001154994552	0.265918576544656	10.3494468780905	0.229380407725555	8.1815879209214	
0.0106127448682215	0.0242257017224228	0.0144918101932172	0.0485326831777039	0.0125102555365321	0.0484633851274777	0.0161311730432396	0.0553674336592768	0.0132618511496986	0.0676708754926551	0.0136543379764946	0.0604510457542388	0.0131097826911471	0.0660887001673325	0.0134703591803887	0.0676071776699998	0.0156295608048169	0.0851851009895593	0.0156817955706352	0.107397395496517	0.0196390203539975	0.131138370444596	0.0218146858731388	0.163702549753723	0.0238104856904839	0.16911313029435	0.0249651937505779	0.20444758349452	0.0291025917967178	0.217023629980902	0.0281635672341732	0.278127324668347	0.0360068718299976	0.336748060739109	0.0449689667921797	0.396523729970745	0.042511748528205	0.437360461691503	0.0395936529797197	0.453094522833991	0.0514121749639532	0.631789193798202	0.0587286951027383	0.824156887537566	0.0674083225612926	1.01877699743945	0.0640218657861212	1.41621335163988	0.0854446047120455	1.40893295254149	0.0901344275273008	1.60547743294551	0.0919950835567227	1.66288533105897	0.116159406014946	2.39090439130215	0.146268703548432	3.45935452340988	0.153380830024158	3.96079768065765	0.162174826757215	4.10993990350334	0.338820325456499	14.8621736805925	0.187439924593642	5.7332170659615	0.261618905326108	10.5226009117975	0.286915511691091	11.8467089644741	0.254594114656091	9.84128942040889	
0.0106647862612353	0.0244974896492232	0.014701521638149	0.0500772634044461	0.0122475310353688	0.0495424386942392	0.0167412698781848	0.0571085484057796	0.0134230252455127	0.070283016911653	0.0137956533762256	0.0638350498241183	0.0132557200956698	0.0698642598776213	0.0137906478176245	0.0706896369668397	0.0161131190471325	0.0926619765421682	0.0165737036710041	0.117280648396568	0.0208560703954475	0.14559325281565	0.0233128447641589	0.184228781907983	0.0260878189768605	0.192265022596213	0.0266682983659254	0.230974603198394	0.0312573648654991	0.247054794361075	0.0306230246609649	0.317217114055578	0.0395194126418661	0.386047618884776	0.0499444038865548	0.457451461088617	0.0464340691959054	0.504324996347469	0.04398854567828	0.535079892921192	0.0561927121715261	0.731776911982332	0.0645931830870543	0.957646023369211	0.0743169398083253	1.18380502151646	0.0702684803888023	1.61652615959478	0.0936372685876102	1.64149827463065	0.0987422604164334	1.87116512441232	0.10199796716059	1.99451612919655	0.127483211062562	2.78966969045749	0.160286358311521	4.04075473190971	0.165057755828686	4.63004325702115	0.182021022749306	4.94100696047176	0.351269779234596	15.8597151055276	0.207969858179846	6.89372642953643	0.280055337389742	11.8543613965974	0.307101590623429	13.346661641648	0.277911215463882	11.5040875673099	
0.0113653220606632	0.0245224534586117	0.014655433866406	0.0516601551841859	0.0120445246171308	0.0514334308845178	0.0168714567305485	0.0603649249092106	0.0136729402537305	0.072243370802573	0.0137194836982531	0.066103751508124	0.0135696302137166	0.0719304134631839	0.0144140540037996	0.0734877081978793	0.0167116363446558	0.0999222322949766	0.0179395605851474	0.127280040126541	0.0220580709145271	0.158202996079132	0.0246927465233363	0.204983217186015	0.0280535772386421	0.21614779935762	0.0283077004588002	0.257880554756817	0.0335063598277513	0.276194042795434	0.0332918583362334	0.356655974768726	0.0427649206455994	0.436308301881795	0.053903940239362	0.51833076343491	0.0497620528511161	0.57111176481545	0.0482338169053982	0.617161189229022	0.0608599386411629	0.830277366293104	0.0700459887446815	1.09249489009521	0.0812858241936834	1.35324937703254	0.0758301236827003	1.81578319704617	0.101105462981008	1.87463310044715	0.107003105809548	2.13814234833776	0.111037673998409	2.32636567171346	0.138126852844415	3.19159473412779	0.173141294322996	4.62600013830685	0.175660272943084	5.29769580619644	0.200168805181832	5.77139601463806	0.363076261235111	16.8568467485493	0.226615533251909	8.05663813957847	0.29783741073807	13.1858946387	0.326410458095269	14.8466525030457	0.29892242030263	13.1701546562925	
0.0116598764475698	0.0257414255026377	0.0145186784060885	0.0526989654312949	0.0127431893767682	0.0519788984870083	0.0167520949082456	0.0625450854692148	0.0139667527216049	0.0740603228516863	0.0139706715850539	0.0689777400773041	0.0138777546306798	0.0738732905047448	0.014829114429555	0.0770005112633274	0.0174758078601616	0.105920669710394	0.0188953117038195	0.137653139573742	0.0232556979573364	0.171346503567838	0.0263629497879683	0.224010704006346	0.029768282713602	0.240353061097086	0.030441499197278	0.283923766958074	0.0357752938301189	0.306031724919921	0.035896206860832	0.397478838969678	0.0454815662071557	0.48648170249542	0.0573991933962553	0.579071560658637	0.0530066827078629	0.636975126994558	0.0520816778091812	0.701127598753658	0.0652250231382678	0.928401391678628	0.0756115850256936	1.22493721940271	0.0875501754157852	1.52171514539982	0.0812500098578396	2.01607342042969	0.107314760078798	2.10933417792911	0.114868260784745	2.40572178869441	0.119998460261285	2.65843430785565	0.147948513045131	3.59150346451981	0.184843423026227	5.21147325306267	0.185827348847847	5.96328081935428	0.216548749265215	6.6041389864999	0.37431334672742	17.8590540993616	0.243770498671853	9.22230190769779	0.314270499294352	14.5194693397891	0.344500500515036	16.3431173773434	0.31821346467868	14.8370077814908	
0.0113410418451154	0.0263085122479099	0.0146710191921169	0.0526947344621432	0.0130933886198165	0.0538148153187422	0.0167812834105484	0.0639721044163896	0.0140203980261708	0.076482889204051	0.0143184778685901	0.0720058843531339	0.0141599377637556	0.0771598840587123	0.0149338311177443	0.0803000123654894	0.0179716642549423	0.112060937360847	0.0197752869018874	0.147494235577379	0.024520849925132	0.184540578959561	0.0279484895148211	0.243843493777165	0.0312784022821594	0.264054302724642	0.0324033167276431	0.310834069538943	0.0379086387263688	0.336613359123206	0.0383107820336486	0.437465026292399	0.0480886201452487	0.536630219335187	0.0609088845298286	0.638678007040362	0.0564158095684486	0.704053865075813	0.0559343019011654	0.785210598217565	0.0692848424754867	1.02782228368771	0.0811615702914045	1.35887560193994	0.0936453321215507	1.68819219091879	0.0867844562303753	2.21672499695501	0.113382043263093	2.34308891530488	0.122105127046761	2.67271682416325	0.129026860092142	2.98966708202681	0.157704320864159	3.99055235138566	0.196327577962061	5.79389675219276	0.195847596026539	6.62831914618679	0.231713418620418	7.43877999367865	0.385538717939583	18.8601699401683	0.260639330125365	10.3889444957965	0.329540359918781	15.8506123577514	0.361636618759601	17.8427720313076	0.33666528568627	16.499184736264	
0.0113091367615738	0.0270362011979718	0.0148519318597741	0.0534625189389757	0.0128236776717365	0.0565462351432228	0.0168805044100521	0.0653850734900788	0.013993796434575	0.0787453408407631	0.0143782795879186	0.0742551956110189	0.0142277081831868	0.0804398492156082	0.0151979294739538	0.0836723021441664	0.0184385580717231	0.119062416417441	0.0207243082152254	0.156953285616757	0.0259076249715377	0.197953034932744	0.0291851351478978	0.26470503114619	0.0327463182783828	0.286876230364374	0.0340668309759494	0.337634563372715	0.0399983774551984	0.36669920959821	0.0407905507472792	0.478078255612528	0.05046735648861	0.587122976265245	0.0647493793559957	0.698534513521493	0.0593331806926616	0.772871091282996	0.0599904791355742	0.868756573827392	0.0733339157064027	1.13011234758225	0.0860613523769522	1.49423238869095	0.0991430074689887	1.85637635063595	0.0920921852968526	2.41763408415998	0.119456196039877	2.57635983062613	0.129056422146399	2.93961011264564	0.137100700192896	3.32362397459934	0.166922442084737	4.39135352159242	0.207120488889994	6.37660057940449	0.205382531761252	7.29431766654812	0.246142753125479	8.27350481988513	0.397008713424818	19.8615838041848	0.275957120061512	11.5545700796921	0.344349134164431	17.1792072772706	0.378108186223444	19.3463494157697	0.354206296531571	18.1654213259472	
0.0116358542378895	0.0272211623982021	0.0150805215367573	0.0549449297488363	0.0127242609271424	0.0570907168535035	0.0170831669658008	0.0669327059808951	0.0141335980713212	0.081350817482903	0.0147217548249323	0.0773928066639547	0.0144257136363776	0.0830837720159553	0.0156547713173446	0.087738492691592	0.0191664043389161	0.125652323675179	0.0216786798428891	0.167478874576394	0.0270346768347517	0.211989942662546	0.0306851998683369	0.284362863248529	0.0344215497958034	0.310190871278421	0.0359495713585859	0.364055950728964	0.0418808261592427	0.396037382704293	0.0428643142671046	0.517849569365193	0.052779294249828	0.637122947161416	0.068427928309512	0.758949173236614	0.061889443522092	0.839803553519322	0.0636249094992306	0.951989566859353	0.0771718538337692	1.23145199683455	0.0904259690153893	1.62659357652299	0.103919794557697	2.02342383120478	0.097331815555917	2.61741021750674	0.125490626820269	2.81122051350673	0.135749770634876	3.20641515831828	0.144419973187006	3.6567196266619	0.175390698658819	4.79201732172595	0.217629615584176	6.95952326741086	0.214367062919385	7.96191899298423	0.259973504066499	9.10504266039266	0.408043160412055	20.8620030157388	0.290103679042098	12.7204871675397	0.359194508383268	18.5124215565404	0.39377052784941	20.8476823129337	0.371032473299873	19.8359177848843	
0.0121216760384992	0.0279786127419765	0.0152100344950211	0.0558453003569958	0.013084840947749	0.0574370124017236	0.0170227423801107	0.0686383213318844	0.0144438022705702	0.08295950253116	0.0149279441668562	0.080052365496472	0.0148365756308522	0.0865167578301669	0.0156859610426872	0.091890648674146	0.0200026233749739	0.131950108524541	0.0226172738983971	0.1777554802783	0.0278250845228771	0.225064459524432	0.0321930371392484	0.303602240496436	0.03610727742344	0.33313630101683	0.0382592624030671	0.391048355211652	0.0438901027414359	0.425841886463634	0.0446769319561146	0.558829390516343	0.0554554896226014	0.687073092302212	0.0716016475271887	0.819965583721675	0.064853402498255	0.906584559429146	0.0673180620622093	1.03462465082681	0.0807936650326012	1.33173727256713	0.0948271239792841	1.75964312812029	0.108721628758028	2.1901112392003	0.102446677807004	2.81658494932951	0.131361824605284	3.04586815635851	0.142035139502401	3.47393266572666	0.151607641759016	3.98936591560355	0.183708534814746	5.19167156823655	0.22759210001216	7.54280544591395	0.223362548945594	8.62911100316824	0.272546508285283	9.94028343928097	0.418608880412257	21.8612468982594	0.303970312249638	13.8866920340492	0.374294407008792	19.8469769402541	0.408509895649428	22.3496559599985	0.386808720257751	21.5033222530205	
0.0123032413936166	0.0290407328824374	0.0152199147710922	0.0570869570167959	0.0133675440149386	0.0589348700688655	0.0170155497045424	0.0700792373574422	0.01480663955844	0.085744229656569	0.0151171056622585	0.0824601325517524	0.014869012835867	0.0895628009608775	0.015803733550638	0.0942349475541724	0.0206493672709204	0.138976573218395	0.0232172792602198	0.18832498691601	0.0287459791551491	0.238394435246018	0.0335338986156095	0.323676781223461	0.0375219186759781	0.356651263586395	0.0402215805542422	0.417499923238651	0.0459174738560984	0.456600006286427	0.046222903321309	0.599179230183348	0.0580043924367362	0.73665623815838	0.0745191002905656	0.881145208480186	0.0677444176853976	0.972933955553796	0.0709611168629196	1.11801527019704	0.0844025538832958	1.43164303436859	0.0991917591888729	1.89409234106544	0.113292149470608	2.35754323955886	0.107203842406281	3.01614827547807	0.136653404290856	3.27866805531002	0.148281123200896	3.74194540389057	0.158759438166056	4.32148344617858	0.191570660805715	5.59185899689579	0.237051490491682	8.12752139545257	0.23323906015169	9.29450742351368	0.284397247142296	10.7767898854881	0.429567708395101	22.8629755492911	0.317642472753538	15.0513052703542	0.388805749367257	21.1803905225454	0.422998106248267	23.8507224989188	0.402285922216627	23.1712128715177	
0.0121733023055452	0.0301279234705356	0.0151841875555654	0.0573824409174307	0.0133083215953474	0.0599875082727634	0.0173157780762058	0.0714017808341972	0.0149466829505204	0.0882058897273379	0.0154399626747043	0.0848699441510253	0.0153439511325825	0.0922896623981293	0.0161027215490567	0.0965925396081286	0.0213634006535058	0.14613425252563	0.0238907599474174	0.19855821336068	0.0297521235505596	0.251878064633202	0.0351831220856885	0.343318431596834	0.0393417568012638	0.379996405313311	0.0420174418205263	0.444145031728994	0.0475323692008925	0.487557341819234	0.0478063072940953	0.638095822683757	0.0600971422653115	0.786653298671643	0.0772831999737528	0.941083322098043	0.0701435591870745	1.03992759403884	0.0741993247848151	1.20262324452979	0.0879541770591509	1.53122388102226	0.103273458619954	2.02709707276598	0.118166045945677	2.52438245312683	0.111521506239389	3.21558610591567	0.142000079978166	3.51075223289693	0.154313881082885	4.00831435778836	0.165417583170362	4.65610623436033	0.198917885901479	5.99331535250267	0.246244506590671	8.7111616674686	0.242809456261276	9.9606051297245	0.296084660657483	11.60945928287	0.440371618405161	23.8631954578236	0.330589262578071	16.2141312987234	0.402339192935429	22.5134502022753	0.437108888148616	25.3493992642261	0.418103461273078	24.8372427075991	
0.0120604301669707	0.0310758761107476	0.0153435196175608	0.0579512898086039	0.0133184283639757	0.0612379761168158	0.0175615828588492	0.0735371287733842	0.015015825350718	0.0902715994795071	0.0156317929222434	0.0878750309182709	0.0159095819769095	0.0953120150119733	0.0163369767006515	0.100537359912357	0.0218230101729512	0.153219128604436	0.0247857534612763	0.208282777632703	0.0308296691563033	0.265302933389484	0.0367758605126002	0.363923797062347	0.0413762402489217	0.403295824924752	0.0435749762889449	0.471181994173995	0.0489558206020186	0.518467761979573	0.0498259178345009	0.678247581690083	0.0625937248730091	0.836479054046975	0.0798695121094912	1.00083476375622	0.0729911264908894	1.1064721022336	0.0773910228734029	1.28621351616747	0.0912131679187236	1.6331024167737	0.107323623611188	2.15939679331101	0.122802820035434	2.6909380789843	0.11572601161744	3.4165613170203	0.14749898080052	3.74398868928455	0.160438534577529	4.27431683627044	0.171472357042144	4.98994298632644	0.206071289346288	6.39576449792693	0.254993377764136	9.2933695654329	0.252119214337861	10.6273808387374	0.307536030774038	12.4424239094941	0.450342624422598	24.8614838034281	0.34361692916532	17.3776399865075	0.415399262149963	23.8486072203435	0.450819501078308	26.8502627748347	0.432747600169433	26.5047924620501	
0.0120791283528589	0.0305404315941419	0.0155538936879558	0.0596908256723794	0.0134873870719817	0.0633110454997622	0.0176261646255013	0.0757344387646705	0.0152027141738324	0.0926687218093036	0.015622923871129	0.0901635450339191	0.0159212342295143	0.0981606686979442	0.0163965720716371	0.104850154479487	0.0222693247977671	0.159102482203736	0.0254674610519418	0.218101492791782	0.03162274272329	0.279003502718589	0.0378661186773325	0.384373544353799	0.0429327640810093	0.426796730344875	0.0453754735626026	0.496941764183897	0.0503089579809546	0.547660008486676	0.0519283554493367	0.717768777135683	0.0649097682883172	0.886349745734397	0.0821511588629063	1.06043277002751	0.0758999952220533	1.17391126213411	0.0804236085160451	1.36931251517037	0.0948116766845337	1.73221713650091	0.11107596505044	2.29361061448661	0.127112450111229	2.85702664659279	0.119735958936134	3.6167984550196	0.153206396438713	3.97709359636475	0.166323913898059	4.54108998414642	0.177477821047649	5.32347752413144	0.213569316516204	6.79441384742725	0.263513826068491	9.87697444719278	0.261100865159735	11.2965006865593	0.318173276284314	13.2766569974045	0.460033191842942	25.8629144312501	0.356392806183354	18.5465652461282	0.428334639058496	25.1801320805432	0.464524330125183	28.3475742213125	0.446406509238867	28.1702653672583	
0.0125056370930911	0.0309831913290817	0.0155380441820426	0.0612980482532255	0.0135474651008953	0.0650709976996334	0.0175944318372266	0.0770129117682497	0.0154234589795063	0.095292795798222	0.0156790172916933	0.0931160557339418	0.0161172360862438	0.101513793605176	0.0168489621530934	0.107959229228015	0.022939513157797	0.16474232406517	0.0260721087919669	0.227721952667206	0.0323967768844869	0.29210424213047	0.0390178328573202	0.404172064365883	0.0444680073901204	0.449371610131509	0.046948464062603	0.524032510505027	0.051535993072249	0.578224966195903	0.0540179601026281	0.758290329394227	0.0670156441190843	0.936963516385747	0.0839702600733394	1.12070563588738	0.0783330333759826	1.24072515537079	0.0830607515802603	1.45280907247843	0.0984290953237167	1.83095327361953	0.114455143679341	2.42825051571985	0.13162004747782	3.02386702431392	0.123622548496244	3.81597411816489	0.158667113221677	4.21018267096194	0.171954424417543	4.80769223433807	0.184041206418653	5.65527467975602	0.221650415100576	7.19221010548974	0.271709985307871	10.4611213586653	0.270091516323741	11.9620191101562	0.328230337934144	14.1101524778709	0.469863542720328	26.8625848594896	0.368393184049389	19.7147659368202	0.440326954467701	26.5130855895046	0.478241516940811	29.8418160287301	0.460226471810947	29.8304613990094	
0.0128529392107459	0.0322317842498954	0.0154574125674369	0.062711381124778	0.0137072326082185	0.0658328668232065	0.0178558760652491	0.0773679057233844	0.0155689692998695	0.0976548552899411	0.0160243836905224	0.095531942757534	0.0163935456792381	0.104418632233175	0.0173702751453014	0.110781434809315	0.02361272352571	0.171994401642009	0.0270377032088404	0.237432750828077	0.0332167074604669	0.305535659248295	0.0403523425128905	0.424100183728835	0.046046825757566	0.472753364475401	0.0481712943255983	0.551171016209669	0.0529168120357244	0.607997252016459	0.0558572724158092	0.798351109830866	0.0690933682860622	0.987150566695208	0.0860902316401006	1.18042867220838	0.0807065740511121	1.30679480549038	0.0859589708822104	1.53579305314883	0.101593274291149	1.93052876516865	0.117651286088685	2.56062078394656	0.13554098744222	3.1910405826703	0.127461334543225	4.01570019292564	0.163681669627208	4.44380399638524	0.177544481216496	5.07296967823025	0.19106123752635	5.98627788292344	0.229393927376663	7.5916440942219	0.279728842905716	11.0447700125841	0.279242682592805	12.6276446358442	0.338419440228839	14.9420088306838	0.480272485711465	27.8607204681991	0.380087923880177	20.8811710376737	0.452492241136216	27.8443664432014	0.491576131613639	31.3441752433226	0.474416804142411	31.4976982290902	
0.0129419873841897	0.0330548597491934	0.0154721832350954	0.0627975939424536	0.0136425361528249	0.0670561807947324	0.0181023605729477	0.0795272133898569	0.0158499965895965	0.0999943302102985	0.016400464227549	0.0977609104388959	0.0168635652939886	0.107446972959851	0.0177076743494225	0.113288482301525	0.0242057617433735	0.17947577373621	0.0279965807410242	0.247237161455165	0.0341373315595366	0.319297230203139	0.0418846734249667	0.443966719389466	0.0472508666486924	0.49679170120321	0.0494214644184942	0.577759634167779	0.0546788153229229	0.636709110720861	0.057573378004733	0.838113808850125	0.0712183157638432	1.03804175504529	0.0882199477601305	1.24047685650779	0.0831890127588563	1.37300403757421	0.088901447538146	1.61958216214674	0.10428697108064	2.03056467929373	0.121078382829958	2.69356428119072	0.139466950070023	3.35800971573126	0.131220941442282	4.21595735435935	0.168188716532601	4.67753987447978	0.182728380429619	5.34006599502426	0.197780566593901	6.31842149052932	0.236630288461507	7.99215702010551	0.287547492552507	11.6296098280193	0.289083697149013	13.2933046204657	0.348369208511943	15.7752342276164	0.489581548712522	28.8573175320884	0.39218111775878	22.0466224642561	0.464536892462111	29.1723727668814	0.504360867889682	32.847422939609	0.488596846861153	33.167786768759	
0.0130571934054841	0.0337791841658744	0.0157187518601417	0.0641157281891039	0.0135038966975103	0.0687450468920894	0.0180598182553047	0.0820353522756575	0.015901575418876	0.102618018573482	0.016687613491293	0.100271537702082	0.0171720751598984	0.111219702322762	0.0180186270424383	0.116507176622262	0.0247706352805607	0.18552372404084	0.0288909025894063	0.256857170221239	0.0350644941688311	0.331338328302251	0.0432082406776316	0.464179503304594	0.0483494832501947	0.52005907749884	0.0506830485797042	0.603894407015303	0.056273669548825	0.667988800264496	0.0595779261254023	0.878823139013857	0.0733656336739525	1.08805482266455	0.0900658599140126	1.30094122556297	0.0856625468265972	1.43958393602513	0.0915420110213129	1.70298058134317	0.106833860835144	2.13211073290182	0.124766621726229	2.82760976581895	0.144016242547569	3.52399281106318	0.134932361792697	4.41604780906011	0.172550279116807	4.91092743794795	0.188130309763887	5.60737465335521	0.203666389018717	6.65238629934336	0.243447355118611	8.39284363764103	0.295223592743309	12.2120375181008	0.298798131567606	13.9605683424845	0.357838332592673	16.6082221373037	0.498951918042013	29.8547602368353	0.403654632446992	23.2152068598307	0.476639740031632	30.5027670015293	0.518019606707722	34.3463418487742	0.501677743492379	34.8358189482807	
0.0130734880611588	0.0345416741048172	0.0159586908064875	0.0657922833667624	0.01379184505167	0.0700859803508408	0.0182834443074607	0.0831318026562483	0.0159747425543268	0.105363637428572	0.016895626135813	0.102887964659912	0.017036240203534	0.114422156706876	0.018543095713514	0.119604908153409	0.0251062376185453	0.192357012069212	0.0295732881538026	0.267854226659966	0.0358946597645634	0.344737702104265	0.0446136651952433	0.484364871412735	0.0495104310220479	0.54301862259435	0.051875914603986	0.630542047538777	0.0576721586468928	0.698411207418915	0.061233950249702	0.919133979549903	0.0753160869821078	1.1376578755398	0.0917474369424709	1.36084517128549	0.0880685264304181	1.50640865588622	0.0943929193575422	1.786136973097	0.109655116701603	2.23212219981047	0.12830626128923	2.96062474206731	0.148250465998353	3.69154076107677	0.138867358779148	4.61545513868484	0.176866168137171	5.14402955106057	0.193181455625903	5.874142213296	0.209298429274748	6.98440883502029	0.250171761535585	8.79244805839625	0.30293117145677	12.7934556545593	0.307272449281838	14.6280388181051	0.367342337660862	17.4380081601316	0.508337480822497	30.859430004418	0.414043932887271	24.3802093889535	0.488598556204297	31.8387473087144	0.529736836240851	35.8494628851965	0.514074778709772	36.5030650915868	
0.0132512389403725	0.0350950283902396	0.0159067437773679	0.0668505931793512	0.0141105602597962	0.0707128368113379	0.0186406990935552	0.0848981285946867	0.016429341251997	0.106850180982161	0.0171842961307261	0.106107437508076	0.017293105704158	0.116226557729701	0.018844887006712	0.123488130203401	0.0254872487701026	0.198712648054816	0.0302090700294034	0.277635266912308	0.0366913545029041	0.358606346046274	0.0459303927741568	0.504762290019511	0.0507299653635513	0.56673655526788	0.0532479332617835	0.657367919911501	0.0590898621753683	0.727683198417683	0.0627459339171323	0.958300282903771	0.0773747773195892	1.18718933299554	0.093326138647168	1.4217733389608	0.090568637956128	1.57324117557351	0.0969236098297706	1.87005064648336	0.112503662275345	2.33208500511691	0.132280648959964	3.09354332643379	0.152171843690186	3.85888451862558	0.142944800037436	4.81605269850339	0.181221071878457	5.37806717765495	0.19773540969006	6.14130232568334	0.215538518326986	7.31818924197331	0.256906118563857	9.19259078357403	0.310355634404898	13.3775029145211	0.315660553312612	15.2936261595693	0.376692052322157	18.2736522016756	0.517138082715462	31.8611102266781	0.423997560032325	25.5454652378045	0.499720055897294	33.1737199249216	0.541271795773883	37.3494733043673	0.526504231374322	38.1690073833504	
0.0135363302646111	0.0354476832387992	0.0159239879162823	0.0672131977857889	0.0144672661636555	0.0711467749028369	0.0187348660127975	0.0868296915226949	0.0165691980092163	0.108904452929504	0.0173820569029202	0.108924433503972	0.0178336070839375	0.119295643817081	0.0189445512088025	0.127290283537506	0.025982164398113	0.205165636348674	0.0310086370538876	0.287792154013316	0.0374833593917869	0.371625012660166	0.0467674089866727	0.524688808671864	0.0518894579962639	0.590605071153041	0.0545340053976426	0.684186516326957	0.060675321114342	0.757418813413606	0.0644527261609604	0.997973225714164	0.0796881364653248	1.23661787931166	0.0948524158693148	1.48171314060074	0.0928214952964155	1.64106369111058	0.0992673999435787	1.95395628721288	0.115158266089535	2.43196794951638	0.135924983130081	3.22780487788906	0.15602793313152	4.02427459433628	0.146950798705567	5.01484908054819	0.185936424316954	5.61149059704054	0.202236214752178	6.40789805661728	0.221514256163109	7.65339969467173	0.263548511853227	9.59378124659849	0.317537774942658	13.960970891869	0.324397978467481	15.9584619237515	0.385538960208309	19.1078582812326	0.52646732771541	32.8605236098993	0.434373580225929	26.7113935015224	0.510690291987601	34.5070198858642	0.552949675243028	38.8481910478659	0.538604613234912	39.8355606226939	
0.0134987647106768	0.0359366571258252	0.0160981409017043	0.0673657018501386	0.0145636308328301	0.0738382060661693	0.018864321552113	0.0883042515746627	0.0166323580326459	0.11167677454777	0.0176357654230067	0.111603193587721	0.0178988943725517	0.122395812793912	0.0191149266683574	0.13111199464475	0.0266198214568013	0.212111003222813	0.0317170621225048	0.298737027286513	0.0385550563383141	0.384419317855723	0.0476671939601824	0.544479063196491	0.0528512364687478	0.613464208038245	0.0557969328461505	0.710530836743817	0.0620906057186866	0.788142678029578	0.0661497261095957	1.03779843975828	0.0819854198017645	1.28764294527549	0.0963243892465162	1.54126830603564	0.0947258616906443	1.70815721393701	0.10179251693622	2.03676133754214	0.117738571168413	2.5313263265006	0.13916148450225	3.36131066111094	0.159671635783399	4.19213616721198	0.151084742070599	5.21431228952475	0.190266205902393	5.84436500179448	0.206774779835614	6.67547074488558	0.226281961849503	7.98856823785628	0.269770434925924	9.99326087013464	0.324609860940157	14.5444956798913	0.332741864437348	16.6251249427382	0.394432232207801	19.9422655264563	0.535491367206684	33.8606373476633	0.444061605301336	27.8769455109381	0.521350566721019	35.8408302115535	0.564201826626578	40.3477544322221	0.549925835295718	41.499342246187	
0.0134688844711646	0.0368795366048317	0.0160495454580661	0.0690142082125267	0.0145149869495035	0.075971109283714	0.0189910739494771	0.0895253900349654	0.0167978609245295	0.114201953725494	0.0180777525199567	0.114150222465122	0.0181031682757011	0.124882996922779	0.0192439793378966	0.134341515589903	0.0271926743344515	0.219083203827357	0.0325871506271054	0.308537508896677	0.0395685953564044	0.398990033466493	0.048600098155692	0.565042664667282	0.0538802734803124	0.636764035103292	0.0574582425724274	0.736639183314542	0.0633489953153949	0.818938254480389	0.0678050474433271	1.07831597568841	0.0839672404326618	1.33734844362908	0.0979920710323478	1.60142673563959	0.0971110179461002	1.77403163557117	0.104248089179118	2.11925043670296	0.120302937388981	2.63091171335161	0.141932795212338	3.49465765384138	0.163191990804826	4.35883498390849	0.155079467180798	5.41443114956269	0.193833633252603	6.07921613861915	0.211336159353595	6.94227276376	0.230909404211994	8.31892696583269	0.275274745536089	10.3929519038852	0.331817974603577	15.1274383913321	0.341085521598723	17.2895285732663	0.403651512423894	20.7771291197198	0.543828214158634	34.8614439893899	0.453740652272856	29.0390553522815	0.532501514088846	37.1723643849786	0.575259211771076	41.8441140670738	0.562013949519217	43.1612425981687	
0.0137552750582342	0.0378819836638752	0.0160512537059426	0.0701216234607212	0.0147334232931838	0.0766686989627977	0.0191659757226146	0.0912849638850585	0.017012709273765	0.116673436338575	0.0181340595240742	0.117240634383256	0.0185362481518654	0.127826499987704	0.0194064649410806	0.137481003839814	0.0276474827623211	0.226430523684842	0.0333057502813729	0.317780943218357	0.0404576295146222	0.412601603286288	0.0498091670449591	0.584275755488109	0.055108000596676	0.660408742542871	0.0590348436092417	0.764004349640015	0.0646075405652125	0.848177299944644	0.0694829815424313	1.11780579720627	0.0855702196040149	1.38742309495066	0.0997002354490024	1.66148400033368	0.0996054532556987	1.84078289736767	0.106487057094616	2.20318541409219	0.123139791011036	2.72955972407579	0.144812098104136	3.62810779054207	0.166620739101131	4.5252851374894	0.158963125857114	5.61563080939713	0.197836223233496	6.31209939093712	0.215849716387116	7.20867803923647	0.235874551562367	8.6510086404903	0.281121885451399	10.7931449204796	0.338611331207924	15.7106558429193	0.349604729491907	17.9537496645784	0.412351662271359	21.6100816391509	0.552097211367929	35.8631745030667	0.463539178029876	30.2023628743989	0.542809448658876	38.5052843663289	0.586094093212621	43.3417961799187	0.574553442233227	44.8295467238693	
0.0139273762649859	0.0380886435876698	0.0161421050673355	0.0711027135388184	0.0150347255510818	0.0786210638526368	0.0193458903511643	0.0929381923437139	0.017073274000944	0.118113879426911	0.0180746969466181	0.119694851149739	0.018657387644133	0.131743875381115	0.0197420058117798	0.140381491445366	0.0280592913254108	0.232903375342043	0.0338240891305756	0.32760721082108	0.0413329196275247	0.424955683963266	0.0510699836392117	0.604443777714121	0.0563426326725037	0.683215958197006	0.0603854533612446	0.79118802448738	0.0659796563948756	0.878578926965105	0.0712729495245784	1.15790901102569	0.0873687086696814	1.43781241687219	0.101272217888318	1.72139271908417	0.101614383799124	1.90815383789284	0.108917046721231	2.28684215887547	0.126091011557768	2.83050181502293	0.147698950628525	3.76336865107245	0.170170959236536	4.69119233003509	0.162677092673375	5.8152677100256	0.201815461246647	6.54430743442057	0.2200355814805	7.47554804465561	0.241134380132868	8.98304095505379	0.287051379154648	11.1928927649045	0.345229645751394	16.2935165979774	0.357630289224517	18.6249910651245	0.420361919035064	22.4434476657856	0.560196893661253	36.8618465535537	0.472887299838134	31.3722585720963	0.552612678860728	39.8375524219079	0.598265807575415	44.8429949666383	0.586582482534693	46.4978359484094	
0.0139516256862222	0.0388842645127699	0.0161549187024785	0.072569357349278	0.015049177213108	0.0796235961768046	0.0193184352475383	0.0946408172762658	0.0175185161241438	0.119942960496791	0.0183213894695799	0.1220477429353	0.018747905250071	0.134925651494671	0.0201498812788508	0.142984305087146	0.028464107470572	0.238814566753852	0.0345648301700225	0.338262995760081	0.0422405682988902	0.438868536621639	0.0518860890521716	0.624294509995565	0.0575817894102693	0.706251289663426	0.061429176549861	0.817692707002439	0.0676283245056482	0.908321643295322	0.0729030312277599	1.19843807207214	0.0893237208716999	1.48730126632215	0.102646662731612	1.78080015348268	0.103284813682131	1.97493734673196	0.111157132110316	2.37097108418166	0.128836967784898	2.93090280757991	0.150364693418676	3.89510724979293	0.173764951244929	4.85821198734333	0.166332511401071	6.01376141224803	0.205341859876311	6.77789942318416	0.224460081188412	7.74122176628447	0.246849845619805	9.31527257263879	0.293050928630159	11.5923938088589	0.351602380706016	16.8765375405107	0.365927276798744	19.2922482678856	0.42767844580569	23.2792165045486	0.568738209394152	37.8597809965966	0.482109399688237	32.5404499495631	0.563148448056157	41.168136646352	0.608087384773626	46.346495982653	0.597564191628179	48.1666057353752	
0.0140040305211401	0.0400691068602382	0.0162382659060141	0.0735587129148323	0.0149453608570039	0.0809631944973972	0.019358017454591	0.0967226796535713	0.0179599980426236	0.122994300524393	0.0187178326013164	0.125287071870851	0.01895950603819	0.138040430593698	0.020536292813513	0.146495187299875	0.0289539164211521	0.245175252253801	0.035470501493677	0.348075089798046	0.0429521946302461	0.453043702091459	0.0526658078492098	0.644213519860016	0.0585462044278634	0.730029816509089	0.0625656604275699	0.844275096741128	0.0690077449776799	0.938436422976425	0.0744704792059016	1.23775303778492	0.0909517710314569	1.5367770772567	0.104089726718064	1.84068465784738	0.104839295167413	2.04159908515024	0.113347514516044	2.45418149264226	0.131196768398985	3.03205491175765	0.153176097588986	4.02769731013681	0.177673907110481	5.02471848593732	0.170051598660874	6.2144898228821	0.208997906065091	7.01104577411697	0.228829990790466	8.00823659235707	0.251762757971024	9.64901852065819	0.298754364098143	11.9926296662897	0.357768436583464	17.4572488031687	0.374128014396534	19.9579408487957	0.435152985601782	24.1128284003313	0.577049542438142	38.8610682007489	0.491372179551344	33.7065663404321	0.572024147141822	42.4988698824009	0.618733442501005	47.8452137261516	0.608313272733218	49.8333489645149	
0.0141629613972459	0.0401023411593045	0.0163041179639214	0.0744217942419902	0.014798347258306	0.0822652343265694	0.0197479025001438	0.097330767782294	0.0179499204469421	0.125999576466527	0.0189314971929901	0.12822744627415	0.0191390923202315	0.141840255621477	0.0208841811414734	0.150976624004576	0.0294681535976714	0.252817248380663	0.0363485856208802	0.35750013201315	0.0436219374993894	0.46541218916383	0.0535405799197416	0.664021760551011	0.0595456549800755	0.753608458256669	0.0642852278676749	0.869882915659432	0.0701839257118867	0.968227917324171	0.0758497776863049	1.27818268015125	0.0924955337331335	1.58784486764161	0.105670082180993	1.90099140056429	0.106834445160588	2.10807758586066	0.115794662500945	2.53678491164369	0.133663362704863	3.13165263863218	0.155686107353574	4.16153022039748	0.181074799170157	5.19233512098753	0.173727407305229	6.41372066688732	0.212642495932615	7.24506849955086	0.232988442501294	8.2752551437198	0.256224399326723	9.98210695497114	0.303964379410792	12.3930583074843	0.364075955581505	18.0375931247497	0.381982975623653	20.6253172608407	0.44231803504865	24.9445143211212	0.584401015208168	39.8612415431549	0.500359575620123	34.8730254579924	0.581995050090564	43.8301544613878	0.631530012004555	49.3438159856565	0.618642738261389	51.4989299031366	
0.0144600760194761	0.0407300643682112	0.0161196493840635	0.0751070802773327	0.0150047283915649	0.0830068799269145	0.0199802258340574	0.100130134133727	0.0181156586534818	0.128445345846622	0.0191025028945421	0.130294211040123	0.0193896598588848	0.144096515418554	0.0214429791609086	0.154115122724299	0.0299253037284773	0.259484906517773	0.0368042730339052	0.367426283957256	0.0443005802093147	0.477458002083252	0.0546609819112844	0.683166492146768	0.0606610538776261	0.77730939429402	0.0659796244583113	0.89708818554797	0.0712537222597517	0.997752471351646	0.0773452411464094	1.31884200993663	0.0942218167598698	1.63724628918903	0.107137865799854	1.96151688766053	0.10880519271236	2.17529066721692	0.118080547345403	2.61994037207499	0.136488147477714	3.23048109309662	0.158137191806117	4.29571843020349	0.18394550624848	5.35944744488753	0.177387672722925	6.61376967773548	0.215951841317027	7.4777743349268	0.237241294548456	8.54073421893981	0.261303655945563	10.3145117985468	0.309100091811726	12.7952778819048	0.370179110368656	18.6243114177286	0.389493251396448	21.2925632877315	0.449399860700954	25.7762505333277	0.59175218075234	40.8599396706727	0.508980418501071	36.0397527964414	0.59209326542347	45.1661552576686	0.641789233106716	50.8455474888634	0.62899527706775	53.1656992093072	
0.0147376029821841	0.0416930213965531	0.0162512094482864	0.0760000221331209	0.0153331082327493	0.0847580864261487	0.0198981785058151	0.102058182774375	0.0184590352678014	0.130295447157051	0.0192518343230262	0.133098714217388	0.0197142040771387	0.146687294627011	0.0217474096898692	0.156617091598336	0.0302866859834328	0.265451278789508	0.0371820315078883	0.377886985929972	0.0449571696517246	0.49175776104534	0.0559609139198931	0.703263093576232	0.0618093075772372	0.799880403271387	0.067366622782013	0.924184025039188	0.072314296176249	1.02855386856827	0.0788711986164343	1.3592419663973	0.0961271342469263	1.68800767446145	0.10858409811661	2.02155040363009	0.110638162177429	2.24240013894168	0.120234431754849	2.70433286165728	0.139025841711071	3.3307591510796	0.160820731504234	4.42911315321362	0.187227164358631	5.52569177618923	0.181049739015806	6.8139998308158	0.219163593335838	7.71098075616282	0.241833616304451	8.80734205706664	0.266884039582864	10.6469622769264	0.314218025311236	13.1933875299988	0.376492220893567	19.2078576261691	0.397065923482697	21.958850052416	0.456586845198482	26.6114121498009	0.599453362169791	41.8554862027478	0.51819510019805	37.2048186554962	0.601142311056513	46.5005579044872	0.651848697297351	52.3439597585721	0.639619930382769	54.8329863308046	
0.0147880214467452	0.04227793651087	0.0164413510319171	0.0777018539863305	0.0154664373427512	0.0861504645407678	0.0200656847489609	0.102739743519596	0.01868570017241	0.13283568756632	0.0195012934422944	0.135070484085262	0.0200301624805762	0.149871093456688	0.0219071662443266	0.159762225991087	0.0308685297022669	0.27232766958874	0.0380134293132429	0.388059210748903	0.0453687040436254	0.505519797661449	0.0571071107412081	0.723665518041609	0.0631743881728784	0.823327321088576	0.0685830473675781	0.951714675736778	0.073604635026792	1.05818005316688	0.0801643033698723	1.39986264629767	0.0978478157408889	1.73885474140666	0.110068213649744	2.080192058078	0.112384989452598	2.30918527759523	0.122489973571327	2.78851161271884	0.141643440566447	3.43007259175174	0.163609109233145	4.56232021473387	0.190341189675631	5.69252004671747	0.18445219490866	7.01372660406845	0.222990005831023	7.94349287645244	0.24602401029147	9.07439786133059	0.271762338143073	10.9812381474656	0.319602355543022	13.592349338208	0.382841223676734	19.7917316601403	0.404632159256823	22.6258353089983	0.463692154917903	27.4447763137905	0.607093685190037	42.8548027284258	0.527436276954232	38.3709611233962	0.610566369883621	47.8319467915975	0.661490670767228	53.8449722807856	0.65042087578274	56.4994985919567	
0.0148104955334555	0.0426370086400537	0.0164981118484287	0.0785278788631195	0.015424739295947	0.0870371054175614	0.0204160561386194	0.105127930973867	0.0187604954321665	0.135216220713544	0.0197865816295803	0.138001981820693	0.0204055919088881	0.152926806334608	0.0222836046616974	0.162959863691489	0.0312972358009323	0.279218554094851	0.0387568686721377	0.397879774001127	0.0458564825290809	0.518542713434386	0.0579776807948651	0.744566665722005	0.0641938185978811	0.84719606980437	0.0697645460526561	0.978348870291219	0.0749195412239527	1.08769634170689	0.0814372741137233	1.439460850475	0.0993944698732057	1.78829306660935	0.111358834362119	2.14110567383877	0.113508351006791	2.37604142959173	0.124547409105848	2.87105472858642	0.144143201044624	3.52997416260181	0.166520700211393	4.69576010688672	0.193821423887967	5.85797554783593	0.187795075359373	7.21348876757726	0.227870400405568	8.17722782322444	0.249997068013035	9.34112397741878	0.276155281728705	11.3146357808586	0.324654093631453	13.9930294364858	0.388511674120265	20.376298598074	0.41159542965821	23.2925244050159	0.47097549101663	28.2759388313183	0.614539886114662	43.8581164904042	0.536306195338316	39.5366751829321	0.619013446382593	49.1674595748724	0.670643443878172	55.3471806211281	0.660710441635635	58.16389861361	
0.0148267718246669	0.0435831432004433	0.0165028471711673	0.0789231234138641	0.0153917968287833	0.0890436834650088	0.0205994101712776	0.106493169767874	0.0188316677757942	0.137446126993394	0.0200744529477186	0.14011327544515	0.0206727093436825	0.155666888186217	0.0227086515895962	0.166652062759351	0.03178568969317	0.285487402462155	0.0394072237437247	0.407448007055278	0.0466829811440296	0.532232106893126	0.0589252229947712	0.764269375928776	0.0650541510124388	0.870429190893179	0.0707750510022203	1.00507037633288	0.0762479940202208	1.11817084471536	0.0832926564911044	1.47798256222253	0.100876530475099	1.83792545614431	0.112773845332214	2.20185072022154	0.115058846332492	2.44163750220461	0.126901816919858	2.95337525836924	0.146393681719506	3.63065827720803	0.16947423956504	4.82808380898691	0.197500705565217	6.02474980165741	0.190823187335671	7.41408399908949	0.23156866647938	8.41109036118311	0.253933511149831	9.6067874544998	0.280222718876878	11.647106748334	0.329329439679464	14.3923218641934	0.394626091344777	20.9595318821443	0.418891982184921	23.959690338169	0.478338217167097	29.1090086973883	0.622457494751055	44.8585357019582	0.545111371456852	40.7017969213388	0.627676084040371	50.4983157454953	0.680262963475042	56.8453581975591	0.671083104436959	59.829516805133	
0.0149321615380303	0.0446998662169737	0.0166396318851979	0.0798655126752496	0.015498606505124	0.0896031973030064	0.0206901985403391	0.108104183122457	0.0192195691340877	0.139701193533478	0.0201655088115398	0.143596814610464	0.0207891808842141	0.158515309041556	0.0231764060488495	0.17073145916922	0.0322821270877188	0.292638882653798	0.0401808647791134	0.417658794447732	0.0474394566295732	0.545841872275518	0.0599086789781263	0.784084659746407	0.0658966842634803	0.894302479806308	0.07179519204963	1.03092784789699	0.0774073262267919	1.14819109515963	0.0851822597897952	1.51762931158676	0.102407191196886	1.88813631338596	0.114440691558713	2.26126979615169	0.117011736463612	2.50779958608534	0.129377534732385	3.03677123284402	0.148663542149105	3.73081246929447	0.172465204305617	4.96132020716688	0.200632623739693	6.19227470143837	0.193625998402032	7.61441520066435	0.234674371794046	8.64520249357992	0.257953396645135	9.87476247410123	0.284352225778974	11.9796103120978	0.334192074674421	14.7922839128003	0.401511444470582	21.5413737703541	0.426126306781303	24.6261317023936	0.485159708770094	29.9383830756577	0.630275470876514	45.8593833218761	0.553551517196019	41.8633274800682	0.637268106821475	51.8303565583769	0.689861271754934	58.3441914250515	0.680878249035504	61.4972993902166	
0.0153378359326967	0.0443022997263658	0.0166738571822688	0.0809467926849354	0.0155830864573926	0.0906337493386155	0.0208694141625456	0.109926264721444	0.0195122059847413	0.141905633962888	0.020322510694258	0.147003825257227	0.0209631457482928	0.161685894732833	0.0234208841668459	0.174764769665748	0.0325949926139846	0.299466611850817	0.0406257726746404	0.428514493588645	0.0482532202173681	0.559552278698849	0.0609021286231665	0.804007744146929	0.0667288592633312	0.91716638971948	0.072807538410193	1.05742513803946	0.0785976662946945	1.17736093171834	0.0867177361157941	1.5583376522203	0.104092041050053	1.93804938024851	0.115844768219678	2.32221856933798	0.119039619209022	2.57436865791185	0.131626275990661	3.12074346313447	0.150898036965904	3.82991985485675	0.175163686172261	5.09535987102929	0.203475105934809	6.35969249912834	0.196634918983608	7.81365675487868	0.238552320161987	8.87849413082747	0.261918924530531	10.1440273754072	0.28930960889675	12.3120272628664	0.339197952011903	15.1922766950507	0.407388037398147	22.1245213727516	0.432896410699707	25.2918093821432	0.492525122426478	30.7718627236411	0.637674326405591	46.858666319943	0.561818752156543	43.0281996240367	0.647497044619826	53.161983864055	0.699372194782485	59.843762259988	0.690949343561912	63.1636253868626	
0.0159573377000374	0.0452172977371191	0.016764744010318	0.081573216225975	0.0156897955421631	0.0921991788209107	0.0210273113227494	0.1112017109268	0.019554079443967	0.143812342220867	0.0205792063049087	0.149370257599264	0.0211313649792595	0.164332524189284	0.0236456147974064	0.178457856400398	0.0329365583617701	0.305782957667171	0.0410550750147471	0.438537910529518	0.0489476798958488	0.572589979216956	0.0617591389344261	0.82408211025098	0.0678865601827458	0.940762144518556	0.0739262534738608	1.08434420087288	0.079747878420156	1.2076325228305	0.0879904227451402	1.59850326464927	0.105653316388035	1.9867948014886	0.117124849215568	2.38166372229898	0.121087892825695	2.64166532546521	0.133600859450561	3.20416714445453	0.153089062781636	3.92943352987292	0.177770188802217	5.22832851398177	0.206514313531168	6.52663858195667	0.199681511604166	8.01361822140898	0.241947768830299	9.11191335926168	0.265552218048877	10.4091590673234	0.294313143189689	12.6445010243093	0.344255185159653	15.5925758824135	0.412777418215333	22.709445938537	0.440097074492547	25.9583457412658	0.499632908986649	31.6077433211078	0.644315411168577	47.8595660939227	0.57048987790594	44.1968678386391	0.658243041333311	54.4934994110294	0.708845819213944	61.3434262271775	0.70113126182827	64.8290237862685	
0.016228927271633	0.0464370101097971	0.0168061820929737	0.0832862166735919	0.0156648947071205	0.0933702223154191	0.021205795889474	0.113513137031887	0.0198087530718125	0.145934971786748	0.0207355768571496	0.152269362772936	0.0213410946282724	0.166831931926362	0.02376125400913	0.181671486654876	0.0333997481267638	0.312308298080108	0.0416437066694492	0.448020782052993	0.0494140482182235	0.585983270318693	0.0624250609799275	0.845100255324254	0.0689870759110557	0.963228146880622	0.075109585630414	1.11083357477385	0.0809316784266005	1.23853834458584	0.0893162857224852	1.63895979895366	0.106915200586426	2.03721404214642	0.11859251810422	2.44106277479472	0.122863017897895	2.70968958874543	0.135501579783821	3.28725764513934	0.15543955599945	4.03043638961517	0.180232034835567	5.36176654348956	0.209645701297065	6.69264635733565	0.202833188767874	8.21320063966942	0.244689328097121	9.34723341698039	0.269544479374226	10.6748430335001	0.298277728925808	12.9777570966777	0.348934449497112	15.9936126772205	0.419624636824826	23.2906452142009	0.447396451243333	26.6245542748577	0.505645839011766	32.4418730322174	0.651535380370007	48.8605552748653	0.57856239172379	45.3649064792108	0.66801708625174	55.8288557321192	0.719947629528024	62.8411865711149	0.711511083109615	66.4935430172056	
0.0162216312311749	0.0466378383538409	0.0168277226943286	0.0838851953038143	0.0155862923134423	0.0949549767402198	0.0212228826938067	0.115449087362128	0.0201149511156907	0.148951685533709	0.020866287488969	0.154835418278594	0.0217929553197817	0.170687432579161	0.0239268995825416	0.185043587258664	0.0338640250216907	0.319331022931926	0.0421573668174145	0.458022458433548	0.0501275853062764	0.599240762953969	0.0633517647789672	0.864003192308062	0.0701252886552551	0.986164292497557	0.0761233214020261	1.13707917500249	0.0820805171830446	1.26890120530598	0.0907527302697171	1.67863669988481	0.10853726049683	2.0874751908047	0.119931675743343	2.50091305305643	0.124263144974054	2.77602815824567	0.137844598518065	3.36978213455632	0.157913632705161	4.1302434312284	0.183304287695313	5.49384577342553	0.212350229184695	6.8594490164943	0.205981879247016	8.41309132568742	0.247847927248904	9.57991410664801	0.273903227763501	10.9409200177846	0.301469597024129	13.3120320358943	0.353105888633544	16.3933735601608	0.427283365439769	23.8739846690396	0.453514715569226	27.2920983249582	0.512771608450474	33.2752763117532	0.659178984224325	49.8588957745315	0.586076995360745	46.5322969193015	0.676243974245842	57.1607289069453	0.728962831134164	64.3434992195808	0.72161702850393	68.1546945858729	
0.0163147888131141	0.0472940905911977	0.0169715915790248	0.084471717495193	0.0157200154507463	0.0969545553167748	0.0214428612523766	0.11664068543592	0.0201762888195064	0.151757309208393	0.0211102311311262	0.157392276974266	0.0221761249132786	0.173648543460675	0.0241171949740951	0.187481076599386	0.034527413230971	0.325897137809396	0.0428777004400689	0.468116102913977	0.0507519488804064	0.612928584805939	0.0643216572422468	0.883029471319486	0.0711206888855802	1.00931889145552	0.0772761839958765	1.16358345006394	0.0832581159315452	1.29815497730774	0.0921009836911842	1.71801499552965	0.110084745077846	2.13770397600506	0.121065278219555	2.56085692923244	0.125611175794842	2.84264356336806	0.140392361794958	3.45349801832028	0.160291814995933	4.22947770948546	0.186500794932814	5.62711523355532	0.21509291934205	7.02661675408487	0.209026218247382	8.61285162655116	0.251215153697013	9.81133844222214	0.277846442377951	11.2070808210969	0.30611487841365	13.643625697546	0.357554723840981	16.7931325804561	0.432645321158651	24.4603118065558	0.460521329275148	27.9573643601494	0.519746386867145	34.108828602894	0.665515012117722	50.8590095122955	0.594312367086718	47.6974782623501	0.683130242217666	58.4951241031837	0.736614711223811	65.843427682369	0.729909339778271	69.8236841649559	
0.0165620696277201	0.0483115395372608	0.0171394476043741	0.0862029296638531	0.0160307454121497	0.0978530923837026	0.0215982397787274	0.118091365796132	0.0204009415856809	0.153955303139663	0.0214158136057063	0.159743473461783	0.0225620605930369	0.176233632870548	0.0243610506280955	0.190917816807549	0.0351852768652842	0.332002451761131	0.043380365226344	0.477795163349242	0.0513103832736604	0.62652455497335	0.0652885605267589	0.904662696716419	0.0719482728434759	1.03261848568994	0.0781983238718999	1.19174582847542	0.084323325634227	1.32807324793494	0.0934639651090011	1.7579062170581	0.111398055378076	2.18772670609556	0.122361936678735	2.62051023277897	0.126978918043419	2.90995978869456	0.142395256858748	3.53802275570188	0.162820477588902	4.32912270097841	0.188737619994328	5.76203732551527	0.218428730757584	7.19247738050404	0.21220357377315	8.81485641471312	0.254339349108863	10.0447222804002	0.281510700570453	11.4740677074936	0.311484434499218	13.9765977165427	0.36243197501246	17.192452016517	0.436954453049141	25.0429285551109	0.467746128391523	28.623563580516	0.525921742163211	34.9421536513373	0.671529481479166	51.8596447906765	0.602186792239156	48.8659788388969	0.691220350724058	59.8260026255474	0.745866579245562	67.3369411955678	0.738642312543568	71.4948344123093	
0.0166338751247285	0.0487573856423244	0.0172423321685991	0.0873600397001922	0.0164686257541603	0.098266672346764	0.0218395544573219	0.119653019056605	0.0206508104374059	0.156377221931831	0.0215929009717417	0.162384485879222	0.0228934090496711	0.180130999381471	0.0244048617461417	0.19391156763337	0.0355776180944105	0.338744150039407	0.0439010998286613	0.487538135793155	0.0520548958770478	0.639255093679405	0.0663692736246072	0.925066168919642	0.072926349385386	1.05620597500156	0.0793221484680854	1.21759177492321	0.085356203280392	1.35844146375962	0.094929294052612	1.79750372274354	0.112709559145339	2.23762487179763	0.123728562690645	2.68079893112186	0.12860672167625	2.97554328845329	0.14392867852993	3.62201500942673	0.165574623994831	4.42947642891698	0.190774741640067	5.89537896314116	0.221287685269668	7.36115479191635	0.215192822033752	9.01527981721849	0.257659989416326	10.2781657232202	0.285055720669043	11.7397237339944	0.31494149177405	14.3124316896752	0.367025021941171	17.5916429300687	0.442134914021213	25.6252137528453	0.473556541053547	29.2909846960425	0.532942542449638	35.7747820705279	0.678215335256035	52.8585068309597	0.609215090018276	50.0306311907482	0.698694288620338	61.1590343656013	0.755098889667814	68.8350368156162	0.747669222585613	73.1620060498129	
0.0165562962204575	0.049202193104488	0.01727726638114	0.0881733753075047	0.0167265295695908	0.0999197407343594	0.02183230302403	0.121681512287346	0.0205862353777263	0.158660315459314	0.022021961802451	0.164591181855385	0.0228734239469177	0.183303796963758	0.0247145072551618	0.196559681385104	0.0360987928848923	0.34522210941861	0.0444932634223718	0.498081405328955	0.0527158958565458	0.652650480256835	0.0672604039454661	0.945000953059453	0.0739231104759018	1.07939439260891	0.0806164976751402	1.2434941827994	0.0863885894036042	1.38917743556849	0.0962721986120323	1.83807469330385	0.114183872103818	2.28742664561781	0.124857963638927	2.74183082484399	0.130375136412124	3.04245881226109	0.14577345916469	3.70516325210843	0.167866086902712	4.52961083039964	0.193069542993013	6.028067278012	0.223570899747356	7.52785733390299	0.217971227151701	9.2141069329068	0.260612094434134	10.511234774383	0.288655246906027	12.0071520672704	0.317746281269179	14.6453189583216	0.37129465800717	17.9916887977034	0.448153450707491	26.2077355065023	0.479336324448512	29.9554702829532	0.539208078426782	36.6112475385437	0.685187556557574	53.8586019422731	0.617067901743576	51.194713573211	0.706536942427555	62.4929080212227	0.763746119454829	70.3381615773286	0.75608377806524	74.8295502163288	
0.0165641391612707	0.0503535715054887	0.0173772108065558	0.089173295563013	0.0168645763501307	0.101883885399016	0.0219349097354394	0.123343413687065	0.0208857546163682	0.160252978849665	0.0223850197439225	0.167443109722127	0.0230122699943127	0.186370220050777	0.0252009408919095	0.200293717207261	0.0367881750072424	0.352191952613	0.0450263439001583	0.508284276479901	0.0532963475333366	0.666626080770693	0.0681702560096272	0.964164718559425	0.0749908466821207	1.10223752238812	0.08179701868106	1.2708102218614	0.0874120426182648	1.41829302258981	0.0973999469866315	1.87925253690802	0.115378483310167	2.33754972571096	0.125932888689148	2.80192487677803	0.132023708224099	3.10954430243069	0.148049880136132	3.78746049882799	0.169938891911092	4.6289894636489	0.195504308694947	6.161733947201	0.226004285764705	7.69351074105916	0.220708704449173	9.41293963653028	0.263459296927059	10.7451364278879	0.292297398349816	12.2746539750264	0.321719453336709	14.9768399768159	0.375975837260264	18.391766330304	0.452978501050409	26.7925501762291	0.485905723403933	30.6182142967322	0.544939655441559	37.444021244049	0.692058187777969	54.8605112698757	0.625335668323399	52.3610907343886	0.715584768601372	63.8235891032099	0.772930755296831	71.837792016907	0.764891539985776	76.4940470955252	
0.0167485140920951	0.0506047757491762	0.0174139357763338	0.0902689528642615	0.0171407159323734	0.103078226508699	0.0221868785231251	0.125229603745546	0.0212085498006357	0.163281072193794	0.0222675987432993	0.170678684263727	0.0230816817439124	0.189153040875382	0.0251723216197803	0.204543079978923	0.0372943302100957	0.358799162097123	0.0455912108307705	0.5189457657694	0.053690531359437	0.678816044955521	0.0690040975122801	0.984006021200248	0.0760743694754049	1.12637635463772	0.0829811742199017	1.29816071985702	0.0884849907559091	1.44813399344698	0.0985373547887081	1.91933304974077	0.116567558502286	2.38846326580178	0.127293435798528	2.86161170793565	0.133513350050773	3.17658765025579	0.149979749166388	3.87010233488379	0.172021238138829	4.72845284724843	0.19797413599689	6.29494007739872	0.228795929248952	7.85999861320254	0.223838788191711	9.61245127427841	0.266388242426203	10.9778795161651	0.296007029632394	12.5403835760071	0.326815201652762	15.3080368950696	0.380794597759217	18.7893684076189	0.457167948146841	27.3760293294474	0.492828223267761	31.287883624847	0.551325767377876	38.2752601300243	0.698004511346777	55.8604834466151	0.632611467629752	53.5268271456652	0.722999251327087	65.1577272544299	0.782205001830123	73.3394415637313	0.773985232937553	78.1595945065359	
0.0169762468064251	0.051561866082223	0.0175607221774314	0.091238888899866	0.0173416007766777	0.104213079391753	0.0221891589988748	0.12743595047576	0.0211702626798385	0.166438241019868	0.0223014884455544	0.172842175605629	0.0231492526966034	0.192153936691241	0.0253690080495367	0.206734816586942	0.0380549274936322	0.365296999391584	0.0458493313576795	0.528663534297335	0.0542258651460021	0.691496932529175	0.069905601486077	1.00479616687655	0.0770009981923767	1.15057758549686	0.0839594769043932	1.32403425673477	0.089582483015312	1.47809731680158	0.099507389860732	1.95967060759191	0.118019501645439	2.43913699034102	0.128628335154344	2.92084382086782	0.135004912311167	3.24261655501468	0.151615736994249	3.95388830066817	0.174181088373673	4.83049413161205	0.200220812259752	6.42912083662449	0.231770074687922	8.02500381987757	0.226901038676004	9.81272193988881	0.269619647720442	11.2100945445675	0.299631328638107	12.8067846605322	0.331621120374696	15.6407891219491	0.385084949658215	19.1868922538413	0.462134687362947	27.9582195322836	0.498899528103252	31.9566328063018	0.557626533105321	39.1095835562202	0.702835877854899	56.8596211583673	0.639755170784413	54.6947577528235	0.730047264180511	66.4890267345773	0.789809276760885	74.842484369061	0.782479661880643	79.821938168042	
0.0170970585355398	0.0530725312531468	0.0176259303480129	0.0917196332244738	0.0175681208518953	0.105927877000815	0.0223611842308943	0.128402357672089	0.0212856540724474	0.167582589027158	0.0225979352772069	0.175600330935093	0.023366241212024	0.194824256664559	0.0258061754801186	0.209730037156131	0.0387615599976685	0.372567019479047	0.0461333985548661	0.538120590724421	0.0548399740349208	0.705413452270011	0.0706921968605235	1.02416150549669	0.0777490056593922	1.17383422247956	0.0850405204645887	1.35022805214766	0.0908682152417096	1.50831500762229	0.100199136631439	1.99983738417404	0.119534389819847	2.48791174824082	0.129762328628876	2.98142518731588	0.136344515078818	3.30938423137078	0.153300649184871	4.03728404231231	0.176480097872796	4.93019593377935	0.202286959365225	6.5632461821597	0.234692155690736	8.19224140665791	0.229837858053556	10.0122009813484	0.273466413205345	11.4437130760232	0.303056008802318	13.0741701529719	0.334817783902443	15.9748582388866	0.389037906106023	19.5886927331231	0.467513877398207	28.5404600265365	0.504798747442878	32.6227444823506	0.564308104160589	39.9420890408367	0.709182046535668	57.8583714399469	0.646887198774477	55.8612056945134	0.738894320626591	67.8151480614558	0.797670561914714	76.340200009517	0.79150925815969	81.4804373301428	
0.0170163141683302	0.0533396534723487	0.0175673360389239	0.0933123766503554	0.0175652400732569	0.107450822168619	0.0225359010681068	0.129737554038535	0.0215685612098759	0.169313481053698	0.0230651353637875	0.17840224387157	0.0233994030405739	0.197445274751424	0.0259511596912641	0.212805715260797	0.039054521401138	0.379484010119838	0.0467290773950843	0.548754314960983	0.0553390704529172	0.718943880614347	0.0714159498703874	1.04439914408185	0.078620256015085	1.19702729669957	0.0860959734689754	1.37766888842872	0.0917137594702768	1.53845830905589	0.101217518916892	2.03873500097789	0.121049270450543	2.53676194326558	0.131031215415519	3.04139933147413	0.137773786661022	3.37531604575588	0.155044577389624	4.12169120022445	0.178430107033156	5.0297151967307	0.204435431303237	6.69494217287442	0.237108257900646	8.36020263104436	0.232662792539304	10.211850454831	0.277333230600841	11.6769013364699	0.306421957854159	13.3411058166294	0.337016975877308	16.3087597177685	0.392778862929724	19.9913667929385	0.472431852104341	29.1237156623475	0.510902391494428	33.2909721231884	0.570607682969799	40.7746392289348	0.716898374203524	58.8570695674647	0.654031929012054	57.0256866830191	0.74748712439098	69.1463059805786	0.805787423406991	77.8401061205644	0.801216960881483	83.1495237667689	
0.0168826088276523	0.0534358452654182	0.0175380214799235	0.0954196612223574	0.0177770699681879	0.108274533290997	0.0225955045634288	0.131695368620368	0.0217552089790583	0.171847405932059	0.0231741901292579	0.18152197062154	0.0235522177639251	0.200659749016945	0.0261317898694995	0.216398393785139	0.039414263176486	0.384802152806599	0.0471663578140042	0.558577730388457	0.0558975825825032	0.731762487507181	0.0722975231801507	1.06440709524796	0.0795720302262683	1.21988462914737	0.0870260482541022	1.40378922577703	0.092708478339176	1.56842652185377	0.10261326997896	2.07834787348507	0.122296118393542	2.58747711165742	0.132351074185292	3.10097067863799	0.139302595386727	3.4417731260481	0.15700349106486	4.20492489174831	0.180164084379209	5.1295026805708	0.206795024840622	6.82772361999829	0.239720367450454	8.52577780710797	0.235227078654372	10.4122813079166	0.280181832353551	11.9104528127034	0.310305032783229	13.607260100684	0.34068853589776	16.6414262629752	0.397063510501219	20.3913642318015	0.476958267919954	29.7071855023405	0.516959773505594	33.9579778688663	0.576765345587445	41.6075395943043	0.722856925286888	59.8575483836606	0.660947957225308	58.1920824706473	0.753921036356105	70.4840725643769	0.814752712066014	79.3367786797863	0.809933932552839	84.8215233802701	
0.0169987686883537	0.0537167226818364	0.0176258110914254	0.0951859356470183	0.0179265378674453	0.109714328819135	0.0228168667704895	0.132692902361892	0.022059648352673	0.174260928269539	0.0231245913245126	0.184109140955192	0.0238841237218964	0.203529575738568	0.0264395084037124	0.220126361458934	0.0401519740153242	0.391653892662605	0.0474461615954213	0.568604814411794	0.056569617433596	0.74622225932152	0.0731427473655469	1.08410840847093	0.0805937452612221	1.24364464595774	0.0880865605461531	1.4306593941776	0.0938764262050853	1.5986921757848	0.103937651062015	2.11770719343336	0.123528061420917	2.63717481018483	0.133716151026497	3.16083492673766	0.141032539943078	3.50912893258214	0.159017082874855	4.28707405818554	0.182295595428465	5.22844498921458	0.209244769963987	6.96166270102742	0.24271374093169	8.69177021566519	0.238067543933622	10.6112369461141	0.282500781628961	12.1449961474318	0.313823944742034	13.8736546659513	0.34667040674044	16.9721500693835	0.401836705740412	20.789871554616	0.482113182684641	30.2857267835027	0.523037857938713	34.6225957035763	0.582965102379042	42.4378657841998	0.727676261610242	60.8587536314303	0.668132433897761	59.3570030433874	0.760218744390879	71.8150889224751	0.823153617275981	80.8293236175536	0.818523544156316	86.4892836136129	
0.0172530752626914	0.0549624138599419	0.0176765011384721	0.0953287626882008	0.0182486185526758	0.110792465615281	0.023086501094362	0.135275197804174	0.0223240378243138	0.176995800535743	0.0233330530782449	0.186781949305896	0.0242259370734348	0.206233015869372	0.0267440349098282	0.223942295456106	0.0407545823990151	0.398930548423096	0.0479077301009721	0.578837196845421	0.0571512592038526	0.759665609009265	0.0738728773040767	1.10424138968674	0.0816536354181536	1.26764121869083	0.0891397769968346	1.45772839993842	0.0949158190231128	1.6275733023591	0.105328343721175	2.157881886257	0.124957385148473	2.68666901473934	0.134893293624804	3.22193503983514	0.142845453702415	3.57670662670905	0.160852000829717	4.37107841910329	0.184553000154924	5.32810069091663	0.211445341105587	7.09532611058757	0.245639454511649	8.8590618191523	0.240679550674107	10.8119462646363	0.284940414134439	12.3777876644805	0.316679182715217	14.1408883528186	0.351491345853266	17.3070387501477	0.405958962872423	21.1903253415189	0.487632624521606	30.8660711050837	0.529077118973669	35.2889122705818	0.588828769212516	43.2685086237556	0.733653572073982	61.8580850582688	0.674209366074717	60.524270548904	0.769053787546963	73.1453825742897	0.82978224442894	82.3322397630192	0.827130077524308	88.1560827221044	
0.0171076662496658	0.0561347542938334	0.0178154687751241	0.0971792932801087	0.0186340590831454	0.112644706057147	0.0230867023604437	0.137810010349322	0.0225373515794981	0.178897066377685	0.0235506224915712	0.189327632131202	0.0242923813630026	0.2102687274318	0.0269658504454264	0.22722775396074	0.0410226688705805	0.405622682880458	0.0483657507215253	0.588168641146222	0.0577572987938237	0.772420594931743	0.0746739865259778	1.12398740639117	0.0826154131979661	1.29050728228735	0.0897028014948844	1.48454047709616	0.0961601184135449	1.65829926245076	0.106517586283615	2.19802677675966	0.126195101310622	2.73775252119195	0.136026187809822	3.28214061764219	0.144159337167643	3.64373507337366	0.162293797475289	4.45500501458975	0.18674648535784	5.42803159842641	0.213456783588907	7.22852711851137	0.248300513421495	9.0262705349342	0.242979376523918	11.0126239181925	0.288110751221962	12.611323308231	0.319570313905629	14.4073034071816	0.354000141612447	17.6417318531805	0.409519036234525	21.5919395562947	0.492870199706355	31.4547433127313	0.534796645681486	35.9556982241426	0.594976064172609	44.1050411469935	0.741616154987755	62.8544139012693	0.680614162896852	61.6916200108033	0.777658552226083	74.4819868675702	0.837636105620511	83.8359829228917	0.83494743337069	89.822516752164	
0.0169823335511593	0.0566327844739221	0.0179886570456884	0.0978839988454011	0.018295347007407	0.114171427446773	0.0231498206788143	0.138725645915831	0.0226198483399996	0.181569641897756	0.0237550193409425	0.191722222427869	0.0244926190596233	0.212190715200042	0.0272849832909711	0.230499446354222	0.0414369147354125	0.412733621438201	0.0489579194709808	0.597523484925599	0.0582846169285302	0.785677214452147	0.0755783462374772	1.14350501624503	0.0834602518507359	1.31406392154015	0.0903904056729348	1.51156349880703	0.0972443901473346	1.68859110982796	0.107426648062337	2.2387358158851	0.127945939215894	2.78716872748455	0.137178932026713	3.34166097489751	0.145373905554507	3.71029133951537	0.16363016575088	4.53820145321239	0.188771210491848	5.52845051894211	0.215790206615543	7.3615339456876	0.250523294790438	9.19249018618884	0.245401238297452	11.2116652380628	0.290972302098334	12.8449865431682	0.32300066403154	14.6725589649944	0.356317453773992	17.9745008438655	0.413237063762507	21.9919854239293	0.497522944761278	32.0391183982238	0.541340570851485	36.6230690482524	0.601956694700211	44.9391894845537	0.74778331664147	63.8560773597239	0.688571875098126	62.8548902800196	0.783679712292929	75.8181664777768	0.848891649596843	85.3334526941997	0.842737532688157	91.4886676601744	
0.0173956411814438	0.0572099115854777	0.0181196803254085	0.0995973121591805	0.0183543529159612	0.11528389948527	0.0232083713707166	0.139842810946765	0.0226800985180704	0.183881839254313	0.0239409569213624	0.194536824633823	0.0247540495593656	0.214956728563356	0.0275773043781597	0.233587784624534	0.0424421882685522	0.419009716658944	0.0495624262335044	0.608553719729471	0.058763949601691	0.799029993023812	0.0763580038582628	1.16403578859663	0.0843388595965807	1.33644267062265	0.0917328989603219	1.53805729649002	0.0981722941243043	1.71822963445009	0.108372158290979	2.27875823747502	0.129576261715427	2.83665850825705	0.138438292890973	3.40139739897988	0.146762414128316	3.77685435774543	0.165529607686743	4.62043350735483	0.190588837508817	5.62847642134998	0.218277339509139	7.49448815314086	0.252590711952113	9.35938970289065	0.248178421703533	11.4113407885763	0.293758252745196	13.0774977321353	0.327041257509082	14.9392273390857	0.359731437976272	18.3067818215446	0.417069258766618	22.3917723839005	0.503009042147517	32.6209416599831	0.547443310623737	37.2912445350285	0.607944984176757	45.7741611112308	0.752362424545956	64.8585007773633	0.695705305328208	64.0209582421171	0.789782648390115	77.1505835449606	0.857091282819699	86.8378291533929	0.851606085950671	93.1500650979897	
0.0176270696855304	0.0575888925527376	0.0181004544928471	0.100861749841189	0.0184485512455129	0.116901359337993	0.0233255428932988	0.141375753279856	0.0229470378417881	0.186129295143095	0.0239431564971933	0.197552170500817	0.0250578397749484	0.219314357579175	0.0278154341372651	0.237440054752306	0.0433498485538105	0.424848352224871	0.0499195992203626	0.619096116150399	0.0595064513253852	0.811405697845793	0.0770608331348282	1.18432697822728	0.0852642454461122	1.35943015539407	0.0929930257006506	1.56512385752919	0.0993784039456182	1.74886351002656	0.109601880934748	2.31882745802209	0.130739881603062	2.8874665760713	0.139712487410129	3.46059016353514	0.148245954467886	3.84352168409889	0.167715901836651	4.70359921233397	0.192518838391047	5.72798963070488	0.220437267154314	7.62758764690885	0.254736846319892	9.52583007758499	0.251036688198117	11.6119094773964	0.296725850279147	13.3102557215729	0.330419034928086	15.2061136426491	0.364843133742085	18.6376658154282	0.42095334488775	22.7910601549954	0.509690591718629	33.203550957958	0.552080119649147	37.9576728607376	0.613150816628168	46.6075010608346	0.757196546360281	65.8573702682267	0.702095887877348	65.1872050181404	0.797665919494494	78.4807356357506	0.862152251177965	88.3399182844515	0.860326861355899	94.8135859511742	
0.0175146464288857	0.0585954994129758	0.0181191312096125	0.10054099654096	0.0186897205504748	0.117643012214295	0.0234308955307463	0.142863235431933	0.0231472798224912	0.189145310398158	0.0240689556044089	0.199211263381031	0.0254145445874113	0.222032946253013	0.0282153820832425	0.239737292740719	0.0435324403840619	0.431561877996603	0.0503109432591189	0.628988507652779	0.0601280711184293	0.825246489423378	0.0779128774245593	1.2040393509053	0.086028584387931	1.38308109105308	0.0938334475502747	1.59192126635708	0.100210360946129	1.77845488644559	0.110717815668723	2.35990739634526	0.131957658707634	2.93785182345676	0.141117649958296	3.5197750118489	0.149847550919142	3.90969727215631	0.169713228904014	4.78696049504449	0.194602649854041	5.82871681897814	0.222316920737998	7.75763659372859	0.257197835766353	9.69284507828057	0.253905373890226	11.8106043452854	0.299821312881918	13.5444768187058	0.333035938815806	15.473812059459	0.369681882749012	18.9695332859038	0.424720972100866	23.1907837850345	0.514409169341351	33.788984025845	0.557275911517874	38.6231177098546	0.618980604542352	47.4404200526546	0.762828115209151	66.8534904949805	0.708704203380063	66.3520883379793	0.806004801252011	79.8113496625156	0.869184150177374	89.8369037680436	0.868017995271697	96.4848628583918	
0.0172419578911899	0.0592705008827191	0.0182935960993293	0.102121931088195	0.0191843902074681	0.118597632359849	0.023570987341415	0.144840709650306	0.0231277162945447	0.191512965101016	0.0243361321214349	0.201360522950516	0.0257864995407724	0.224590488888667	0.0286463397386428	0.243439372558553	0.0438893687896079	0.438865745837279	0.0507202127210844	0.638115002789238	0.0608026601129588	0.839175931264323	0.0787967493839617	1.22379817329453	0.0865992635310191	1.40610629438698	0.0946471144522197	1.61796721431827	0.100972699866885	1.80846361177355	0.111652423299769	2.3998164294171	0.133088642910129	2.98759864924764	0.142834818890568	3.58073659071998	0.151498033269536	3.97586727227854	0.171071563903966	4.87104215573226	0.1965067363305	5.92816809538477	0.224140037980099	7.89143597637817	0.259818736055412	9.85918859543175	0.256544017809741	12.0109690744713	0.302567648168823	13.7775114109349	0.335660411879342	15.7408520312399	0.372405453872299	19.3051539861768	0.428332112953229	23.5910401315609	0.51789595671429	34.3732138250228	0.563000041951095	39.289341144607	0.625630269149699	48.2736668700054	0.768878529466044	67.8493797537467	0.716010851856206	67.5140137774616	0.812594483777917	81.1398253727509	0.878465312412357	91.3353346642029	0.875897997474182	98.1523846731669	
0.0173572082228082	0.0595517220881182	0.0182957609361027	0.103210930888542	0.0189669989517793	0.121091583128976	0.0236460339651352	0.14698133993447	0.0230997051120314	0.194228905326408	0.0246117394375416	0.205603788469987	0.0259300469612874	0.228391652692584	0.0288532879025556	0.247605658450122	0.0443525730264804	0.446383235783362	0.0511986621526559	0.647794645301085	0.061330028585651	0.851929170957056	0.0797837935902242	1.24411101617402	0.0873813269908479	1.42986351722976	0.0956980619508108	1.64498837338408	0.101925623493102	1.83801668755351	0.112876815611901	2.43861928415349	0.134117274033821	3.03769472098741	0.14450450332553	3.64133215983663	0.153030625461195	4.04314321790561	0.172396756224232	4.95458504633621	0.198164990093367	6.02803706994627	0.226319379923325	8.02593385092553	0.262328680412013	10.0255078981971	0.258913192630736	12.2116467280275	0.305202157889174	14.0101231827353	0.338686562269028	16.0065378600617	0.374626045236007	19.6387928321052	0.432315317233299	23.9904955407113	0.521662088601482	34.9561472232382	0.568232924172184	39.9567752986489	0.632184759312663	49.1082361653493	0.774951070142922	68.8513784883122	0.722894937355259	68.6792398239917	0.818011593943973	82.4751854191308	0.885343310856506	92.834279650399	0.884804374750057	99.8175297528445	
0.0174655909331766	0.0602970529608198	0.0184085124970512	0.103468754434355	0.0187854198351403	0.122440814816992	0.0237566132430923	0.148498362473057	0.0232632675060155	0.195695432721551	0.0248747575934403	0.208409397592757	0.0260381678794244	0.230618037409116	0.028891449028498	0.250255911333293	0.0447144071867975	0.453514896267405	0.0517182349809883	0.658923542085519	0.0618780282952337	0.865280086883661	0.0806703409949173	1.26440022674429	0.0884449645220751	1.4527661352356	0.0967631303660402	1.67177204520465	0.103079921394737	1.8683577786095	0.113848653503245	2.47911854287896	0.135705645573535	3.08832653601279	0.145794472371125	3.70194123312997	0.154497304339387	4.110168637772	0.173897247874506	5.03818567893703	0.200058164263192	6.12747204820862	0.228663386974117	8.1599660642077	0.264621417715437	10.1924791267338	0.261576461266339	12.4113278664761	0.308383717963813	14.2428420566267	0.342210697527221	16.2752691135578	0.377516401459729	19.9709378366949	0.436750969610404	24.390206132235	0.526378258115063	35.5383765416207	0.573598689850145	40.6232371519691	0.637429651980105	49.9420566773788	0.780781196208494	69.8537199495689	0.729314684346562	69.8494279569636	0.825218448740697	83.8096811982025	0.891509200148379	94.3306988898926	0.89263395824196	101.486742849335	
0.0173285916265967	0.0615005890615005	0.0186002427460131	0.105200090294289	0.0189958985221658	0.12313418444086	0.0237903886313234	0.149531257366907	0.0235564024861913	0.197466051474778	0.0248315829004916	0.210420079280104	0.0263277270014545	0.232904317805883	0.029333352545794	0.253638736698095	0.044846885214205	0.460007494872633	0.0521186018751425	0.668399981662769	0.0624726196955591	0.878830131208793	0.0814678040190796	1.28422843266203	0.0896222357826398	1.47619983991439	0.0977605317291834	1.6976526834167	0.104167850874665	1.89845195277962	0.114693707710606	2.51870952930668	0.137680721444094	3.13726753498426	0.146701171541607	3.76172887995151	0.15584917827734	4.17700639614852	0.175320373149687	5.12237956398972	0.20186487087102	6.22756267753236	0.230801800165544	8.29447883991555	0.266581004899779	10.359927192406	0.264594081000324	12.6099798935287	0.311414213814459	14.4764419616318	0.345663808741809	16.5414243289348	0.381417164817984	20.301223921514	0.440635387358044	24.790725111715	0.531613176638138	36.1217830516816	0.57878543706325	41.2881790869198	0.642674779340838	50.7735302566317	0.785844240232165	70.8552940010605	0.735960708116709	71.0146689046541	0.8343016185481	85.141628878831	0.899491182857177	95.8310669369151	0.89916943420208	103.152647888197	
0.0171425773923224	0.0617262619711325	0.0187636285794267	0.106158486661665	0.0190633514209918	0.12390501390581	0.0239345739568739	0.151500844447601	0.0236652094747449	0.200789810618474	0.0249518572915852	0.212756651093511	0.0268422605248227	0.236445977317858	0.0296853040362514	0.258415810098534	0.045141445359481	0.465716356464717	0.0526508066113944	0.677128452832807	0.0630364731231039	0.892805440684359	0.0822010855590305	1.30467771429222	0.0906212500044043	1.49959431263159	0.0987446860589443	1.72412692332654	0.104929233944136	1.92892424389707	0.115775644240334	2.55871099613967	0.13921239212701	3.18647372804625	0.147568319287429	3.82140057711802	0.157294762859235	4.24351726031687	0.176764528515204	5.20545632766721	0.203832994441765	6.32783677739458	0.233043636435194	8.42931105925132	0.268707259130683	10.52735383766	0.267129236369638	12.8106798988256	0.314176199235123	14.709863052711	0.348687954677928	16.8066910626179	0.385750721982127	20.6304930021298	0.444039171054724	25.190905089794	0.537268289165076	36.7051150559401	0.583117018600774	41.9555275592889	0.649254076200324	51.605596157014	0.790928362076457	71.8552736283802	0.74211382822556	72.1794851692708	0.84104038781785	86.4776296751118	0.90885049769268	97.3324110099494	0.90659773493138	104.816995755789	
0.0173933112168048	0.0623196635801086	0.0187410576413515	0.10676792811844	0.0193531447895691	0.124985697286999	0.024190531989147	0.15442185025265	0.0236924647943931	0.203358761955125	0.025214852635901	0.215790376028566	0.0272122544053298	0.239287486013791	0.0297345209885464	0.261920900649277	0.0455600247672168	0.472692864435965	0.0530794123542277	0.687296632219496	0.0635676343866174	0.906284297043575	0.0831045137384053	1.32441569833983	0.0913433228675899	1.52299099723979	0.0998470883441096	1.75046472448569	0.105594696556558	1.9590841927209	0.116544665813843	2.59920024314794	0.140126303634161	3.23780263798562	0.148678999839918	3.88091627776069	0.158943722278938	4.30900041007295	0.17845249491128	5.28786859271927	0.205744749224596	6.42791203989657	0.235267196625591	8.56273139363103	0.271445374488934	10.6925210944553	0.269454742965116	13.0114823496009	0.317160041665801	14.9438811215323	0.3513462795971	17.0739992552876	0.388900664941547	20.9656517664278	0.4477347561475	25.5925491068908	0.542942038137808	37.2885290165812	0.587762124092173	42.6208457485418	0.655408025215759	52.4392527562781	0.796390075469726	72.8537407879105	0.748601906397995	73.3462087824297	0.846019149848752	87.8127065994424	0.91629923399692	98.8333303999099	0.915990614387892	106.482915695811	
0.0176935173902485	0.0638641892371712	0.0186156372710105	0.108142676588597	0.0197219855071898	0.126853282722745	0.0242559627436415	0.154950492203957	0.0237934288273998	0.205531290035955	0.0254342580905701	0.218165539519326	0.0273033919170364	0.24309141468147	0.0299716732634912	0.26417932868162	0.0458017300686876	0.479443235655305	0.0535135570464099	0.697781868720121	0.0639648426653226	0.920062049727384	0.083874281202369	1.34380362153133	0.0920857634237496	1.54734706046961	0.100793967453975	1.77679833469345	0.106454866193384	1.98849256426271	0.117501094263018	2.63917982390146	0.140974399383886	3.28790546181374	0.150027272798763	3.94056282921888	0.160258908821611	4.37664050280939	0.180064409953918	5.37136631418049	0.207636542761087	6.52751093092427	0.237229609236035	8.69510399016407	0.274748442744703	10.8583952250512	0.271839100934359	13.210395146962	0.319924611736537	15.1764668163018	0.353900554171921	17.3404394553589	0.391570783134403	21.3014736323674	0.451585239207093	25.991354452915	0.547132886170406	37.8716412287226	0.593826350893548	43.2830682217037	0.660454666291636	53.2728907290917	0.801601384266495	73.8551434760566	0.755699369994979	74.5149664039949	0.851624430534246	89.1444680155649	0.922039561371512	100.335754807079	0.924497218953403	108.150832391339	
0.017435401990513	0.0643269637663149	0.0187908637715934	0.108928712804238	0.0196013478144311	0.128149727340777	0.0244718399962338	0.156227888365861	0.0238524184851016	0.206806270580045	0.0256286027591828	0.221037519924299	0.0273867121267664	0.246624444908125	0.030235137476338	0.267071841838006	0.0458770142538745	0.486029461278665	0.0541082131183604	0.708411460212956	0.0643762680721104	0.932640200784406	0.0847667614520195	1.36388153830253	0.0932035160179251	1.57024839790697	0.101793582984158	1.80327467007899	0.107646989569398	2.01801921376588	0.118596712235724	2.67879106659422	0.142131317619776	3.33751794432961	0.151117143649671	4.00126550042652	0.161465280044757	4.4433138827593	0.181957650401915	5.45422235441828	0.209327586762075	6.62689561776998	0.239188465396222	8.82893503777968	0.277307318952478	11.0265231561706	0.273873267120954	13.4096711601099	0.322385777872275	15.4099270229274	0.356691053418582	17.6070454308407	0.394717512370278	21.6346635808362	0.455173771773165	26.3903199864143	0.550436132564414	38.4541015150926	0.599426525178873	43.9519403377325	0.66580198328406	54.1056495334365	0.806440753687727	74.8561065799683	0.76162309478261	75.6818092264377	0.860301215651357	90.4748212720214	0.927739677747156	101.835564060584	0.931175641430163	109.817452685905	
0.0173092461043489	0.0639619235331816	0.0189159560580871	0.110834802605849	0.019796299862526	0.129495386533775	0.0247428463838168	0.158731967267506	0.0239517554830136	0.20933299226071	0.0256231170829369	0.223598336740725	0.0275550266553156	0.249454966908583	0.0302575918120949	0.26990216011166	0.0459858770824876	0.493342293098696	0.0549052218652098	0.71800315095334	0.0649979622778295	0.945736865660217	0.0854950778726616	1.38395980431968	0.0943026747393911	1.59264204814996	0.102943170844099	1.83069396952654	0.1091141752792	2.04814400516418	0.119992938860203	2.71819578851586	0.143458702270517	3.38776884844006	0.151959878593126	4.06177538787037	0.162818529447204	4.51003941677091	0.183863554671634	5.53776943597361	0.210978903318432	6.72792455454307	0.241170588363433	8.96201916472593	0.279383649694852	11.1929625995424	0.276102910873328	13.6095851291912	0.325414758327209	15.6450384643993	0.359862863469848	17.8724630387737	0.398319211488986	21.9679019580765	0.458538425404621	26.7907178939654	0.553792016774962	39.0376905643694	0.603778848143299	44.6210583229093	0.671750371222686	54.9394588695956	0.811975331710509	75.8535232076844	0.767259265630828	76.8479144414364	0.868831209891926	91.8065230835019	0.935603556398622	103.33235582909	0.937913919808128	111.483506736372	
0.017530479543877	0.0639733958988048	0.0188492873008552	0.111317504162962	0.019780370097706	0.131905198133048	0.0250344789675095	0.159610393588543	0.0241579887491669	0.211553308828879	0.0258677733658544	0.225849998132807	0.0277118932343268	0.251941277922577	0.0304843041879621	0.271967687964897	0.0462218386862514	0.499549354036876	0.0556638001534454	0.727637915360754	0.0654333641361613	0.959566597782754	0.0862401902128554	1.40433539505465	0.0953016377733367	1.61654839901291	0.103772244801699	1.85728346059953	0.109889576458937	2.07940687269461	0.121516002905978	2.75797140963523	0.144682888073496	3.43773174105799	0.152882527821072	4.12122403329085	0.164454648838951	4.57659358743692	0.185247821772486	5.62173607832888	0.213185576753351	6.82784987411767	0.243100144332456	9.09554008193892	0.28162957083842	11.3597056540591	0.278438610075545	13.8107796667517	0.328493699113215	15.8784949457347	0.363266101245762	18.1394042903664	0.402432261339069	22.301266995181	0.462062224031749	27.191281576927	0.558688576818563	39.621361570029	0.607882702957879	45.2873897910753	0.677226052772597	55.7755071051178	0.818490501748402	76.8539200674976	0.773689456648137	78.0137067320649	0.873922077444952	93.139223272735	0.94395845056254	104.832537611606	0.94521735377724	113.150514461111	
0.017821642649314	0.0649991312507021	0.018923810495823	0.111871211787059	0.0197529669960776	0.133087803123656	0.0252891612115444	0.16164686126845	0.0245410379081025	0.214581896938103	0.0263779727686087	0.228394997018131	0.0276892533121663	0.25551429681038	0.0307928896961821	0.276120862581469	0.046575984982423	0.506252606156944	0.0561048305223474	0.738615355818685	0.0657213315333081	0.972085784482071	0.0869371164235025	1.42454008810529	0.0962383576847521	1.639882102935	0.104464386872289	1.88440229211571	0.110473640343084	2.10955634413997	0.122602054117804	2.79775331718168	0.146132212139657	3.48731139445467	0.153796192129007	4.18184614509961	0.166068026066786	4.64319572121326	0.186794129898054	5.7041930468624	0.215634494609106	6.92686063496743	0.244981808461137	9.22822094622951	0.28478663893089	11.5258424176085	0.281065304238732	14.0101339109922	0.330580449536159	16.1112678363328	0.366220269678549	18.4064088718912	0.405754721182977	22.6347493789243	0.46599641003391	27.5897926250315	0.564032161332324	40.204954344596	0.613543717013957	45.9526781780072	0.68256795787281	56.6078151493579	0.824614616630693	77.8540412558419	0.780936859818527	79.1769136713491	0.878307171016192	94.4697106396359	0.949903555937545	106.335818835503	0.953284046773106	114.815592485566	
0.0178312996833613	0.0661994713871525	0.0190985427624314	0.113052114203666	0.0199232124160835	0.133662436400858	0.025368574581274	0.163321029932124	0.0252270906628406	0.216191891658668	0.0266455274651735	0.231309934674819	0.0276619087674429	0.258385069406448	0.0308827662538722	0.280028779230431	0.0469172412764548	0.51225288438955	0.0565609625604122	0.748642730880312	0.0662354924432333	0.985037919742699	0.0875254103457018	1.44422149430918	0.0969212494462365	1.66400708176197	0.104921343082792	1.91233591443067	0.11128201446315	2.13850790198063	0.123453336649671	2.83872568775258	0.14757739060381	3.53741980621798	0.154804743483908	4.24174601628607	0.167494015394651	4.71011776427878	0.18823614660642	5.7881927511675	0.217357017449981	7.02750633251928	0.247043542296674	9.36100425599844	0.287634866050439	11.6926543899925	0.28378345710205	14.2089433315524	0.33231639255186	16.3437389784311	0.368806809522416	18.6730670014347	0.408601359262289	22.9675183696093	0.470084730987758	27.988547679639	0.56797386891077	40.7874556091573	0.619743386890064	46.6201644861108	0.688920542557245	57.4378135137227	0.829673329247685	78.853454639063	0.787105778848653	80.3383548231156	0.884154138129328	95.8038636920164	0.956035539115508	107.83478617344	0.960636722351283	116.481311259922	
0.0175888295346707	0.0670975718966442	0.0193026231382064	0.114063967029095	0.0199098809677672	0.135100187385003	0.0254214388954631	0.164458553091496	0.025600689228838	0.21822946528408	0.0266218029538445	0.234360161480959	0.0277470141522963	0.261119374147985	0.0309467294680811	0.28386414003351	0.0471109154844839	0.519555733596209	0.0569998478489488	0.758333607470182	0.0668523236229689	0.999016372431805	0.0882865565623917	1.46341989336575	0.097469677668968	1.68671528618959	0.105643657758062	1.93786195158927	0.112066202502601	2.16830416935635	0.12462581512051	2.87825497406267	0.148828037341753	3.58652681343049	0.155788565590494	4.30110106379225	0.168924973462342	4.77737461779396	0.189753410311105	5.87232935988456	0.218726348552297	7.1289562270761	0.248892379399991	9.49453728040433	0.289502185157125	11.8596461076248	0.286242174310558	14.4100493934726	0.334289834515696	16.5772755535041	0.371408527709485	18.9402820618513	0.412233208983182	23.2993839774399	0.473607139482062	28.389370270264	0.571238852824742	41.3705529201381	0.624283679208249	47.2876954976959	0.6945282580465	58.2722896768136	0.834050409111589	79.8525327461733	0.792262419228244	81.50218016056	0.893780282235525	97.135751768003	0.963937652307333	109.331220314094	0.966830713597406	118.146910824995	
0.0175162117030937	0.0679538611176918	0.0193230141717245	0.114789940217484	0.0203442401995743	0.136618817910147	0.025578948014292	0.167340676180902	0.0257050514687523	0.220525975676766	0.0267757445033003	0.236538190185483	0.0281315128842649	0.263294652540662	0.0312028824610934	0.287109275182961	0.0473703448470349	0.526416961300493	0.0572525694479468	0.768607841210018	0.0674712920512319	1.01208597074658	0.0889907357037206	1.48385485591204	0.0983337104260306	1.709324770429	0.106888848546441	1.96422140599725	0.112817560955551	2.19897820821694	0.125853811720864	2.91739473472442	0.15001128631371	3.63658539943841	0.156486540708969	4.36083888485841	0.170268676383459	4.84406802117827	0.191892849511571	5.95565478667766	0.220215389547813	7.22929272554786	0.250508073362506	9.62892153360299	0.291317211298559	12.0266080229361	0.288545085006335	14.6094371653242	0.337180335050878	16.8102067689324	0.374289282505378	19.2058691704848	0.417219025358859	23.6316854442147	0.476677949955652	28.79053186229	0.575252849585942	41.9532106468846	0.6281268840689	47.9548241779478	0.699027259630887	59.1071644459475	0.838072884126642	80.8460825227432	0.798652074663215	82.6731506044574	0.902025187270236	98.4693534774456	0.971477054697984	110.830426070599	0.973556347449495	119.807533402465	
0.0177198673361109	0.0686656680172784	0.0192544533773796	0.116003118780534	0.0200627784165735	0.138624275460175	0.0256065603069758	0.168613634008872	0.0258061665462728	0.223461795330814	0.0271199782414355	0.238912000348191	0.0283786786653414	0.266599305020571	0.0316127962673224	0.289792328081499	0.0478547506176354	0.532239764383403	0.0576047829849224	0.778722527758868	0.0678821542756151	1.02574847226725	0.0895298339310578	1.50436607049049	0.0994218440460547	1.73283007052731	0.107787491200415	1.99088738193304	0.113561210752579	2.22943175646847	0.126640068594453	2.95833497466803	0.151229061183108	3.6869929985646	0.157380679891465	4.42117088969896	0.171876437768169	4.90998516723351	0.194105807429768	6.03821000973814	0.221635658602151	7.32840639753723	0.252249641220353	9.7619432619397	0.293572297424626	12.19265072291	0.290706808104573	14.8087103845045	0.341119361590685	17.0420781393211	0.377486936666476	19.4731885390249	0.421129378534043	23.9661177769389	0.479639756292794	29.1903411740019	0.580248622410855	42.5361030669088	0.632266707882718	48.6207160618794	0.704267820146589	59.9388317402867	0.84215412489198	81.8476938271361	0.805520263507422	83.8404553628753	0.906749492080642	99.8046911720847	0.97686205513149	112.332269332509	0.981736415718132	121.473453342487	
0.017849887243085	0.0690440250712025	0.0194168601433814	0.117657242181934	0.0202337149223149	0.139109261667871	0.0257937973297752	0.169802496322731	0.0258956975381768	0.226277896383966	0.0274443484246027	0.24210626200442	0.0284487963749169	0.269143736381227	0.0318702286385306	0.29388610178293	0.0484037745419543	0.53875913851138	0.057931468962788	0.78831741992045	0.0683944390129255	1.03927243956153	0.0901244493100208	1.52449753830719	0.100106620059377	1.75630242509111	0.108412765421745	2.01820609854731	0.11448096481881	2.25871486512995	0.127680235283322	2.99766728626293	0.152347279956588	3.73706485591858	0.158361005850931	4.4813813569493	0.17356029589956	4.97663666110395	0.195436040481095	6.12136779847577	0.223239201782399	7.42741063912928	0.254322360424782	9.89401224732783	0.296126858803262	12.3584522103485	0.292743522471228	15.0097894380713	0.343971516199327	17.2764808443474	0.380570211558506	19.7394741395562	0.423417905266783	24.3002502238084	0.482536530033305	29.590187738615	0.584675835986569	43.1156986051753	0.637559216023633	49.2876100488537	0.710209586550498	60.7706443209407	0.847400880140351	82.8493349338499	0.810834696264691	85.0088777083296	0.912102013835641	101.137920352515	0.981736881190079	113.833591053803	0.990150312304495	123.14303896799	
0.0178655334147201	0.0694701451466164	0.0194072231826072	0.118529905944815	0.0204373370830163	0.140155791705642	0.0260070750762446	0.172063849289896	0.0260721671841411	0.228274899271648	0.0274217934579797	0.244829725569627	0.028835892897335	0.272625951322318	0.0317997459334425	0.298402230251888	0.048856164694711	0.545278105185749	0.05805460917314	0.798375586833239	0.0690545208538816	1.05275426451131	0.0909096049587158	1.5446177138382	0.100907836563814	1.77952308974107	0.109155496847406	2.04420094018465	0.115161447574744	2.2887400050175	0.128716266172354	3.03743033452814	0.153516364216461	3.78779888359167	0.159483970123295	4.54084164390141	0.174863214554843	5.04417384270079	0.196648223334635	6.20495818652877	0.225191722670273	7.52682373131216	0.25668116017556	10.0279103501656	0.298410913811216	12.5258443966689	0.29478786332787	15.2119106415495	0.346416488698912	17.5104421024943	0.383286153287324	20.0058696361461	0.425664927856264	24.6333302762186	0.485952642572439	29.9898610772375	0.58861076221534	43.6978012636937	0.642991265663983	49.9551634121795	0.715926452207583	61.6050124506181	0.853934562944399	83.8510505463662	0.815823620814988	86.1763910829942	0.918401729490479	102.469324140786	0.988369224291022	115.331180034395	0.996999525325464	124.811603863999	
0.0176607593917061	0.0708472910446936	0.0195486207417276	0.118818579549446	0.0205231236954112	0.141762162999487	0.0261355731621084	0.174017996789266	0.0262767970271381	0.230613290074372	0.0275072836958818	0.247126104995083	0.0289725307148709	0.27617417374775	0.0318228494592428	0.301561858351518	0.0492191140468752	0.552626530988739	0.0585123332911443	0.807261451510911	0.069580916286565	1.06614295720806	0.0918998299051543	1.56495546959538	0.102014177423803	1.8028549310181	0.109920035959547	2.07039764598044	0.11578371121435	2.31887969757629	0.129739904609598	3.07833611553813	0.154797402099745	3.83767516321427	0.160684469610805	4.60029401461201	0.175900554796073	5.11177062893957	0.198316259302415	6.28885963630691	0.227225366646953	7.62672995877489	0.258894694783189	10.1615420947597	0.300317632080053	12.6922009523355	0.297011499307476	15.410511445863	0.348849545435444	17.7430529429722	0.385958586922809	20.273062344822	0.428502943058488	24.965926040913	0.489907776382587	30.3880778274224	0.592315117269927	44.2845940624751	0.647213442334417	50.6206194371669	0.720776060275098	62.4399244726532	0.859359970572182	84.8533249524007	0.820978105438924	87.3435840827084	0.924554526863846	103.803350533302	0.996216182668089	116.828918026592	1.00297496589641	126.47992289086	
0.017709583658752	0.0714580239838835	0.0196917099246166	0.120380909473945	0.0209950565334099	0.142711297073261	0.0260851551733015	0.175702060754825	0.0265389385698405	0.233090084136259	0.0277230013110515	0.249999875285545	0.0291899331929903	0.279252340229801	0.0321632508617268	0.303605500125292	0.0497211472727563	0.558389380183756	0.0591776674771161	0.818242035182382	0.0699438963796442	1.07886831543254	0.0926309235879289	1.58454595543724	0.102892718044572	1.82590493081438	0.110675284942716	2.09854617096928	0.117003575156727	2.34839656819289	0.13076043427462	3.11849730418507	0.155986082195725	3.88799219122438	0.16163539139694	4.6612341730649	0.177083800773227	5.17777531931266	0.200075294612926	6.37226236287003	0.228981857805355	7.72647925839124	0.260757922831396	10.2944110862015	0.302076441789214	12.8597142105848	0.29982123971067	15.60976138198	0.351097315722821	17.9754328154625	0.388631830456781	20.5389772789862	0.431872864637602	25.2977283188115	0.493956896118166	30.7877623419153	0.595862411372662	44.8685705419246	0.650863833572747	51.2877555679991	0.725141215374328	63.2717594050479	0.863088032832475	85.8533343820413	0.826602370023578	88.50824388514	0.930320734467779	105.135648391202	1.00215260287799	118.328101431355	1.00907223677253	128.144114296267	
0.0178735182336141	0.0714764794494953	0.0194428240445768	0.121771694153922	0.0209589517182358	0.144509040595185	0.0260225247631854	0.176728552806278	0.026659469188148	0.235138120588223	0.0279518936220316	0.25300341954985	0.02936391872079	0.281079420411432	0.0324269115225184	0.306807270569422	0.0502333356429261	0.564918940651908	0.0595502765594314	0.829037576708598	0.0703835978894682	1.09290253105815	0.0933834284757013	1.60375564677949	0.103496066051165	1.8496595925202	0.111410634263252	2.12560248746062	0.118157419079351	2.378729975838	0.131657282811304	3.15855697867621	0.157020738912462	3.93694948834013	0.162545965559104	4.72092542800455	0.17833549973104	5.24364496791885	0.201430589339431	6.45491444347367	0.230418202078178	7.82627605545664	0.262519366114206	10.4287673997242	0.304110644978457	13.0267878845998	0.302667546390641	15.809420168688	0.353067663620597	18.2103514731706	0.391530118981977	20.8054416934434	0.435344270444313	25.6310486524345	0.497376026299608	31.1890915719968	0.599598875158435	45.4525991754358	0.655218667202399	51.9545042686586	0.731542362285468	64.1027151689739	0.866886947017774	86.8542304307309	0.832980509605415	89.6738648124229	0.937250139604617	106.468408185077	1.00738768767019	119.823887371528	1.01675884368354	129.808365306315	
0.0181747355145129	0.0720048776562337	0.0192711328146635	0.122012739342273	0.0209651880171913	0.145810680246707	0.0262913367161268	0.178439610573305	0.0266506298891523	0.237129113535201	0.0280468661876889	0.25597346530689	0.0295143614965052	0.28413913506585	0.032550893750351	0.310718999819993	0.0505885180500155	0.572629767334532	0.0597927005494345	0.838832877837187	0.0709993269857226	1.10653313478216	0.094149844150454	1.62482914733566	0.104243671309064	1.87239084718045	0.112099774512376	2.15090721910294	0.118914808527018	2.40821122336781	0.132658261716232	3.19868440688143	0.158088578122926	3.98604741515797	0.163598359288113	4.78123275279804	0.179548258930666	5.31010321236424	0.202771150039274	6.53711390132754	0.231959359748313	7.92613152584146	0.264489841521801	10.5623665480298	0.30628635235962	13.193083904302	0.304890178998226	16.008959746112	0.355143792673349	18.4424724379974	0.394516538648489	21.0716676893328	0.438098570969305	25.9640560616873	0.500170628289822	31.5874740975921	0.603758812664554	46.0355884530031	0.661061150038854	52.6195467864425	0.739893327261333	64.9350567408252	0.87148188662609	87.8529509099894	0.839068871560934	90.8405213703596	0.943453932011347	107.801801278273	1.01375004298123	121.324702453365	1.02458401442647	131.473957420807	
0.018184127878689	0.0735781797242936	0.0195675345091875	0.122948529310416	0.0210215053888235	0.146523680403286	0.026347803148847	0.179935736562617	0.0268181675506086	0.239770227816043	0.0281036585847648	0.258757421180828	0.0296867955136491	0.287838901129272	0.0329381103784581	0.313000157942842	0.0506624024428168	0.579571496230035	0.060108070226028	0.849040813054392	0.0713863318427043	1.12002695050952	0.0949372773659728	1.64491102222761	0.104775086218268	1.89697566650679	0.11305257348689	2.17715933858929	0.119726728657796	2.43808246220722	0.13334996974392	3.23923861363619	0.159417291718597	4.03665129050744	0.164623992539715	4.84084391400008	0.180702741039133	5.37725575775602	0.204327736258261	6.62138182652139	0.233568632663705	8.02695557165787	0.266634230093438	10.6939689408302	0.308696924734047	13.3595000646105	0.306879855419284	16.209754746307	0.358498402555624	18.6750069100278	0.397369971415838	21.3387635404655	0.441165541777524	26.2967486839249	0.503288878257477	31.9826305219423	0.608040072718762	46.6195276795513	0.666123521746968	53.286783500108	0.745351783173635	65.7705573586994	0.878018742713918	88.8502185261006	0.844366778924581	92.005941131976	0.949096993234905	109.133197615963	1.02123378663594	122.825703799709	1.03061868540201	133.141143959471	
0.0180352950803079	0.0748823223051164	0.0197995242113409	0.124536739814919	0.0212575847015801	0.148143046556813	0.0264383717708913	0.18147048333311	0.0269614295600461	0.241878028981011	0.028278489086986	0.261229704149209	0.0301601060367608	0.290927341262987	0.0332810524667648	0.316921782495298	0.0507652151147534	0.585995002345041	0.0605864136658142	0.858643505042166	0.0719960247375691	1.13262867566809	0.0956061704061681	1.66350406163944	0.105255634069473	1.92091403158173	0.113864296893239	2.20445034835828	0.120613216760513	2.46805963898446	0.13434409798549	3.27966057259164	0.160693722453866	4.08712431504138	0.165698031424864	4.90070466964025	0.181977971328684	5.44428071196115	0.205907443354758	6.70408838949305	0.235317354094705	8.12709509541445	0.268369723626784	10.8286167583049	0.310713119395549	13.5270338119555	0.308874000206742	16.4090670810336	0.362360253624	18.9101099695969	0.399894863070399	21.6068577693508	0.445547418279442	26.6294040532612	0.506697487410003	32.3845781501839	0.612252271525164	47.2028634090999	0.670401069560929	53.9533198592306	0.748824986490543	66.6043145407969	0.884185020204902	89.8516286648269	0.849538589134506	93.1681347923471	0.955645612284466	110.465309209357	1.02845150681499	124.326667893151	1.03648866035007	134.809105358481	
0.0177870279175121	0.0746334081689792	0.01979038732568	0.124956125991881	0.0213606896851208	0.149369700192726	0.0264984055125054	0.183673308500006	0.0271321950342149	0.244073330808091	0.0284920276226951	0.263156901502856	0.0304285825083909	0.293719475312895	0.0334500605556013	0.320774780218797	0.0512435738587933	0.592034046877974	0.0609672854944202	0.868666107075825	0.0726506926490462	1.14568011319352	0.0962093568923259	1.68432645435836	0.10572537487678	1.94378347122242	0.114470973481643	2.23129897992534	0.121513765453448	2.49840259268551	0.135469387505508	3.31814212105505	0.161679163126342	4.13711491450459	0.166613940738257	4.96161409444964	0.183207498717732	5.51131358240778	0.207392139398687	6.78875724903623	0.23715820340148	8.22681924932249	0.27002068146384	10.9627914639342	0.312412513049694	13.6952623259082	0.310976150470542	16.6083496134393	0.364715235880509	19.1435739015126	0.402099054641051	21.8725734004936	0.449119112399519	26.964832901093	0.510478962941636	32.7867902740242	0.616605119511152	47.7848766606554	0.67440625537599	54.6195395686929	0.75209295320343	67.4349797320934	0.888340849221729	90.8531431116766	0.855571403105805	94.3309319497179	0.961298273997331	111.798471334566	1.03459817181026	125.828883684073	1.04289765545157	136.475621344923	
0.0178805561662931	0.0738567288343858	0.0199009808747006	0.126330437904602	0.0214751112231358	0.151117647063104	0.02670296777932	0.184413724463573	0.0274470739969511	0.246682852882472	0.0287286933572631	0.265733259764007	0.0305869937470136	0.296675347505176	0.033762854768756	0.323768167246754	0.0517384894329603	0.599624441915888	0.0613576732555211	0.877889459755443	0.0729949197413083	1.1594890651821	0.0967157272801549	1.70469797055726	0.10629470472554	1.9666591972902	0.114921677036837	2.25809452610817	0.122378882549379	2.52835858187518	0.136368958542558	3.35826163301876	0.162841526083565	4.18684986593321	0.167543835097058	5.02137100762768	0.184444100674636	5.57808661386844	0.208856918294401	6.87250875588698	0.238975879219752	8.32635713872444	0.271821608472892	11.0956669746337	0.314498194424993	13.8614186472307	0.312909277342705	16.8084796493476	0.366612821090762	19.3762499345675	0.404659436640157	22.1393302502253	0.451379727304406	27.2984140050245	0.514397078745719	33.186841729594	0.62055176784318	48.3679925980868	0.6781908321009	55.2863255222537	0.756745529228843	68.2620611942931	0.891676931185497	91.8530333320334	0.861779337668842	95.5001217049372	0.966162899658278	113.133496104834	1.0396500525411	127.328625882355	1.04952948569625	138.142047924402	
0.0182471348057851	0.075607727968838	0.0200216137114829	0.127356289671816	0.0217120592182946	0.153145136211741	0.0269010813285043	0.185976687396354	0.027746778672104	0.248694887897871	0.0288420338247599	0.269196964669807	0.0305604863827057	0.300269262942255	0.034178402683673	0.326953552235116	0.0520842939994112	0.60675359947063	0.0619696066054643	0.887413396781742	0.073366447844781	1.17313631629634	0.09772106866886	1.72393792988175	0.107230985372841	1.98983806884162	0.115469713591854	2.28471940743731	0.123018887319461	2.5584384369614	0.13742582224452	3.39888033385875	0.163896071822575	4.23700577514556	0.168575193529056	5.08057378390014	0.185887021918434	5.64394601792679	0.210151773299772	6.95474406965827	0.240947087683031	8.42534089122083	0.273832608735149	11.2287427196772	0.316620327672822	14.0268541249148	0.314736899290169	17.0086450755121	0.368588013312398	19.610473825668	0.407386654600092	22.4055134052782	0.4535829865425	27.6302963766606	0.518085013413518	33.5876829466696	0.624360148020743	48.9513581299564	0.682574582924035	55.9549405932641	0.762875887633857	69.0951552747489	0.895194249954653	92.8504499597494	0.866524758554134	96.6697733961316	0.972415357351292	114.464542265254	1.04459182331798	128.828979028217	1.05604075126824	139.80904074798	
0.018269329949014	0.0764824981213478	0.0202081842260045	0.128389024494606	0.0218408586437653	0.1543596244471	0.0268150691337687	0.188899875988584	0.0277601039627719	0.251866186632961	0.0290560132776801	0.271262463419215	0.0305324849441548	0.302887763547905	0.0345504981255885	0.330379946032042	0.0523821743897099	0.612229193872684	0.0624054466758103	0.897997877339511	0.0739046674886004	1.18651720916689	0.0986099851195391	1.7432740482575	0.108189531981359	2.01318353071065	0.116341082755201	2.31127187843971	0.123778023020242	2.58864704738744	0.13860285321802	3.4383593287522	0.164631858247694	4.2869758855131	0.169650151408399	5.14033954464222	0.186981256242618	5.71103616470905	0.211282363136594	7.03799312800388	0.242667384796825	8.52550649200826	0.276172611162889	11.3618939018456	0.318716793865426	14.1920279009678	0.316455546661944	17.2094363504169	0.370530871029888	19.8428984016398	0.409825280779476	22.6688318122278	0.456460667209836	27.9618676865716	0.521132700317497	33.9881590853132	0.629108464897929	49.5349844321345	0.68731019841218	56.620106045622	0.767605518658288	69.9338521915474	0.900336257816119	93.8445510792573	0.870771296131306	97.8374059800802	0.979932421850807	115.793770484093	1.05159260043598	130.32568138976	1.06259406072275	141.47396231025	
0.0182376553018259	0.0771795602935296	0.0202237909994198	0.129209126742178	0.0218773542025988	0.155475654428701	0.0268136207627237	0.189741165823723	0.0277980515568201	0.254378021705054	0.0292879639268584	0.273241203654153	0.0307271248915002	0.306217561736134	0.034819669945938	0.333039803178808	0.0527693905870751	0.619062132655107	0.0628769648482423	0.907641140065015	0.0744447342128453	1.19961719187922	0.0991868842692635	1.76321634118521	0.108962143849988	2.03595972168299	0.117229292332036	2.33767673482104	0.124727282229722	2.61846450235072	0.139648912763183	3.47788023315951	0.165586767750479	4.33759745599065	0.170632081277056	5.20042707731854	0.188255797193391	5.77813329641028	0.212444126962323	7.12100423344298	0.244114184905984	8.62533681668475	0.278753691154499	11.494430411144	0.320865900482272	14.3583043628968	0.318260053607965	17.4088306415262	0.372892264266545	20.0759171613859	0.412202609702087	22.9334875983309	0.459893000134531	28.294834117633	0.523748348924837	34.3889183460061	0.633489274016568	50.119329715306	0.691585558916118	57.2857781374364	0.771483728267328	70.7693453588415	0.906747172246162	94.8461325813292	0.875819146095515	99.002289299919	0.985533963360552	117.128817606103	1.05998046575617	131.821295966588	1.06929825540106	143.13979284331	
0.0182168025826001	0.07879670728009	0.0201866292306194	0.130207722773463	0.0219490816697808	0.156701798747604	0.0270422231500775	0.191096472936058	0.0277625924916166	0.25653947577892	0.0294867926211846	0.276747662084863	0.0307395539529903	0.309256205218302	0.0349278103243499	0.336208453465451	0.0530674861754609	0.625796351249311	0.0634601519838821	0.918136388282842	0.0748231408495038	1.21269121397601	0.0997828029468607	1.78395724318272	0.109884317236168	2.05923952531364	0.11803598334266	2.36526949308988	0.125659691409809	2.64852573098632	0.140584792295651	3.51871267252022	0.166749031568413	4.38832380025285	0.171533947578945	5.26079493807651	0.189732509198063	5.84487186893731	0.213988101141126	7.20406330199239	0.245550025630153	8.72562162675608	0.281002058451778	11.6276169835686	0.322773522043784	14.5269966754696	0.320405743388501	17.6092754644498	0.376312798731291	20.3085894691507	0.414718028161673	23.2030905697155	0.46285892389834	28.6284580624009	0.526357234808954	34.7890927361499	0.636888017354503	50.701790001676	0.695244704348022	57.9517743294914	0.775935529259363	71.603288805445	0.911935291908211	95.8475054671543	0.881644471725611	100.168595680584	0.991106091447774	118.460139437991	1.0660598251631	133.323541559831	1.07661957922705	144.80070599341	
0.0181290149472485	0.0790106713554876	0.0200942139254141	0.131223650134963	0.022142526644407	0.157202035361734	0.0270850305163008	0.192759058275761	0.0279358842976017	0.258482563823242	0.0296990842789434	0.279774955073692	0.0309221284460948	0.311595629206958	0.0350329769752215	0.339555801262611	0.0532208352756953	0.632762003492314	0.0638167573223537	0.928670926669919	0.0753240568215228	1.2262159961775	0.100636198859227	1.80379581006361	0.110828695174481	2.08330001005537	0.118790041938417	2.39167947174513	0.126391084541883	2.67876414373333	0.141396588153061	3.55892159144685	0.168221565747336	4.43772347557054	0.172431538484473	5.3207157640199	0.191006372358459	5.91192569414088	0.215537233668299	7.28783483227754	0.247134804307751	8.82582448044472	0.282956340036957	11.7617190460405	0.324874907010757	14.6930049165098	0.322808942918605	17.8084928042784	0.379363003876418	20.5406377908202	0.41719711035351	23.4711214686687	0.465205315489763	28.9614710595889	0.529332669038025	35.1890473341766	0.640944784208653	51.2842093098547	0.699562712010327	58.6184373484782	0.780478366893598	72.43636053416	0.916225634499097	96.8499363353739	0.887899883911638	101.333672715509	0.998269872258091	119.786543886919	1.07046841150621	134.826100077445	1.08384958701406	146.465284828989	
0.0180121300322751	0.0791591263496173	0.0199693288239942	0.131793182966119	0.02226134113061	0.158221498838466	0.0273060483464644	0.194926624153733	0.0283160826854062	0.260460285424162	0.0299304833930691	0.282721572248328	0.0312237991868625	0.314410638866519	0.0351364881303628	0.343541949004125	0.0536610250677701	0.638502791984893	0.0642906908056745	0.938035316505233	0.0758174953064345	1.23948233637682	0.101420007250862	1.82374613564815	0.111550800610675	2.10637096460858	0.119383126304548	2.41802612046832	0.127020625699087	2.70888823663974	0.142201228775528	3.59792328354347	0.169735911443805	4.48737553929395	0.173327350680296	5.38023379296889	0.192228691031365	5.97828614972057	0.216750756782338	7.37166503588211	0.248568589728138	8.92619869747896	0.284304013613968	11.8955715140743	0.327479560912972	14.8581032554379	0.325164197895508	18.0073972197367	0.381243779584358	20.7754260633741	0.419902765505139	23.7380645829065	0.467832980053084	29.2943667101381	0.532258054236282	35.589270153092	0.645777796969615	51.866706849126	0.704477820454718	59.2849252788292	0.784632851779313	73.2694173617146	0.920326031277634	97.8509813956683	0.893113246396732	102.500984924508	1.00446504620278	121.121993340262	1.07455248109344	136.326930060443	1.09066299582459	148.134915157973	
0.01800005720676	0.0793793331963513	0.0200831658057531	0.132565482174437	0.0224028102567759	0.160068238656637	0.0274167517347952	0.197476279651709	0.0283953228378654	0.263866626682856	0.0301081155668063	0.284461981226975	0.0315068374224942	0.31710428555884	0.0353962974026804	0.346604079276357	0.0539825476128286	0.645162330153692	0.0647993236598171	0.948287722373263	0.0761302282036275	1.25218382946146	0.101892730607083	1.84407492742596	0.112153309588759	2.12942096440485	0.120242198662937	2.44476485597679	0.127953057277481	2.73872548220679	0.143043018842775	3.63832335641946	0.1711370265863	4.53701223619562	0.174424318730199	5.44045031381567	0.1935521735278	6.04482122827472	0.218020025469418	7.45510501534645	0.249819126028626	9.02643228481111	0.285436468534787	12.0283818321966	0.330388703967995	15.025117324811	0.326975626393086	18.2080618347774	0.383014304391405	21.0099610161997	0.422943566223238	24.0039031486232	0.471050375749807	29.6280241825171	0.53544234304222	35.9879693283477	0.649379621639044	52.4510744840382	0.709220569594404	59.9515137920136	0.789358006593868	74.1028541688616	0.9242137754236	98.8503351742475	0.897972687906049	103.667298755753	1.00895111047034	122.45913407532	1.07974406760902	137.825688782133	1.09659702309406	149.803547109204	
0.0182695917132264	0.0806860660179617	0.0202881801976645	0.133332120687999	0.02245445086694	0.162074118212187	0.0274939724262989	0.198339863019918	0.0285224344492566	0.266043098332525	0.0304993967252903	0.287025097245897	0.0316579452207369	0.32033498520907	0.0356335625277268	0.350007742982776	0.0542687942998425	0.653288119231257	0.0651910658433417	0.957609271372179	0.0765147465719374	1.26553142755155	0.102380049033729	1.86397216762627	0.112798517786144	2.15294128207897	0.121027144548676	2.47153013417738	0.128628058850803	2.76899276595225	0.144030768933319	3.67886219635248	0.172158816732388	4.58730598114246	0.175571946126974	5.50111666344463	0.194539354571488	6.11151416599776	0.219892436247698	7.53707397087405	0.251273478084132	9.12577645912675	0.286738949884567	12.1616829572925	0.332375131863185	15.1924592197147	0.328521423018693	18.4093206335925	0.384701544736955	21.2428791931126	0.425679473128866	24.2718725802895	0.47467417016196	29.9608620910694	0.538956207076797	36.3878345194114	0.652316648148109	53.0350174358766	0.713441284792702	60.6179421177227	0.795420993845439	74.9366337026997	0.928173727540991	99.8506575282584	0.90317038606345	104.832092668629	1.01346484700922	123.792400508651	1.08724352971873	139.324119678292	1.10148323795865	151.47292411846	
0.0181802041901066	0.0809827504515459	0.0203822196988828	0.134264127158363	0.0224945940379578	0.163093814519551	0.0277636718859998	0.200270800215601	0.0286538447226105	0.268433948787156	0.0306643370299418	0.290628675154228	0.0316700660901229	0.324181812920805	0.0357232077565303	0.35395521173545	0.0546144141864835	0.658853469842176	0.0656753840798013	0.967718020739898	0.076992198724371	1.2794995192775	0.103142482600154	1.88393948984698	0.113442835813767	2.17626835032803	0.121761211443845	2.49776828382578	0.129394459729158	2.79930917696118	0.144995889503417	3.71832256479531	0.173045677532917	4.63629354624046	0.176546382722606	5.56110361328767	0.195441987718558	6.17785599512685	0.221769460335272	7.6206583053306	0.253009966598906	9.22546336013357	0.2882020738753	12.2960895622318	0.333856574838001	15.359680974012	0.330049484180342	18.6083088680786	0.386567866132237	21.4766914396546	0.428095416526334	24.5380557353424	0.477987559459478	30.2941004683097	0.542443728547511	36.7873718849444	0.65525156818595	53.6172877324505	0.717965853551078	61.2835471543149	0.800529553576883	75.7695415186494	0.93454685372046	100.848133760616	0.90764650921358	106.000343650738	1.018673257067	125.125197555428	1.09359059349305	140.823236027834	1.10668855556232	153.139052674729	
0.0181494541832561	0.0815283562972246	0.020578897286896	0.136544281199109	0.0225029115474691	0.164046979473651	0.0278913222194816	0.201607524533073	0.0286682097854605	0.270302472821389	0.0305890422713225	0.293243130327638	0.0317396957517432	0.32705925029373	0.0361278493834854	0.357064111861004	0.0548581908366774	0.665353984688912	0.0662093950201457	0.978848081677495	0.0776609034889817	1.29315410455667	0.103832140920751	1.90406350708344	0.114142562819901	2.20029740293436	0.122442533513511	2.52394776015476	0.130282781862143	2.82913594514976	0.145788613818586	3.75825301828535	0.174298121490603	4.68561825009444	0.177574225915372	5.62135273042302	0.196622402905814	6.24488374329957	0.223140936162907	7.70520842125115	0.2547410750727	9.32438098873029	0.289917536414979	12.4286847448496	0.335322885756347	15.5258829301386	0.331953154920108	18.8074144492035	0.389541959396692	21.7081567534201	0.430062103878145	24.8050323771913	0.480440389870955	30.6268340687386	0.545407297249648	37.1877474407548	0.658425640254948	54.200008789129	0.722607056195516	61.9515140248442	0.804599442789132	76.6027250060682	0.940889371756426	101.84701070206	0.911682731355842	107.167924080625	1.02481843996444	126.458061657426	1.098102933758	142.325079289744	1.11219315056782	154.804644789221	
0.0182501196113267	0.0821394603102352	0.020640436507092	0.137334741196769	0.022693030818648	0.16597193583246	0.0278718530126855	0.203031967791374	0.0288445096789686	0.271723263549142	0.0306318648326557	0.294753764575743	0.0319322440286171	0.329705254017856	0.036332781663301	0.360925607902592	0.0550500227547712	0.67288983915114	0.0664558718175027	0.989042570925668	0.0783003477949783	1.3061012339587	0.104267540418754	1.92473805235066	0.114861541486062	2.22280374320353	0.123063359773139	2.55027135864532	0.131213908942825	2.85837574731357	0.146520862254021	3.79812829091547	0.175518142226932	4.73630454748785	0.178681985953765	5.68051499416541	0.197815730569187	6.31238972559164	0.224234492030217	7.78817808283765	0.256491336431028	9.42503739649124	0.291879466058997	12.5613395321094	0.336961743864997	15.6923791841847	0.333926454103499	19.0082727793305	0.393594356235429	21.9386460411737	0.432033575576643	25.0719140241421	0.482656942897734	30.9599290223092	0.548066227321702	37.5877020387814	0.662974529425677	54.7815712805798	0.726450594731584	62.6198534243856	0.808776194648876	77.4359382958078	0.944548461692753	102.8500748696	0.916650579927799	108.330192246798	1.03102924059102	127.789584654981	1.102451445505	143.823569790546	1.11785322595434	156.470669037368	
0.0182271206352129	0.0824818086516371	0.0207840437941898	0.138263502590191	0.022864594525033	0.167006125846703	0.027889336025652	0.20555330526366	0.0291157006823345	0.274654921355633	0.0309817284696103	0.297672005517031	0.0323869671924552	0.332220872587729	0.0364219053922084	0.36326686543248	0.0554418285214376	0.679301820149832	0.0667522878703909	0.998929723738815	0.0786982991730579	1.31926920321574	0.10488040868413	1.94423959689087	0.115434984631577	2.24547376340741	0.123857478953431	2.57625316176723	0.131938868114366	2.88928913606448	0.147482254693276	3.83849017956772	0.176486732520768	4.78654241308287	0.179730809690506	5.74014245351173	0.199074477365899	6.37826682477807	0.225216304418323	7.87217778714274	0.258145374579711	9.52613525113158	0.293724822894244	12.695569185768	0.338988440183906	15.8594882484559	0.33573782137535	19.2072759149771	0.396735387785417	22.1696512816092	0.434089123874514	25.3381754102876	0.485453362314557	31.2923888139142	0.550634586302249	37.988420321283	0.668318180622135	55.364497228215	0.730046190645675	63.2846985017931	0.813312202132135	78.2690994314858	0.947519345770049	103.850322717809	0.922242809542016	109.496878607056	1.03624534335582	129.122761681349	1.10791592636347	145.317321722312	1.12485106821277	158.137691663266	
0.0182500203585324	0.0831319881931586	0.0209001008743486	0.139572185368349	0.0229622220017759	0.168438165204393	0.028133198811549	0.20664498989224	0.0292298324276872	0.277027058048169	0.0311277503705564	0.301739469356979	0.0328548441962988	0.335074823170591	0.0365898451230826	0.366434759019568	0.0557994369248887	0.685490050910601	0.0670698451815175	1.00886181286405	0.079168973677825	1.33280166882811	0.105717428779097	1.96412729103523	0.115963676621322	2.27000293621256	0.124432332656834	2.60300749692809	0.13260301463411	2.9189675911401	0.148419124279851	3.87851702493965	0.177539896881386	4.83686968564081	0.180747305666457	5.80017690080382	0.200279529702398	6.44448665065568	0.226354906723045	7.95488295313061	0.259577855921481	9.62590783381119	0.295508306577766	12.8278002212764	0.341244116323197	16.0264520264123	0.337546129040076	19.4073165439225	0.398713425037453	22.4049834465208	0.436610991740038	25.6046752150009	0.489318474516507	31.6244835270872	0.553224785449153	38.3890156692105	0.672223069200685	55.9513906098296	0.733720351308364	63.9506090121753	0.817549878961181	79.1024244799291	0.950659521777116	104.849311417956	0.927525671500026	110.662685798845	1.04126549620549	130.455476771743	1.11380804758054	146.818390123878	1.13098356053295	159.804371562474	
0.0183024235410804	0.0843333542395839	0.0207565603761746	0.14024927139985	0.0229746931095704	0.171056345667924	0.0283843114416665	0.20799780862719	0.0292255053487416	0.279370585676725	0.0309995222518195	0.303906860611976	0.0330679490645578	0.339064958136688	0.0367354091189112	0.370533800514061	0.0560816452167657	0.693072529707006	0.0675119036083099	1.01865362153315	0.0797502280993811	1.34557103204215	0.106272000802993	1.98451463971715	0.116765358862717	2.29311370480394	0.125092547802047	2.63107243571983	0.133224741709674	2.94992545054183	0.149868138943202	3.91754828652662	0.17879224859157	4.88711686446114	0.181834163345405	5.85917897707098	0.201653951585673	6.51094489510107	0.227543987008298	8.03757787457065	0.260822491402867	9.72603245640729	0.297244622861851	12.9610417417303	0.34308966343634	16.1928849505264	0.339092163097643	19.6084747599043	0.40034900214315	22.6406695139939	0.440051697864503	25.8709626781773	0.49286220117094	31.957643673235	0.556360435287406	38.78752485467	0.675025830501956	56.5364809510255	0.737431301058026	64.6169740079523	0.821634775581105	79.9356005167676	0.954030043095172	105.850416082892	0.932208404174999	111.829394510843	1.04622726170414	131.787715025001	1.11901555796595	148.321619193713	1.13604247780148	161.470216996694	
0.0182709766546493	0.0850265456024987	0.0208171773891131	0.141166856922907	0.0228825271849028	0.171852204425878	0.0284218930157565	0.209622369814207	0.0295492912812432	0.281586143768841	0.0312762354130808	0.30618662175103	0.0332124516698811	0.342409220927967	0.0368641739180963	0.374368288202268	0.0563507927048534	0.699386314386401	0.0681189398909754	1.0282628909863	0.080283017643633	1.35868323836269	0.106647851552887	2.00495763492026	0.117401564127732	2.31571387581804	0.125655979480148	2.65836018585996	0.133825659045825	2.97979692221187	0.151966516806511	3.9567397355888	0.179868113625679	4.93781107809605	0.182974736570288	5.91990120605176	0.202916308374956	6.57710185670788	0.228692706110101	8.12143322388353	0.262041506302025	9.82543064742969	0.29923269917476	13.0937095675055	0.344784724938748	16.3589602467888	0.34082124643075	19.8072245758226	0.402223024813623	22.8747760584556	0.443181798201965	26.1385204652851	0.49533328661378	32.2919996375118	0.55976475587409	39.1868834062772	0.677849954608561	57.1171270211063	0.741431442556433	65.2836146751983	0.826795681660052	80.7634568393125	0.957831213880896	106.851483494927	0.936992230218948	112.99698239131	1.05179190210627	133.118880394704	1.12420887853432	149.821227281551	1.14094223647702	163.136032628594	
0.0182850785475693	0.0849792955359965	0.021105621175234	0.142100944317049	0.0229354731935449	0.172172783103132	0.028481893720157	0.212155567096841	0.029804851216771	0.283940643540958	0.031509450841973	0.309159985344585	0.0334538552417602	0.344218809708324	0.037216769455953	0.377252361248222	0.0564931663766113	0.705830018558784	0.0685859769306129	1.03837961480318	0.0808200922001503	1.37214632044655	0.107028296691677	2.02493147639869	0.118014436578235	2.33972104234491	0.126319580140092	2.68440229211571	0.134668176051103	3.00838014199176	0.153162996653413	3.99727135777221	0.180893179064471	4.98718421072162	0.183923635602366	5.9806052742432	0.203851082459508	6.64490493088714	0.22991781261563	8.20539008735223	0.263312371712541	9.92473570619905	0.301019594805105	13.2282009227951	0.346600155349849	16.5264269389116	0.343029159540304	20.0061662441821	0.404612758548453	23.1086069314482	0.445498430591238	26.4053276064334	0.497444943448669	32.6258638634926	0.56357791891717	39.5859960887364	0.681328277988044	57.6995947580566	0.745571653689847	65.9501808366419	0.832795300553521	81.5897261882657	0.963441416309743	107.847536666459	0.942015075784318	114.161798655927	1.05786021630994	134.451908409468	1.12959894526369	151.322429793561	1.14585692283903	164.802638021999	
0.0184874487273301	0.0849032144888174	0.0213658666499452	0.143074787541707	0.0232275150192949	0.173506262343662	0.028421949394237	0.213606058282164	0.0300605727338548	0.28695306447313	0.0317915563464017	0.312085997008236	0.0336158482189564	0.347737084293638	0.0374854670643082	0.380106864803837	0.0568981704219226	0.712135945204329	0.068840502082347	1.04880821525243	0.0813889937860544	1.385662255084	0.107535220966148	2.044311599764	0.118694662510334	2.36321947393956	0.127201412962884	2.71091005963666	0.135550545862847	3.03861296680359	0.153887500204478	4.03728842425758	0.181805380733221	5.03742161065538	0.184889594505367	6.04124089022865	0.204946718790878	6.71161742638332	0.231266847367211	8.2892510246003	0.264678414958033	10.0249581176608	0.30262062868797	13.3613930831549	0.348591770240313	16.6919210899151	0.344967509487757	20.2063614726676	0.408289471303266	23.3397239305873	0.447689168930779	26.6714250798136	0.499565620593827	32.9582007205235	0.567510651084042	39.9854030691152	0.685590132917729	58.2820438685563	0.750251754983314	66.6156964662713	0.83782241457728	82.4276407941387	0.970304716176279	108.845452483051	0.946907588549613	115.327091757679	1.06342230730383	135.785830493861	1.13569953895343	152.821516340781	1.15162176893046	166.466874130887	
0.0187460339973109	0.086562947653271	0.0213007459778457	0.143992795070285	0.0231757720072993	0.174798137660529	0.0286160336257694	0.214534936090902	0.0302017874852653	0.289069815065539	0.0321030782594122	0.314159964971905	0.0337215674686238	0.351242786024792	0.0376544743295067	0.383968098910964	0.0573607112413451	0.718329531069647	0.0691912774637237	1.05852516887315	0.0818005475843898	1.39923022736784	0.108110312802921	2.06413712812946	0.119320325605411	2.38664945332823	0.127945885426252	2.73768441823192	0.136490230465055	3.06867955054375	0.154713789955754	4.07807755712063	0.18257396042326	5.08687716532488	0.185879466806465	6.10148488509008	0.20610330896255	6.77815297059873	0.232928401210531	8.37203535300325	0.266269793060171	10.1251050919977	0.304244014295221	13.4938942021971	0.350730214267208	16.8602315602505	0.346533564908537	20.4073948914303	0.4116739652432	23.5735510782898	0.44987805773353	26.9378280269838	0.502009464892041	33.2875722466177	0.57033865590144	40.3862703632216	0.68967636223727	58.8654243015863	0.755433851159827	67.2816740318757	0.841752727161764	83.2650636617157	0.974740135838452	109.847756691407	0.951636973061306	116.493398138344	1.06822814749081	137.119812182896	1.14094517781903	154.320900911212	1.1584915274077	168.132347036095	
0.0187834028394987	0.0880410911141935	0.0211769230105336	0.145309670576328	0.023337707418576	0.176618334786585	0.0288930072430308	0.216483874004867	0.0303016501027227	0.290887814852499	0.0322619648596306	0.316909694742852	0.0338275979051792	0.353910355686262	0.0379740307187311	0.387551828007866	0.0574953244072495	0.726208112223055	0.0697379144679379	1.06731324468513	0.0821741443095568	1.41265489239732	0.108701687860346	2.08483949665728	0.120150706033968	2.40926918211546	0.128579850604351	2.76449556406713	0.137493161550173	3.09838012452946	0.155367700518589	4.1191661101772	0.18332517165737	5.13721328544686	0.18681169320282	6.1606587903641	0.207171704364659	6.84442634752184	0.234635499824513	8.45411932686336	0.267851587847171	10.225588273768	0.305903626860598	13.6279236215117	0.352753414727128	17.0259194263402	0.34823120622683	20.6067891825397	0.413844014842538	23.8077935958409	0.452010049100568	27.2047711412215	0.504576600987919	33.618664856748	0.572439094385376	40.7868433594084	0.693681637214922	59.4488978668694	0.75940711413569	67.9487989868375	0.845170288879064	84.1004450703061	0.977818778646903	110.848168452381	0.956262587873976	117.658303809924	1.07352503347571	138.452333558203	1.1452426654754	155.820315283963	1.16486832187393	169.797998755229	
0.0186457957374358	0.0885013718089834	0.0211851902038868	0.146765997079381	0.0235779247925382	0.17778435059462	0.0290399073593415	0.218590394601356	0.0303920698572172	0.293911237032061	0.0322016588647723	0.319703138465068	0.0339825129835866	0.35658491026671	0.0383823398561597	0.390365411579802	0.0577419299221219	0.73284168977632	0.0701874016853075	1.07785046062448	0.0826575611232558	1.42609352726476	0.109105870199732	2.10390995528124	0.121420691714354	2.43324328669251	0.129357109999646	2.79081869689643	0.138409655434412	3.12843273843166	0.155969875728104	4.159196215178	0.18409135150957	5.1879298508225	0.187828209900698	6.22048601839318	0.208365975003784	6.91159751936423	0.235874113950392	8.53715045573686	0.269604042345024	10.324776917221	0.307578902039455	13.7622147424573	0.354438452043752	17.1921921629791	0.349885322129191	20.8071539117256	0.415721974577344	24.0411830219541	0.45416827021047	27.4708965542776	0.5077229396824	33.95348648229	0.574555397245098	41.1879341709221	0.697389607262124	60.0313730543999	0.762632721538929	68.6118857273076	0.848549214952835	84.9356476649707	0.980992508355414	111.84813317854	0.961263557006709	118.821331935282	1.08085165358806	139.782887980326	1.15004435171612	157.320891947232	1.17013594705348	171.459507951748	
0.0186925559790102	0.0892887286108684	0.021292700453812	0.14714098536509	0.0238372357970932	0.17900794832848	0.0291434600485622	0.219887464951714	0.0304664406419712	0.295989046701168	0.0323908599071876	0.321715435414929	0.0343839913588571	0.359494012605669	0.0385009295574697	0.393632723847008	0.058349855584383	0.739241505374458	0.0705481586983	1.08893238382879	0.0832740379405732	1.43906813068143	0.109849301700583	2.12290404545771	0.122489300825941	2.45645230981084	0.130061502250855	2.81821750724831	0.139242019591691	3.15850002066372	0.156579327267781	4.19922259488867	0.184974369719709	5.23896353151974	0.18899579007751	6.27943966588877	0.209403343510655	6.97891164921504	0.237115423125902	8.62051592939877	0.27123974490294	10.4250580020022	0.309078138173707	13.8947503204332	0.355996223190177	17.3601077525616	0.351431076714317	21.0065593787053	0.417652597274397	24.275449753891	0.456303872734233	27.7381078894041	0.511481603882035	34.2882261514493	0.576685831917933	41.5886785304545	0.700293078207101	60.6143586066771	0.765722897194637	69.278690307319	0.851792855793585	85.7685554809204	0.984393941317538	112.84934960218	0.966242765452735	119.985961935393	1.08700975059143	141.116214018299	1.15582057047294	158.821379203539	1.175041404358	173.127454449597	
0.0188096068574849	0.0897543753241439	0.0215986802742613	0.147792460027005	0.02386849512716	0.180190320488455	0.0291427769656498	0.222170820413659	0.0304869216070515	0.298089440941637	0.0327887634385823	0.323993188389777	0.0346571450954492	0.363261968940612	0.0387557240651638	0.39682029162255	0.0589013701825041	0.745865245833496	0.0708967212819716	1.09917681524766	0.0837702069119407	1.45231444744634	0.110391968150673	2.14411282061142	0.123153177250504	2.47973677005414	0.130604037832655	2.84528243847305	0.139772373299557	3.18914937947726	0.157292975509153	4.23865339384116	0.186042187276924	5.28827799082589	0.19000448936427	6.34013395519364	0.210619826836436	7.04450842031983	0.238506729544051	8.70457523834581	0.272409144657009	10.5249330301602	0.310574466451116	14.0290796256025	0.357677732982843	17.5252759406794	0.35323971401194	21.2055774155123	0.419699172164316	24.5098003048556	0.458670197754633	28.0036633330716	0.514998559674815	34.6207939764678	0.579394075124628	41.9866289223958	0.702874497129752	61.1982531297439	0.768976031361672	69.9484527676868	0.855820623375335	86.6000402360437	0.987949714681113	113.848755534821	0.970445896395435	121.155650879489	1.09119566135912	142.45128349205	1.16120177769362	160.320227332192	1.17981843515461	174.797278493667	
0.0189756948207646	0.0909763141397461	0.0216023739359793	0.149509367663675	0.0237380614546631	0.181675881787813	0.0292982129807982	0.223046612838165	0.0307643366304695	0.300171790808079	0.0330203477170982	0.327361898397478	0.0346590952863782	0.365360558743678	0.0391910135885425	0.400404690107521	0.0593616256352757	0.752175130599795	0.0713274982433233	1.10809644036705	0.0843181895608577	1.46583597001898	0.110952967592561	2.1638906186972	0.123720655385508	2.50293973957603	0.131261703540525	2.87155690970013	0.140407929712126	3.21823807456052	0.157964740381442	4.27855031972011	0.187241429193749	5.33756870140752	0.19072403708012	6.40242453131558	0.211999700146566	7.11102207845577	0.23988212231945	8.78860940158453	0.273595500634531	10.6235023441305	0.31242159729289	14.1637591080433	0.35942934422041	17.6920143385835	0.355077394231595	21.4052045372542	0.421548526215575	24.7427557346696	0.461619793381925	28.2709212343247	0.517586711640894	34.9554591398247	0.582542401264324	42.3857043519538	0.706249930633559	61.7818906077924	0.773461986083202	70.6136629235262	0.862831902652105	87.4323818078949	0.992677160112459	114.845732578302	0.974363874540414	122.323328166919	1.09469165307661	143.782478664074	1.16554419742099	161.820520873412	1.18533516975781	176.464256416085	
0.0186657108236416	0.0917130812107426	0.0215040029349433	0.150965097538232	0.0239887333334605	0.182888740208744	0.0294428806252148	0.224740484794122	0.0311765673344393	0.302423233921444	0.033207006790209	0.329782784003713	0.0350023417541869	0.368512125082655	0.0393830441606573	0.403680267862184	0.0595986735104097	0.758888161606433	0.0718253179781413	1.11847754336725	0.0851627136070527	1.47889625510845	0.111876385120934	2.18382394764556	0.124269969424066	2.525884732757	0.131822501682851	2.89789517652054	0.141041450206972	3.24949605264766	0.158695170921773	4.3184146493105	0.188446591953113	5.38676814238117	0.191728030856651	6.46242545099657	0.213155547288713	7.17816670760605	0.241323194198153	8.87068871883198	0.275007396807862	10.7244903027123	0.314164405023395	14.2957507936614	0.362510499307413	17.8578530789232	0.356837054788295	21.6028628431669	0.423522492030899	24.9756012684251	0.464424111200081	28.5380394371982	0.519340457722815	35.2895692349535	0.585825280466157	42.7853013221287	0.712073940692618	62.3633599669901	0.778394304518982	71.2808549337102	0.869178117037722	88.2669660043993	0.998165127407681	115.845414182412	0.978731985377716	123.489403579596	1.09821579504054	145.111840993358	1.16979856305508	163.319145484657	1.1920834048938	178.130787303687	
0.0186755100659187	0.0914913391370249	0.0215001403051143	0.150937870906133	0.0241613835615091	0.184426397362145	0.0297441642108224	0.226879572575345	0.0313049372586736	0.305658997637933	0.0333108182881509	0.333039240542674	0.035535056826113	0.372137239824501	0.0395455551220093	0.40656617444937	0.0599057996608877	0.765129361336116	0.0723298856907266	1.12845410314332	0.0857593459804325	1.49250019972503	0.112367737600426	2.20430792104	0.124888329739419	2.54958293303442	0.132482499544689	2.92358547569044	0.141768720810556	3.2800324886044	0.15972032673379	4.35778910324991	0.189543531175685	5.43590425342276	0.192911031977465	6.52178375813161	0.214201400473134	7.24476232212467	0.242899427778669	8.95402439017292	0.276592374267533	10.8249790724178	0.315683623032781	14.4285564551711	0.36584419520916	18.0244052123212	0.358708307149581	21.8032815890596	0.425343191411044	25.208612577591	0.466603788323239	28.8033359732022	0.52126531286127	35.6224388084718	0.589033585200077	43.1848573141124	0.717603986894404	62.9468000046621	0.782433790735002	71.9496786209674	0.872764117069444	89.1005294714104	1.00255159528838	116.846109065435	0.983242425430682	124.655546047496	1.10301134889191	146.444094147777	1.17567080055841	164.818962188742	1.19822145401999	179.796468825142	
0.0188532608635961	0.0920455087844087	0.0216146684053508	0.151620195626867	0.0242329045370136	0.18544372170744	0.0298092317378689	0.228766752164015	0.031277868266108	0.308047985447503	0.0332555468165073	0.335509660865995	0.0358782409637037	0.374775239995631	0.0398073634112991	0.410101765812983	0.0601838200614363	0.772526623364292	0.0728539742257506	1.13762693157566	0.0860142659052516	1.50580227942644	0.11274228257204	2.22416627852466	0.125371219558406	2.57283898794054	0.133215568911888	2.95070395796068	0.14248522714123	3.30907228925481	0.160811382215399	4.39755052170069	0.190487574798267	5.48604526147462	0.193757263719966	6.58143170657359	0.215216081205331	7.31158052272805	0.244140580864514	9.03895076039574	0.277943200240538	10.9250338458241	0.316894687871344	14.5619805148409	0.36764712789119	18.1917936733514	0.360504844785771	22.0050619284917	0.427269815631775	25.4419368111271	0.468510766867513	29.0716816591707	0.523650661906009	35.9546862585398	0.591801550701019	43.5858512680829	0.721069451805746	63.5305231643833	0.785988314846145	72.615969110942	0.876061351787567	89.9341003890018	1.00581992362198	117.845962032891	0.987241079507394	125.82364056742	1.11057925656391	147.776481412639	1.18288434579298	166.316200992062	1.20323161199395	181.463327538276	
0.0187581230736694	0.0930014422402498	0.0218815113590111	0.152557615409438	0.0246068138911764	0.186647150487751	0.0296422391242153	0.229770106671354	0.0314379641916033	0.310073146289815	0.0335947616441784	0.33805036693653	0.0361267151147583	0.377501744910977	0.0402007675050436	0.414172896735394	0.0603482464142638	0.780132850885222	0.0731632408218049	1.14861164799086	0.0863999771144295	1.51859015267578	0.113244593691465	2.24420321710452	0.125681258607943	2.59656279958754	0.133988685918236	2.9775237185293	0.143076588892373	3.3390026670749	0.161735042708346	4.43779157125461	0.191574357494116	5.53670222220832	0.194622924391016	6.64005799419975	0.216087254130232	7.37874890060286	0.245136488930418	9.12296536586132	0.279162879099934	11.0246136447399	0.318204756278333	14.6944443809819	0.368909028570945	18.3580086679934	0.362115763787507	22.2053856794864	0.429860768792186	25.6735567244327	0.470378718723371	29.3392115066026	0.526648724893085	36.2875148538668	0.594287223149535	43.9857946902392	0.723982497032031	64.1132628475125	0.789129107528846	73.2813729818677	0.879414038115489	90.7679469780621	1.00917543876055	118.842514393299	0.991624518258306	126.988777206987	1.11643844150584	149.11123796202	1.18809965244849	167.818774410837	1.2083004604266	183.125358275412	
0.0187227887674941	0.0939153061111638	0.0219097968538535	0.153919761921606	0.0243774161514278	0.188697893595819	0.0297525093515057	0.232103899069085	0.0318650492520255	0.311573914339864	0.0338691638390585	0.340702424257103	0.0362446892089353	0.380103918268517	0.0402711959867762	0.417020211645228	0.0605533497474759	0.785694417998361	0.073606878128493	1.15853081501599	0.08680904858012	1.53197034705443	0.114084790894449	2.26415214570526	0.126196014013071	2.61948613951968	0.135424026688159	3.00322728904526	0.143762537557228	3.36893839999953	0.162648225106348	4.47822167928221	0.192558329011047	5.587741956502	0.195462908778013	6.7007886050833	0.216976945557655	7.44490493088714	0.24627691609188	9.20561185852978	0.280326837625131	11.1243312793902	0.319702573874422	14.827522919993	0.370188972182078	18.5256932895883	0.363612964658796	22.4060223548512	0.432584731213684	25.9074937681938	0.472255893676258	29.6054598542327	0.530064412228243	36.6209543967737	0.596577905841578	44.3847695369639	0.726685786754911	64.6971722717398	0.792533550857713	73.947805032867	0.882883221721919	91.6009740032957	1.01357463856011	119.838671872954	0.996821936887966	128.15409266048	1.12013623314519	150.445785895153	1.19201380447837	169.318024870823	1.21408072743294	184.785451861685	
0.0187874820738505	0.094997219129132	0.0218364835698753	0.154909364869707	0.0244761356519126	0.190578379303801	0.0300420589405772	0.233348640734767	0.0319614270204706	0.314134352806511	0.0339950210375179	0.344054341355428	0.0362795072811827	0.383215525050175	0.0404578236568535	0.419755127567176	0.0612323736317307	0.79279161954878	0.0741909294601808	1.16834218145823	0.0873469645633022	1.54611410949268	0.114933236972839	2.28346684366282	0.126852201083372	2.64235709255949	0.136655020400995	3.0305858196977	0.144649412909692	3.39959055278067	0.163479638103867	4.51780055851703	0.193343293761862	5.63705595014689	0.196155411654573	6.76067916304445	0.218065318643947	7.51149030085792	0.247625887475693	9.28783273680185	0.281616724472731	11.2244158551175	0.321204202433764	14.9611453513618	0.371376337640432	18.6937485775504	0.364865365664873	22.6058431916794	0.434509876453416	26.1419653910873	0.474278334703617	29.8719652468812	0.532604205499434	36.9549005791371	0.598897041404597	44.7811590323442	0.729381802010274	65.2810667948066	0.796410349280415	74.6155111330877	0.887355736684306	92.4324140549375	1.01847208004184	120.84099098247	1.00161136667658	129.320212776639	1.12370551246398	151.780795764261	1.19606858642693	170.811597988663	1.22015793455319	186.454739463977	
0.0189507894578908	0.0944663725627726	0.0221233481384958	0.155719469951993	0.0244296257443874	0.191835155402806	0.0301519605416616	0.234821221726358	0.0319069917106082	0.317338102311019	0.0340797868607043	0.346773657624992	0.0364106924931586	0.386720120835824	0.0407375624989009	0.423610395389342	0.0616374086682552	0.799924502393644	0.0746355971545194	1.17818928740257	0.0878617125993513	1.5600161937343	0.115457730339222	2.30450751509979	0.127483715590888	2.66639010328658	0.137333160473199	3.05675295600316	0.145510992283683	3.42854397326639	0.164264173101711	4.55776966189209	0.194170896730348	5.68745027792702	0.196849670144038	6.82120348598753	0.219079939445535	7.5789078075096	0.249517990496517	9.37069436497482	0.283210921862934	11.3236547899872	0.322790358400626	15.0953237822812	0.37246138052953	18.8595742793746	0.366315629266537	22.8051890540171	0.436167772369978	26.3750158157995	0.47692509696196	30.1366657364658	0.534945435482858	37.2872337108779	0.601622652444393	45.1827825603453	0.732793618655005	65.8646707452439	0.800449963646423	75.2830533205432	0.892645854603097	93.2641819321101	1.0238471820769	121.841551755048	1.00601273218511	130.485707044058	1.12777663590216	153.113227732606	1.20092631835066	172.311057064896	1.22578623898177	188.124697618492	
0.0190602446556913	0.0958555128764071	0.0222030068273231	0.157214184405594	0.0246724193923395	0.192249535721167	0.0302826706641642	0.237392370402104	0.0319772279295265	0.319834308626899	0.0342965846150698	0.347940983105336	0.0368461812890105	0.389448663019205	0.041080277248456	0.427531670695849	0.0615374252728017	0.806135492348749	0.0749610939760625	1.1883070589573	0.0882097149939453	1.57245191065183	0.115841266834502	2.32540010625444	0.128085648749683	2.69065082237235	0.137882924701444	3.08429099907333	0.146386137896047	3.45825921558196	0.164896274650931	4.59866962213626	0.194959404744473	5.7377114265853	0.19772384742827	6.8810656386115	0.220075137008376	7.64501634034483	0.251205562858739	9.454773231695	0.284743628802227	11.4238893086419	0.324335014322048	15.22840884055	0.374142621225269	19.0251596999861	0.368330300586944	23.0061461043324	0.438094060866384	26.6071498191418	0.47972717010062	30.4034933667098	0.537738810007453	37.6205838468219	0.605094036475538	45.5845327482105	0.736610210361938	66.447775506805	0.804684516843026	75.9475258689385	0.897432411969178	94.0929546760249	1.02877604135905	122.843468533231	1.00971004001421	131.652289096192	1.13198600104524	154.445674602111	1.20741679618591	173.813034437251	1.2309685569574	189.793448779007	
0.0188338993278723	0.0969407146270606	0.0221722517036559	0.157810958420765	0.0248248357119013	0.193763706084505	0.0304120987454706	0.239141510529474	0.0321468545475237	0.322049488369237	0.0345368549434496	0.3508511913898	0.0369029619659735	0.392349820012826	0.041393713585244	0.430925031646776	0.0616161128599306	0.812793749949068	0.0752920218052127	1.19868443666738	0.0885915386385869	1.58546190432465	0.116334560097113	2.34466614260978	0.128541686751801	2.71412410825868	0.138571007003043	3.11108025882908	0.146880567261594	3.48890158947652	0.165439299735862	4.63902941531281	0.19561613884452	5.78694439517005	0.198566528503446	6.93984047218125	0.221404725858075	7.71187877876841	0.252246316158544	9.53826163993092	0.286240601752805	11.5244870430834	0.326009381085956	15.3604154273286	0.376805733110589	19.1923022918683	0.370255767720903	23.2055664724726	0.439829387457132	26.8412377371528	0.482319925215928	30.6693896744235	0.540296036414926	37.9530026602355	0.609439748155929	45.9832505499169	0.740410077744742	67.029866989453	0.808820754459563	76.6128999375432	0.901111059761308	94.9277251370354	1.03219738411194	123.845675884043	1.01329560069412	132.817664154327	1.13626308629087	155.778494000628	1.21404800701979	175.312851141336	1.2356943279631	191.462006224436	
0.0187097484447926	0.0969892743658712	0.0221273081657446	0.159320195685074	0.0246316054900725	0.195663414871591	0.0305611803961526	0.239896318336518	0.0322985447454308	0.324003664972436	0.0345792042415708	0.354820720844912	0.0368380225248788	0.3960029908459	0.0416581149850895	0.433540621869519	0.0622414565375768	0.818954273864558	0.0756700580927209	1.2086407401784	0.0889542132665906	1.59896817649086	0.116891000517081	2.36455942468933	0.129026522709012	2.7361086750802	0.139106288769405	3.13792376812223	0.147621579541443	3.5184454684465	0.166055164444295	4.67858873677449	0.196402903585763	5.83644837861113	0.199428372381743	7.00025489906574	0.222736590865972	7.77871700280619	0.253303717934986	9.62124806532296	0.287767513019316	11.6235611338653	0.327687462234965	15.493931687929	0.379671973135097	19.3586104187634	0.371719172429647	23.4053779960755	0.44125893370654	27.0749531261516	0.484672446510695	30.9365581687136	0.542603083605966	38.2861032017413	0.613176818634548	46.3838607990049	0.744164439844963	67.612263945891	0.812134516800859	77.2811946336032	0.904770928801551	95.7638367024896	1.0347626588832	124.845670412523	1.01754795150824	133.984007787894	1.14112647945408	157.109927591219	1.21967038706117	176.814679502086	1.24023934794127	193.128179484187	
0.0190048317634429	0.0974664025397165	0.0223068369575378	0.160284318230821	0.0245933418633456	0.196311906391026	0.0307406242455047	0.24170986523763	0.0323476879107861	0.325972888255266	0.0347049716023273	0.356797278292669	0.0368123503924863	0.399202665814337	0.0418392463967706	0.436668439483972	0.0625388692365932	0.825696175869637	0.0760522175373631	1.21829273405263	0.0892800143599462	1.61286443996666	0.117558454378676	2.38390182949216	0.129901578064586	2.75763153875728	0.139565617483429	3.16486972289371	0.148425218829168	3.54927061438765	0.166971136886831	4.7184032406095	0.197569803352863	5.88628996646948	0.200539302380254	7.05954987626871	0.224094163907289	7.84540714656164	0.254449690205622	9.70528688517433	0.289256151281847	11.7233774887038	0.329334943436108	15.6287667012323	0.381748328930049	19.5247993363745	0.373015847413818	23.6058377201596	0.4431291536094	27.3084338218729	0.486709435541763	31.2031026769084	0.544810714483876	38.6197439103148	0.615930274316006	46.7844337951917	0.747922503998993	68.194020152428	0.815256484538073	77.9484015449477	0.908783935106718	96.5974150706612	1.03773166660162	125.846491955411	1.02201988419863	135.15096236904	1.14594655477568	158.444803349883	1.22424274205567	178.31664197328	1.24498231861815	194.792996738334	
0.0192887619296194	0.0980619541940655	0.0223297157741203	0.161143565128499	0.024792431103897	0.197212902731511	0.0307283043495661	0.244400776170018	0.0324663284855926	0.328731465590252	0.0349277858082225	0.359190980922549	0.0371236487109518	0.402375710779171	0.0419948478177156	0.440437647283565	0.0626583963126182	0.832095292975878	0.076449816843498	1.22816021267732	0.0897632757446393	1.62558362817938	0.118183982216615	2.40413690694036	0.130739547334414	2.78166990458892	0.140015423418283	3.19154652545392	0.149194911787315	3.5784985421892	0.168099481558175	4.75816559038281	0.198979547146646	5.93604214736491	0.201538496769238	7.11979619943646	0.225320842820043	7.91136620213075	0.255508601548276	9.78909380571564	0.290555613248946	11.8232078133803	0.330858022420771	15.7616161349009	0.382996245821682	19.6921542697937	0.374353039988333	23.8058466841389	0.445397152330833	27.5408919254557	0.488797809347231	31.4696639489087	0.547502949073367	38.9526805390553	0.61814343500895	47.1855581343165	0.75145730854793	68.7710154381898	0.81843392623683	78.6156606103539	0.913023785834743	97.4317384968571	1.04138936893716	126.84524223699	1.02586863183665	136.317455014211	1.1506887324376	159.776490260203	1.228377043958	179.815370892649	1.25177183540154	196.451436295793	
0.0191686167922713	0.0989803182445502	0.0223030109985329	0.162164119998821	0.0249459621088993	0.198948902480054	0.0303790921523756	0.246336821087703	0.0326411934001833	0.330859624883657	0.0351464771945886	0.361885617145058	0.0374227544685624	0.404692579300294	0.0424836590205952	0.443133389451579	0.0628931961031086	0.838551802833054	0.0768435968699588	1.23870383145907	0.0902766533104125	1.63954799461521	0.118473411644679	2.42477315156852	0.131413920107845	2.80458276714259	0.140375136594727	3.21875115505822	0.150133692762151	3.60850645260994	0.169168715080784	4.79786786985292	0.200180577132969	5.98564205702663	0.202509475122579	7.18025952075379	0.226227349701509	7.97762421223211	0.256494930638425	9.87112748815911	0.291894864584894	11.9230483826046	0.332146676910285	15.8944879203102	0.384064485168933	19.8600326064749	0.375831031257542	24.0053117557605	0.448271019942465	27.7741695928653	0.490808335860088	31.7370801749919	0.550315770687302	39.28482740629	0.620019712105597	47.5858405578738	0.754806928368504	69.3535837579734	0.821715205303929	79.2813699550695	0.917311975382652	98.2647059174487	1.04580431204057	127.843128251262	1.02973189115681	137.484349990716	1.15578239105961	161.108564600696	1.23238032199853	181.314666056117	1.25966772593227	198.114688928089	
0.0190176102316993	0.0992847151928391	0.0225553157855778	0.162964053292845	0.0248596578121152	0.200245638136377	0.0305392795221077	0.247447539620498	0.0328126361175782	0.333103704728266	0.0353208478533767	0.364408860918149	0.037535951055453	0.407321353557608	0.0430951961437209	0.446387779618676	0.0631995910751411	0.845283576705615	0.077122003917803	1.24905583063019	0.0908029605235644	1.65381888257886	0.118843952482185	2.44374558849616	0.131868668932507	2.82730540706944	0.141211088340454	3.24477486769399	0.151125207433186	3.63868432939248	0.170185161542411	4.83793383077113	0.201259090510883	6.03713767369893	0.203351556862572	7.24048023255196	0.227129912254328	8.04467198383923	0.257605729279678	9.95447340404788	0.293185614081673	12.0236014135647	0.333516512556569	16.0272721614017	0.385262965115322	20.0283561153257	0.377475009966856	24.2047302612556	0.451111849881032	28.0058584240381	0.49278804237102	32.0034682210015	0.552802736524675	39.6195409984185	0.622181209296759	47.9851879336107	0.757984901573146	69.9427681930127	0.825529029283048	79.9467216719335	0.920829281742126	99.0985376053486	1.05025413508952	128.842370271137	1.03332744076321	138.65215393801	1.1600825670923	162.442397278126	1.23740319698458	182.808879923859	1.26485093131279	199.788208459959	
0.018996807855552	0.100398431420028	0.0227987023076606	0.164270902529771	0.0249722847293594	0.201749898645915	0.0307644482744601	0.249033145332299	0.0329420103073208	0.335391760458606	0.0353373359475302	0.367784439429511	0.0377749633198264	0.410306649721083	0.043363776009618	0.450419707683324	0.0636668132777176	0.852411802937828	0.0774657319957918	1.25875997856612	0.091475165148944	1.66658091162797	0.119512702319891	2.46377065271376	0.132393817682226	2.85088719203056	0.142069762226659	3.27095085156349	0.151860688681382	3.66896884260475	0.171046541718131	4.87797418031976	0.202333212551508	6.08707192814905	0.204116062455791	7.30111817684374	0.227886221193138	8.11224315870842	0.258575071785259	10.0381164118238	0.294439596470692	12.1234801670128	0.335035893212712	16.16072509207	0.386692748220514	20.1937645846563	0.379062864203269	24.4060542526479	0.453430340031874	28.2404455309254	0.495315396327515	32.2708136665724	0.555018210742303	39.9543290963494	0.624313527033996	48.3852915432422	0.762345933893885	70.5247926204386	0.830759895929998	80.6115741999212	0.924035995660162	99.9323692932484	1.05423641974605	129.842193436272	1.03681525907464	139.817245874096	1.16464513296121	163.773950078002	1.24425395936854	184.300515890836	1.26884538662003	201.457585469215	
0.0191495675501116	0.100752588640077	0.0226093896069407	0.165648925180699	0.025112164883876	0.203570197635372	0.0308346346006839	0.249754541943565	0.033354269204172	0.337361274779728	0.0355151018446363	0.370461351420114	0.0380223455824715	0.412583354958085	0.0434117144248183	0.453067748675485	0.0639758996264779	0.859514650631087	0.0778792008276363	1.26795690496894	0.0921885116039972	1.67947099752501	0.120247877238641	2.4834760404728	0.133042623276044	2.87481333349729	0.142919804970288	3.2970362643169	0.152558441149767	3.69910085175266	0.171887017392364	4.91787576281136	0.203155919702728	6.13640221993822	0.205139863446639	7.36086205150636	0.228918639260673	8.17903947323233	0.259737001657071	10.1217407931492	0.295798633973066	12.2232741701106	0.336544102197613	16.2944816338831	0.388070589544735	20.3601788823198	0.380835650407094	24.6043328193658	0.455170012557934	28.4765488308921	0.497744607184888	32.5373358230265	0.556935641153076	40.2864126336521	0.626527195745944	48.7858831658796	0.767338396454932	71.1089553643941	0.836208400032125	81.2737445190214	0.927224102189666	100.765828452136	1.05791123260773	130.842642450147	1.04026511194263	140.982278205539	1.16944350259944	165.107603941506	1.25054445889943	185.805935431263	1.27349861709648	203.123952444052	
0.0193095728426425	0.101410342453115	0.0224799767658526	0.166021119498817	0.025221627296516	0.204887189556731	0.0311101642401265	0.250227100816246	0.0336653664952058	0.339133989008648	0.0358986576532407	0.372970916393539	0.0380572090057619	0.416378319646409	0.0435773540246681	0.456499584888448	0.0641223734109564	0.86588448928528	0.07812312414367	1.27753823474617	0.0926739692976189	1.69296446400642	0.120926206456647	2.50320424563384	0.133650125417889	2.89795390440964	0.143890321303269	3.32346626640656	0.153330800985036	3.72894484940806	0.172751152036096	4.95765627337401	0.203811130583953	6.18722495608232	0.206397941932098	7.41977984308452	0.229809136852559	8.24622880586407	0.260766543797558	10.2059276932829	0.297066374863273	12.3242658539825	0.338067771288631	16.4282512142117	0.389412995965755	20.5262392774218	0.38282513465847	24.8047757796443	0.456776752191361	28.7095713159284	0.499909951198289	32.8027180407033	0.559113209400955	40.6182726535474	0.629162610458441	49.1845227364934	0.770860555773664	71.694168640164	0.840245326630285	81.9363320706152	0.931189438253966	101.598624509382	1.06137469672919	131.842003679306	1.0446256523934	142.149024170439	1.17350386198881	166.440810770196	1.25507380836262	187.310490704383	1.27958806786064	204.789037919088	
0.0196630809267424	0.101990163487849	0.0226486143018125	0.166758435904587	0.0252385889318229	0.20580109344541	0.0312267282566243	0.253287630377878	0.0337085312943017	0.341769719081111	0.0358574292949648	0.375981882134258	0.0381331185726073	0.420121333999835	0.0437124346199227	0.460840741137011	0.0645022803253489	0.871913813139302	0.0784816593294953	1.28810106205511	0.093057139442621	1.70615187462129	0.121464352977083	2.5241375821492	0.134321214772828	2.92186863717537	0.144575595935054	3.35104738314376	0.153936639749825	3.7596242433732	0.173331872163677	4.99850594220154	0.204625148175387	6.23704884881259	0.207368017170295	7.48017936880852	0.230543317118743	8.31226050459055	0.261716844563221	10.2889942124126	0.298445053859844	12.4231862765468	0.339557133776662	16.5617525736516	0.39126161162672	20.6915453012741	0.38454174553918	25.0054683343609	0.458100703046816	28.9419530510638	0.50179475087165	33.070026233373	0.562287545846532	40.9505126530352	0.632368647788594	49.5840153985449	0.773281396726982	72.2785847038478	0.843194394523165	82.6090449607593	0.936706609211875	102.429051282111	1.06543352199201	132.840396333034	1.04982020159201	143.313475356624	1.17704286546	167.773898389601	1.25898875961861	188.810843850245	1.28594530670062	206.454704539382	
0.0197941703500111	0.103042041354213	0.022728275369878	0.168229357977921	0.0252892122423302	0.206611285839183	0.0312763101418521	0.255417128447421	0.0337095661362896	0.345063719559578	0.0358922288091556	0.378142201158791	0.0383573590713799	0.423031396765153	0.0438346135889675	0.464595164191434	0.0649723798039162	0.878690988985219	0.078859513489597	1.29874177121065	0.0936290673525091	1.71896314734919	0.122017998998583	2.54469000774962	0.134860821048267	2.94639431752103	0.145022215285682	3.37775771331506	0.154351104292081	3.78955951063658	0.173785417445975	5.0378114782737	0.205338204823184	6.28694305639391	0.208221931282137	7.54031067364378	0.231417018209002	8.37915833327028	0.262913888328805	10.3716351171458	0.299910561754108	12.5223851645477	0.341201283217856	16.6935253984751	0.393648301942055	20.8580396926752	0.38588710289067	25.205684051942	0.459412301217958	29.1750798442234	0.503522069621971	33.3364440817036	0.565984967289234	41.281497229752	0.636711621671647	49.9828263325043	0.775407603864492	72.8625760844578	0.845897336548303	83.2782858805102	0.941160708527587	103.262748859566	1.0691019534896	133.840994358514	1.05401297068629	144.477643420759	1.18078821606462	169.105793916168	1.26313863495156	190.313000036525	1.29125189140277	208.122248705898	
0.0197987273972365	0.102946304308473	0.0226567877182573	0.16915253143616	0.0253031507274264	0.208198113911805	0.0313912246987567	0.256782359965471	0.0338860232952552	0.347185592425903	0.0362300052760443	0.381424094444363	0.0385929207768741	0.426416230294161	0.0439459576239125	0.467559563805634	0.065327782254883	0.885338245338149	0.0791718889713821	1.30819620829312	0.0940369802500034	1.73256033987743	0.122639504099245	2.56422519631624	0.135309107274226	2.97007831512986	0.1455634105837	3.40458306181886	0.154897577441707	3.81817602519693	0.17447489297121	5.07795334197814	0.206141799500536	6.3364041989986	0.209093895877804	7.59956234434908	0.232557717369062	8.44544242040248	0.264122263339023	10.4546504135363	0.301277070270897	12.6225023365635	0.34289689076637	16.8268553945693	0.396013576849799	21.0249569045051	0.387094521348064	25.405130497113	0.460825788127932	29.4079533176548	0.505803293743869	33.6026309620467	0.56895490498932	41.6159090733806	0.640163177123356	50.3827734799507	0.777729923339787	73.4454051745498	0.848224884503371	83.9452543732869	0.944718342860126	104.098025960033	1.07237970932808	134.842069221129	1.05793160610345	145.641021723389	1.18661406683532	170.432831664417	1.26834248176425	191.811937572141	1.29659942124799	209.789614058488	
0.0199243617032846	0.103979672139545	0.0228318162254812	0.169644764497295	0.0253805311785863	0.20973783743707	0.0313838406756897	0.257863014242832	0.0341468391526567	0.349276818960213	0.0363904858377636	0.384150366529076	0.0390439072082334	0.428782517117053	0.0442414853260377	0.470414067361249	0.0657216229177241	0.891864895423394	0.0794208346437724	1.31871305155212	0.0943808265302855	1.7456299381922	0.123160889415179	2.58451405764057	0.135909761500116	2.9934859427778	0.146018278157807	3.43066568060468	0.155479749553585	3.84905332519978	0.175114749626065	5.11860929571935	0.207143541880418	6.38708677110188	0.209779734835734	7.66015372251434	0.233687092455674	8.51128040404264	0.265196951754703	10.5375744403188	0.302801403965388	12.7223410431428	0.344370873186726	16.9618170677368	0.398121241107906	21.1918368634338	0.388473353107613	25.6048414378827	0.462444763099024	29.6414042110551	0.508434714677557	33.8684043351863	0.571376001378519	41.9499334868366	0.642306716767953	50.78434485389	0.780064039424145	74.0285024855307	0.850948508461365	84.6123122730265	0.948843479274334	104.92898172396	1.07585671901255	135.84239902572	1.06134715412051	146.810315786732	1.19433492371366	171.761404232195	1.27421400348797	193.309817125362	1.30243966301266	211.454774039326	
0.0199949512114206	0.105216723118394	0.0229926418684097	0.171193961318924	0.0253526510637197	0.211143101272012	0.0314821329552258	0.259468235935429	0.0343295951692623	0.352074744672108	0.0366224089168826	0.386404807336835	0.0395413473505297	0.431590861999756	0.044325989622203	0.473474917065001	0.0661717710350672	0.899203716962788	0.0794749683171541	1.32875748145759	0.0946343014790215	1.75973935811214	0.123568169187938	2.60444249714564	0.136490945222635	3.01605724279346	0.146582721333718	3.45693339974342	0.15622114223796	3.87934063237964	0.175677863641662	5.15816861718104	0.208256766605382	6.43707690490382	0.210575858455002	7.7206608159906	0.234744495643671	8.57833655755253	0.266335480764338	10.6210125571381	0.304506173731574	12.8231660202818	0.345665410707081	17.0949757004855	0.399979543684913	21.3580444074955	0.389929854463424	25.8054743879574	0.464758093932341	29.8730148111353	0.510869351955774	34.1352319654303	0.573761092129673	42.2824901359847	0.644190573695327	51.1861360199466	0.783640577428326	74.6110782558945	0.854472014385136	85.2795564372722	0.952188891879798	105.762805961279	1.07980401643518	136.841939068806	1.06416379987493	147.979609850075	1.19999924433081	173.098485362611	1.27907310412411	194.809231498114	1.30796977006347	213.119904217843	
0.0200803456838973	0.106197020117149	0.0228522919955281	0.171797109072661	0.0254873753917129	0.212225720057835	0.0317168041227974	0.261526633350543	0.0343812386796231	0.354051622261985	0.0366216802442742	0.389144059729315	0.0397540786245588	0.434769465795943	0.0443422205374472	0.477148547889914	0.0664653630734341	0.905498700568601	0.0799471251222161	1.33769875982582	0.0948719613655036	1.77283782742535	0.124161970230082	2.62362238616692	0.137259006358115	3.03886603005436	0.147339549694461	3.48293056968708	0.157067621723943	3.90922630671827	0.176270470297502	5.19838731499423	0.20930826527229	6.48587122057676	0.211279274290122	7.78056115283832	0.235845614088976	8.64479759596551	0.26747646394575	10.7049200605127	0.306163255934294	12.9233819124858	0.347302187333094	17.2277171007406	0.401428997658795	21.5245592879923	0.391149817029753	26.0045352656008	0.467764181320004	30.1051357759622	0.513160708427841	34.4024134982359	0.575966018737858	42.6158887007003	0.646001915425422	51.5854833956834	0.78989515313602	75.1933485524683	0.858511801604616	85.9453700901113	0.955633323924004	106.597785038536	1.08386227817217	137.841419507249	1.06800627194711	149.145193524456	1.20346722315448	174.434687324558	1.28359017339482	196.304711964497	1.31319689616853	214.786226489199	
0.0202990479332703	0.106509289651202	0.0227689253913761	0.173275496278152	0.0258491854598852	0.213913960422867	0.0318957735535185	0.263536893032369	0.0344758155874361	0.356430772977328	0.0367876670702862	0.391377371157167	0.0398512805145301	0.438183635984658	0.044614786548376	0.479972550632659	0.0668206703999864	0.911960332699694	0.0803147421627252	1.34725564238663	0.0953599678882028	1.78585410752526	0.124829851295164	2.64324022960811	0.138014738534725	3.06218262092495	0.148027136480063	3.5101275158805	0.157838663766869	3.93860580726164	0.176951756086316	5.23857201953507	0.210215513987133	6.53561595089194	0.212019841394835	7.83956788571814	0.237063107343869	8.71166375967921	0.268717847999596	10.7875367508602	0.30748616030056	13.0229831318198	0.348977945012716	17.3617306875721	0.402933199887294	21.691562181495	0.392498148679219	26.2045665813209	0.470075104250807	30.3403617701053	0.515166480210069	34.6696285586525	0.577933924000497	42.9502670167178	0.647847744193522	51.9855683788643	0.79493444945892	75.7775634504856	0.862406985126613	86.6111241383084	0.959392527562554	107.431899848485	1.08737510262886	138.842851997716	1.0735151365026	150.308795344493	1.20667579754012	175.768326286902	1.28901965685051	197.802829936286	1.31786088560935	216.454143184727	
0.020374022645065	0.107095302525572	0.0229200670111833	0.173894243684274	0.0260029667854791	0.215420491031073	0.0320436399271898	0.265075787098505	0.0346372016915589	0.359196568061924	0.0372073436342304	0.394203527583263	0.0397654954286255	0.441109473025334	0.0448604573748173	0.483447460512652	0.0672184123017972	0.919264986343756	0.0805883371919602	1.35797935566269	0.0961669855456863	1.79881171430575	0.12536306102014	2.66351931204587	0.138473409956202	3.08660655428417	0.148548794801561	3.53678126820808	0.158396473865479	3.96753966997422	0.177659484835568	5.27808058391885	0.211029031336106	6.58589479467831	0.212848019207618	7.90012992722369	0.238357439210814	8.77866682780487	0.269844288951498	10.8713473966916	0.308658127568366	13.1221941270136	0.350460093941727	17.4946080609166	0.40460559530611	21.8591983743183	0.393969870101484	26.4053392297752	0.471962636404276	30.5735239535211	0.516930599595761	34.9363854083842	0.579669130121644	43.2833303053225	0.65005750644382	52.384297356441	0.797826545014573	76.3606160579849	0.865901882200342	87.277965971221	0.962898606054202	108.264323376719	1.09057024793123	139.842392040801	1.07855148454858	151.47728474517	1.21047094981628	177.102427185221	1.29488066153253	199.305835488714	1.3226415407118	218.119556485294	
0.0201707120772476	0.107480317080397	0.0230961388019639	0.17532232492121	0.0258377841827016	0.216513630851107	0.032027288722897	0.267152519925937	0.0347667543925557	0.361973247978594	0.0374851712742943	0.396707184479386	0.0398612824518836	0.443893021445666	0.0448409687339356	0.487339981236034	0.0674677393333246	0.925968238463824	0.0811133503862382	1.36813740691686	0.0967413281159909	1.81248748717249	0.125868557606202	2.683533898885	0.138912245138113	3.1093040485027	0.149339360031617	3.56192278557696	0.158911942215494	3.99697598119194	0.178580552025876	5.31696981881993	0.211888958992019	6.63591286815616	0.213738569398866	7.95997205641326	0.239515353857068	8.84560004674075	0.270844491133346	10.9556218411432	0.309789799217833	13.2219098990189	0.3518590110668	17.6276158194154	0.40607478105718	22.0262105810463	0.395670879556608	26.6051582039583	0.473760614994363	30.8063694872766	0.518350938551484	35.2030565764431	0.581772482908999	43.6161067465877	0.652957144269011	52.7827879154499	0.800131577384969	76.9435122032992	0.869515325281803	87.9462383155402	0.966093570301834	109.097417457175	1.09487931834812	140.839443590085	1.08231883539082	152.64374758802	1.21509801381325	178.434739944281	1.29961940339392	200.808304599365	1.32842906307607	219.784403541761	
0.0200383038990249	0.108247304839909	0.0231264563873721	0.176827196611158	0.0257869280939343	0.218031220914361	0.0319880154260801	0.268802765242112	0.0346547444619634	0.363394067810176	0.0375408983169232	0.398776001065309	0.0399981213958071	0.446566848430387	0.0448592342543163	0.491131191530407	0.0676568070321691	0.932724575968124	0.0815229314047075	1.37869581044378	0.0973108925561871	1.82619608915842	0.126330415815637	2.70337479407222	0.139339658387855	3.13253402637796	0.150498166029295	3.58811017814745	0.159619329221759	4.02625955551468	0.179725661627012	5.35733939088305	0.212525119052933	6.68624991960067	0.214645540879339	8.0193103401139	0.240494878887842	8.91154606379443	0.27194238237419	11.0384387658347	0.311024385367725	13.3224834190746	0.353369012777812	17.7616349941821	0.407451743806606	22.1923156796297	0.397364310112328	26.803459122417	0.47535431367572	31.0401984976242	0.520170236835358	35.4659950038002	0.584567767320086	43.9485479117421	0.657160912563218	53.1821278406065	0.80221727997065	77.5278239588596	0.873263583685841	88.6124095962309	0.969132045581009	109.931070331149	1.09965010958111	141.839520074948	1.08538951328975	153.810210430871	1.21983839930785	179.766158633713	1.30345881592553	202.309164384684	1.33473879335279	221.447671075218	
0.0198874356951519	0.109441871504266	0.0228472076552813	0.177165776006695	0.0260416561619508	0.219609448805492	0.0320352228694747	0.269665577358851	0.0347700017048294	0.365879913162905	0.0377193032730289	0.401883533310897	0.0403065699035668	0.449816290946541	0.0449435422189512	0.493881619793252	0.0677916256201863	0.939685804429108	0.081804234966175	1.38850438291842	0.0977866114940228	1.83930643283389	0.127162421861934	2.72338076617795	0.13984709755565	3.1558601633045	0.15119711004343	3.61542167701211	0.16036801846928	4.05634080758469	0.181098212052524	5.39703747940176	0.213085223150362	6.73771852791959	0.215484892598538	8.07954641873382	0.241431064059976	8.97888068274091	0.272935860668967	11.121739978242	0.312232597288787	13.42304576326	0.354392308031311	17.8946483406161	0.409353970108749	22.3581171670682	0.398898173838547	27.0035388669086	0.477108456271258	31.2725727821793	0.522110603099026	35.7301553263172	0.587679393707096	44.2803371511251	0.660498291784366	53.5824214400342	0.804581825384574	78.1113087000131	0.876715622749768	89.28036901618	0.972403466243369	110.763575815766	1.10518463172453	142.837495496182	1.08857930966293	154.976926593449	1.22411970481554	181.099976409982	1.30758119604904	203.808876780645	1.34000673469889	223.110566079662	
0.0198002843619396	0.110114024436739	0.0229224178498067	0.177670698337306	0.026185728039316	0.220439781048983	0.0322138591632012	0.270459733542803	0.0350928139657699	0.36873723978994	0.037890571181174	0.405875705545029	0.0403773934377844	0.453260554494519	0.0449862794565836	0.496245490998331	0.0681835158287075	0.945253366931036	0.0821734104556904	1.39839293271537	0.0982232338360408	1.85230001194712	0.127736047942489	2.74422143610152	0.140556969819502	3.1784810562449	0.151711465655054	3.64234295173654	0.161058387505405	4.08754756293266	0.182014098394288	5.43771299091611	0.213711889209974	6.78749864849094	0.216454999362004	8.13963069178128	0.242358095239217	9.04680576017164	0.274008413407727	11.2055571433311	0.313242512262874	13.5238791223017	0.355619753739699	18.0279727487752	0.411672840111224	22.5252411324998	0.400279807601392	27.2047883524984	0.478755696303393	31.5075901600757	0.525095095249398	35.9986034577641	0.590770452900193	44.613162021162	0.662775541306566	53.9838512529489	0.807456674813521	78.6940185808213	0.879905788433684	89.9477174885491	0.975982852190955	111.595068021469	1.10994493098587	143.837899806576	1.09232364869428	156.141586395881	1.22798778654127	182.432378576006	1.31321398733388	205.306637124582	1.3448033896671	224.779689769189	
0.0198711829680363	0.110533832619222	0.0231774500266599	0.178481574671062	0.0261310927104712	0.221096247017585	0.0324400906797594	0.272786380950496	0.0353559615056589	0.37024900908738	0.0380457016148316	0.407533576064422	0.0403343539394036	0.456193027208224	0.0452513123222394	0.499367633366114	0.0685913041399874	0.952138343359845	0.082733656492551	1.40751488765449	0.0987057503285635	1.86564691154531	0.128514374429736	2.76442112329357	0.14150499400212	3.20245888611206	0.152326729474175	3.66972127299275	0.161864775323962	4.11817224169915	0.182475178524429	5.47897709826966	0.214508185251989	6.83718656813177	0.217326368301211	8.20029145347506	0.24330316139576	9.11400626867374	0.275093809620335	11.2882688285767	0.314369113984317	13.6242719657866	0.356982272077628	18.1611704970701	0.413587329504446	22.6911934941883	0.4014664052832	27.4032587716576	0.480462798569728	31.7419779639415	0.528770448837821	36.2660494861683	0.59347691256602	44.9470933023649	0.664608955178006	54.3853034176044	0.811469398974807	79.2757598861978	0.882681475617115	90.6125551153763	0.980203705603149	112.428370718172	1.11272413445297	144.835919931292	1.09758130942715	157.307021058658	1.23213531384722	183.757926208205	1.31983664886515	206.805544857877	1.35036726302283	226.448217412297	
0.0200268740091377	0.111133102287736	0.0230620510743281	0.179686560506229	0.0262348340754593	0.22278029643123	0.0325365061202029	0.274970099453605	0.0354496612851378	0.372304496119586	0.0382757459427362	0.410385634898394	0.0405249704509812	0.45882992143385	0.0454309266705592	0.504023663941433	0.0688282067273437	0.959167383742572	0.0831403770395813	1.41825629605863	0.0989919970170258	1.87945702768705	0.129387851705773	2.78353488841519	0.142362102614472	3.22609771457817	0.152998810006624	3.69736665098455	0.16249386308423	4.14828283042887	0.183162833104478	5.51913851974724	0.215225758686226	6.88738764648685	0.218096913061503	8.25965488288401	0.244032132183964	9.17983680173366	0.275944577992242	11.3707625843502	0.315609901901472	13.7242187057794	0.357998997522645	18.2939435622912	0.415230966371847	22.8576506326881	0.402742855186076	27.603606737038	0.482537815154752	31.9738549222654	0.531298802572011	36.5347658385039	0.595641814329174	45.2805626475928	0.666528564403317	54.784274539039	0.81571307593134	79.8580897874136	0.886059614380082	91.2782793612524	0.984468591277394	113.2624557258	1.11510811925778	145.834372189662	1.10232839345375	158.475957494149	1.23652290033325	185.088495531489	1.32535050671206	208.305748992134	1.35635701533842	228.114390672048	
0.0202021526390471	0.111397845268911	0.0230232778511696	0.180883542788399	0.026366701040301	0.22515170552804	0.0324233163989005	0.276820142556376	0.0356546979603948	0.375122037812277	0.0384237416567397	0.412904862343072	0.0406252163222304	0.461362856782022	0.0455204113131573	0.507303258024508	0.0689422321083771	0.966013768494028	0.0833636120126414	1.42894787870739	0.0992467206394191	1.89244839490927	0.130020658644558	2.80373853372799	0.142952360794936	3.24887390555051	0.153556391948666	3.72403460598072	0.163197545103019	4.17823649131222	0.183703609272396	5.55925011546944	0.215895636501057	6.93706019930593	0.21892720317501	8.31955754803805	0.244858265758237	9.24492507073686	0.276864795397213	11.4545294580227	0.316874883536089	13.8232443677896	0.35891074258421	18.4283278154899	0.4167716675425	23.0257357229711	0.403941185160387	27.8052622792511	0.485379773579796	32.2056275724658	0.533013325439068	36.801813260865	0.597690059985487	45.614166103265	0.668988380327761	55.1835772112944	0.819669616573872	80.4423270371716	0.890104368057646	91.9444506419432	0.988174616297847	114.09630231486	1.11796912684623	146.837443807782	1.10572163027642	159.640989825592	1.24095018298311	186.426828359386	1.32974223313047	209.80865023644	1.36176631929794	229.782471280341	
0.0204285547477098	0.112018571735409	0.0232200693719492	0.182024369232371	0.0263609176187741	0.226142501733133	0.0326254597081149	0.279012766831181	0.0357082491133402	0.378486120311155	0.0385735735692461	0.415251998846433	0.0408896908527258	0.464384008862916	0.0455833527820997	0.509987387764721	0.0692288740923504	0.972460324841661	0.0837491927027844	1.43849346898252	0.0994946175567283	1.90549471016079	0.130534766396327	2.82404346036597	0.143705377921762	3.27205615314609	0.154085808681997	3.75041128985551	0.163959404980545	4.20848817540529	0.184325438269565	5.59828370536273	0.216732409341486	6.98670527811037	0.219744432406144	8.38046604152491	0.24589163224976	9.31133209244307	0.277999434374306	11.5382143753125	0.318359411284189	13.9232386052315	0.360169185245814	18.5609108909148	0.418208785782142	23.1928261607917	0.4051185075911	28.0055357388291	0.487789492169992	32.4396987266713	0.534699393441538	37.069192234047	0.599802239609577	45.9450761741794	0.671545541242806	55.5825893109203	0.822813935232302	81.0269964205837	0.893732094571537	92.6108603412016	0.991382829313449	114.928785447736	1.12130867319028	147.839070013335	1.1089560649058	160.806975831307	1.24596448906822	187.761167676272	1.33384744610344	211.307230144204	1.36682704959542	231.448376319204	
0.020330872025345	0.113412725183602	0.0233811453180067	0.183344271536638	0.026411519184354	0.227170143385835	0.0328174504836542	0.280412573698171	0.0357524541153552	0.379814768316058	0.0387494426125547	0.418707554680092	0.0410319131176296	0.467794308242364	0.0455267971621394	0.51393060735835	0.0695183399817096	0.979089536820564	0.0842272826860416	1.44835698948646	0.0998814336433552	1.9186024926993	0.130869299375162	2.84384407585375	0.144365522466909	3.29627961933065	0.154739313397752	3.77736842049736	0.164552957860135	4.23924463630982	0.185085463103999	5.63779087276272	0.217827456279563	7.03657433998336	0.220485592038651	8.44036870667895	0.246892269132262	9.37761711089781	0.280135287004963	11.6210257120688	0.319732140567222	14.0225390073882	0.361511545557675	18.6933263282842	0.419548812668156	23.3599445382881	0.406661848796379	28.2040638999851	0.489503337284545	32.6725964144885	0.536310570437014	37.3351481464026	0.601867478052487	46.274734547613	0.674365585242876	55.9812102550834	0.825196412971415	81.6039619040245	0.896733159117756	93.2774712061267	0.994393544887583	115.762639487377	1.12518954471696	148.838937881951	1.1128285026195	161.973036342824	1.25126042532527	189.094091382913	1.33829780039567	212.805929261252	1.37225708242646	233.113804520931	
0.0201250693328994	0.113707881666159	0.0235208915949037	0.18422961001708	0.0266353906451028	0.228086244613609	0.0329523765259307	0.281751786393029	0.0360872121774154	0.381448395345832	0.0387822111042908	0.420714467421574	0.0409932655924575	0.471144915668381	0.0455940982044493	0.518493738511263	0.0697571289047389	0.98544511459851	0.0845809014025217	1.45806230157555	0.100498228676133	1.93294241494551	0.131345643306109	2.86434690852943	0.1447365584537	3.31939551019594	0.15517916175967	3.80357653499415	0.165225738758801	4.26898129904359	0.185702584300465	5.67842773439205	0.21891384630071	7.08661057425056	0.221256129814024	8.49980198527768	0.248435393621841	9.44416196833853	0.282428071057968	11.7034011898809	0.320909337615841	14.1217481399369	0.362843322069477	18.8269878751993	0.420852886070188	23.5250736108597	0.408628510053775	28.4030893873724	0.491178623254986	32.9068240308791	0.538013535617084	37.6018118638812	0.60387825374935	46.6101447689942	0.677654301654478	56.3815522832827	0.827849278375413	82.1827974831063	0.899481111183062	93.9422641294725	0.997588917688965	116.596195503808	1.12999507407252	149.837241128716	1.11666686110389	163.138828633453	1.25534512053446	190.429503583354	1.34275665332655	214.306043988546	1.37804346853644	234.776371699844	
0.0201409659302634	0.113903481225411	0.0236400151797951	0.184431823421489	0.0265907061909466	0.229278381108239	0.0331441461734762	0.283089136442825	0.0362117116676284	0.384734974347885	0.0391124799907119	0.424038852297594	0.0410292129049709	0.474332803586043	0.0458478060071265	0.521179672688879	0.0699156751487503	0.992735274535692	0.0847842194485565	1.46783431964088	0.10076760959585	1.94715369826722	0.131767453946241	2.88448582692637	0.144984808837019	3.34254958528499	0.155755365549026	3.83047243117963	0.165806134885091	4.29942856086804	0.186101484835917	5.7184839164237	0.219989779135105	7.13662678508336	0.222134829100103	8.55991885461371	0.250495255589298	9.51153570283128	0.283954734010616	11.7867685261879	0.322126689653089	14.221858792695	0.364487769795829	18.9603253218738	0.422313494392712	23.6914581062022	0.410796971474583	28.6031914836048	0.49278988223599	33.1401277753195	0.539910930249594	37.8682259869218	0.606056018581959	46.9445864149438	0.680281315220328	56.7823487968768	0.830792238096138	82.771072947356	0.902434327902665	94.6053210676216	1.00118464920925	117.427941029239	1.13437190806726	150.838777927307	1.12048956446321	164.306558074945	1.25894894636494	191.762382586513	1.34699943271988	215.806844169222	1.38342735108581	236.439460419375	
0.020484942579714	0.114300704836533	0.0236591459701562	0.186391544304127	0.0266336946150092	0.231404124783831	0.0335373934616058	0.284180850175234	0.0360406706121929	0.387569221638464	0.0391669988023674	0.426821294772421	0.0411348581435989	0.476304879044123	0.0460332760665233	0.524122011600641	0.0701977311897595	0.99956652529603	0.0849327091811567	1.47791891283047	0.100859218573592	1.96102225489774	0.132302092640192	2.90411764020551	0.145346764149289	3.3655227509725	0.156299739608159	3.85734248316489	0.166490260439436	4.32940550481465	0.186475382928308	5.75845348546002	0.220766480807846	7.18671703605732	0.223175708308927	8.61941080653186	0.251918213994774	9.57920839185628	0.285138215859743	11.8708781265516	0.323464064630158	14.3222730565981	0.36616445652793	19.094143330974	0.424008164981196	23.859168804828	0.412649392798953	28.8032004475842	0.494790948732128	33.3725411754209	0.542152358762783	38.1344650213266	0.608385542239312	47.2780222325606	0.682081550788992	57.1836184223164	0.833534545939268	83.3558838917928	0.905988735784748	95.2727738481141	1.00484122970291	118.26055827256	1.137965245157	151.839986900367	1.12458715725046	165.472067243524	1.2627060444048	193.095038072265	1.35111740544079	217.305155856098	1.38840986659077	238.109895411025	
0.0206765309183993	0.115177406755697	0.0236127853289012	0.188429394415915	0.0268468982674936	0.23213268093705	0.0336940160137292	0.286833693299193	0.0362831466558623	0.388885907969618	0.0393230493332548	0.428373140042496	0.0411886969442541	0.47906622124287	0.0461391532670447	0.527185073195403	0.0704114615226165	1.00639696114915	0.0852262283129682	1.48835356687616	0.101165632377252	1.97325005406036	0.132804921464376	2.92352500475484	0.14589241946382	3.38867519624712	0.157028352282505	3.88355315879864	0.167522389907611	4.35816055360139	0.187202196863675	5.79810407652968	0.221561897110913	7.23610739814969	0.224397324071947	8.67915794082333	0.252906470346419	9.64651693377191	0.286023924247495	11.9541271848972	0.32465748496882	14.4229583353575	0.367624018722034	19.2277881140835	0.425782541526043	24.0256278059729	0.413824107017133	29.0045449280721	0.49724195457802	33.6052861263432	0.545131124717038	38.4010579582929	0.61102226449677	47.6112904121219	0.684057738192635	57.5852419503174	0.83644059337651	83.9403893624395	0.910789628510501	95.9400031111993	1.0082682462303	119.092341050893	1.14150472212171	152.838647774983	1.12817861027444	166.637636016745	1.26739365089435	194.426739883745	1.35608344323022	218.803854973146	1.39389013348896	239.777752501911	
0.0202675503890646	0.11680400521075	0.0235208815351592	0.188877680695147	0.0269366213286742	0.233028089342352	0.0336210883860636	0.288514206597605	0.0366349590794895	0.390506176341847	0.0394776479293332	0.430801912786411	0.0413722895679297	0.482593023250103	0.046176345898997	0.530425318901569	0.0706469370662166	1.01291715018434	0.0856205034945397	1.49849310809504	0.101552220193805	1.98636680057823	0.133172498239722	2.94485322202307	0.146452579987788	3.41229469977072	0.157832833095854	3.91051052227112	0.168387944754255	4.38828650915286	0.187951338635005	5.83730251051085	0.222349050382472	7.28627355190988	0.225540539261073	8.74074536843483	0.253852287541862	9.71302826360153	0.286869007477143	12.0389026808701	0.325970493299289	14.5214754952661	0.36916273489507	19.3611535004339	0.427480865422334	24.1909114780845	0.415226783079376	29.2022814650773	0.499283437709133	33.8382583199628	0.547910901451875	38.6680234242714	0.613614302918532	47.9434708069677	0.686599898032999	57.9841981705915	0.839430902439272	84.5235611792228	0.914916190517831	96.6066363278651	1.0124154772482	119.920629507092	1.1448735853829	153.838143114587	1.13215421007194	167.804352179324	1.27244114880388	195.756579050165	1.36277255896966	220.302151758861	1.39991582127617	241.443821453538	
0.0201822221554494	0.117435056260612	0.0236067610426174	0.189555101420682	0.0272016025204815	0.234393233548915	0.0336070695598396	0.290004526373017	0.0368483706759301	0.393702766304402	0.0396189851351092	0.43396785641695	0.0413972974810524	0.486035540568337	0.0463670022289797	0.533800897412932	0.0708486162493654	1.01861416651799	0.0859316961820997	1.5084068036003	0.101968823035256	1.99946655045993	0.133688500045501	2.96440750270156	0.147110525930625	3.43576682150389	0.158402664066004	3.9374699812193	0.169055621452226	4.4190429700574	0.188814947145509	5.87779687979304	0.223088438138863	7.33661013769313	0.22640995310681	8.80049343404883	0.254423812276322	9.77989349599269	0.28757725999634	12.1231957517723	0.327242953957696	14.6207442324568	0.370759324494958	19.49331375543	0.429130130752281	24.3579274101026	0.416544099204474	29.4009660884185	0.501104048986162	34.0721506602424	0.549800144663155	38.936370972885	0.616425421903083	48.2767278106586	0.690538389289142	58.3805839406817	0.8424510661299	85.1083199695978	0.917768312026178	97.2756537302087	1.01710643660438	120.754960383868	1.14804316350566	154.838696436585	1.13641238529887	168.969295103805	1.2768288813213	197.085688059721	1.36868479311641	221.797632225244	1.4055917561956	243.110411945783	
0.0205314868493991	0.117247780396476	0.0237233634630779	0.189957854759328	0.0272721312998363	0.236237572301187	0.0335924982526894	0.292472181832575	0.0368087195793771	0.396857272130115	0.0398935850177583	0.436916772794083	0.0414801200021844	0.488861114917852	0.0465875072583798	0.53654899736945	0.0710837564600855	1.02507707921757	0.0862111071840415	1.51781420889499	0.102356014136379	2.01337166149977	0.134376390226903	2.98402301783643	0.148067232222447	3.45932555623238	0.159033448364228	3.96425761116062	0.1694809232598	4.44974494859391	0.189656717678265	5.91839229756977	0.223826993607193	7.38617465709869	0.227056286740547	8.86050785790652	0.255193623061283	9.84659667826357	0.288294987759421	12.2059595910796	0.328400452235779	14.7213997088952	0.372124529407483	19.6269305988637	0.430735907174139	24.5255487017655	0.417550733239599	29.602820933653	0.502613819213921	34.306255342059	0.551297411544766	39.2022859070492	0.619248565987959	48.610241859368	0.694655661709146	58.780862638949	0.845507754895015	85.6916258968254	0.920168923803195	97.9441272401945	1.02095680604211	121.591459379495	1.1518009609226	155.836940078708	1.13968254205134	170.132762813397	1.28122829746088	198.420742632311	1.37294645556975	223.296048220243	1.41089026869424	244.776823624102	
0.0208790030870729	0.118628909881157	0.0239481944509261	0.190373632061485	0.0273065581685819	0.237576872307532	0.0336737095988608	0.294356480142166	0.0368095944055951	0.399477693588485	0.0402428394707951	0.439105642674937	0.041605547572808	0.491961836867436	0.0467617475611098	0.540375801646782	0.0713327645281816	1.03269622883861	0.0865475770417262	1.52847785186784	0.102853117201009	2.02637199270134	0.135162445230527	3.00424459110794	0.148973028440809	3.48266799130319	0.159729769506232	3.99051299027583	0.170118716319206	4.47920454287489	0.190440807428247	5.95826640604673	0.224801558294616	7.43578574263076	0.227723158697198	8.91977536109485	0.25595228396795	9.91338554220725	0.288914386810789	12.289756267073	0.329567631990402	14.8207373639532	0.373558134308411	19.7609423230502	0.433077328390299	24.6899867330195	0.418573855898573	29.8034985872092	0.503908373486324	34.5392908656107	0.552813401671436	39.4674148049978	0.621324307467792	48.9440092278056	0.697583300527594	59.1812866235309	0.848772780532239	86.2743059753126	0.922589780647109	98.6102389162433	1.0240047594901	122.425827509172	1.15776892732797	156.8342151454	1.14247878649787	171.296886174051	1.28585190404502	199.755797204901	1.37700293484205	224.79993294114	1.41548978533896	246.443727040717	
0.0206986333801125	0.119252728629495	0.024009698343437	0.191517368888364	0.0274516774418755	0.239301929016343	0.0338243542038224	0.295397902457935	0.0371011346879434	0.401279133296701	0.0403150915112378	0.441907264573124	0.041729330190565	0.494459061817333	0.0468893739144875	0.544226063610347	0.0718063870821869	1.03948557008508	0.0868166383926567	1.53906361299409	0.103267949668091	2.03898559222218	0.136020456067452	3.0234086476462	0.149722398904237	3.50593708472474	0.160240024149483	4.0175166870442	0.170854741977836	4.50859242532103	0.191328649656518	5.99743969431957	0.226002491749353	7.48635096809522	0.228551921735628	8.97903261973534	0.256765645687082	9.97886310402814	0.28953998809508	12.3729215063909	0.330801923431996	14.9219842301984	0.374676162614686	19.8947733706658	0.435979979867937	24.8559782102542	0.419798326450345	30.0029543456055	0.505297862163446	34.7711305710334	0.554536122284287	39.734339292785	0.623150605123873	49.277925607848	0.69965601730445	59.5816808057919	0.851762250880815	86.8567699869728	0.925132543308981	99.2760153161811	1.02690816213973	123.25960704301	1.16298738393239	157.836899333348	1.14712876916786	172.463676842432	1.2900967880413	201.090032213664	1.38124655816497	226.301388772878	1.41961953876641	248.106175010346	
0.0203397328429748	0.120301492386147	0.023903326776513	0.193397971011663	0.0275663572807524	0.240740604047062	0.0338492019658438	0.297031325760905	0.0372022194945718	0.402243925230517	0.0400848337445635	0.44573706654485	0.0418772045706974	0.498191627896122	0.0469945394128471	0.547584936523821	0.0721954724497854	1.0458167006466	0.0871609579856272	1.54967382133676	0.103587114433249	2.05330677160246	0.136541864619885	3.0434651439992	0.150240653195153	3.530251354856	0.160979061134896	4.04407614296558	0.171516575365875	4.538664829827	0.192327398038054	6.0371349888707	0.227068836658563	7.53674948682673	0.229358898662244	9.04014600417887	0.257561804251312	10.045841957768	0.290451605160969	12.4562897740204	0.332040403619116	15.0222709029147	0.375711774603445	20.0274011495721	0.438211068544044	25.0232530499358	0.421343404316114	30.2023057958784	0.506881700068302	35.0012491924199	0.556167794706537	40.0022509824543	0.624815909551346	49.6119686477546	0.701606416356835	59.9819818557998	0.85446777783261	87.441044489632	0.928008617153443	99.941977980625	1.02995112081744	124.093900666885	1.16608231494406	158.838138108728	1.15273642144902	173.630750632863	1.29357771585767	202.424073507341	1.38599192874973	227.801235279283	1.4244102072513	249.77149890395	
0.0204454089345755	0.120828169828992	0.0239471680577722	0.193816353106522	0.0275798923460125	0.241814156990129	0.0339060958450675	0.298800460218849	0.0374348302564608	0.404442748620915	0.040249044532601	0.447540863663222	0.0419043473341916	0.500749272395178	0.0470852206099619	0.550267669280239	0.0723201398574557	1.05197157841925	0.087569297999302	1.55899985232535	0.103575026160132	2.06732387417658	0.136977315887782	3.06362199035485	0.150593531837587	3.55304174849693	0.161592510644504	4.07140766526464	0.172118851239731	4.56859334500203	0.19331194564204	6.07786637973687	0.22792746852463	7.58608303824476	0.230136076467821	9.09911734680254	0.258518758379664	10.1123970597566	0.291923108883809	12.5387313757322	0.333078418548219	15.1217743333831	0.376791720361207	20.1600699066698	0.439720355825825	25.1917013560056	0.423004521677508	30.4031417742647	0.508744767637868	35.23576738144	0.558344279657534	40.2676369254213	0.626718616180004	49.9434971168292	0.703490389885796	60.3826070060484	0.858423937488539	88.0245441319459	0.932235639582554	100.608998627463	1.03272638455158	124.926681822971	1.16847669784321	159.837201314678	1.15619028894306	174.798837702206	1.29724562083165	203.757354841833	1.390710357482	229.302199372725	1.4317181946544	251.438447024046	
0.0206174868117872	0.121268125137152	0.0240391292297138	0.195068021483523	0.027636361319497	0.243284875336659	0.0340570082023601	0.29943809601004	0.0379320672278268	0.407009066061035	0.0407704531519935	0.449406797456667	0.0421372290600183	0.503649061508833	0.0472817580382911	0.553949420073464	0.0725073563838757	1.05904974606545	0.0880822497993235	1.56812692953839	0.103855911163404	2.07790742341182	0.137552855696535	3.0835152724344	0.15099824359893	3.57591293436737	0.162067377928574	4.0975820193197	0.172766552721523	4.59901313281183	0.194150125134638	6.11799241095829	0.228784618243202	7.63659564398625	0.23077123070034	9.15951268157515	0.259574803192937	10.179394539947	0.293672912770689	12.6212251315057	0.333976301071172	15.2219799810393	0.378009076132436	20.2942492689118	0.440903671957644	25.3593226476685	0.424662197010358	30.6020182500471	0.510901366800063	35.4703638015526	0.561135241660922	40.5341628071655	0.628718672773104	50.2769590114768	0.705265266518579	60.782807473223	0.864040920900835	88.6071795069517	0.936536665875697	101.277218817721	1.03562569894539	125.760416653327	1.17096368975975	160.8378589448	1.15906034279347	175.966105207723	1.30216981664367	205.087849659314	1.39529269877492	230.799795803897	1.43965803921608	253.103264278193	
0.0207052377137385	0.121421495040416	0.0241472126839459	0.196532176916597	0.0275455263115438	0.244413987489428	0.0342723159162708	0.301863405398295	0.0381354367250754	0.410582230467984	0.041180279396437	0.452965468156737	0.0422697851526339	0.507087271460363	0.047501739885591	0.557381867466838	0.0727589421404076	1.06590311573589	0.0886048649994918	1.57839068589976	0.104305408332825	2.0917557237773	0.138138813925739	3.10381624095162	0.151355609900692	3.59930146990344	0.162504571031618	4.12305788147698	0.173413371949798	4.6291605087815	0.19485517578433	6.15699712985314	0.22949350239705	7.68728752931483	0.231579178868348	9.22000859918105	0.260693154912696	10.2463268275604	0.29494335921121	12.7042562603792	0.334917911703685	15.3214619910894	0.379280075327399	20.4285962692093	0.442045519336462	25.5255376423104	0.426125165784466	30.8016416464989	0.513657564502019	35.7048186606406	0.563762266498842	40.8006961394898	0.630319176820499	50.610990875513	0.707057523388521	61.1820095626451	0.867590105518551	89.1904407306978	0.939676065259077	101.942913261276	1.03879003716813	126.595090256795	1.17355897413095	161.837890726181	1.16183839909796	177.134758521165	1.30851039995554	206.419849494004	1.40100359484559	232.298673734871	1.44493341648611	254.773654566362	
0.0207679062927987	0.122287050193046	0.0242030131278914	0.19786698038135	0.0276008420049982	0.246048822328108	0.0345571092001966	0.302922726568944	0.0381736598043427	0.412612950141648	0.041357533622008	0.456211621940205	0.0423091320253837	0.510385608409362	0.047743411348043	0.559923155613954	0.0730475139542723	1.07237813562835	0.0891678060859835	1.58784698562729	0.104872442046527	2.10576048632789	0.138609255174938	3.12422873534186	0.151647007242461	3.62299594489074	0.163228084394713	4.15023946084866	0.174162996675923	4.65898192186553	0.195480586089336	6.19659742950616	0.230149784497148	7.73649302388493	0.2326725726419	9.27958809541705	0.261601612976078	10.3135366492878	0.295806776317412	12.7875919317201	0.33600003647401	15.4209719408155	0.380488124796661	20.562615443976	0.44315973566372	25.6929410045012	0.427361094185443	31.0024794875303	0.516181660619419	35.9388041331732	0.565932079009609	41.0668681186725	0.632093807622037	50.9431638197786	0.709146214437227	61.5818225996471	0.869883357671162	89.772904742358	0.942685438192214	102.608294780461	1.04277963875486	127.426247186387	1.17595839650388	162.836581403119	1.16445154751656	178.301757805792	1.31325552243034	207.753920590002	1.4069700857502	233.797283444956	1.44909675591443	256.441303041001	
0.0208019638026492	0.12277246568222	0.0241080880291216	0.198969739016892	0.0278123563707492	0.247754088433149	0.0347401997566041	0.304648991086661	0.0383715948189894	0.413687521718732	0.0414060140465761	0.457987042825229	0.0428057770219273	0.512050463847733	0.0481003003208139	0.563073877941888	0.0733567365744435	1.079255137608	0.0895698504550789	1.59873856978945	0.10516097592936	2.11943602636399	0.139010611683719	3.1442726588407	0.151917506415737	3.64648832288894	0.163721510079744	4.17727621956685	0.174828904163678	4.68924059087758	0.196203630263741	6.23756584195631	0.23082238227449	7.78625079271554	0.233737673173168	9.34015665618031	0.262337401901197	10.3793979159912	0.296665125451367	12.8715851167675	0.337371694267508	15.5196185545559	0.381783563429816	20.6958578957524	0.444388823008554	25.8598712548465	0.428820049154238	31.2035874120955	0.518055330056703	36.1718955360768	0.56822591796566	41.3342359159841	0.635078540871377	51.2751393236678	0.711891673911098	61.9805031484522	0.872222469270869	90.356069108561	0.945687942976413	103.274145686201	1.04741756403421	128.258864429708	1.17826481646875	163.837611562253	1.16765795172289	179.466104683854	1.3169178050332	209.088855953308	1.41211475107021	235.292316876525	1.45327155939398	258.107997841369	
0.020646617011113	0.123278173816216	0.0241560317223044	0.199291263568592	0.0278144842056396	0.249213107040391	0.0346708637540833	0.306793041070742	0.0386733182842571	0.415975286410782	0.0415173951801743	0.460580455930218	0.0430688597082934	0.515347636643569	0.0482486112933288	0.566987993706442	0.0737435755628829	1.08531269217622	0.0899933370654973	1.60893899621876	0.105280812165183	2.13297536048003	0.13948335623917	3.16438945832754	0.152474146936179	3.66892807359718	0.164200430648469	4.20384498871354	0.175393818903129	4.71988762138479	0.196858906512182	6.27863995951366	0.231612707787906	7.83652684253432	0.234653276378294	9.39957969023121	0.263091578291752	10.4455572059044	0.297458077020836	12.9547177597968	0.33928412968125	15.6197087182184	0.383047221343601	20.828584394847	0.445768667351526	26.02444525919	0.430076541396367	31.4034231500842	0.51960984894021	36.4064398021277	0.570043958812711	41.6006537643147	0.639272516620177	51.6064219235943	0.714770305441244	62.3798728759298	0.874669273291563	90.940060489171	0.950102925818586	103.939668766411	1.0513023263707	129.092494951941	1.18187099377271	164.837747651758	1.17359533133514	180.628275992484	1.32050696122924	210.422912148146	1.41651895236246	236.793251167646	1.45723902490309	259.774424420848	
0.0205678313120519	0.12442224533713	0.0243316735956662	0.20047104548778	0.0276591264492351	0.249828463850425	0.0347209179508251	0.308746897531821	0.0389726711435735	0.419231742949743	0.0416858161778116	0.46348315542678	0.0431733496980157	0.518640385657386	0.0482869394374226	0.570241801796958	0.0741493131047583	1.09224173180225	0.0903892678213798	1.6184389516899	0.105636955797574	2.14585322276886	0.140123469799384	3.18428646569721	0.153086585873483	3.69272289858713	0.164813050663984	4.230376504959	0.175942898743155	4.74972207298425	0.197364706575505	6.31835714014425	0.232321277358453	7.88581708745468	0.235565856297877	9.45967700179411	0.263928211605487	10.5125137079035	0.298517440503138	13.0385507573689	0.341101703985361	15.7202617491784	0.384517357838274	20.961078063309	0.446821784793723	26.1912022835446	0.431283810152389	31.6020928722649	0.520936419687564	36.6399074593335	0.571663731807885	41.8693254131689	0.642068782555038	51.9404165347293	0.717851182568928	62.7804123445055	0.877368903428943	91.5241859802253	0.955270484980996	104.60549732041	1.05432167916429	129.926378793902	1.18646158707319	165.83445647435	1.18048189559289	181.793725556422	1.32349516047297	211.754777872391	1.4206767330059	238.298208772098	1.46156921190612	261.442519930302	
0.0207798908296571	0.12522346647559	0.0245112226189875	0.201232852765716	0.0276488487559903	0.250287242060039	0.034715505275718	0.310577703003573	0.0390446716512503	0.422274955733076	0.0418385677895067	0.466191877902561	0.0434976272364147	0.521624226629407	0.0483925535538679	0.573661967374462	0.0742768634010921	1.09912630077745	0.0907378088798579	1.6288986350286	0.105969667764292	2.15885285547853	0.140629469328743	3.20381909312687	0.153595889549077	3.71559385162693	0.165211363325357	4.25812153446155	0.17663755287013	4.77900518164573	0.197779125471302	6.35784381844857	0.233369963023723	7.93545657832393	0.236308581189688	9.51984323122425	0.265092549059686	10.5788834767085	0.299467662572044	13.1224042440368	0.342648049992454	15.8205297954442	0.385917067539234	21.0929812732867	0.448056698227756	26.3567150609987	0.432714226120335	31.8020999735992	0.522243290881492	36.8725555527125	0.573452476840989	42.135389358938	0.643615526949641	52.275443051228	0.720816644393751	63.1800465675817	0.879844461586003	92.107126829021	0.95853475287661	105.273061859607	1.05731934564602	130.758847025618	1.19143489435979	166.832998139683	1.18466413099226	182.958638678581	1.32629863245398	213.08764197439	1.425303545662	239.796743976381	1.46802299576554	263.106800742672	
0.0209351658227703	0.125435742528902	0.024484494762607	0.202484215552512	0.0282414897412992	0.251509122667983	0.0349773097145734	0.311878062086617	0.0389948886847418	0.424430006964546	0.0420106787599544	0.46857463749271	0.0438722704363865	0.524584144253929	0.0484263309066048	0.576948953830122	0.0744280209552386	1.1064069146587	0.090948171628852	1.63984633137321	0.106229998207621	2.17261943229198	0.14100490076811	3.22390772010717	0.154227960900183	3.73860590003009	0.165529699032963	4.2852807620925	0.177161639859716	4.80865709402923	0.198340839947718	6.39775611114927	0.234509555411694	7.98552354623463	0.237007172119022	9.58024415393204	0.266254092744059	10.6459061026073	0.300101922868739	13.2053813562035	0.344003087193693	15.9216732848885	0.387048864125584	21.2278274624604	0.450193069235377	26.5184708833652	0.43427702125144	32.0016302377979	0.52349653616055	37.1048609194004	0.575184766147214	42.4021238569289	0.645202715173839	52.610756415066	0.723569231558699	63.5802097818552	0.88201399563677	92.6898590615699	0.960859536584779	105.940387980235	1.06111930864625	131.590093362173	1.19707695469718	167.833342845435	1.18739884868377	184.119573190891	1.32918364577204	214.419090466142	1.43016703134899	241.297782575625	1.47527908508416	264.769770252918	
0.0208428135659213	0.125821186365205	0.0244642308757196	0.20276051275383	0.0283924334943467	0.254106537549469	0.0351096786419123	0.313777319764352	0.0391423111202239	0.425860809409501	0.0420570183067477	0.471295205226924	0.0439963336776425	0.527685739318385	0.0485960219895845	0.580793220404898	0.0748165896352583	1.11222057913928	0.0912899434026509	1.64864989042226	0.106700636914676	2.18650987500196	0.141479067470599	3.24344546981074	0.154926393606585	3.76193552941611	0.165938229408954	4.31089306300048	0.177666996945287	4.8391616321893	0.199364976368965	6.43822952567453	0.23531577328714	8.03603754895992	0.237599149101823	9.64040200145941	0.267371080873688	10.7128318709629	0.300996283283977	13.2885121365878	0.345044353992735	16.020490330652	0.38819638916992	21.3622769082362	0.453285367812378	26.6865615615834	0.435823400401859	32.2016112621014	0.524714872195242	37.3383770053777	0.576959883288388	42.6680425163833	0.647259067175368	52.9428772052699	0.726208484560034	63.9813937256219	0.884366433490488	93.2716376198478	0.962895991100248	106.60790781595	1.06497280815439	132.422576495049	1.2011064287702	168.834209091803	1.19013265293409	185.289642114579	1.33420007632037	215.750375045129	1.43568457038808	242.797554576228	1.4810846304495	266.43628623936	
0.0208636692013485	0.126448613988348	0.0245939438165886	0.203934794049323	0.0283498090806197	0.255161900599364	0.0351029106858189	0.315518514546385	0.0398730584936284	0.428450759158829	0.0420171184684859	0.474663391365702	0.0441479214620792	0.530664050562883	0.0485770378577846	0.584188123858766	0.0750169779602041	1.11832062529795	0.0915177931256467	1.65866870895814	0.10734877109478	2.19896026024935	0.141957246339852	3.2637888135031	0.15590268399985	3.78519461112046	0.166621754434862	4.33778034445255	0.178667583350147	4.86957164111253	0.200405555686122	6.4779830278838	0.236145667175288	8.08626004773319	0.238204383607028	9.69986135708899	0.268412399297142	10.7793003599562	0.301807943569873	13.3710040297162	0.346076207387711	16.1202182098501	0.389331483036919	21.4937088690136	0.45592074731824	26.8559057999275	0.437202333434006	32.4025832135771	0.52629002905318	37.5711778356518	0.579256681696553	42.9331006338196	0.649787532982516	53.2741374534557	0.728291691818425	64.3814749835127	0.887638262456599	93.8544965122608	0.965038708974596	107.276902866553	1.06802452549602	133.255685476665	1.20379918106658	169.832720954815	1.19266904616967	186.460217677724	1.34146526232683	217.081361600906	1.44140056255695	244.295493734091	1.48565708454234	268.105514237011	
0.02094468920948	0.127972555962298	0.0247031535599584	0.205504741901082	0.0281330299396068	0.256082178226611	0.0351780670469882	0.316561770403385	0.040493736443074	0.431246356564398	0.0422207286282199	0.478103667689096	0.0440909818228969	0.533899988902346	0.0485571873515164	0.587151824981068	0.0755392746116741	1.12608552689499	0.0918667698437309	1.66818240143661	0.108006050396929	2.21090889548349	0.142469049271971	3.28440456903559	0.156677007639374	3.8090429871559	0.167233960634653	4.36390254444591	0.179576356331571	4.89952623331841	0.201245623784492	6.51741289551376	0.237147030338079	8.13618731726433	0.239011000036138	9.76003224313179	0.269332048775805	10.8460091301622	0.302668614683099	13.4545147896928	0.347170072701478	16.2205570366282	0.390438872091608	21.6270668047837	0.457447691012161	27.0228677152388	0.438594375032242	32.6020724995845	0.528686677316813	37.804075523469	0.581578012378306	43.2006733220879	0.652515345153828	53.6060011986412	0.729679084219197	64.7820703314402	0.891192719751268	94.4350531753787	0.967480394789735	107.94390861223	1.07058904600095	134.090418684775	1.2061878787478	170.829519184371	1.19535030387306	187.628245142425	1.34698944003135	218.41470254004	1.44633279258014	245.79575747299	1.48997935431394	269.770927537577	
0.0211279250347489	0.128246131955597	0.0248042543693279	0.206309506430732	0.0282092564195203	0.257792930403431	0.0351761561767862	0.317480578287263	0.0407566392663141	0.432931555579291	0.0424191715425425	0.480920452682231	0.0441905785812266	0.537239711496289	0.0488484127828045	0.589828038479773	0.0760326016129159	1.13250862555639	0.0922748223202903	1.67811006677983	0.108543268449882	2.22521074992127	0.142923705028408	3.30351041791571	0.157127593446295	3.83246854276255	0.167739184884524	4.39118796627972	0.180266902877781	4.92895788792348	0.201908721262473	6.55758176757158	0.237736315472682	8.18688385920557	0.239888128754375	9.81993863357595	0.270536883238119	10.9121339611417	0.303994015331493	13.5382481357542	0.348554983957393	16.3208194949588	0.391770889201867	21.7605961038995	0.458464028811575	27.1913495489198	0.439830006638178	32.8013308176044	0.531343526505924	38.0383925468225	0.583854966319251	43.4663610135547	0.654504936224838	53.9395264232209	0.73117029163657	65.1813394760845	0.894566117564367	95.0163101930395	0.970357659760852	108.607054957343	1.07301501757513	134.923661776835	1.20868034849419	171.829968198246	1.19875441439905	188.793679805202	1.35362743109169	219.74667257241	1.45065547760539	247.293309200681	1.49402455479816	271.437622337946	
0.0212052426187264	0.128140790646262	0.0248780937064969	0.206880581764829	0.0286879640719276	0.259206023168394	0.0352439489777922	0.319399859399402	0.0411097122932559	0.435588211304859	0.0422928426117303	0.482285858823255	0.044369180375269	0.540652601116525	0.0491006556034252	0.59352137259697	0.0764219357629685	1.13862566835124	0.0922974876733625	1.68792515851219	0.108897238663505	2.23935916897217	0.143301831657105	3.32393199270061	0.157432718261662	3.85531248744897	0.168226766235168	4.41755091314719	0.18073954902735	4.95915369266473	0.202614152712504	6.59732595655555	0.238308023505997	8.23599994681275	0.240596208152376	9.87867807688955	0.271805939932916	10.9795039703444	0.30568918900016	13.6213472511724	0.350301262951279	16.4203722855212	0.39314297418426	21.8936243514939	0.459392010451956	27.3589093732956	0.44102875676994	33.0010585221796	0.533626152896981	38.2723668434848	0.58607957104306	43.7325814215089	0.656280806843733	54.2729436143871	0.732945296419341	65.5802584434574	0.897598862189007	95.6025889017841	0.973241020738817	109.272905863083	1.07583930610644	135.75732210139	1.21142410130127	172.832339461824	1.2024384570689	189.961036717682	1.36011131793398	221.078091261841	1.45504967121374	248.789728440174	1.4983128883916	273.101336906216	
0.0210814039688152	0.129614492135272	0.0248922846891507	0.208216171032967	0.0287251096575401	0.260642995625112	0.0353969717906225	0.321670307313152	0.0413621289626999	0.437543057296126	0.0424297416637957	0.484358604426103	0.0443754963983457	0.543430736224648	0.0491934539063028	0.597770415226512	0.0766501826557566	1.14580965751996	0.0923972822562407	1.69838158222203	0.109410383512139	2.25337697003819	0.143705463951555	3.34395542710378	0.157687755536024	3.87880975489046	0.168522898112414	4.44392224191743	0.181129874590629	4.98946265309342	0.203127191294291	6.63741752884335	0.239009242333707	8.28603804372501	0.241364859231188	9.93878842696787	0.272638261808107	11.0463738593482	0.307490354192109	13.7040924640291	0.351754240706446	16.5198170426702	0.394454555044561	22.0268798417858	0.460477266744891	27.5248747734995	0.442276523130703	33.2017510768962	0.535358794775778	38.5060170399065	0.587871301122181	44.0006272216226	0.658433239935082	54.6060441558929	0.734903846278861	65.9809059454466	0.900367179293111	96.1865132271719	0.976114243909643	109.940090422687	1.07943982601593	136.591205943351	1.21394827968266	173.834025272019	1.20608755720834	191.127663473298	1.36393234435368	222.408109242186	1.46004350845822	250.292376364751	1.50314894939338	274.762935509698	
0.0210662771532151	0.130816021890736	0.0247402967357706	0.209239548974709	0.0285682583522141	0.262551421009006	0.0355816275830501	0.3236603689376	0.041347916063401	0.440974107705704	0.0427477215479971	0.487791226442451	0.0446101100451059	0.546064341717589	0.0493441481798595	0.600588888241733	0.0766757108522326	1.15314428810797	0.0929028610315328	1.70847933034236	0.109958611404484	2.26671979510031	0.144146901766799	3.36336395580627	0.158089688545118	3.90218362209667	0.169150978979104	4.47045934609808	0.181650414079389	5.01820978563866	0.203736653451045	6.67733773778556	0.239867313048817	8.336435631134	0.242136195580744	9.99933091070029	0.273350807116133	11.1127501474109	0.30873256401476	13.7875464133314	0.352785970794312	16.6207779928985	0.395835719700305	22.1600608262752	0.461561989873112	27.6916243472739	0.443454597904167	33.4013223192863	0.537029501849295	38.7382851536932	0.589296637828428	44.267343093163	0.660916246411681	54.9394240941579	0.737429106706451	66.3805997731648	0.903207846674731	96.7699830671649	0.978867871507117	110.607245179969	1.08296046387343	137.423554965783	1.21653869743356	174.832701047796	1.20963735676021	192.291399403779	1.36682214829613	223.741673698728	1.4662117194325	251.792863621058	1.50939012484058	276.429630310066	
0.0211246972933384	0.130964968011981	0.0247050145447337	0.209632261492324	0.0285982153149691	0.263115045762861	0.0359490166328923	0.324128474924432	0.0413111325556299	0.442737566916979	0.0428394050286493	0.48954607092032	0.0447062513070927	0.548716107999871	0.0494482469733548	0.603246126043882	0.0769660335219836	1.15916377486777	0.0933687134535914	1.71793667780773	0.110285419897831	2.27963700576605	0.144748837108388	3.38305537372736	0.158577544542793	3.92580009882205	0.169981963265576	4.49613544259939	0.182509167040697	5.04814249176507	0.204307453514709	6.71734362840056	0.24067586473133	8.38634893082718	0.24293582163356	10.0589197201616	0.274020832801687	11.1791338860539	0.309671405385802	13.8715200406057	0.353664508394013	16.7211652484482	0.397129084216963	22.2935808121656	0.462415199846754	27.8588414449585	0.444741753555061	33.6014784322255	0.538683087351768	38.9712387208622	0.59097413082379	44.5340701405737	0.662697555372349	55.2730275498301	0.741040891923445	66.7789599470194	0.906213117696628	97.3536019187627	0.981382824545056	111.27372193445	1.08623495973383	138.257140784534	1.22082267180947	175.830601963228	1.21300165541717	193.459322560357	1.36954238538237	225.07924656744	1.47184883318332	253.292874040228	1.51777503592968	278.095758866336	
0.0212676517153065	0.13160117043959	0.0249188643342698	0.210720657388219	0.0288762044405494	0.264003847598963	0.0362175717896397	0.326133757851485	0.0414370863351519	0.445123673447471	0.0428966045824929	0.492805932607283	0.0447730211841243	0.551769681746355	0.0496388154155891	0.607500581985632	0.0772640251965977	1.16580026280394	0.0936851518199305	1.72882639932483	0.110737913507421	2.29307948233892	0.145184640910983	3.4042343465601	0.158931248814332	3.94942914840159	0.170660027458271	4.52306137393647	0.183587100588841	5.07815156633898	0.204833265534885	6.75703007538765	0.24135701656102	8.4369681729984	0.243624576169576	10.1199138953212	0.274883656929003	11.245661979689	0.310478423203274	13.9549618827151	0.354657034152412	16.8208130339087	0.398181911039989	22.4268642421334	0.463459950284009	28.0251402586283	0.445967028175821	33.8019884477262	0.540203120687387	39.2050304783086	0.592453826229882	44.8006220993487	0.663619986041848	55.6075101739711	0.744669710180536	67.1797937135147	0.90936795142351	97.9377125086566	0.983984237694412	111.939617543672	1.08925429166579	139.091233242743	1.22841893649064	176.829396948289	1.21645296579045	194.625695996244	1.37222963601829	226.414718372523	1.47619379215005	254.79506002883	1.52460175013259	279.764212003642	
0.0213253437045107	0.132210415445519	0.025035921969199	0.211118739562298	0.0291391199123143	0.2655625613727	0.0363171417389766	0.328604702043729	0.0415050858490244	0.447249562642209	0.0429720475174383	0.495530924123516	0.0449624713655139	0.5547011940337	0.0497223931039977	0.610732562204342	0.0775582947634082	1.17214117225203	0.0938839087834937	1.73873450689492	0.111200901626517	2.30616875484215	0.145556388829859	3.42477839025776	0.159214091102581	3.97227216176548	0.171288071304888	4.54996867882295	0.184146595706104	5.10842513651151	0.205610504179132	6.79720313839686	0.241931365068464	8.48696436039679	0.244370973778536	10.1797327414475	0.27580486142242	11.3127367596495	0.311219560117305	14.0378290988232	0.355641905388015	16.9196989975394	0.399281038273889	22.5609858623785	0.464521059891274	28.1915564189368	0.446946927353644	34.0006171917155	0.54168161169552	39.438151683533	0.594070602630639	45.067427377852	0.665063925366429	55.940584638446	0.747234886302149	67.5805082707261	0.912133855464995	98.5230300925498	0.987991410509475	112.604157147289	1.0919003922508	139.924163410433	1.23384705397608	177.831857618829	1.22093335574841	195.787658688628	1.37530556424805	227.746956625781	1.48030129674117	256.293461122669	1.52939242633	281.434006245391	
0.0212081548636914	0.13312439209377	0.0252031449906003	0.212358780959585	0.0289729360533648	0.267573315819619	0.0363252058050558	0.329818564546763	0.0415050299638457	0.45008215101453	0.0430882557716232	0.4976016033545	0.045012696742255	0.557216987226548	0.0498637780953536	0.613420650065309	0.0778111770359279	1.17853493425372	0.0943656090896531	1.74773771821142	0.111547477729688	2.31922496539555	0.146061475907564	3.44434058717776	0.159961254698209	3.99487256561022	0.171879748262161	4.57674699553897	0.184669680115294	5.13900790576413	0.206429084738976	6.83777713575539	0.242684110417871	8.53560174822336	0.245076435464512	10.2396382005692	0.276369732436233	11.3802008324277	0.311973869710251	14.1208462578588	0.35651449215659	17.0204774085519	0.400696532256892	22.6942078250592	0.465355950944824	28.3577900400294	0.448315812599714	34.1997488498712	0.542986798886514	39.6717236488622	0.595888586853277	45.3344114702811	0.667209079388948	56.2714425552987	0.749197212721287	67.9797699647902	0.914734970829876	99.1055015547902	0.992733747370119	113.2703209774	1.09442782165831	140.756914764198	1.23659556436306	178.832127818779	1.22560144758427	196.950709165727	1.38327685193089	229.07460532161	1.48434088006406	257.79350134416	1.533310752303	283.100701045759	
0.021235830428103	0.133764632677663	0.025349397760595	0.214117554454378	0.0286542562918828	0.268865729557325	0.0362986246276147	0.33187687465039	0.0414553994577527	0.452986334806375	0.0431777287494061	0.500997845584505	0.0451634590154558	0.560492332150578	0.050210903166629	0.61643970667051	0.077996406338248	1.18502171209314	0.0948498000827104	1.75798203321496	0.112080684197953	2.33271540507873	0.146459666717029	3.46420918921025	0.160834696822634	4.01888532007227	0.172557866983795	4.60312763753451	0.185223609066758	5.17037345160353	0.20722549336626	6.87724425628657	0.243694098692925	8.58567989200442	0.245772309644398	10.2999217766382	0.277077526925186	11.4463368392776	0.312615762178001	14.2048087092626	0.357362317173694	17.1210360274471	0.402006558009307	22.8270982369191	0.46652180717357	28.5249326319117	0.45025639448501	34.395814594257	0.544502301884948	39.905344042963	0.59772713752477	45.6003673826366	0.669636188076564	56.6044611404219	0.750925233240475	68.3801417953104	0.917724572308671	99.6866542643276	0.996255202591422	113.939882272101	1.09711340628679	141.590634693394	1.23913313903392	179.831727466506	1.22907120441354	198.119064455959	1.39230377984308	230.40508523793	1.48828953477817	259.293332949405	1.53748064594888	284.766471974177	
0.0214539973336129	0.134882867274316	0.0254226921998405	0.215590135445969	0.0289602506511503	0.269371816041099	0.0364492339878369	0.333270744336249	0.0415301109988871	0.453930317502403	0.0433429614631539	0.50395106932834	0.0452258916563075	0.563717269242651	0.0504272215576193	0.620126928983601	0.0782033286506805	1.19172024939289	0.0951103871447046	1.7680455552323	0.112412921091204	2.34591829893067	0.146916523450649	3.48404263381722	0.161443111905076	4.041991432051	0.172978478097901	4.6307143422069	0.185633559686392	5.19997320992534	0.208065059918318	6.91714211348805	0.244633597589388	8.63579342604164	0.246577591540643	10.3597955707938	0.278057127803452	11.5137981180882	0.313367295975649	14.2882989801436	0.358218920598758	17.2202125637073	0.403271528569876	22.9603406886955	0.467845493143498	28.6917511235533	0.452318294579012	34.5951474180793	0.546872890092692	40.1373625623115	0.599731417156518	45.8665877905908	0.672003904551023	56.9379565626806	0.752410937496022	68.7798728759298	0.920681670658632	100.269967642135	0.999060297851006	114.606224916137	1.09986268683698	142.42404169822	1.24153962278775	180.832563910553	1.23166279195196	199.287941286808	1.39635418571658	231.742330281112	1.49381345518135	260.792955938404	1.54178972033476	286.427414926597	
0.021579193731058	0.135747847626321	0.0254230382181909	0.216677425396359	0.0291101483557772	0.271061031384405	0.0366625741169125	0.334908271279119	0.0417720365144968	0.456204810848394	0.0437030868691919	0.506569773660795	0.0451858453006328	0.566276892802085	0.0505086749603471	0.624138135121948	0.0783240578487822	1.19974056619389	0.0954372531792378	1.77811361744697	0.112536389159113	2.3595191003337	0.147453502587341	3.50300738733398	0.162145663414679	4.06506029112851	0.173469644900767	4.6576025549815	0.186255047918463	5.22877203087101	0.209043324738709	6.95703671106068	0.245531287762274	8.68562663199721	0.247424304899152	10.4191748326857	0.278905884472046	11.5800291198362	0.314140278056573	14.3710376737426	0.359530288698456	17.3192158739768	0.404784144453886	23.0932292379104	0.469370006693763	28.8580033710965	0.454147246068033	34.7979335858442	0.549700186333876	40.370237898388	0.602302772324189	46.1327523191932	0.674298701503236	57.2707777074274	0.754253654930763	69.1792388781172	0.923050204490596	100.854495464523	1.00147930813836	115.272612263655	1.10344425487919	143.256450325293	1.24370344430907	181.831671819985	1.23429397827279	200.456460489806	1.3992903068337	233.076565289875	1.49947055993426	262.2931451715	1.54579627150248	288.089520169536	
0.0215375815842107	0.135775488987984	0.0253299333937633	0.217767334691365	0.0291177989088117	0.271862550837113	0.0366657681080605	0.337074411069467	0.0418982033340581	0.458734253737077	0.044213977367141	0.509025030889167	0.0455041534862287	0.569837106005095	0.0506755434694423	0.626649562740434	0.0785466690030676	1.20643852141707	0.0960035487354009	1.78813127182969	0.112845242070407	2.37236692747093	0.148005440842633	3.5224475810025	0.16255752300695	4.08921274397012	0.174123669370191	4.68390962249714	0.186895496306592	5.25896317899961	0.210101583556071	6.99734667848185	0.246478512520843	8.73578859480601	0.248396004489071	10.4792469985403	0.279807412881366	11.6460496426923	0.315104172907155	14.4545875492655	0.361259731982034	17.4188692473725	0.405950285454921	23.2279655310256	0.471096439430467	29.024141997291	0.455562777321322	34.9989949442829	0.55184269875897	40.6047300103772	0.605212674601991	46.3990397823696	0.677064220824392	57.6030102563349	0.756390002064232	69.5799757870694	0.925391088141053	101.438129217281	1.00376510650884	115.938709038543	1.1073132530502	144.088560929157	1.24610480041035	182.829215107565	1.2373219814462	201.622208076953	1.40201258765496	234.407343229405	1.50386942346758	263.792887369782	1.54983690242337	289.760983341259	
0.0215499138652817	0.135234463357406	0.0251170585912793	0.218297751976245	0.0290837327558479	0.273737303090768	0.0366218809606163	0.339388427415341	0.0420544559211988	0.46053927321627	0.044415176233771	0.511567133943498	0.0456205815310854	0.57312048358595	0.0508095711404962	0.630151277247005	0.0787577232387077	1.21274508834686	0.0961835152167803	1.79836091850338	0.113287285175484	2.38572255821784	0.148345888726824	3.54221629869362	0.163064502654363	4.11258661117634	0.174458409742914	4.71073124571082	0.187235314599246	5.28957528491194	0.210868864510967	7.03705221758081	0.247299300751741	8.78611819567028	0.249589503402303	10.5382192724865	0.280715705224627	11.7126429289046	0.315942946577685	14.5387940071723	0.362641191095821	17.5195470755517	0.407267629447014	23.3604331224567	0.473594812502772	29.1902135682633	0.456623738763854	35.2009988011223	0.553436562098161	40.8369124424911	0.607590503106404	46.6655209606323	0.680607121058096	57.9353396627856	0.758471297200957	69.9809883674905	0.927594758790602	102.02055597604	1.00621454165541	116.605528519715	1.11086851429133	144.920284102848	1.24834820394646	183.823763261887	1.24045134261517	202.788462303556	1.40467674873201	235.737242000467	1.50895232536602	265.291646091472	1.55533089816885	291.427976164837	
0.0216903121327387	0.136421106504298	0.0252338416577602	0.219167781842595	0.0291204181866166	0.275228350461907	0.0367761548918252	0.340516375414948	0.0420411826245168	0.463669244514074	0.0443246453550244	0.514202427458524	0.0454578835266844	0.575515612303455	0.0510106367814301	0.634025637181044	0.0789393251443645	1.21912604466375	0.096396265079418	1.80817484608258	0.113540792103509	2.39951218526392	0.148786348618436	3.5623091166253	0.163543741642283	4.13597118859165	0.174830037643407	4.73702294640472	0.187667044709568	5.31965886528827	0.211403703025974	7.07742318662772	0.248160191220577	8.83560308699949	0.250688761766509	10.5982700179229	0.281731707590872	11.7798872095656	0.316779569073508	14.6217748446292	0.363796491446803	17.6194444554504	0.409005388111121	23.4928932633076	0.476458532790392	29.3567079596644	0.457574850650227	35.4010096277467	0.554763971187173	41.0710916301101	0.609320478070204	46.9326615152465	0.683542285486913	58.2696024948093	0.760814631603712	70.3764055621492	0.929310870988371	102.603675638762	1.00885584069647	117.27274288164	1.11382602267323	145.749608189701	1.25052402946492	184.825612984848	1.24534891497081	203.95318171063	1.40791720460612	237.070389224515	1.51412889031783	266.790553824767	1.56336124043382	293.092763616663	
0.0217545811707299	0.137198229672285	0.0254111312823234	0.219786209106596	0.029606654951961	0.276383626957014	0.037048636644256	0.341909226466789	0.0421907501607369	0.466386407100287	0.0443498426889739	0.516887604936584	0.0454787087114984	0.578721282660681	0.051118984323818	0.63739638445678	0.0792933890868825	1.22551596496001	0.0966254414888867	1.81856922042884	0.113669487647208	2.41313417425452	0.149472805756326	3.58261264627948	0.163940682442222	4.15924493862585	0.17532035953879	4.7632652870045	0.188127476429662	5.34921717975747	0.211909413822027	7.11803303990368	0.249226089298676	8.88592244331593	0.251601508803196	10.6589698951629	0.282518817681058	11.8464013333628	0.31782583345138	14.704722154475	0.364827164573766	17.7196063309477	0.410770917042047	23.6273203573426	0.478269450745703	29.5238244745158	0.458677946499845	35.6000369777791	0.556223607074968	41.3063176242532	0.610842215999675	47.1994295408485	0.685281707399774	58.603708864648	0.763198498387373	70.7757715643366	0.932390474444908	103.185208327892	1.01099431508099	117.938698095504	1.1164964635484	146.584699025662	1.25374379546122	185.829057131981	1.25030551954559	205.118750483851	1.41151296743572	238.406591186462	1.51794829545606	268.291398708925	1.57018433453931	294.761037940043	
0.0218790769443864	0.13824823761763	0.0255093308588851	0.220044723868349	0.0298261891154115	0.277471702710789	0.0372887982960239	0.343632464186283	0.0423924512401567	0.468453855806243	0.0447698054745398	0.519125281938797	0.0456756260539557	0.582014497335763	0.0511154071021538	0.641336286213895	0.0796405920982115	1.23230309431547	0.0967399387987146	1.82865439569501	0.113937801734003	2.42664510303338	0.150072481330993	3.60216436582102	0.164390854107456	4.18226443760925	0.175821888626638	4.79112254087196	0.18867009415993	5.38000809959563	0.212501602657455	7.15788246833358	0.24990681050227	8.93630047295177	0.25255255007802	10.7187151668093	0.283444438014281	11.9125187137621	0.319097626997622	14.7879246466941	0.365637753020861	17.8196378212907	0.412560959544444	23.7599015701225	0.479550071076192	29.6915631128175	0.459759295073801	35.8005320921193	0.557617511722861	41.5394723570888	0.612355496772178	47.4666408759751	0.686781414500706	58.9384448085172	0.765613071179075	71.1773056853748	0.937886604585099	103.766748467602	1.01327151497503	118.604377637898	1.11932780601004	147.420579623129	1.25824036510023	186.829223023806	1.253625753903	206.286211704454	1.41557969477813	239.739783113991	1.52186115029911	269.789978616689	1.57522862985711	296.427583728806	
0.0218723234070584	0.139845244754471	0.0255689686428857	0.221659651687943	0.0295579922617386	0.278704599118038	0.0372975695939159	0.344595218852063	0.042331994816331	0.470477852495391	0.0452040721379749	0.521569596127437	0.0458097231842123	0.584821619857644	0.0512302034887738	0.643883220503851	0.0797947099266538	1.23840267481288	0.0970422904556039	1.83830266427911	0.114470145296977	2.43966964862074	0.15069893496178	3.6222364618264	0.16476365259894	4.20594517558922	0.176419962687352	4.81759445247548	0.189238288103638	5.40969540223529	0.213162029579589	7.1974720577775	0.250497963427584	8.98650900188709	0.253227641331849	10.7799179582158	0.284456384162203	11.9793979159912	0.320758801065058	14.8699592604601	0.366877021686049	17.9188609236774	0.41383478911021	23.8932297035717	0.48062351697649	29.8573981278671	0.460962340718492	36.0005056658425	0.559267749205072	41.7718000755174	0.613895695555304	47.7329730426329	0.688441959727202	59.2723313862387	0.768761326538253	71.5770889200559	0.941668828725246	104.352468382828	1.01651186529033	119.270101883774	1.12199785770297	148.255014808028	1.26326913815273	187.827898799583	1.25644321203266	207.45192948928	1.42298377840253	241.068772914263	1.52744606049165	271.28906516391	1.57931560749308	298.094874575593	
0.0218298183263141	0.139707278052744	0.0256133936815007	0.223061670445943	0.0294247925277184	0.280565934506489	0.0372651990417594	0.347703857043156	0.0424174765530038	0.472859244205573	0.0453385665413385	0.52495146106588	0.0459706368749578	0.587764075184722	0.0513613505354425	0.646632601028849	0.079887788291324	1.24553544124243	0.0974590260730979	1.84893778549947	0.114778737423398	2.45285158771574	0.15126306413065	3.64254930470589	0.165033635860253	4.23004919965925	0.177049415852039	4.84405099725726	0.189762830818466	5.43933753573223	0.213774690288064	7.23723906416346	0.251104190070741	9.03604697860054	0.253854428931956	10.8398513570133	0.285731722997402	12.0453374137872	0.322419404901141	14.9531487141637	0.36805641954887	18.0187992817674	0.415029904543236	24.0269862453849	0.481572913279404	30.0245425823944	0.462279580102608	36.1999576989487	0.561373251371548	42.0035019452056	0.616056174569483	47.9992567805191	0.690658925833381	59.6035692826837	0.771567081145427	71.9776321139217	0.943944174367772	104.936646027944	1.02088025949475	119.933121569022	1.12446973193761	149.088526120978	1.26823918025148	188.827260028743	1.25925279193582	208.619122488994	1.42964560583185	242.403395353199	1.53396203818936	272.786154955625	1.58291927038829	299.756801004606	
0.0220285489560155	0.139646909435287	0.0257415436870077	0.223949148057822	0.0295278861709512	0.28190599121239	0.0372269113054191	0.348593444682643	0.0427124148705476	0.474786383351562	0.0453498583939336	0.52799350969605	0.0461170603869379	0.591226033860777	0.0513517005288731	0.649909459351992	0.079946122705378	1.25336285786432	0.0976415346547487	1.85875753384448	0.114982044944028	2.46613946474857	0.15168303850534	3.66286098343221	0.165566576898662	4.25301514759716	0.177622884055947	4.87101790678567	0.19018908258671	5.46963485462928	0.214348171105557	7.27772225757529	0.251830017223261	9.08556539754084	0.254619300339954	10.8991048903637	0.287136697182657	12.1132271009618	0.323505075091387	15.0376680964408	0.36890180995197	18.118692936376	0.416156609557044	24.1604522145686	0.482593761727264	30.1911189301782	0.463307783586081	36.3998493162892	0.563374587468107	42.2377668144974	0.618291836653419	48.2640429517766	0.693223201569868	59.9359806455171	0.773590604741992	72.3788309588489	0.945718919916688	105.520056263295	1.02481292005425	120.596998070998	1.12757482459266	149.919936370298	1.27151992262609	189.830301844542	1.2620976990813	209.787746000115	1.43295822944425	243.737913484011	1.53893427081644	274.282022852181	1.58655023477783	301.423108374801	
0.0218549616246389	0.140659075126878	0.0258130615294852	0.224997802675116	0.0296597222013339	0.282313008261995	0.0372182066640278	0.349237861666008	0.0428704725994939	0.476729878849491	0.0457102385487111	0.53033846341223	0.0461804484017727	0.593992178191322	0.0513691135835066	0.653130380115653	0.0802123734048126	1.25908595122882	0.0977361628798823	1.86858158955619	0.11545634617025	2.4797845039718	0.152199878513078	3.68312819150771	0.166083186054815	4.27559087139484	0.178405214101041	4.89665675038577	0.190783226698976	5.49902646236555	0.214952145839838	7.31794700898493	0.252443883488054	9.136014207689	0.255363004668795	10.9585716965735	0.28820122312572	12.1818152800341	0.3245098497062	15.1216929464542	0.369902679991039	18.2190261752189	0.417261989501553	24.2934376213266	0.483629847377915	30.3576636129959	0.464510979863466	36.6005902997774	0.56488891895296	42.4717336605794	0.620130661133753	48.5272607758928	0.695124143356792	60.2692413744982	0.775523225061751	72.7795678678011	0.947321327395053	106.103354739942	1.02737699873413	121.267893019563	1.13109538645423	150.753045351915	1.27398549969383	190.831376707158	1.26522853178069	210.952927343164	1.43549828796949	245.071924975367	1.54247882377964	275.784715480239	1.59059413833715	303.093677476896	
0.0216579382933015	0.141836354116766	0.0259027242904388	0.22649621331501	0.0300542748224557	0.283993812598698	0.0373128021691886	0.351431038913566	0.0430334256829558	0.479742037847201	0.0457860963063731	0.533462701255706	0.0462320655760769	0.596232416330493	0.051615660705912	0.656937277373897	0.080539229335955	1.26584444241647	0.0981023810564179	1.87848469126767	0.115839283528264	2.49302604770874	0.152950023842715	3.7031960965617	0.166447856556566	4.29869698337356	0.179257876084642	4.92383460446732	0.191348687408827	5.52876126245426	0.215680754829623	7.35783694994491	0.253092342961628	9.18613891759658	0.256257464170962	11.0179742415287	0.289028813367082	12.2482530353839	0.325655759633523	15.2040814627817	0.370865777128889	18.3196481240462	0.418433768147394	24.4263671487328	0.484689761443476	30.5246665064986	0.465831848285702	36.8001317398465	0.566291113733849	42.7038415868909	0.621930431751416	48.7967557138638	0.696850742433335	60.601973112282	0.777543281297797	73.1790605298527	0.949068385509561	106.686243434676	1.02963444705164	121.935546965722	1.13475353857803	151.588136187876	1.2762107329693	191.830276000342	1.26912520968485	212.117602046756	1.43871279940268	246.405310617983	1.5454897822652	277.289166445235	1.59520149893569	304.759448405314	
0.0217183762049057	0.142271216254838	0.0257905222309096	0.227564585776501	0.0302020904565084	0.286040102820918	0.0377523676768274	0.35318285659321	0.0430551863027184	0.482688305775888	0.0457747825676921	0.535186986713047	0.0464089775740704	0.599490240749421	0.0517767589760604	0.660307675403685	0.0807991261991567	1.27257813714175	0.0982285978195988	1.88847277616005	0.116221796430193	2.50596467879268	0.153412743118078	3.72352127946472	0.167064885435702	4.32206712528966	0.180016019816289	4.9503204859088	0.192049640384709	5.55872051127279	0.216328876145802	7.39770081387403	0.253799106395018	9.23530064000775	0.257014015457377	11.078574467258	0.289862968760314	12.3149776380729	0.326684280855291	15.2871088663651	0.37199909487646	18.4188190723712	0.419421067579565	24.5600883002898	0.48602990455855	30.6906225934771	0.467021819878539	36.9989691000827	0.567719962402274	42.9377115754298	0.623631914597726	49.064600348311	0.699108128154721	60.9337399999243	0.779513222192861	73.5794845144346	0.951447534247757	107.269214085793	1.03212252305715	122.602493106758	1.13851634070731	152.422645878578	1.27833854302307	192.830248177082	1.2738903447628	213.283379436224	1.44322302138046	247.732795401046	1.54833931560968	278.788968248159	1.60034037872248	306.426023996398	
0.0215914112637198	0.143175515879922	0.0259178214528706	0.227864951844463	0.0302900411700803	0.286469093261474	0.0380347766730916	0.35534768671125	0.0430615277043356	0.485212655494483	0.0458447933541599	0.537663780774935	0.0466545186745523	0.603125541831443	0.0518452995417825	0.663844256297487	0.0809078076818024	1.27943069190497	0.0984116387117648	1.89865376123153	0.11653210398295	2.52018224854146	0.153844941421733	3.74437545356499	0.168027082502758	4.34528778993962	0.180654565180614	4.97680450470522	0.192601392177567	5.58912027564819	0.216943777016858	7.43780356203219	0.254266095411832	9.2856879828689	0.257625001583805	11.1396347663174	0.290888443762741	12.3807187641699	0.327613950352047	15.3718517660495	0.373884288941845	18.518474308412	0.420322846197348	24.6940925738961	0.488870337791611	30.85579264424	0.468122650690529	37.2001831954164	0.569266361026026	43.1716039157094	0.625571695114786	49.3323443999249	0.701562280526209	61.266896420782	0.781388671006134	73.9789548247455	0.955049862465842	107.853093707699	1.03459050151726	123.270325866843	1.14256052836757	153.253638895405	1.28053775288147	193.83017565034	1.2793495762918	214.447636907322	1.44785583142819	249.062217334972	1.55128739501909	280.290111155527	1.60651300652882	308.091526703927	
0.02160978471857	0.143613644922808	0.0260195789814449	0.228923734594275	0.0306888940043989	0.288348764062243	0.0379457144172905	0.356939171396524	0.0432161866675799	0.487037756615737	0.0461487396623188	0.540460484126008	0.0467858132034273	0.605536968693229	0.0520423833828888	0.666609352890185	0.0810544870179047	1.28601875106957	0.0985966791680549	1.90930273587453	0.116930056548465	2.53333834343624	0.15431542870155	3.76432764179458	0.168854224495705	4.36845956015674	0.181319847785848	5.00421705206442	0.193055426235426	5.61899058316506	0.217709685487493	7.47759152317509	0.254917752459238	9.33566926910681	0.258521250273056	11.1993353344823	0.291709214842733	12.447136030424	0.328563777185113	15.4551101376204	0.37557340512838	18.6189472456344	0.421447791826394	24.8269624966603	0.491821597689556	31.0222795850609	0.469549941541541	37.3996091514917	0.570629638773	43.4040731951626	0.62769246531952	49.5978122992745	0.703868176692766	61.6001385233125	0.783199591143961	74.3779706496615	0.958374034316096	108.435483213557	1.03697630332699	123.936832423645	1.14575828517431	154.08609222596	1.2831463009218	194.829447472536	1.28389449295196	215.61462129079	1.45217418631005	250.39843419808	1.55475910022718	281.789138098106	1.61278296218941	309.756910202173	
0.0218268537788441	0.144341648103274	0.0259942562492716	0.229766275894063	0.0309414076943737	0.289333404807487	0.0378691379201553	0.358728591223333	0.0431909401743444	0.489391645207443	0.0463990187281689	0.543327735158757	0.0468871788503768	0.608240830829555	0.0523860949328204	0.669657571532119	0.081277142805825	1.29227036997006	0.0987327024640227	1.91899617360136	0.117376044703965	2.54589699492778	0.154694546152696	3.78393593917984	0.169598628966709	4.39136636911397	0.181942943009207	5.03058838083466	0.193771412137222	5.64868719903003	0.218470227607591	7.51647330749592	0.255814115549839	9.38513087737276	0.259125725543723	11.259565825167	0.292351395234698	12.5145768201389	0.329392622316689	15.5385575676649	0.37687287286968	18.7187198283141	0.422725762919632	24.9598026171036	0.493384367331563	31.1902324275446	0.471198861376966	37.5996386045667	0.572183883958267	43.6368069702145	0.629876005690961	49.8654036139934	0.705883186304302	61.9341368597376	0.785747615761242	74.7773962564909	0.960885071707311	109.01833465539	1.0393671498259	124.602914297372	1.14807080859099	154.921495986291	1.28548891414839	195.827795422783	1.28705544801698	216.783259703071	1.45549809217951	251.7338165962	1.56254001939344	283.283337064687	1.61752380989319	311.424767293059	
0.0219830204143716	0.144732447044128	0.0260264111609563	0.231087778908929	0.0310376481946025	0.290992788725992	0.0380679282148898	0.360345308928414	0.0432221331651393	0.49123741004734	0.0463229175227768	0.547185447702566	0.0469248557424195	0.612322817480211	0.0526094656446992	0.673307424528678	0.0815271896711247	1.29859649467298	0.0988844237753712	1.92859729398236	0.117753078216078	2.55905984191091	0.155164539360065	3.80428137834789	0.170334342015281	4.4147854054629	0.18230505222835	5.05656995112594	0.194514622297607	5.678989640201	0.219116940583589	7.55677815264318	0.256760879321196	9.4353552387911	0.259611956351444	11.3198978300076	0.292967968455481	12.5811570678358	0.330317955377623	15.6211900904954	0.37796565253781	18.8185464277004	0.423720395306378	25.0929537992721	0.494367197809399	31.3572744365935	0.472624994870501	37.7992694515987	0.573906715986441	43.8707849921669	0.631733167848804	50.1316910771698	0.708094738041531	62.2672225000829	0.788701740939761	75.1767101046166	0.963524350832033	109.601156294902	1.04235920063641	125.268713049051	1.15049083119669	155.755111607364	1.28835438076965	196.822656501475	1.29027680524174	217.94814302291	1.45851984139939	253.066695599359	1.57230098180807	284.781350728352	1.62120271226137	313.093727069821	
0.0219131659875021	0.145239530334048	0.0259672012469176	0.232015361597273	0.0310615150585817	0.293340245371473	0.0381803130202782	0.361996951228385	0.0432621628559553	0.493391908306058	0.0463358735411338	0.54950199608157	0.0470604402777776	0.615035177934626	0.0526691319198923	0.676911177059984	0.0818852609418965	1.30470352575063	0.0991755822125427	1.93876465846184	0.118075270574146	2.57266367011217	0.155610488140984	3.82405498548228	0.170780336203992	4.43865240794895	0.182808492227145	5.08350798965592	0.195158335827023	5.70836169016413	0.21981550449004	7.59698567458601	0.257625742841247	9.48603687957185	0.260395428535581	11.3795900162698	0.293866826122689	12.6466001707231	0.331169147670105	15.7039921140265	0.378863126600143	18.9182892080591	0.424879769486371	25.2271462000295	0.495213344297923	31.5246405458831	0.474178475876529	37.9987177594148	0.575586934756389	44.103433085546	0.633514444195799	50.3974085709576	0.710122270341583	62.6010494731625	0.791189997703653	75.5780952140499	0.966333660762931	110.184424969228	1.04589235162201	125.935003539026	1.15310970207487	156.587490432116	1.29176033810849	197.824103893103	1.29408426325794	219.113711796131	1.46164880966645	254.400587881431	1.57746805667012	286.279662415228	1.62534532106613	314.759497998239	
0.0221070372670342	0.146024191393765	0.0258413449404855	0.233201997468208	0.0310757655018173	0.294081228859706	0.0381407747738294	0.36402295608174	0.0433442122934921	0.49599023995816	0.046351580535043	0.551593630069487	0.047396712053346	0.617447827157234	0.052872994642668	0.68009955974274	0.0820828968477395	1.31104292179961	0.0995404457047203	1.94857218319864	0.118403594850284	2.58633921014827	0.155860866666244	3.84411753543173	0.171011666173212	4.46275410371266	0.183164999005475	5.11094428573965	0.195555549702376	5.73799963270968	0.220424036616427	7.63711124014617	0.258330149836431	9.53602561639	0.261684376336496	11.4390428526416	0.29467645151534	12.713061209136	0.331933777033156	15.78840346289	0.379643423870643	19.0188254752136	0.426204347154051	25.3600366118894	0.496366277852569	31.691406883463	0.475548806706948	38.1993097312982	0.577068865557891	44.3385361451151	0.634951275631625	50.665137721411	0.711946789613921	62.9345597965817	0.793271364365952	75.9783925387677	0.968931904592549	110.768326942875	1.04959496988795	126.60282884853	1.15580587255231	157.419943762671	1.29521177018254	198.82555128473	1.29741415161787	220.2801299355	1.46537893009104	255.734718582071	1.58069395813749	287.776543590697	1.63103606569092	316.423510589719	
0.0222138209849405	0.146843289559234	0.0259940273010731	0.234329494358464	0.0312380399101473	0.294785192277357	0.0381527164887689	0.365113854906935	0.0435374099088392	0.49896406921298	0.0465932651058605	0.554003834570452	0.0475898230265884	0.621288077403598	0.0532142150298522	0.683048301496897	0.0823280000752653	1.31905695217353	0.0999720156057543	1.95865735846481	0.118903011465714	2.59894140096811	0.156240020206141	3.86336494533646	0.171340373869022	4.48623786697746	0.183582544700425	5.1373528674111	0.196039961587662	5.76877239175849	0.220958958019145	7.67665333214105	0.258931777317664	9.5860804771078	0.262928949390213	11.4988644927355	0.295396018119571	12.7797103747002	0.332515154202944	15.8727049156949	0.380575348090608	19.1196746667383	0.427333971331538	25.49386952215	0.497874208770705	31.8575026688211	0.476871882555776	38.3995142730089	0.578467976703533	44.5719218459382	0.636266969424727	50.9323416059573	0.713415986415521	63.2674442712605	0.795251884404463	76.3776169799306	0.971621712082354	111.35063449235	1.0524363115703	127.27050514643	1.1589948550489	158.25373819767	1.29956868917111	199.82614931021	1.30052421197044	221.443850964821	1.47055101685409	257.064676957775	1.58391358903322	289.281560799791	1.63633046013141	318.090175587766	
0.0223117174152753	0.147859529786896	0.0261999265178265	0.235342831479175	0.0313947844160529	0.296218497651612	0.0383853988111575	0.366597073348052	0.0436292594355751	0.501332189577104	0.0468764852171493	0.557152461422693	0.0477492744288385	0.62407412875323	0.0533845811907331	0.686962999338033	0.0825556831671935	1.32619460804636	0.100158291925649	1.96945324923697	0.119435985181915	2.61248562452743	0.156718697268945	3.88327382706839	0.172008395313517	4.50899938961994	0.184064161808899	5.16424108018571	0.196707716144201	5.79875026702763	0.221581135918854	7.71674537009011	0.259559711972502	9.63681706591784	0.263584759423255	11.5596118674246	0.295940792388343	12.8457793263278	0.33311855426458	15.9550561791213	0.381408307819863	19.2188195380325	0.428379725169956	25.6273969586208	0.49907122860411	32.024511150259	0.478109894572741	38.5999795850281	0.580284571119352	44.802781800059	0.637631552655993	51.1995045123122	0.714624464586885	63.5995389844335	0.797627862530828	76.7785625051296	0.973864854109388	111.933977672479	1.05459022724822	127.93666152596	1.16335624923474	159.086802475805	1.30366284316635	200.825957574184	1.30382260478198	222.60690144192	1.47573553255932	258.397675170217	1.58753330047927	290.783001730368	1.64046467486757	319.758032678652	
0.0225104011943569	0.14826766733392	0.0262084824153585	0.236185852992144	0.0314280581677498	0.297720284335679	0.0383611064171572	0.368504916655365	0.043812534321093	0.503488899726831	0.0469514383695511	0.560227804833324	0.0478531143583128	0.627046269985963	0.0535313138421453	0.690744168811376	0.0828689442800007	1.33247707700568	0.100373698786116	1.97884517129459	0.12001423373366	2.62575510794028	0.157176830444184	3.90398527599088	0.172726035581823	4.53124728788693	0.184605375733367	5.19088016418343	0.197214946049625	5.82871650076514	0.221960905866214	7.75711354516943	0.260213738962291	9.68583629598187	0.26411719337394	11.6194810049676	0.296624625096991	12.9127907763563	0.333925207766123	16.0375937070537	0.382154556222168	19.3187839731533	0.429552935858137	25.7596484832248	0.499963773851174	32.1917319732338	0.479057387479279	38.7998004218564	0.582525242903883	45.0356608614255	0.639007980180037	51.4664588024204	0.716076781347221	63.9329673514701	0.799766534065007	77.1787927746252	0.975702356283001	112.51737300667	1.05675463042745	128.602534783441	1.1673103060222	159.918704463421	1.30673233663853	201.826913227516	1.3066398289634	223.774958708942	1.48068736365168	259.729213068933	1.59078145949684	292.284681079513	1.64442366408978	321.422820130478	
0.0224683040016144	0.148598294108163	0.0262904260924874	0.237568052042544	0.031301704251299	0.299335546849307	0.0384423526675532	0.370040172742867	0.0439068908663428	0.505797939317934	0.04687728145138	0.562832539327822	0.0478348350194252	0.630214454611342	0.0538338885100544	0.693614854095956	0.0831706928589586	1.33906117804951	0.100744728375901	1.98838261249758	0.120552954050677	2.63867674238804	0.15750086935589	3.92413467176629	0.173138025652388	4.55409495786348	0.184940142043424	5.2174424140724	0.197572095917832	5.85881684494702	0.222496168627758	7.79778952234505	0.261268840078059	9.73498591120014	0.264756742491507	11.6791284877483	0.29766011715185	12.9806795322083	0.334950546874015	16.1206099347667	0.383324180183417	19.4186906662773	0.430656271861001	25.8926096755971	0.50099314986399	32.3571609316601	0.479911214352226	38.9995020494007	0.584551591222391	45.269914554847	0.640395588874814	51.7330144864855	0.718146451165557	64.2660604423957	0.801542389482894	77.5783003378372	0.977524783993712	113.101446343662	1.05916959343718	129.268467645564	1.17029606562627	160.752007160124	1.30902135550462	202.829150380649	1.30971847177748	224.943626923545	1.48517777992562	261.063761002066	1.59464450249948	293.785704777597	1.64916110627285	323.088352640329	
0.0224051861147054	0.149952080545429	0.0262862444060945	0.238457654233946	0.0314468766463598	0.300529385917938	0.0385631033748475	0.372161056079004	0.044418528893269	0.507599117091689	0.0468766002878655	0.565096700814492	0.0478771657245654	0.633233045555278	0.0541623429792788	0.696893516856501	0.0835797425462608	1.34583794644182	0.101066756466132	1.99908164572658	0.120886645329276	2.65325193998849	0.157822750084688	3.94312852911212	0.17341525567437	4.57849095154678	0.185347207268556	5.24406380294205	0.197995214839164	5.88861031835514	0.223024682123693	7.83774605286594	0.262127872441937	9.78486195799212	0.265502961341829	11.7384611835138	0.29862453624102	13.0476183390794	0.335857583870093	16.2043041652818	0.384506571529458	19.5182527700651	0.431675359835653	26.0267685487434	0.501922770058761	32.5242513694807	0.480964953722871	39.1986933121984	0.586035719633766	45.5035051466268	0.641931939814312	51.9991715645076	0.720233448321928	64.598684146766	0.803277317639099	77.9778079010493	0.979395827202782	113.685944363729	1.06127703845846	129.935488292403	1.17294693895426	161.587232106529	1.31155806985461	203.82825829008	1.31294095184548	226.110924231382	1.48864083550458	262.399173202507	1.60166403154727	295.281334255585	1.65381634051311	324.752871871266	
0.0223670792724954	0.151306463611191	0.0262863815186045	0.239360265836944	0.0317071247229538	0.301477210319403	0.0386188777141121	0.373756906338639	0.0447920631412556	0.51027987078773	0.0469342972843808	0.567929609328934	0.0478709056070297	0.636717064933771	0.0542406496525671	0.700539702770597	0.0838293708417242	1.35293916432066	0.101158855385038	2.00918765933437	0.121162710028076	2.66656379857647	0.158411455284757	3.96324463010707	0.173964486359557	4.60226947839244	0.185898448778137	5.27047145329097	0.19843642954443	5.91934489318022	0.223572728894138	7.87791119963364	0.262865021991526	9.83484324423002	0.266249849274664	11.7979242644335	0.299494907471807	13.1137087111253	0.336730507177923	16.2880747642444	0.385542912607044	19.6185785583277	0.432760435722712	26.1604319583035	0.502927123177251	32.692071964165	0.482122672657349	39.3994603727175	0.58748476507128	45.7377700159186	0.643662505498562	52.2649523882275	0.722542175045553	64.9309055198031	0.805054158547614	78.3765555050766	0.981200556274609	114.26965262229	1.06353325291908	130.601838387019	1.17535115865147	162.419715239405	1.31450282668982	204.826025095068	1.31673071643819	227.27607577211	1.49206837433454	263.730502484976	1.60816699319706	296.781255267793	1.65756591770368	326.415394346698	
0.0221428680834596	0.151513908428876	0.0265540055739664	0.23930787894461	0.0315548337754137	0.303256793051985	0.0387599657474456	0.37486710100251	0.0450226486374273	0.512267720521168	0.0469893264375261	0.570156110460782	0.0481074346292653	0.638386809815426	0.0542808083170068	0.70367820149032	0.0840645407150687	1.3591054507943	0.101310962723773	2.01947597932748	0.121573866169134	2.67956087014919	0.158690380075182	3.98433536013005	0.174541058091184	4.62548595209102	0.186583351969375	5.29721950202475	0.199084683003653	5.9487923802683	0.224257216540868	7.9179096396684	0.263700339413418	9.8854000877917	0.267141541829095	11.8577114455937	0.300552595496082	13.1801902386339	0.337762615342028	16.3716125325745	0.386488350221559	19.7184442732604	0.433864069134709	26.2926927961329	0.504107071358504	32.859266710109	0.483016543374309	39.5989012299533	0.589021681055865	45.9709918039763	0.645502833063682	52.5313292583668	0.725034373830236	65.2655855843205	0.806753081196736	78.7768677309549	0.983741765688428	114.850917090531	1.0661123707822	131.267860656105	1.17745392704787	163.251736436306	1.3172044757478	205.826518812424	1.32060715598098	228.443045254417	1.49637662169472	265.063202674209	1.6120073643972	298.281623314816	1.66116256742556	328.083787879361	
0.0221944543429498	0.151789558069997	0.0267824110258855	0.240358803660571	0.0314977031481675	0.303855138673925	0.0389799560668736	0.375941090503013	0.0452777349139336	0.51481133697461	0.0470386772616224	0.572322483081762	0.0484820320183534	0.640667967938276	0.0544862818582221	0.706674557108843	0.0842794185333831	1.36582971587896	0.101674890881412	2.0284050340875	0.122068887154458	2.69291836354117	0.159156327238928	4.00421397387975	0.174978031372999	4.64861255316542	0.187317802412283	5.32416964774763	0.199583719913027	5.97883405113077	0.224991766350061	7.95750854233763	0.264503329074518	9.93636391929916	0.267651591552237	11.9185966560173	0.30172538479871	13.2461697832987	0.339032183021492	16.4543363250129	0.3875378981576	19.8185782090818	0.434882299582458	26.4263319913073	0.505318307569114	33.025083098708	0.48412757681349	39.7981334709423	0.590321465295345	46.2040236022379	0.647992173017008	52.7968269600374	0.727875011159533	65.5992449193446	0.808371025289583	79.1775152329441	0.987170120875898	115.432844660413	1.06924537092009	131.933882925191	1.17953645261255	164.086097115403	1.31987700011362	206.827221146027	1.3240452280171	229.609925329761	1.50047163128981	266.395515433269	1.61529381878797	299.777789234581	1.66477327855256	329.752539039876	
0.022304026921593	0.152004890025361	0.0266780729741597	0.242367884637319	0.0315125856654838	0.305096591606921	0.0390149475906757	0.378455050154629	0.0454780683432391	0.516912866264413	0.0473962464171063	0.57549258855986	0.0484557635353762	0.644146806835194	0.0545709524333014	0.710346354392524	0.0846708718366545	1.37235572567997	0.102368930366068	2.03768659442526	0.122301295991048	2.70623138628232	0.159824230655752	4.02360829991365	0.175313145858006	4.67169305377456	0.187819548451728	5.34985738578057	0.199848982503917	6.00921751736189	0.225704403442868	7.99795587983204	0.265385578233399	9.98599316562058	0.268154829378323	11.9793887341879	0.302888394611831	13.3121735423493	0.340258086014462	16.5371495244143	0.388645210314184	19.9208728131737	0.435945918524938	26.5608335911448	0.506626215589993	33.1905195077146	0.485305714302798	39.9993512915661	0.591758686053155	46.4360272204259	0.651605463519197	53.0618999786342	0.730905707419042	65.9308851471228	0.810185965882945	79.5772537641437	0.990167250403884	116.016023927777	1.07367859506535	132.598891915364	1.18226969779614	164.920696213068	1.32326686966985	207.825837317162	1.32715778886601	230.775926236636	1.50370742048111	267.729854750156	1.61866532758677	301.278336095529	1.66829406593292	331.420127909874	
0.0224305743821517	0.153001659791372	0.0264302809979699	0.244188314594007	0.0317219775048808	0.307563490366924	0.0391712621340516	0.379640507320486	0.0455753764039855	0.519265328768495	0.0476085229728868	0.578670901317756	0.0485429793946864	0.647376866201185	0.0547970649995927	0.713862504398316	0.0849410884161208	1.37934728033085	0.103160859638836	2.0480508172046	0.122321610566606	2.71909062212054	0.160180153407523	4.04324244149912	0.175508105305724	4.69570208294649	0.188208428718789	5.37642941455611	0.200605013274181	6.03864311837051	0.226397167718416	8.03704255510956	0.266132319386896	10.0355553567198	0.268790497497178	12.0391926791537	0.304067249708624	13.3788860378455	0.341325706567808	16.6202663349606	0.389954698888507	20.0204814830879	0.436992907765665	26.6933756883783	0.508186785442254	33.3577328801091	0.486571145643866	40.1984717738515	0.59389793800231	46.6690180404962	0.654461281540453	53.3301543949947	0.733294167052083	66.2638590287645	0.812086349059599	79.9774914842196	0.992666037928801	116.59859224756	1.07723177132572	133.265018492573	1.18722259136517	165.750482235896	1.3267184403247	208.825898900865	1.33052353819176	231.942985125906	1.50663772375997	269.063150985809	1.62321416833929	302.77897236344	1.67229785162555	333.087150535772	
0.0225248464986461	0.153881250265572	0.0265034439271927	0.244702259111631	0.0318807952017817	0.308728516644771	0.039374128004067	0.381428733890303	0.0457038458400381	0.521505974361273	0.0476637782540645	0.580909858888448	0.0487131228676079	0.651244706877511	0.0549620458167765	0.717060957005932	0.0851354816415608	1.3851442974212	0.103741606003556	2.05907953860936	0.122675150456812	2.73299480183785	0.160611126422451	4.06270708238406	0.17574400193371	4.71961192626894	0.188935654613072	5.40286547024221	0.201122164593941	6.06943962614385	0.226918852087828	8.07707824804553	0.266553456034666	10.0851715645258	0.269487372255118	12.098565421788	0.305081400861699	13.446452556102	0.342583916553077	16.7028802313405	0.391134919129537	20.1190172694472	0.437999053322178	26.8273557475988	0.509901620817629	33.523884544819	0.487877226581522	40.3980951703032	0.595558723093963	46.9027352921401	0.656144570022333	53.5980437329233	0.73505484424035	66.5968701633074	0.813878969779808	80.3776025444314	0.995141901076541	117.183030662985	1.08004402854905	133.932501075386	1.1919951844456	166.582473630476	1.32944992389398	209.82818075748	1.33419831130906	233.107540620214	1.5115919954821	270.393019954549	1.62785572092722	304.28017487545	1.67680338458002	334.752563836339	
0.0224813802697189	0.154259818322257	0.026614336747993	0.245357590030899	0.0318359199036227	0.309555356428774	0.0396793149619566	0.383187623800413	0.0457751475560124	0.524715893877544	0.0476806170522872	0.583052133538954	0.0486544404284798	0.654855618950769	0.0550046831118536	0.720424253701425	0.0854718525636882	1.39224982266673	0.103926849879615	2.06883118399433	0.123154414671942	2.747032160677	0.161260687999914	4.08362086112628	0.176190972486086	4.74281023917818	0.189611001124999	5.42968336816577	0.201654373892193	6.09972297520296	0.227639240281584	8.11732162590578	0.26717281046699	10.1353083816263	0.270173691059544	12.1589058085313	0.30586575182726	13.5132730850117	0.343600102413134	16.7864794669575	0.392175905842045	20.2183614437628	0.439162975534485	26.961542560421	0.511370672699811	33.6899617037265	0.489074303141165	40.5986424387052	0.596979163034195	47.1365643024877	0.657855542082367	53.8642194373961	0.736609479899952	66.9302910797637	0.816029104620163	80.7768865902361	0.997140830364487	117.766507953558	1.08251662079285	134.59967073383	1.19498540509645	167.416640594486	1.33160151790074	210.826782027454	1.34000922198361	234.270203667141	1.51855260656095	271.722948527932	1.6316896392377	305.781407189781	1.68141841031843	336.418990415818	
0.0225418025416518	0.154851077161818	0.0267279402966584	0.246190483411349	0.0317022706754916	0.311364159405746	0.0398930620877292	0.385302657266906	0.0458706617788812	0.526816841090765	0.0477983595643745	0.585696391033336	0.0487294628538198	0.657238233021772	0.0551342182399576	0.723376662538046	0.0856559721529563	1.39960191555218	0.104096964581938	2.07867107218906	0.123555891114707	2.75905553454421	0.161897108842826	4.10406525331318	0.176588872839318	4.7655834033523	0.189928402005926	5.45709591552497	0.202471835927815	6.12874484789466	0.228638926050936	8.15673798935906	0.267960923757503	10.1849692929137	0.270829246989952	12.2199204727866	0.306624824547308	13.5804912886419	0.344827261987269	16.8703692752041	0.393154964958288	20.3185251819052	0.440265002243325	27.0939542725003	0.512590113120174	33.8578642547935	0.490810193845678	40.7998043799771	0.599180789876387	47.3688100645336	0.659469089058059	54.1314866518744	0.738286948008552	67.2632053567635	0.818557528162648	81.1767815836208	0.998989285962626	118.349508406996	1.08471458884939	135.266408258619	1.19758126442566	168.251761232768	1.33448667750086	211.82480215217	1.3484567366817	235.428530476366	1.52373594875898	273.054039391833	1.63514252397065	307.282192469297	1.68618242752349	338.082526170163	
0.0227363719573227	0.155475587126096	0.0267575967390797	0.24748557470133	0.0319049296289138	0.312947815160999	0.0401459628499177	0.386964049349617	0.0460544628150896	0.528259517897982	0.0479044544877419	0.588855960925308	0.0489775504361565	0.659282951637221	0.0552984994039657	0.726750436612006	0.0857818461923431	1.40619602831322	0.104264845105427	2.08811538113902	0.123787833120034	2.77248939638367	0.162437657063745	4.12371895267179	0.176773031133752	4.78846460093994	0.190183093340512	5.48405258050556	0.203186850262258	6.15906219022612	0.229317436416979	8.19739208045521	0.268679013499516	10.2345547670762	0.271637780383607	12.2791116075274	0.307655909758358	13.6469737474731	0.346303650118675	16.9539889999168	0.394140657212948	20.4182959019398	0.441544779846249	27.2269191901627	0.513861252674142	34.0249137144228	0.492608797830555	40.9991111267686	0.601447821230152	47.5995731611112	0.660806199190076	54.3982584027666	0.740027098236041	67.596849790627	0.820810055663017	81.5753205714013	1.00102875854542	118.932277892446	1.08673692608038	135.93412926	1.1999845224741	169.084765906261	1.33776318979669	212.824670020786	1.35380183582797	236.597243394449	1.52727222287003	274.384862034844	1.6386083293841	308.781100202592	1.69074853426298	339.747015598779	
0.0226869342975785	0.156451307547729	0.0269455081063638	0.248752202446476	0.0319673572173434	0.31394953985391	0.0401043952457532	0.38882000052969	0.0462202062137524	0.530653366047007	0.0478298385323141	0.591503594463862	0.0491281272582932	0.663275938778568	0.0554147423237211	0.73074819678132	0.0860422486414687	1.41242133735223	0.104541125596038	2.09813245344515	0.123986283650816	2.7865986998883	0.162917290792743	4.14315611954209	0.177119403661436	4.81265151271517	0.190693837283184	5.51071075661516	0.203851469271048	6.1885632283597	0.229976430086053	8.23767177989414	0.269490192431375	10.2854804143599	0.272469449360934	12.3388680550442	0.308484386677021	13.7136396768427	0.347234725580739	17.0383146671075	0.394985635709535	20.5177611481844	0.442731377641638	27.3594501115259	0.515059950550016	34.1910579285524	0.493903057944761	41.1987084461895	0.603302806779489	47.8307832925033	0.662428615974306	54.6655032655042	0.741787708369082	67.9305314773918	0.822655368961533	81.976012776872	1.00297999524076	119.515196389501	1.08855511155262	136.601552238172	1.20228277560746	169.91735334726	1.34040897347571	213.82447828476	1.35657228536905	237.769204765519	1.53019774323703	275.720512653854	1.64186528655367	310.281200028726	1.69466849743123	341.415528340727	
0.0226600835255365	0.156658090253302	0.0271548764036742	0.249180785433425	0.0320525060905974	0.315112092306286	0.0399872112827359	0.389685199160413	0.0462285772553925	0.533344946367464	0.0479801031343795	0.594071308887778	0.0490978961796502	0.666590341041216	0.0555671957492096	0.73416504452231	0.0862792338837048	1.41862382898925	0.104819409306214	2.10858096091348	0.124445161208916	2.79986632065609	0.163429637832616	4.16287827110668	0.177782884570763	4.83534365182915	0.191403879169979	5.53618289348231	0.204459625568042	6.21880466790494	0.230626420915891	8.27703040135053	0.270145878875014	10.3360949999185	0.273209029578036	12.3986487169468	0.309210396485162	13.7795214326418	0.347899944087632	17.1209378767127	0.395975036164735	20.616829651031	0.444191710246152	27.4922120008766	0.516132547305314	34.3562894466023	0.495000665161187	41.3980524458822	0.604824983094175	48.0658826267823	0.663910161420681	54.9340184521732	0.74324506236802	68.263609667157	0.824675349201656	82.3762653981084	1.00519785917071	120.096662023408	1.09123155876012	137.267440396813	1.20466068999371	170.749136125594	1.34317481045566	214.824286548734	1.35887148079093	238.937977288245	1.53302771301591	277.056699714641	1.64542932335562	311.780048157378	1.69844392842756	343.083266222329	
0.022767357104567	0.157126050720989	0.0272282468257462	0.249893538207457	0.032144663960777	0.316670515041732	0.0401841450790453	0.391677007014605	0.0462780825073233	0.536240777360364	0.0480770432150222	0.597829835582101	0.0493558273454045	0.669106774518302	0.0557313427998574	0.736606215497411	0.0864668886730671	1.42586684072333	0.105073189348956	2.11850257266026	0.124840801690464	2.81340588760276	0.163759609391375	4.18281835214338	0.178354903613464	4.85861227958943	0.191868628018418	5.56349718631456	0.205144582199729	6.24956578542212	0.231217732014715	8.31656224879758	0.270742507115607	10.3861200583153	0.273919941619846	12.4586202999681	0.30992398841641	13.8468001722365	0.348626479726301	17.2042986937619	0.396889141287973	20.7162446058589	0.445877500493461	27.625944328304	0.517031018424058	34.5233687085525	0.49610984906358	41.5975901606611	0.605977188165311	48.3013246877525	0.665242393011464	55.1995534067451	0.744937090587524	68.5964419877741	0.826684900055005	82.776219996135	1.00799033797225	120.675437997848	1.09424502888978	137.932777212517	1.20691335935147	171.57826649736	1.34653259437751	215.825435917152	1.36090750564596	240.105468311169	1.53575145966906	278.391009229206	1.64998454249201	313.280565216006	1.70196745919319	344.750706080721	
0.0226871402202734	0.158939553966357	0.0270831107377118	0.250610365517559	0.0321276923559503	0.318130042965983	0.0402897124780236	0.393290610609975	0.0462891850016661	0.538902671775165	0.048126912529681	0.599358776138695	0.0496875184574439	0.671851323807674	0.0558851817190192	0.739810547078499	0.0866442098927411	1.43299052675821	0.105263283388559	2.12863792292775	0.125048871066341	2.82682368412858	0.164309694128473	4.20260383364004	0.178809578421262	4.88207508809729	0.192251122730437	5.59026013620883	0.205733284012102	6.27881070985985	0.231724811662871	8.35712600160828	0.271466924577528	10.4360929626505	0.274747527184231	12.5182836152318	0.310429267224275	13.9144672733263	0.349236538389293	17.2882760463263	0.397671282879856	20.8165275532852	0.447068042748462	27.7599579151356	0.518038895769044	34.6900530897498	0.497232578528984	41.7980964508717	0.607118734240822	48.5364910772537	0.666754079802097	55.4645146666382	0.747489541030212	68.928871977058	0.828263487247382	83.1702588334487	1.01057202612279	121.261187715396	1.09657717274714	138.599261417578	1.20931009894513	172.412791089222	1.34967038786934	216.825512402015	1.36324191181916	241.272288781871	1.5400725979074	279.722129895428	1.65537132887044	314.778191449499	1.70532285860833	346.416894241633	
0.0225954272428858	0.159753413442593	0.0269357131772712	0.251204549291941	0.0321337325038193	0.319119456739195	0.0403432642305108	0.394374961073629	0.0462530801341051	0.540700939166012	0.0483754615648923	0.601336439531957	0.0497235724849738	0.673972061624666	0.0561723908769895	0.743995968737686	0.0866069747633644	1.43927020174993	0.105286761650908	2.13828200056047	0.125203853303281	2.83905846821018	0.16481370772885	4.22380585670541	0.179397527870519	4.90520122351042	0.192631307337549	5.61738676755121	0.206408294456272	6.30898928513429	0.232270072020939	8.39787043098987	0.271951248569224	10.4859345505088	0.275583958435899	12.5781657912902	0.311102962833009	13.9805315683413	0.350017617446909	17.3718994963291	0.398706406063997	20.9176635921493	0.447987862117747	27.8931798778163	0.519041228601481	34.8576129141257	0.498337433763365	41.9977198473235	0.608409671396035	48.7693179845586	0.668292935949851	55.730630766469	0.750773818543126	69.2599161584168	0.829711129816042	83.5686190073033	1.01334756628541	121.845641031981	1.09875314901801	139.26763807002	1.21211102548824	173.248150146072	1.35338055006314	217.822623555941	1.36546035592747	242.439124153733	1.54823285634277	281.051820050243	1.65967555429058	316.278440287237	1.70917536542458	348.082396949162	
0.0227068973323455	0.159183531365488	0.0271554452555002	0.252587214003607	0.0322995733770328	0.320538559444862	0.040622221052633	0.396955481182337	0.0464641335024567	0.54246870574399	0.0485251725655336	0.604892694614213	0.0496930466398242	0.67796039215336	0.0562032323080622	0.747083593964186	0.0867853256838386	1.44632869520768	0.105391719825213	2.14826158713475	0.125707993147353	2.85217684454248	0.165214614705686	4.24379762614254	0.179975009655644	4.92841210927382	0.193007006683489	5.64389127544329	0.206894523794283	6.33977741100486	0.232936349005094	8.43807655594891	0.272575675444144	10.5353691504214	0.276501210570929	12.6392894202816	0.311937583218141	14.0471537255521	0.350920204758338	17.4546158381874	0.399969709656145	21.0175535214677	0.449042948893959	28.0266011435185	0.520275198826932	35.0234628303357	0.499354074716973	42.1972761885531	0.609580002527822	49.0031246431655	0.669880294347136	55.9983040375706	0.75320334638479	69.5937543073667	0.831222713209333	83.9733121743645	1.01718288980557	122.427874075653	1.10104704641408	139.934599112217	1.21499066802674	174.083062168107	1.35725952362426	218.823281186063	1.36749753614637	243.604156485177	1.55483296479208	282.385175890537	1.66308304177438	317.778450706408	1.71354035462518	349.748078470617	
0.0229814741225627	0.160089635427975	0.027339284475935	0.253648048573368	0.0324638220000505	0.321964006785267	0.0408050385074255	0.399139025062471	0.0466627864562135	0.545458833143091	0.048557822566843	0.608084511548799	0.0499692356410966	0.680934279615838	0.0563059451364021	0.749958062746546	0.0869658422887367	1.45333084365234	0.105791354563033	2.15823837974145	0.12621232213431	2.8656775287735	0.165615062138858	4.26383735869	0.180738472118144	4.9517328910958	0.193564622898203	5.67021650374828	0.207272179621944	6.36945446909668	0.233536698333414	8.47817557881695	0.273213191272078	10.5857909522162	0.277233015379562	12.6995171169987	0.312651882602392	14.1141791454184	0.351729507581573	17.5379449902706	0.401442719019073	21.1167710359192	0.450104428210132	28.1597616389123	0.521645885955215	35.1909332477487	0.500295816971442	42.3977601270229	0.610532735561545	49.2369462029328	0.671444198852155	56.2640476083892	0.754644596471773	69.9287100433531	0.832970645754462	84.3746525803164	1.02070509606296	123.012617964868	1.10344247316907	140.600353160414	1.21907432780954	174.914964155724	1.36069388540531	219.822627514062	1.37040454672182	244.770202095534	1.55828282375714	283.720677497942	1.66613890524692	319.279504206813	1.71811953403701	351.409170434642	
0.0231148644823045	0.160869516183766	0.0272900774043852	0.254591623815788	0.0325926298699975	0.323094050260567	0.0407862867784463	0.400209900453263	0.0466411620598334	0.547971541330057	0.0488122610182754	0.610285168480429	0.0499991237238128	0.684460441338831	0.0564935966384906	0.753823342285914	0.087184358474405	1.4589143550526	0.106124670549198	2.1686084232866	0.126564079496386	2.87921709572017	0.166075957023142	4.28421655829977	0.181531519840919	4.97478684901283	0.194231353098863	5.6967955174428	0.207696149830318	6.39983001908629	0.234062943866787	8.51807436734096	0.274057229266798	10.6355440644341	0.277815853922558	12.7601098921478	0.313280562414226	14.1802015309196	0.352316898912422	17.6212219882921	0.402804703717936	21.2166516520124	0.451183980874098	28.2918138604949	0.52301679039889	35.3585042479949	0.501537477770565	42.5981174056286	0.611788357898871	49.4704920912311	0.673191267447321	56.5307821063802	0.756140144777933	70.2618329365996	0.834649098812278	84.7750244108366	1.02313727366258	123.597354403502	1.10660745165299	141.264915115772	1.22380509307428	175.746866143341	1.3634524807003	220.822093051344	1.37602891412449	245.933833717892	1.56101012196236	285.055851279815	1.67033468446851	320.777368858874	1.72316442715331	353.074285711999	
0.0232455658547429	0.161254428875189	0.0271121008537484	0.256294983620024	0.0326709332079894	0.324499852516346	0.0407400157187828	0.401351934706142	0.0467125291953985	0.550527264976394	0.0489764345883339	0.612461145365004	0.0500473647824703	0.687492652874774	0.0565787309249018	0.757405499776046	0.0874407613368955	1.46534513712487	0.106264272684998	2.17889325082022	0.126993195782977	2.89223791601741	0.166471946948556	4.30335663328288	0.182044355091723	4.99872183804359	0.194899920775686	5.72318966361503	0.208240702033995	6.42946609898678	0.234691672212203	8.55632657763126	0.27493403859379	10.68500194741	0.278647508091856	12.8200144199469	0.314112291482225	14.2461782816168	0.35324497368225	17.7037222633233	0.403926858548697	21.3160386671644	0.452027775851734	28.4258516617122	0.524298641716641	35.5230279609217	0.502684868646168	42.797573164025	0.61419727452429	49.7012142096174	0.674991158633427	56.7967976233777	0.757847600879793	70.5950005333277	0.836283450317643	85.175306834394	1.02501925763019	124.18158420268	1.11152501153049	141.929626082735	1.22674475779291	176.581822868858	1.36601928586156	221.82042610043	1.38250183710582	247.097495142571	1.56357220926425	286.383306260557	1.67489087568447	322.277260068761	1.72792183526844	354.744795209452	
0.0232454819163839	0.162093812409523	0.0270528307748153	0.257824215214908	0.032585976856571	0.325959555063572	0.0408182468123349	0.403480181311034	0.0466924658557287	0.55334556336864	0.0491715252332349	0.614694573208172	0.0503184209768942	0.689498663397555	0.0566773909109631	0.759881129684771	0.0877421267828416	1.47234996312181	0.106474934058213	2.18799157345013	0.127341284246327	2.90608668204416	0.166869655094274	4.32350439924385	0.182514508632092	5.02201142056081	0.195346039278495	5.75036099843887	0.208895721755466	6.45946306636779	0.235273806314466	8.59667892022757	0.275514279538433	10.7351909185721	0.279427594444034	12.879458874416	0.315071178445438	14.3138686657699	0.35453175582345	17.7871054321133	0.404716697690481	21.4166531654115	0.453034343186779	28.5601614091084	0.525676238344586	35.6896154845758	0.503675187152481	42.9966005140573	0.617654400690919	49.9340411169222	0.676842870156038	57.063021756622	0.759458162268056	70.9285034061666	0.837869631386248	85.5752614324206	1.02677081702462	124.764934833389	1.11556053168022	142.597183171351	1.22892039182581	177.417330937312	1.36855079507295	222.817015713739	1.3865945751937	248.261529096262	1.56601975685784	287.710194997201	1.67833932619273	323.77691286008	1.73208975793307	356.412086056239	
0.023145582144973	0.162921088750963	0.0273240898520443	0.257801397812914	0.0326304883102808	0.326497422928695	0.0410240389764672	0.405564044576589	0.0466941516718272	0.554677296379425	0.0493098983477491	0.617942851571163	0.0506130041374823	0.692703635262883	0.0569212726114371	0.763057405174632	0.0880369513611554	1.47882509942959	0.10680183939456	2.19766661755699	0.127813583626685	2.91928654909787	0.16726768774188	4.34495461976357	0.182951470505205	5.04525210864518	0.195768086532762	5.7772287221178	0.209314738125176	6.48935479430287	0.235764909362465	8.63784710136049	0.276346059191819	10.7847456590911	0.280048065313839	12.9388949469823	0.315713603719944	14.3811343668491	0.355626547224034	17.8713621814368	0.405788070705451	21.5168150409088	0.454083065548972	28.693562185715	0.526915016703281	35.8574062769392	0.504782420935245	43.1974495309591	0.620376794220956	50.1677509179859	0.678808635347158	57.330125058335	0.760821897172062	71.2609930000926	0.840498723966773	85.9734576935099	1.02852835518985	125.347614911876	1.11806487130204	143.265202195942	1.23115575571415	178.251259482755	1.3708952573532	223.819610494724	1.38942229730723	249.429198933112	1.56853256209633	289.048438418135	1.68152581663232	325.272274117179	1.73606576231398	358.079525914631	
0.0230438825388407	0.163556818241349	0.0274621739247777	0.259392620563726	0.0329844427525536	0.327161135750736	0.0410659452851867	0.407142257915805	0.046959854478561	0.555647501625449	0.0492618641169117	0.62080044013266	0.050883165827129	0.695696614837234	0.0571285041113274	0.766664068088845	0.0881514509192582	1.48547718701815	0.106954146167293	2.20823433430921	0.128257487165024	2.93222774131876	0.16755135809814	4.36406442676443	0.183452141198861	5.06805088418888	0.196171532917756	5.80365872420746	0.209588314737486	6.5184525697808	0.236335263433208	8.67776544765764	0.277189129204776	10.8350836418582	0.280787601386249	12.9991170557642	0.316533744460444	14.4470338177763	0.356852412964101	17.9545479098503	0.40683923074632	21.6167440857735	0.45502063794638	28.8266053344699	0.528225039018494	36.0244371101178	0.506353808209794	43.3974603575835	0.622209548317485	50.4007231116055	0.681081542383006	57.5953545391169	0.762100633809315	71.5930877132656	0.843597704189274	86.3748651546839	1.03033767494856	125.930891036783	1.12000909331637	143.93190991841	1.23346359877504	179.083444592421	1.37301696793677	224.821460217685	1.39247235064278	250.597271101295	1.57223037757753	290.3827479327	1.68521405310556	326.770585804054	1.74052989537802	359.745118029124	
0.0231927883543652	0.163796240891229	0.0274354574174362	0.260530492969047	0.0330760432349011	0.329745963226148	0.0409853283178111	0.408409118491583	0.0472545037805151	0.558191059871233	0.0493195159035363	0.624085447527943	0.0510946046771687	0.699293906318485	0.057146810298491	0.770048610579562	0.0881018662604249	1.49247037148346	0.107126637815835	2.21817899628861	0.128642432143103	2.94585671522835	0.167830011751461	4.38331905441878	0.18395816743971	5.09186386996817	0.196626368873462	5.83005752699235	0.210223750939591	6.54874336942014	0.237071135202412	8.71778717075566	0.277632932532763	10.8854067234647	0.28143464619828	13.0588409069925	0.317412864148436	14.5143153513385	0.358008326215582	18.0369476020482	0.407701161872034	21.7172132977059	0.45589711779172	28.9589388154567	0.530281475336925	36.1897319580998	0.507869764736168	43.5969868964921	0.623750677858611	50.6350103326381	0.683612014750914	57.8633481851689	0.763825249349215	71.9229174500447	0.845857743347554	86.7755946130559	1.03335621112971	126.513735028035	1.12155582740201	144.599005071051	1.23558176450642	179.916106539223	1.37526150351875	225.822877806992	1.39648652796928	251.764747223058	1.57873882971754	291.714077215169	1.68928433573097	328.272861199619	1.74469920612656	361.412170457343	
0.0231333630865325	0.164603624765496	0.0274520964731629	0.260122719219886	0.0330931572127525	0.331410178380279	0.0409196639555974	0.410216553588589	0.0473933346284345	0.561409477705594	0.0496133015085746	0.626171027919412	0.0512804474969722	0.701919246323968	0.057233111383662	0.773331464291494	0.0883583135935691	1.49845644704747	0.10752835718973	2.22890992731428	0.128804286548218	2.95985565701312	0.168328141063712	4.40424680299895	0.184137312151137	5.11485868890451	0.197078021364872	5.85645865808356	0.210741854315498	6.5791142627971	0.237824293424589	8.7577483578892	0.278150429146166	10.9354876612134	0.2820184647371	13.118728670986	0.318344590415827	14.5807642825586	0.358890332922052	18.1208336850046	0.408459883230228	21.8175036957124	0.456822180725392	29.0920210797579	0.532190034946913	36.3558649963591	0.509092597851137	43.7969008655733	0.62514677689458	50.8689585522695	0.685706177151112	58.1311406655544	0.767279046296541	72.2549749103165	0.847812260830611	87.1756386180454	1.03711369089628	127.096787635535	1.12325595290632	145.264684613446	1.23768493251588	180.748679079062	1.37747345375358	226.822730774447	1.39989000642409	252.931955123933	1.58572287606219	293.046121753341	1.69234775705502	329.77564323464	1.74829461677613	363.079312292526	
0.0230929432166634	0.16635091679972	0.0277366048771536	0.261757102949216	0.0331292040763759	0.332465686949319	0.0410549738279212	0.412264939286502	0.0473309570432915	0.564455193418227	0.0497416906064124	0.62921505560996	0.0514388810960681	0.70465151379747	0.057722352720784	0.77627333754199	0.0887691798255574	1.50525766265621	0.107851228305883	2.23913678002038	0.128892994942168	2.97317147372186	0.168821376654172	4.42408956083122	0.184348641106543	5.1388816879144	0.197510047076983	5.88358622074847	0.211204089332214	6.60882950511267	0.238543363197362	8.79753352506451	0.278661994020559	10.9857688333061	0.282727313186358	13.1788725486754	0.319348898152833	14.6467205441601	0.359987468653648	18.2043844918501	0.409348518962727	21.9169540407965	0.45786373045146	29.2266623779749	0.533575947915849	36.5234173701547	0.510238700611571	43.997869091759	0.626297919230614	51.1036592805056	0.687352170258697	58.3968171811508	0.770748901969207	72.5901541637102	0.849347947061746	87.5757720299979	1.03958510640828	127.680227673207	1.12532982235754	145.926400447151	1.24001316619193	181.581594345592	1.3811116690082	227.820810503805	1.40299200526589	254.098984210882	1.59046914224185	294.38239822109	1.69500979739977	331.276815944329	1.75153625484745	364.746245511462	
0.0231893614845465	0.166232624286447	0.0278641214072282	0.264431861256467	0.0330228711913537	0.333959470080391	0.0412182840299372	0.413979649584077	0.0474055215082166	0.566869938116528	0.0497332791279046	0.631475317183534	0.0514672850333119	0.708239841299367	0.0582297745514501	0.779309216160396	0.089060492482475	1.51274596146173	0.107934096779046	2.24832404395195	0.129385567692896	2.98600020874721	0.16923196794808	4.4427351035507	0.184810593362092	5.16232959526178	0.197924789782014	5.91073986044423	0.211851404565432	6.63856430520138	0.240245758050304	8.8357056416172	0.279164504460442	11.035644880098	0.283465318830931	13.2384827785549	0.320404969229402	14.713455391397	0.360905954799798	18.2872740596989	0.410477349027687	22.0155270800569	0.458833537198004	29.360232655282	0.534783838844865	36.6908542599566	0.511484989350486	44.1974217076985	0.627451968864696	51.3365718694832	0.688968479991171	58.663741668938	0.772747160192961	72.9256835943753	0.850625394911455	87.9753242966914	1.04224760819534	128.262743838929	1.12719899168728	146.593301884706	1.24220038050513	182.414986449257	1.38781589074803	228.81789185541	1.40616128287394	255.266251716398	1.59372415003123	295.715545445138	1.69769650138989	332.776915770463	1.7549689762136	366.412284660769	
0.023405138723282	0.166236422336141	0.0278695489514795	0.264726100968409	0.0331282662258068	0.335022982202426	0.0412759246028586	0.415103057386348	0.0474078333098743	0.5687630257825	0.0497485059260726	0.633821435052877	0.0514394872691876	0.71109533438517	0.0583312670125191	0.7830186737989	0.0891930583758017	1.5194967692385	0.108191978791332	2.25815322193758	0.129807325297125	2.99984827628207	0.169634661643996	4.46304957624461	0.185329881875089	5.18539659169423	0.198341463700824	5.93677125649088	0.212289451778584	6.66914148651881	0.241661983639687	8.87520954938833	0.279862604783607	11.0850357078517	0.284278554335488	13.298401276192	0.321429650817752	14.7803094479178	0.361645180150956	18.3710670104023	0.411158053834124	22.1160912868874	0.460319856711752	29.4923314429911	0.536033466561522	36.8570171005369	0.512654253547528	44.3964229806999	0.628625410826351	51.5688288073995	0.690231967618288	58.930047758565	0.774159881151114	73.2594397869425	0.851998810843721	88.3747126506196	1.0456641302659	128.844768266354	1.12945493047641	147.262408694012	1.24434447428616	183.247573890256	1.39337199787543	229.818296165803	1.40981155029817	256.43030057125	1.5964129019999	297.049646343457	1.70121421952705	334.275108248054	1.75927215553711	368.077608554372	
0.0233745699703582	0.167243225647226	0.0278296890116621	0.26542156606797	0.0333030102809218	0.336085999559368	0.0414221674455369	0.416961104042114	0.0474301889720059	0.570306343630656	0.0499971897498531	0.636724949456653	0.0517361263723871	0.713067642673882	0.0584707204874155	0.786832032107199	0.0895903674265291	1.52544559190131	0.108554312977283	2.26824270457045	0.130074521211841	3.01317224206295	0.170241060779771	4.48357778745925	0.185633166140929	5.20845613754644	0.198614769455427	5.96403013563257	0.212991669624403	6.70009445647726	0.242316906934335	8.91526573141997	0.28059070949131	11.1345159425682	0.285028844212162	13.357950970107	0.322217907555205	14.8467257828493	0.362408026659916	18.455117006124	0.411826283822025	22.2163481572828	0.463016281839799	29.6242011253578	0.536996592270526	37.0232916998208	0.51371557200384	44.5971304365771	0.629600001162765	51.8023560692473	0.69160059775465	59.1976688756049	0.775672245423545	73.5926595377322	0.853212001481051	88.7756432746581	1.04815911068382	129.429027867853	1.13241822491538	147.929280329246	1.24795491466703	184.073202489309	1.39688804579672	230.819326324937	1.41353065917808	257.597150844273	1.59911735677734	298.381333253777	1.70754560258239	335.771870214239	1.7649414942538	369.741948971383	
0.0232330499212173	0.168179452172805	0.0279305831183519	0.26601962065162	0.0333612578666147	0.337960489878561	0.0414365646331953	0.418508380011025	0.0475772393994139	0.573183489965291	0.0502310004481212	0.640566829517445	0.0519491105557934	0.715990889473771	0.0587029641452259	0.790428159435287	0.0900539018172562	1.53193528012363	0.10897054643583	2.27821507339513	0.130439251516155	3.02658538197612	0.170654234898938	4.50367991861624	0.185780963459917	5.23114920798295	0.199092296166039	5.99089506534392	0.213798618826748	6.72965277094646	0.242858494202725	8.95636126939552	0.28115222625957	11.1855002631714	0.285733362875821	13.4181917053396	0.323067014383625	14.9140026597989	0.363220451619854	18.5390571057872	0.412890358713886	22.3167316875423	0.4653139638928	29.7576410175106	0.537850911545399	37.1907844689744	0.514701478395638	44.7970779332694	0.630554134946389	52.0358125505827	0.693033699811082	59.4640382951639	0.777217932167488	73.9246201404609	0.854574006261206	89.1754563116601	1.04989788648844	130.012885138019	1.13544965099088	148.596956627146	1.25325976927549	184.903122622581	1.39962923701269	231.82002865854	1.41657586526483	258.763673291765	1.60190533728414	299.709950525037	1.71398827654946	337.269854075584	1.77084387398303	371.408733178714	
0.0233314011039968	0.169195641468765	0.0278755000154325	0.266606353845759	0.0334006907892076	0.339261460142015	0.0415092220492537	0.419529982619193	0.0478007686282178	0.575248173807485	0.0503155954434647	0.642720687491924	0.0522189246714885	0.71904900341759	0.0588943104833746	0.793724866569858	0.0905080632233177	1.53893160780247	0.109272812946552	2.28871480360263	0.130697995885122	3.040296545099	0.171023293961478	4.52382768457721	0.186125531154295	5.25519455873356	0.199658552720139	6.01721889666511	0.214544174528865	6.75923716244652	0.243295096765748	8.99683747788837	0.282093055684211	11.2359509359646	0.286375365792637	13.4783122999657	0.323826070060469	14.9813912954522	0.363916841871745	18.6237385381845	0.414058071298526	22.4175622526165	0.466491722371732	29.8921631064438	0.538932253684539	37.3572378821842	0.515676347412911	44.9959860740179	0.631603373511466	52.2686431831777	0.694357916326262	59.7301432191243	0.778731112802363	74.258771213781	0.856434871866775	89.5752395463411	1.05153933741903	130.596831815147	1.13819468160204	149.263679250774	1.2574054301941	185.742564597404	1.40221406517503	232.820030637601	1.419407402681	259.929569890517	1.60510684879875	301.041458621431	1.71858005726817	338.768553192632	1.77549165941218	373.074980944268	
0.0233342334829619	0.170430429624904	0.0276598220542272	0.26788351717703	0.0333721360868397	0.340591388715398	0.0417009259104999	0.421525195621387	0.0479097022169803	0.57730593093836	0.0503873412344185	0.643763594102975	0.0524538641530925	0.722971733915551	0.0589071829329916	0.796877102296903	0.0906903684099413	1.54623783305331	0.109245973779651	2.29903734969873	0.13095887069232	3.05316695680759	0.171427388500428	4.54377614751669	0.186441927143988	5.2790135981093	0.200098322827677	6.04420955491805	0.215058659576861	6.78941154676956	0.243552045067453	9.03760425901069	0.283390048770516	11.2854367586163	0.287080596752176	13.5382512866985	0.324561121730264	15.0478039050936	0.364733907437462	18.7067473153173	0.415148172773962	22.5168859378364	0.467511753554966	30.0259848408341	0.540195535370157	37.5232852387707	0.516709757021603	45.1961123846361	0.63263701730118	52.5028074696362	0.695806886111241	59.9969969263992	0.780104698666151	74.592795627237	0.858600837927831	89.9753729582936	1.05397587000526	131.178945649536	1.14065679677534	149.931027723143	1.26018092068782	186.577625631044	1.40561209336151	233.818915029625	1.42326969737215	261.09701620996	1.60827146494502	302.378122519353	1.72198329407348	340.270143134814	1.77926802672531	374.742450604981	
0.0232313991970573	0.171044273035826	0.0276601484245811	0.269167287077501	0.0334454394478642	0.341974751918961	0.0417722739015647	0.424272364255376	0.0479292143824805	0.579999373903877	0.0504997954553514	0.646994817622128	0.0523330904392143	0.725628389641118	0.059160346237923	0.800460540355515	0.0906665139543716	1.55172437049509	0.109376526370386	2.30886815749879	0.131169269055669	3.06603224624226	0.171833342261922	4.56332227912304	0.186852137992619	5.30146359336537	0.200623733843652	6.06971615071884	0.215720535619474	6.81905740555662	0.243870999103386	9.07677009670329	0.284410255970907	11.3333700666099	0.288217562545623	13.5986680418893	0.325471792677209	15.1133485221367	0.365590286725217	18.787701594948	0.416359855277339	22.6168485103122	0.468515326475467	30.1606801557579	0.541390072719578	37.6901074557025	0.517999168527864	45.396447311501	0.633877396288987	52.7364464901876	0.697482410602087	60.2629453881745	0.781256806178221	74.9269839534583	0.860463517307402	90.3752083470364	1.05626773034867	131.761685332665	1.14276524367853	150.597124498032	1.2624875756023	187.412597257721	1.40868382454573	234.81568345686	1.42805948119432	262.261869727478	1.6116469271385	303.711806185178	1.72485400384817	341.771911890922	1.78248032377571	376.407208254486	
0.0232786232150834	0.171741338845987	0.0278765523779267	0.269725149273198	0.0335877481889834	0.342246552578687	0.0416120413568638	0.425887132003909	0.0478984763776838	0.582698695842867	0.0504739845195149	0.650445658635477	0.0523069195079115	0.729268580166424	0.0593803552158144	0.803621681854257	0.0909805279410736	1.55843617914091	0.10970045978363	2.31870385474213	0.131357312830815	3.07961721516228	0.172363472085675	4.58256805921334	0.18728183340759	5.32460928655164	0.201007525323405	6.09715384378636	0.216455158991521	6.84882573325642	0.244399078061668	9.1165245302351	0.285355121869833	11.3843832582115	0.288909762238848	13.6593166963902	0.326264501893278	15.1807148060492	0.366333275783741	18.8702372602354	0.417500013234171	22.715829468841	0.469538557336743	30.2920636877636	0.542411469792108	37.8557450303757	0.519276345441516	45.5963463794218	0.635385775321634	52.9685469659188	0.699270364735684	60.5300971186591	0.782630182418762	75.2585571260143	0.862304797484395	90.7753045060877	1.05802284129517	132.345900230682	1.14481279317956	151.262833842747	1.26508486175844	188.247092047262	1.41187379749205	235.812377378292	1.43235125408112	263.427349093736	1.61588421603037	305.044685188337	1.72766798047245	343.272577961154	1.78562738456669	378.06949231135	
0.0233763517476031	0.172162820498642	0.0281403509122964	0.271548184022588	0.0337356310994514	0.343620078688023	0.0415618605002476	0.427473610830583	0.0478809128969852	0.585529508881615	0.0505737783762618	0.652951265488148	0.0525203226293162	0.732549920479244	0.0594114848533905	0.806100978845445	0.0915026661367392	1.56551190206547	0.110286902741509	2.32847319525519	0.131549019800337	3.0929500285072	0.172806156586781	4.6031521497798	0.187636879802274	5.34845952523215	0.201497352843661	6.12379246212282	0.217005643493003	6.8782559908777	0.244963000197505	9.1570975962711	0.286094829844028	11.4360651393899	0.289336025535085	13.7190573114239	0.326922630293798	15.2478370834587	0.367069795375057	18.9538029682413	0.41850542907038	22.8161794714895	0.470201427874586	30.4254514258548	0.543795878317107	38.0224256862828	0.520885128914765	45.7952880477814	0.637709288610274	53.2006511669401	0.700805968361573	60.7969061224525	0.784464963308843	75.5917694262238	0.864707459411219	91.173165491066	1.05985905671277	132.928520704528	1.14723812597142	151.929660774499	1.26787510086276	189.080186127718	1.41490935951834	236.816134449795	1.43515314649267	264.594109959796	1.62086808086498	306.378756284335	1.73031274935852	344.77366126388	1.78886023044647	379.737945448656	
0.023434059630409	0.172613129493995	0.0281120630047437	0.272483901231158	0.0339166931363336	0.345167907629685	0.0416026781860074	0.428569369995233	0.0481037541607118	0.587652633212591	0.0508738752808275	0.655588479855894	0.0525990704380972	0.734058488355485	0.0594884163474025	0.809856536949203	0.092033769799415	1.57160868859529	0.110650456213521	2.33887536942764	0.132070731608872	3.10542649078544	0.173348492784067	4.62311597954103	0.188029224280824	5.37222175393353	0.202513851139226	6.14969766396661	0.217412318959632	6.90877496453698	0.245456498612994	9.19704947017934	0.286689127164654	11.4866620298204	0.290080008739741	13.7780090962744	0.327532655312784	15.3139609831157	0.367870867856207	19.0375810177842	0.419228829836488	22.9172465924863	0.470916580760603	30.5589751370354	0.545122273027109	38.189441618301	0.522720538750421	45.9948816419122	0.64082351962725	53.4336345364301	0.702443032801031	61.0631935856289	0.786093786861821	75.9245495927792	0.867211712798705	91.573745937833	1.06162531256373	133.51042592267	1.14965779764914	152.598529165238	1.27019596768409	189.914010365038	1.41736572690009	237.818356701768	1.43801986634796	265.758337628573	1.62520232929049	307.710651810902	1.73266022970541	346.273582276088	1.79310278532101	381.404699853666	
0.023370130102424	0.172988379714165	0.0280122223170201	0.272720340738559	0.0338733792353989	0.346296932470967	0.0415691277500113	0.429834426133609	0.0481472479495094	0.589272203092922	0.0510263922225166	0.658370165631165	0.0528509202347703	0.737134588465672	0.059528713321975	0.813885671046259	0.0921007899082662	1.57898115416109	0.110790649973443	2.34892829765119	0.13231738156383	3.11957374568317	0.173733843681992	4.6440544383303	0.18833845779454	5.39490597680599	0.203250611174815	6.17628925051528	0.217802628923259	6.93923992148951	0.245835771437824	9.23784139700999	0.287221168335875	11.5368165420489	0.290717073510678	13.8374889409997	0.328229478775213	15.3806678906767	0.368542269355479	19.1220389327742	0.420064679672157	23.0170489774869	0.471852719253026	30.692714915043	0.546544973461938	38.3551909516777	0.524653944777796	46.1944938624936	0.643616481325769	53.6665210483769	0.704475729430369	61.3317348493287	0.787474802910262	76.2570317361249	0.869134821422032	91.9741028671928	1.06335090516549	134.094238489354	1.15201783606706	153.263463649609	1.2721883728068	190.749175706801	1.41954118856828	238.819297453939	1.44381512040733	266.922952727524	1.62919869149274	309.042636744432	1.73505091403099	347.773473485975	1.79770224236109	383.0721993167	
0.0233721749710265	0.173003324530395	0.028038291485319	0.273508385118405	0.0339102683755188	0.34802462307631	0.0417328476262768	0.431999867432059	0.0482026862675867	0.591954528395733	0.0509991331702961	0.660386013248172	0.0531211329390656	0.740754289895311	0.0594447150279107	0.817133483747985	0.0920639931189555	1.58656177031244	0.111168870448909	2.35817959000672	0.132442000935619	3.133030192094	0.174132498994413	4.66382548432773	0.18901143149445	5.41816715398603	0.203918266888929	6.20270807673457	0.218217570448194	6.96895283549876	0.246320738618367	9.27670362355769	0.287799154449606	11.5868164547374	0.291264005639315	13.8978954516427	0.328962172982347	15.4479177592729	0.36916753677809	19.2039953154477	0.4209714073236	23.117479073873	0.472566186087201	30.8271829872694	0.549228360719973	38.5219423880972	0.525999958545811	46.3949666250931	0.645479546287632	53.9010653144278	0.706149892286863	61.5976572340732	0.789551487039884	76.5904675537417	0.871074836163655	92.3736551338863	1.06511380493151	134.677872242112	1.15468021143862	153.929098488522	1.27403189944976	191.581554531554	1.42170767896907	239.819001409789	1.4498315473446	268.090458651608	1.63247586269308	310.376976061318	1.73786375291086	349.271874579813	1.80169821390224	384.740056407586	
0.0235219756274767	0.173389284959665	0.0282334607658605	0.274955456603813	0.0340844788293625	0.349876179578192	0.0418458690051977	0.434106984657043	0.0483474776905935	0.594684351147593	0.0508642016244798	0.663649309186966	0.0529737255327968	0.743720668569887	0.059604649869523	0.820769483321905	0.0923760953841695	1.59306403138892	0.111611136540264	2.36816848980631	0.132850860685495	3.14625380787224	0.174738960109705	4.6837339003984	0.18970801759773	5.44177292050231	0.204741332576084	6.23026311644093	0.218603778838088	6.99950626809167	0.246790572383287	9.31683338006923	0.288605970868611	11.6358924954758	0.291910139093996	13.9576379293215	0.329810005255075	15.5142977726258	0.370174238322599	19.2869407626484	0.422184553348021	23.2164488565314	0.473180447832209	30.9600789870645	0.551590826863597	38.6896623999483	0.527195157628987	46.5960987640441	0.646887530725538	54.1366675628732	0.707473519440745	61.8628345607934	0.792374060389913	76.9228677407047	0.873097125903326	92.7735501272711	1.06707096526335	135.260671529883	1.15754582311375	154.595090955287	1.27578997233355	192.413545926133	1.42386238617184	240.818303034307	1.45353567340375	269.257070506063	1.63524193959298	311.710898145711	1.74341571513417	350.763927779285	1.80533699244326	386.405529312795	
0.0234710997117242	0.175105144858488	0.0282265258119882	0.276092892451697	0.0340634117829801	0.35136286137497	0.0418942340272583	0.434762693926089	0.0484637197692507	0.596416785677074	0.0508047817481292	0.666676514864308	0.0529142697947055	0.747106491629084	0.0600695993714408	0.823339875298096	0.0927540601286461	1.59918829193338	0.111745518506789	2.37949593291269	0.133154662271934	3.1595926748136	0.175206327068899	4.70305698025873	0.190139430301683	5.46593561789175	0.205183815102418	6.25741442783036	0.219034181959257	7.02921731945585	0.247342306399515	9.35650585721836	0.289036154314043	11.68599019703	0.292677149942037	14.0182344297607	0.330662453639798	15.5799914012737	0.371147584613041	19.3714731834409	0.423888158361449	23.3152789408103	0.473847290638377	31.0923975668908	0.552874297495194	38.8561828683803	0.528415750162279	46.7956811823045	0.647977902319291	54.3697142622953	0.708970700640678	62.1296063116856	0.794448567640323	77.2553349828899	0.875279474044925	93.1735717805199	1.07069068936482	135.843396311852	1.16041542767727	155.262081799804	1.27778858868518	193.245716134639	1.42631520796198	241.81960141433	1.45628789702604	270.424844651036	1.63893120428146	313.044313590648	1.74941421716735	352.260749350111	1.80886243756574	388.072015496916	
0.0234536824399407	0.176473868836027	0.0282014385807361	0.276854161308796	0.0340818105814462	0.351547554274276	0.0419224798681313	0.436521380109395	0.0486544852269577	0.598701087013464	0.0510512281567305	0.669216813481236	0.0530912047323384	0.750134919667247	0.0601732058736422	0.826372552495304	0.0928111126455692	1.60505539104414	0.111875061652991	2.38918937063952	0.133536929942076	3.17270988699274	0.175435313329935	4.72331091698817	0.190547321219953	5.4888475491229	0.205698669047293	6.28389984361057	0.219670156541483	7.05867179146292	0.247841739441115	9.39622862578413	0.289338110554602	11.7359724145904	0.293272751213213	14.0785291817	0.331674417762246	15.6466908582545	0.37207923161031	19.4546309721785	0.425445007329801	23.4151092654868	0.474667077511144	31.2255003202876	0.554052050915842	39.0225878528184	0.529441917713481	46.9954684915216	0.648884637939209	54.6019413978906	0.710375194592124	62.3955659493313	0.796160875461325	77.590007596827	0.87719939496644	93.5739734133611	1.07592210215688	136.42548034392	1.16302218231085	155.929132248963	1.28059192605574	194.079704284724	1.4288864071148	242.819469282946	1.45866411909399	271.591873737985	1.64396413239434	314.374331570993	1.75298439270639	353.766422210267	1.81222894884084	389.731676949535	
0.0235639364534894	0.176696062019096	0.0281790226125538	0.278187640549325	0.0342707957636608	0.353444716476318	0.0420403008557884	0.438380881956615	0.0488754935721827	0.60096350227039	0.0512169729116319	0.671597099245912	0.053258094073956	0.752438022077219	0.0601389261858717	0.830382652688146	0.0929531449774163	1.61150188918411	0.112041516769813	2.3992453256613	0.133933479825196	3.18625038526194	0.176013113580819	4.74333714535893	0.191171686778954	5.51161046874918	0.206112074611754	6.31078246844999	0.220038111148566	7.08986411131167	0.248192852109658	9.43667875724613	0.289898329390975	11.7862936335519	0.293567751725574	14.138951524826	0.332777752761104	15.7137237287011	0.373071437863967	19.5370101752807	0.42676604539547	23.5151835966662	0.475434064703506	31.3590929493355	0.555262518820252	39.1869923564614	0.530494759006857	47.1922718433514	0.649962698571901	54.8353159228434	0.711728436334209	62.6624569095073	0.797715890617414	77.9241810218878	0.878852417935329	93.9739876160297	1.07929566190951	137.009665439616	1.1655685747559	156.594990605284	1.28457279356547	194.911799987427	1.43157968121376	243.817310593736	1.46098419686935	272.756459034614	1.64776666493626	315.707389388078	1.75580232198592	355.268488989585	1.8157406752849	391.394378238892	
0.0234703995652357	0.177559136070296	0.0281851988994098	0.280089401156362	0.0342981613650005	0.354910850969769	0.0421599601374241	0.440047338105585	0.0491016870121991	0.603670915073863	0.051312718536147	0.673657766759695	0.0533363021652941	0.755933159118419	0.0602579115945025	0.834240365231955	0.0932861070522746	1.61858983571689	0.112336887573181	2.40821628993518	0.134125662031167	3.19937830765017	0.176487724739545	4.76297780620211	0.191773270872228	5.5348143695936	0.206521932395993	6.33676310741874	0.22035395514336	7.11920309932497	0.248790882811469	9.47722667757381	0.290643058119362	11.8377901815468	0.29414248463058	14.1987461565665	0.333619175823197	15.7805312190954	0.373775602220475	19.6212576113789	0.427878083466983	23.6156937867899	0.476331372029955	31.4923354011119	0.556265879480663	39.3510951116044	0.531354831139832	47.3909117632111	0.651023935042684	55.0686755466356	0.712980269789319	62.9293441443933	0.799123628726205	78.2577434993687	0.880592934935037	94.3721764265387	1.08120494114906	137.59379093067	1.16790076182663	157.261042676691	1.28859650269372	195.742942015859	1.43500491377509	244.816999648426	1.46300155595939	273.919613819837	1.65082334327551	317.041132658545	1.75860906437582	356.768737827324	1.82026793653641	393.065334771159	
0.0234046213502935	0.178231361762342	0.0281737387451789	0.28100410540034	0.0344503624835634	0.356303294568003	0.0423746513157898	0.441816792705649	0.0494247729364582	0.60606534529947	0.0514190988836916	0.67623683167695	0.0533541335627539	0.758381256804839	0.0603431203517965	0.837077813943732	0.0933952873876715	1.62613820482562	0.112530675587371	2.41779168253129	0.134645008274535	3.21277305394337	0.17678583897765	4.78316794733822	0.192157502820999	5.55784737275369	0.206890348519984	6.3633402584682	0.220854810157386	7.14925361775147	0.249673118035446	9.5179003264431	0.291382677542248	11.8858101025357	0.294867958739071	14.258616225432	0.33443329765289	15.847502622255	0.374480326936317	19.7044489277276	0.428624562968254	23.7156209690095	0.477099855470617	31.6268817044308	0.55725503520167	39.520823054831	0.532223754344294	47.5942641750745	0.65210268375687	55.3019904669464	0.714200512459565	63.1960898182546	0.800765655598611	78.590367203739	0.882227755343858	94.7723172890714	1.08284063384603	138.176202788269	1.17061767111765	157.927035143456	1.29298401566407	196.574024439649	1.43876113237325	245.817389057659	1.46509321347334	275.085570023231	1.65351133476108	318.373743440815	1.76135467988568	358.270894013604	1.82825783906961	394.729794397455	
0.0233925823296055	0.178113520358419	0.0283242712101723	0.280893190707738	0.0345197299735139	0.358391843550039	0.042358394099408	0.442953646476952	0.0494981876749308	0.608608670714621	0.0516337076050835	0.678830855962349	0.0535230762887533	0.761751014550387	0.0604187336401922	0.840373007679191	0.093536249552752	1.63305455518217	0.112718025892455	2.42807953686313	0.135205763884538	3.22589422424326	0.176980606171287	4.80455204395828	0.192502084531783	5.58175255946349	0.207226511668388	6.38957654547153	0.221329285214947	7.17935023664323	0.250762854304446	9.55721145045044	0.291874509670298	11.9333299033258	0.295619426741716	14.3177533434661	0.335286161296887	15.9135911316558	0.375477941729425	19.7873124185457	0.429487199870589	23.8158536250192	0.478150954573848	31.7592524383188	0.558487191411554	39.6888969692437	0.533156015077184	47.7940663854521	0.653230617828236	55.5345789556835	0.715637903695931	63.4627684368937	0.802761465480086	78.9230952162327	0.884020783127702	95.1729051864188	1.08458894891423	138.760164366558	1.17303635581463	158.59667839454	1.29637697233365	197.405345282007	1.44278041547807	246.81557309514	1.46742650749604	276.254417051759	1.65619095005945	319.708261571628	1.76420300396017	359.769146095838	1.83598453404498	396.397889906909	
0.02361829695777	0.178787841526158	0.0284287713833279	0.281810368777188	0.0344864838617223	0.358887394447688	0.0425098336347541	0.445140711920404	0.0495984929267261	0.610547800638189	0.0517366493204986	0.68169019075359	0.0535999034440781	0.765413091155157	0.0604758974778149	0.843990031556554	0.0938288827581467	1.63870605312715	0.112891483096954	2.4386004546582	0.135786129626451	3.23845543687176	0.177360637284805	4.8241186646603	0.192864439480391	5.60527683525836	0.207726266470311	6.41698676452441	0.221676888694957	7.20941751887529	0.251949921966736	9.59636797491774	0.292319562780794	11.9847975803222	0.296370617358663	14.377390581699	0.336143074081156	15.9801155000009	0.37654422504907	19.8701591455581	0.430087910680055	23.916002462001	0.479500574824593	31.8918280631635	0.559588325118791	39.8552497996201	0.534319720605575	47.9940846626568	0.654109690731626	55.7683111084879	0.717232434729341	63.7292011863848	0.804569053916246	79.2553836444921	0.885651011359518	95.5734930837661	1.08638956290815	139.344096142526	1.17501684138807	159.264548407526	1.29854709873439	198.241359989918	1.44621319370806	247.812565039782	1.47056990324804	277.421297127103	1.6593033161919	321.039918679627	1.76699525403945	361.268798887157	1.84026230589324	398.067177509201	
0.023813951045555	0.179934314112971	0.0285557614716761	0.282928334163422	0.0347098681854655	0.360127392189231	0.0427204633502862	0.446597533188551	0.0498911571116975	0.612478897904932	0.0518600311508599	0.684784684483752	0.0536939625278065	0.768423009158029	0.0606358592637536	0.847356587880904	0.0941209496670268	1.64547304263289	0.112801642865193	2.44910856676848	0.136243718766703	3.25323855222711	0.177843400880482	4.8440894793405	0.193365547785062	5.62824697414765	0.207997681709931	6.44496089936944	0.22210309813459	7.2401381238624	0.252703567811954	9.63600040519806	0.292974401476416	12.0347946990431	0.296975198279143	14.4388383109309	0.336880316786265	16.0473551240493	0.377462657737304	19.9535832925395	0.43070505199884	24.0155552525635	0.480803233908555	32.025625583168	0.560496107009851	40.0224445455641	0.53552448651948	48.1950454382622	0.655100918461938	56.0014472148729	0.719362714767861	63.9950676917775	0.805985054218356	79.5881787122079	0.886845867299572	95.9713242664234	1.08804412253579	139.92883258116	1.17703178468032	159.928901746637	1.30052724206987	199.076361418916	1.44879642043794	248.810391449411	1.47790247753865	278.583170412523	1.6623933162576	322.372410252613	1.77062068173393	362.76764701581	1.84334755557894	399.733663693322	
0.0237704831358816	0.180329689630946	0.0285969734881452	0.284628259715827	0.0349075384163722	0.361576064385237	0.042875412245891	0.447797047503852	0.0500371064335128	0.614998416387901	0.0522034450646464	0.688535527767199	0.0538953844258211	0.771008535125338	0.0607904238665575	0.850125293348407	0.0941538584392195	1.65289836075229	0.113092184525258	2.45862249207757	0.136569116870959	3.26661723320665	0.178306226233489	4.86335388588141	0.193908413404304	5.65201153115536	0.208356234394417	6.4701280281079	0.222509973789009	7.26865521974264	0.253450329116954	9.67626613479904	0.293521476225477	12.0846800590604	0.297762050427908	14.4988369023056	0.337858626065636	16.1140899712862	0.378340159997357	20.0370391044868	0.431422417983826	24.1155792923263	0.482502284285971	32.1586333416667	0.561601922804554	40.1897249731808	0.536844709701062	48.3942180746093	0.656441618414701	56.2345944971283	0.721827340784396	64.2621411911695	0.808523065249548	79.9194836638752	0.887945659436366	96.3693715159079	1.08973432233014	140.511870287499	1.17903252649653	160.594298166983	1.30253569448012	199.910215458557	1.45112350546127	249.813954805828	1.48487392755938	279.75013989483	1.66643935618982	323.703292500267	1.77627009452488	364.267448818734	1.84627044853904	401.400269086728	
0.0235900799544222	0.18128825334534	0.0285435079470235	0.284955532273768	0.0348277900819223	0.36325154272122	0.0428886086444258	0.449983530870722	0.050046882922413	0.617277944696322	0.0523949197390481	0.690548872454906	0.0539378443184997	0.773872119075625	0.0608468957693402	0.853840455337409	0.0943547259587354	1.65875393474674	0.113659009765316	2.46789078106928	0.136958909944755	3.27951372194609	0.178908630199136	4.88290653674548	0.19460284023037	5.6744727022818	0.208805643789581	6.49622275408661	0.222903982453684	7.29851295440536	0.25423350085063	9.71622545928753	0.294199951538855	12.1347796232597	0.298368377563669	14.5587386361371	0.338813755150983	16.1807056092392	0.379230429642204	20.1201503270979	0.43228419251638	24.2153406991356	0.484041311279187	32.2911642630299	0.563539034881735	40.3545504346075	0.53811116987709	48.5944188910299	0.657632468311628	56.4678498127971	0.723811347278604	64.5287304028457	0.811506014658174	80.2533814174671	0.889533923506865	96.7712334624767	1.09210230429527	141.09282183137	1.1809676699551	161.260841976686	1.30437486762658	200.745201986395	1.45334898039748	250.814984964962	1.48829662338408	280.920715457975	1.6705013808247	325.033489294538	1.78081358261731	365.767042005411	1.84916918747349	403.062851166802	
0.0237226245932296	0.181430396446539	0.0287612342969368	0.285931849323897	0.0347255986108666	0.364258447895706	0.0428563223856943	0.452249234860334	0.0500420557960025	0.620074473424421	0.0527007948279063	0.692247662957978	0.0540326994894909	0.776879243110905	0.0608490945841057	0.856863411855707	0.0946489755137517	1.66529496212355	0.113939071165111	2.47761541810088	0.137250648200076	3.2929778517678	0.179354001693933	4.90390553149922	0.195140232210713	5.69840396602244	0.209252798307266	6.52212888725293	0.22350674245812	7.32814763732205	0.254742860754804	9.7567240195211	0.294954844151415	12.1846817470825	0.2988835753528	14.6181653954781	0.33941731144782	16.2478521010345	0.379947402175435	20.2036452545916	0.433197435587066	24.3165549690922	0.485166139189058	32.4252113774726	0.566530649071342	40.5199458654227	0.539751200904996	48.7946606856418	0.658606267376006	56.7024685846505	0.725550238244543	64.7953866697441	0.813575299150523	80.5880540314042	0.891523044256986	97.1708527843924	1.09422405634646	141.67588934003	1.18286858815298	161.928577879227	1.30643893779458	201.57767021811	1.45625390450205	251.815448879997	1.49173357257696	282.08518154532	1.67369929906399	326.364550356118	1.78407521243015	367.265890134064	1.85253916562598	404.728771106824	
0.0238833154039328	0.18205417881509	0.0287533579913072	0.28738785568483	0.0351318301946381	0.365110200557397	0.0430364795262779	0.453751079752059	0.0502128669806479	0.621812670512059	0.0529944973880737	0.695163692008256	0.0544340549039891	0.778744216477991	0.0607842071573777	0.859996439055563	0.0950079685566772	1.67241608702147	0.114181271304455	2.48851235736759	0.137517330018908	3.30689530283116	0.17973216669312	4.92394340140161	0.195564491239689	5.7213438369295	0.209755705420744	6.5498483053859	0.223912457021038	7.35918070101811	0.255104531332639	9.7961869491009	0.29581161376814	12.2344478978159	0.299530859738832	14.6777672434548	0.340000958512684	16.3140020777224	0.380458807298861	20.2873562489122	0.433932787375522	24.4163461782224	0.486009500839761	32.559034974508	0.568726698545748	40.687457261027	0.541266969173243	48.9937960690877	0.660066066673083	56.9337867494561	0.727109304199901	65.0617672651736	0.815339607612084	80.9211322211693	0.893302046398492	97.5707254260364	1.09643669379306	142.25959759859	1.18475552094166	162.595196194733	1.30915248552895	202.409154973233	1.4622478660123	252.811978888664	1.49477237941823	283.252031818343	1.67640745019671	327.700200975127	1.7873640138353	368.765870750914	1.85584327272958	406.398565348574	
0.0238730046807508	0.182843256380869	0.0287985751168649	0.287690215365084	0.0353011462602106	0.36815716773468	0.043106559000697	0.455540994343962	0.0504179372068012	0.62429470326318	0.0530660504476389	0.69813391238827	0.0545127814233154	0.782739415510347	0.0611806560996938	0.863177662196367	0.0952279121542638	1.6796416364581	0.114443548569952	2.49872687005017	0.13784933518455	3.32014173601139	0.180151763946196	4.94347882279886	0.195967848793977	5.74411467279729	0.210058565189748	6.57715281933158	0.224474687560766	7.38938488766213	0.255574292268133	9.8370449998312	0.296676030363949	12.2850513075041	0.300824338342593	14.7373867865596	0.340740478493578	16.3812063115146	0.381292656607087	20.3707841211837	0.434788128258956	24.5145057102794	0.487117609640911	32.6920166559759	0.570299515284075	40.8549835577918	0.542477770854893	49.1935163230826	0.66327276674713	57.1652166729655	0.72853710848897	65.3288184128249	0.816478166580909	81.25438177428	0.894826799321669	97.9710525530752	1.09893125522642	142.843499572237	1.18751531357445	163.259817754733	1.31194207766094	203.244171303392	1.46932380733553	253.811697745676	1.49776655843411	284.419507940107	1.67903237958377	329.035881396458	1.79049721416001	370.266626228109	1.85929455827088	408.065409160547	
0.0236938030873157	0.183154623696221	0.0286842858761288	0.289166769029343	0.0351413525750804	0.369930813286131	0.0431728114261753	0.456947873441417	0.0504225989710602	0.6276992691883	0.0532595122064415	0.700740043866564	0.0544046293771694	0.78650865241377	0.0614413390457209	0.866598002396846	0.0954941571726306	1.68542154049696	0.114465271936803	2.50886687693031	0.138155049474732	3.33254345965656	0.180487166489278	4.96367874282154	0.196211391190327	5.76887388226744	0.210345150818497	6.60348968916819	0.225248457761843	7.41876764783436	0.256242367100674	9.87746253500463	0.297465005837979	12.335185330637	0.302488234369089	14.7967492846461	0.341398189027121	16.4479597852021	0.382366601713846	20.4543200268687	0.435582765158472	24.614891103184	0.488230697193605	32.8252330307214	0.571619977416874	41.0222081060567	0.543614309764831	49.3946261102929	0.666407247190752	57.4003420842753	0.729735659017853	65.5964805080561	0.817753141559706	81.5877132837734	0.896576995917803	98.3724898165702	1.1014181798321	143.426462772774	1.19170394473908	163.924215797326	1.31568816589691	204.077563407057	1.47342449643876	254.814367032463	1.50121630313773	285.583348178711	1.68170253161449	330.369535259962	1.79323475150589	371.767709530835	1.86430294642927	409.731776135384	
0.0235404298730927	0.184388189491539	0.0287777781627589	0.291023447805143	0.0350998025263492	0.369337473522791	0.0430780687545808	0.45850009706127	0.0502807348899022	0.629802079046582	0.0534338186796414	0.703905143486061	0.0545193619390884	0.789693833675327	0.0614541299172998	0.870566018452846	0.0957617214152478	1.69165162256394	0.114605127895841	2.5188872088653	0.138391295305041	3.34614007010821	0.180958114057818	4.98357551736058	0.196677551004119	5.79117346893486	0.210905431628593	6.63045380472902	0.226045397074205	7.44838044467158	0.256814966037178	9.9176695912862	0.298117148459514	12.3848583491173	0.303446002604347	14.8574370546932	0.341929991541091	16.514143289501	0.383190458314992	20.5376305525013	0.436450397576156	24.7151908144158	0.488941280813153	32.9589746713741	0.572586671069236	41.1891830598835	0.544614768444423	49.5945698816951	0.668232059599899	57.6331503651296	0.730801399347118	65.8621085948809	0.819437928839307	81.9201954271191	0.898944537245333	98.7714013333628	1.10509403753343	144.007190799237	1.19536975380148	164.591787787102	1.32035540064282	204.90812429023	1.47608758137878	255.81396668019	1.50442949699996	286.743463127195	1.68471389615107	331.701669205097	1.79596242448095	373.267392124475	1.86972430776818	411.397517261481	
0.0239601542866478	0.184462113217388	0.0289880936442346	0.291075136205579	0.0351212959147422	0.370408581744216	0.0431063155209554	0.460249528226931	0.0501387059384559	0.631279855071662	0.0535231693311153	0.706250912109456	0.0547340344735397	0.791649727404442	0.0615113207923811	0.873912667758109	0.0960283901751991	1.69887845256905	0.114968648077437	2.5284854188634	0.138538852060508	3.35987009251234	0.181401270116649	5.00399150421031	0.197162682475803	5.8147503644527	0.211468897905328	6.65739556854912	0.226729928853995	7.47884260765652	0.257122003882229	9.95776302621906	0.298905153996004	12.4355968005724	0.304044953851562	14.9183380975998	0.342685924336176	16.5809284281546	0.383764202941196	20.6209503913592	0.437332159944309	24.8151627001169	0.48986498695535	33.0919824298729	0.573354408657263	41.3561989919016	0.545422647208363	49.7944577737455	0.669558645993471	57.8664615601503	0.731958397117703	66.1292044460137	0.821074353457165	82.2542719946367	0.90091401743258	99.1718849225867	1.10866338004625	144.588961906935	1.19788345983341	165.261639654433	1.323497979538	205.742112440315	1.47821757725246	256.814818025398	1.5074335356544	287.907839807577	1.6892882362773	333.033713743268	1.7996824902886	374.765733613671	1.87393963740625	413.063675620072	
0.0244700853491765	0.185143040954326	0.0289546011219513	0.291761055249204	0.0352543183569535	0.372593900957923	0.0431356872231397	0.462118285091796	0.050193747548041	0.633381791815072	0.0535561200011883	0.708709778212633	0.0550562528489899	0.794761567016732	0.0617063789748688	0.876470719710772	0.0962678906214003	1.70607687723699	0.115006754619137	2.53850272400017	0.138937398419838	3.37163572286926	0.181836825995356	5.0231022425337	0.197356311488475	5.8384213235461	0.212320240164093	6.68412825046115	0.227258070990884	7.50887030868103	0.257642009333149	9.99639801006934	0.299781830609528	12.486381818154	0.304588985908634	14.9781867460471	0.34358052620263	16.6480022767926	0.384349808251457	20.703897701205	0.438379407880293	24.9155592688919	0.490843031549859	33.2227550142987	0.574137883830239	41.5227269109138	0.546184791825927	49.9946660407464	0.67076629583792	58.0999739208375	0.733419522388168	66.3950113467644	0.822151071256462	82.587476844266	0.902515063602769	99.5732551308595	1.11123064741175	145.173400322359	1.19981719136621	165.928660301271	1.32580515476494	206.576428415931	1.48021565765104	257.816056800779	1.5102635019643	289.080352521585	1.69472125563322	334.364595990922	1.80603007858379	376.259604754722	1.87769568413969	414.729714769378	
0.0245447549022142	0.18650690459241	0.0289378680492095	0.293108999092784	0.0353389947906365	0.373933375587242	0.0430587462587357	0.463004904140718	0.0504317857930633	0.635875466097823	0.0536693226649589	0.71127778367484	0.0550576418220222	0.797924862198826	0.0619843519187159	0.879795075482964	0.0966255794692936	1.71259753193345	0.115152757769933	2.54844203087502	0.1393811570211	3.38602628577806	0.182257831122951	5.04220133932547	0.19771637863735	5.86208622904306	0.213190706957353	6.71060947528998	0.227821664329118	7.53908893082427	0.258130538589717	10.0360192644793	0.300418587071959	12.5353023280298	0.305371130824222	15.0375091972647	0.344248709522578	16.7146197773906	0.385146384481829	20.7871635233561	0.439316441050698	25.0153411647968	0.491513312900846	33.3547941973659	0.575100731129089	41.6895118749443	0.547164567324111	50.1945315810561	0.671964684456413	58.3328753339448	0.735142424795189	66.6601178929723	0.823528509675791	82.919355490612	0.90408313300839	99.9724274179607	1.11337795025127	145.755618464872	1.20148825774347	166.593892808851	1.3279500134994	207.410461269497	1.48266339202175	258.813659693001	1.51294879725956	290.248931329224	1.69851039784614	335.699680365833	1.81189080409024	377.756307116265	1.88113808510226	416.399002371671	
0.0244742337553365	0.186859977694825	0.0290616574030494	0.294401994907071	0.0354580693908704	0.374625435538802	0.0432177321146583	0.464762076924913	0.0506091410467626	0.638111338662632	0.0537344998261338	0.714342358668714	0.0550963733670358	0.800555266270568	0.0620901516739437	0.883632589969394	0.0968431223413774	1.71881923209765	0.115593142547482	2.5579173062991	0.13977818169829	3.3993663168726	0.182842874595478	5.06255492756566	0.198116884027886	5.8860938612312	0.213739673146925	6.73703295812192	0.228350635866968	7.56991756922491	0.258470670639114	10.077136222873	0.301120374268376	12.584204211455	0.305973108709743	15.0977024350483	0.344661856505282	16.7804680055786	0.386151268154517	20.8700977946865	0.440379169023103	25.1155514690657	0.492275808630008	33.4901004598696	0.57585324362152	41.8564383999995	0.548124953102426	50.3950266953963	0.673205369925016	58.5679970199646	0.736767324063404	66.927549020216	0.825578066171543	83.2512192357975	0.905361450119667	100.372382015987	1.1151798626602	146.335661037953	1.20332702307562	167.260153496505	1.32998408375321	208.242795390768	1.48578036250282	259.812782503593	1.5158499020799	291.414917334939	1.70123148754075	337.033274624695	1.81521147532486	379.26046005805	1.88393320895759	418.065458753471	
0.0243497740893449	0.187722629740504	0.02902536745841	0.295777296349981	0.0355806918353559	0.376218841076795	0.0432391161133927	0.466927081665926	0.050706610834584	0.641120267135316	0.0538515336221122	0.717252566953177	0.0554146222026461	0.80357211098476	0.0622119984605995	0.886161363470009	0.0971574150292713	1.72501776561391	0.11577346172654	2.56916744963546	0.140234359014636	3.41235151408305	0.183184598618609	5.08320467637051	0.198593947254181	5.90849868734455	0.214236307861055	6.7638117404992	0.228887004108424	7.59953874796492	0.259046958590912	10.116832914408	0.301807486987476	12.6343317153302	0.306445223723099	15.1582207043949	0.345232726499598	16.8470594291459	0.387281598952696	20.9536635026924	0.441622727240754	25.2150800452424	0.493188831320628	33.6253508430215	0.576667136948192	42.023465507888	0.549246404379982	50.5946724435888	0.674513304599104	58.8013789954976	0.738272955714782	67.1939445168059	0.827540112245199	83.5850722859079	0.906741196007016	100.772135448347	1.11683241107346	146.92231972629	1.20508700684727	167.927516870034	1.33254196484203	209.075710657298	1.48902154632815	260.815779615911	1.51886050862487	292.581827212604	1.70382599776713	338.363918453781	1.81779945145588	380.76103672132	1.88697904463528	419.730454821544	
0.0243733467470683	0.188464675518499	0.0290249116080224	0.2957883267012	0.0355075503527436	0.377764167089157	0.0434101500180113	0.468711815776254	0.0508623832725495	0.64317930483467	0.0541401133929695	0.719100543684083	0.0555720443432228	0.806187148234751	0.0623350996281706	0.889788748310523	0.0976738031360287	1.73161409026596	0.115855786487761	2.57924435941417	0.140498998591486	3.42622775412445	0.183534574031715	5.10319504882386	0.199130990890778	5.93136591509423	0.214658399632541	6.79023429200861	0.229396061245461	7.62942255965848	0.259482319101402	10.156087227741	0.302347173833929	12.685336525029	0.30690917600839	15.2185117310441	0.345747145982442	16.9142692508733	0.388288580528439	21.0383561109601	0.4428182055462	25.3133755503888	0.493933101261957	33.7587423064028	0.577380797971818	42.1900977350236	0.55048747432769	50.7941170261147	0.675559151558021	59.0340196382964	0.740296449232694	67.4612936876669	0.829687204728346	83.9192829638699	0.908278323966247	101.171493999955	1.11846882402039	147.50662403127	1.20692352675487	168.593494435639	1.33557070341724	209.911233626913	1.49198651198435	261.816094519342	1.52149719065695	293.749958985429	1.70621020908085	339.696618643014	1.82059339535481	382.26194121012	1.89180567988424	421.395361482654	
0.0243899212053874	0.188702875807558	0.0292546487362666	0.297164908712589	0.0355709045693023	0.378594557540307	0.043583513180769	0.469941336139331	0.0510338313275866	0.645370008256756	0.0544265448558443	0.721967969339807	0.055756599721613	0.809181350169923	0.0626824098201801	0.893230334306226	0.0980712699906347	1.73825861085896	0.116100769039162	2.58846515095683	0.140856258766142	3.43930887755553	0.183986433713302	5.12297680503039	0.199446463183096	5.95532698115585	0.215099560617962	6.81695859201787	0.229837867369669	7.65879041867022	0.259950338160998	10.1961741434161	0.302896570282863	12.7347422539431	0.307377751111198	15.2780493177662	0.34665039028376	16.9813207477705	0.389378893559639	21.121921818966	0.444047466230618	25.4126340430316	0.494780008745841	33.891213623124	0.578627058296702	42.3558284419498	0.551606413318938	50.9938745330109	0.676610426800428	59.2669471284345	0.742652515932812	67.7293879165522	0.831906333557633	84.2516309967712	0.910835017095424	101.570636484735	1.12022578822897	148.090496202596	1.20851167116175	169.260306466231	1.33861245953049	210.743910474876	1.49438134069015	262.815247132254	1.5239545723303	294.914842305268	1.70881569460037	341.031196378469	1.82310982713994	383.764007989438	1.89706186660647	423.062115887664	
0.024496236114426	0.189662589123201	0.0293319946892004	0.299049614475787	0.0358142528809655	0.380283510949152	0.0436642439819525	0.472083610789837	0.0510895302500942	0.647720026039196	0.0545392547102727	0.724916594678649	0.055882795183708	0.812561236047988	0.0636297542304726	0.896721047565406	0.0985572444446027	1.74544760588628	0.116421166891424	2.59841353822635	0.141280121383495	3.45257044472688	0.184486441433342	5.14331036983618	0.199847488839528	5.97867942794387	0.215712635706791	6.84348684863448	0.23034231598499	7.68928471228246	0.260375545683791	10.236913916185	0.303421352446522	12.7847272654712	0.307622265167994	15.3385666557903	0.34802075138523	17.047459548588	0.390287428163167	21.2042823956177	0.445354159079337	25.5129151278128	0.495740959839949	34.0246646911473	0.580630362321601	42.5226655600421	0.552798363847105	51.193386170759	0.677930419357396	59.5002583234552	0.744306486118038	67.9948744423524	0.833679752350525	84.580007870403	0.913558946981554	101.970881655391	1.1220978571618	148.673831932145	1.20992440528026	169.925896601662	1.34117544714832	211.575782660171	1.49666340695381	263.814250733562	1.52650455557045	296.081394555081	1.71154036266915	342.36538668375	1.82566981159092	385.262558094881	1.9015332815886	424.727648397514	
0.0243924273042174	0.190926728490961	0.029271917208891	0.299557912850571	0.0358476602017812	0.382723343148115	0.0441234433294799	0.473038391006451	0.0511447630049066	0.650184247246923	0.0545846868869417	0.727615916617639	0.0559129989775016	0.816340892122219	0.0642961042303609	0.899817229317655	0.0988234717169073	1.75254183884613	0.116840122640789	2.6084478399993	0.141791532970965	3.46573096340368	0.184889605802226	5.1634655863774	0.200490860701621	6.00237320443927	0.216251597128655	6.86991359109528	0.230645832720578	7.71911450726926	0.26078720140371	10.2767475121319	0.303984778635614	12.8348072718973	0.308015583868124	15.3980614016761	0.349348411125359	17.1131494519458	0.391100890022739	21.2869484460593	0.446382864205278	25.6145671193588	0.496549170343977	34.1598442937869	0.582608257864258	42.6889289834556	0.554011079271502	51.3944326280372	0.679344282969889	59.7339122451671	0.74563908863714	68.2612475872016	0.83522628350719	84.9080718196645	0.915335100684599	102.371953840454	1.12377019365943	149.258151138285	1.21159491260204	170.592172190476	1.3436628721999	212.408399903492	1.49893545983504	264.813343741833	1.53034802505419	297.246099060994	1.71410053736624	343.698325291551	1.82912374886973	386.76191286299	1.90565585170755	426.393717349142	
0.0243551758243163	0.190548698855114	0.0293550811223234	0.300106432717136	0.0357498136008406	0.383482545633349	0.0449154959661208	0.474210896968371	0.0512672905156061	0.652726990585493	0.0544836574648981	0.730644752109409	0.0559211982468779	0.819613326663342	0.0645055092130478	0.902152695185557	0.099159813027343	1.75880661267737	0.11708554890337	2.61777899326181	0.142152542501885	3.47997204904636	0.185202259336175	5.18378192171638	0.201134776112675	6.02517896490195	0.216858756636919	6.8964804975969	0.230955307644741	7.74847957231341	0.261157013941116	10.3166453693334	0.304666001990879	12.8847112583652	0.308479596782515	15.457746137358	0.350504943368766	17.1802642787751	0.392003437287297	21.3700652566055	0.44716765251115	25.7156677679667	0.497278802929927	34.2918164216318	0.584541821500555	42.8551328022273	0.555066150846706	51.5939442657853	0.681047610408287	59.9673948035334	0.747130798340216	68.5281646244085	0.837018818604004	85.2453744884274	0.916720602570388	102.773264444085	1.12547397924992	149.841755088723	1.21484229125377	171.255825175045	1.34626934420016	213.241985722244	1.50101099629507	265.813092401165	1.53499463796626	298.410207520488	1.71665838170217	345.031830143451	1.83327181836238	388.259390084878	1.90907515119032	428.057551126697	
0.0245618083630122	0.191050026862834	0.0294171246216813	0.300401574647779	0.0359273096064866	0.384310898816464	0.0452904012984741	0.476823227562257	0.0512616302513025	0.654759951253997	0.0546112127496338	0.732931963828706	0.0559067616511731	0.821870736061667	0.0645592004892946	0.906389281376256	0.0994597453642946	1.76536323970656	0.117386938958056	2.62794833680166	0.1425485266793	3.49234839415258	0.185419526148225	5.20299603684065	0.201807726995182	6.04866831610193	0.217389618241558	6.92205088899101	0.231424766371893	7.77871728656852	0.261755543907498	10.3567481174916	0.30514479311156	12.9353118740858	0.308903211167422	15.5189647612475	0.351235399508795	17.2471574508422	0.393061969412861	21.4531168745747	0.44809559296969	25.8154273121309	0.498197981715171	34.424623014464	0.586269585510496	43.0216011165975	0.556069396869997	51.7932994413484	0.683051919740534	60.1992121572153	0.748489323693559	68.794515417517	0.838528963790842	85.5825952008077	0.918206380586685	103.17225791726	1.12746308514523	150.423421888297	1.21990204522949	171.917406898306	1.3484488203578	214.075452331711	1.50292457713266	266.813496711558	1.53916352300784	299.572200015192	1.72032789678737	346.362652786462	1.83766317593632	389.752337353979	1.91232446159016	429.720520636943	
0.0246056492950258	0.191471901417182	0.0294513906801225	0.301075240979364	0.0361684174878137	0.385666788005381	0.0450623865669312	0.478686309180454	0.0514865076975934	0.656984880779075	0.0548162559092245	0.735684662190219	0.0560667086509121	0.824248286066411	0.0647937078314022	0.910085933329967	0.0995785463841485	1.77220170821651	0.117761715226553	2.63867251573899	0.14311863355087	3.50518015597615	0.185817665851362	5.22337570211169	0.202562244686408	6.07048734034367	0.217915770695077	6.94923805629786	0.231763249014094	7.80904347646402	0.263543908920512	10.3946911287018	0.305654115355365	12.9852819844533	0.309646464939862	15.5783896579434	0.351915886152958	17.3135234943571	0.394239135276744	21.5367216981269	0.449084288765855	25.9147211950299	0.499313992715626	34.5581634894502	0.587804302936504	43.1881327608998	0.557086459415874	51.9931873333988	0.684814007693445	60.4339873912538	0.749651324430074	69.0616038180695	0.839945209478985	85.9174838815719	0.920312890973683	103.571229038695	1.12954892705677	151.006340385352	1.22349311479362	172.586588213415	1.35071897005242	214.907130801921	1.50535116960777	267.813334777853	1.54405609761296	300.736874718784	1.7268010991711	347.691776697179	1.8415173534698	391.251066273348	1.91565994030059	431.390374483334	
0.0245398675323263	0.192179604676869	0.029263798011423	0.301169100828129	0.0361500365154411	0.38757757079943	0.0450192820796991	0.479994933750954	0.0517913406248451	0.660010340226672	0.0548058953064388	0.739246272377025	0.0563388327085332	0.826944348376545	0.0650908089011578	0.913122917893878	0.0996115206981683	1.77897160810515	0.11806928523227	2.64843324151863	0.143368060814526	3.51883916503734	0.186274021830295	5.24366922004867	0.203381605962347	6.0941592307596	0.218266896827068	6.97591113356795	0.232178644261927	7.8387666350211	0.265861369442085	10.4349382318522	0.306294912948694	13.0347184470109	0.310153621855754	15.638644363014	0.352372532232997	17.3809382070411	0.395272509148977	21.6212448056941	0.450007056813052	26.0139089071604	0.50022982472916	34.6926054846457	0.589209799471372	43.3553908367758	0.558129360604428	52.1938947892759	0.686264282890033	60.6695970902794	0.750927993024876	69.3279769629187	0.841469368870362	86.2509867544108	0.922356676773481	103.969894686339	1.13329557335317	151.588588330185	1.22642579959897	173.254875458895	1.35354414423658	215.741029545043	1.5098262362192	268.810252216693	1.54885311742155	301.906675421584	1.73162294281817	349.027159095299	1.8446272710444	392.757275575281	1.91939900044946	433.058022957974	
0.0246438067364232	0.194158999747961	0.0291573630156127	0.301410255155839	0.0361821633724881	0.389179620174658	0.0451985693329817	0.481100704632806	0.0518084675480806	0.66154510154908	0.0547757357751999	0.740708332334405	0.0564718860066232	0.831094845440842	0.0652824400930488	0.91584482440423	0.0998905997869329	1.78601380341862	0.118317491220622	2.65838884653776	0.143666595786344	3.53254823268453	0.186630328129806	5.26401535770861	0.203978530963089	6.11847932165668	0.218606123299153	7.00334649832915	0.232591664538234	7.86950214116871	0.26704604769735	10.4752514589022	0.307023357478541	13.08534793373	0.310558458568529	15.6989195571801	0.353019758245467	17.4479450004569	0.396021833750518	21.7040896700615	0.45069287839304	26.1133275872785	0.501321776960796	34.8257175512679	0.590582975416633	43.5229841887628	0.55908189745509	52.3932983936105	0.687476848025123	60.9017050165909	0.75224663783289	69.5952292762365	0.843438414223178	86.5830591158431	0.924119320676301	104.369640668119	1.13758234327472	152.171998565536	1.22889417543696	173.923281913658	1.3563196526117	216.575911764757	1.5163594118599	269.807944515878	1.55165206379203	303.075611857075	1.73426866068139	350.359591063644	1.84895878130567	394.257524413019	1.92322136579049	434.724807165305	
0.0244997343657451	0.195607337249933	0.0291811808250872	0.301974520193933	0.0363073746841913	0.389895457954571	0.0452172015412556	0.483498772837047	0.0518769160205536	0.663728878259847	0.0550263166681463	0.742831049211774	0.0564668940754063	0.834402553822802	0.0653216048674957	0.919827275959451	0.10014512246048	1.79305658080867	0.118307088639919	2.66805457741931	0.144047140198307	3.54698186926036	0.187009480202869	5.2832774359432	0.204540601117436	6.14119241552759	0.219135476399867	7.03035950832282	0.232999727204021	7.89979154382425	0.267694581432269	10.5155386089214	0.307739159141426	13.1350768315622	0.311091439094973	15.7578704107081	0.353848950067714	17.5142831042959	0.396825663773046	21.7875771469749	0.451468947950897	26.2129399824829	0.503255808281139	34.9576859538227	0.59183581877478	43.6888229291025	0.560246543398095	52.5930074717351	0.688729477493322	61.1333472816371	0.753777173914361	69.8604177788271	0.845594261644956	86.9161224044478	0.925879621551961	104.770079553862	1.14067251347065	152.757003225059	1.23097973745104	174.590853903435	1.35941606483392	217.407724345411	1.52073849574954	270.809719733036	1.55406412149383	304.243535013653	1.73679018606199	351.687940114015	1.85461741719365	395.756044716142	1.92693138767394	436.391799988882	
0.0242878636221322	0.195192112920529	0.0291887807723829	0.301008360380151	0.0365543275081783	0.389645339647506	0.0452356865074315	0.485095525315384	0.0519958292254929	0.666034891052726	0.0550573817068591	0.745956334793097	0.0566250491930453	0.836509030763548	0.0654790471260943	0.923378001314183	0.10026390129594	1.79898002493252	0.118538658724489	2.67838643674072	0.144317963661026	3.56041014316465	0.187324430849775	5.30336000932705	0.204927948311124	6.16490528413486	0.219671723260891	7.05664701806533	0.233523815264629	7.92943274599866	0.268290278233881	10.5566881636037	0.308322155299139	13.1849985131581	0.311475901956404	15.8172478099551	0.354228273637952	17.58185241652	0.397571205668241	21.8718692865546	0.45206667017532	26.3111423553763	0.505157941349199	35.0903137327291	0.592858940586872	43.8554030021764	0.561233862964217	52.7947393823956	0.689988764631555	61.3666249490467	0.755345336306876	70.126783473096	0.847334435714304	87.2495284197436	0.927608612660614	105.169840436802	1.14289382538961	153.340368756929	1.23311213397204	175.258470596693	1.36342350289528	218.237867996091	1.52369157240948	271.810690287528	1.55638714706229	305.410474693639	1.73923605526095	353.022517849469	1.85831251835247	397.258469123311	1.93086348123726	438.05724309177	
0.0243138190628495	0.194843696430765	0.0293073146787444	0.30028614886167	0.0366146478221159	0.391256178379115	0.0454180254254006	0.487516963894372	0.0521665368761705	0.668808427755856	0.055219936716859	0.748401754927242	0.0568584210462945	0.840191887502277	0.0655768887153497	0.927216388915486	0.100415168571529	1.80516342445766	0.118990812776782	2.68840327621622	0.144385615942905	3.5728295619379	0.187699370661415	5.32381744002938	0.205261291117909	6.18751267289857	0.219795424866652	7.083828597437	0.234037467884865	7.95883646092782	0.268910601707357	10.5971345697756	0.308896061166425	13.2348736286276	0.3123145750936	15.8774484983188	0.354708707768801	17.6478552442481	0.398259978091445	21.9554219560451	0.452964856906063	26.4105796619449	0.506671452199281	35.2233475682587	0.59364931943001	44.0233800590458	0.56215526303231	52.9940088762859	0.691367606737477	61.6003384754005	0.75675332481346	70.3941773474385	0.848941464176939	87.5819807607683	0.929307960999824	105.57044323531	1.14472456297736	153.923197847021	1.23501280156847	175.924165040248	1.36770481535356	219.071394210201	1.52642383855165	272.809693888836	1.5585754422448	306.578666071105	1.74197058472032	354.358138666158	1.86085645849614	398.758300728556	1.93523707189453	439.723312043397	
0.024507900759438	0.195797923674626	0.0292873063482276	0.300280619134146	0.0365127829193203	0.393544874393694	0.0456316542062682	0.488541709716081	0.0523100046627864	0.671132193884471	0.0555875985219781	0.750689781553753	0.0570914751497443	0.842504768798818	0.065740975788823	0.930257331600152	0.100539831620899	1.81249875353757	0.119029125038908	2.6986371138413	0.144499775939333	3.58628787099378	0.1880739050858	5.3437812697906	0.205550434862769	6.21100574938867	0.220096088943729	7.11035266310222	0.234334595107292	7.98889675824089	0.269213485917742	10.6378370896433	0.309724166612545	13.2847906536109	0.313200029279791	15.9382284692965	0.355489200646186	17.7146031300004	0.398977117145155	22.0372516788544	0.454261206366915	26.5119764711175	0.507883571484175	35.3575958483679	0.594200208841285	44.1897328894223	0.563710268467879	53.1918553093497	0.692812109785911	61.8322787636565	0.758839707576406	70.6601854138557	0.851271007205801	87.9152228632987	0.931034999008616	105.971545222694	1.14639120680648	154.50532658257	1.23673652029091	176.59038102442	1.3707458902218	219.906336034557	1.52876711514186	273.805955676615	1.56056667211952	307.743907018796	1.74450519521803	355.692060750551	1.86320889636043	400.258668775579	1.93958887166988	441.384463612065	
0.024554842119606	0.197047831269969	0.0293074680617511	0.301026055508228	0.0365380804461182	0.39522812345204	0.0455860130786428	0.490205633831921	0.0523018364253628	0.673233781381931	0.0555697950190786	0.753647079833658	0.0573382492310975	0.845178945029488	0.0658292755300788	0.93401725527827	0.10063899005662	1.81908483364179	0.119193604200634	2.70798898903011	0.144849759853676	3.59937202122309	0.188461204147577	5.36342798423024	0.205776790317964	6.23483037669959	0.220653259258655	7.13658941576682	0.234806320539718	8.01920478734705	0.26956010699212	10.6777284275871	0.310720549813074	13.3344953370573	0.31392885075662	15.9987309061601	0.356590728576565	17.7815167911631	0.399511786654168	22.1202399668915	0.455295233288341	26.6127064533584	0.509093867309312	35.4918888319586	0.595113304145926	44.3560894450889	0.56533775259288	53.3925106111651	0.694244843550868	62.0659513118189	0.761044175639266	70.9276835963216	0.853513113573317	88.24971666331	0.932601670644569	106.371052785906	1.14780260624089	155.088766620242	1.23854751325202	177.256969537604	1.37290306140744	220.740026161432	1.53086081467388	274.805972556835	1.56359305597909	308.907657850438	1.74713805796588	357.025714614055	1.8665580343602	401.755549951047	1.94358517699704	443.048982843002	
0.0246814277156422	0.197663246287661	0.0292801116746814	0.301741514938363	0.0365541351871482	0.396116023069441	0.0456806988959014	0.491495690159472	0.0523416394817402	0.675380887268064	0.0554742255280294	0.756646287627431	0.0575106147392801	0.848426932354188	0.0657377398241197	0.937605873818457	0.100776966915202	1.82515880276961	0.119772057903828	2.71807008976021	0.145348428224175	3.6126354510395	0.18900856668699	5.38315060145609	0.206264666199376	6.25824801606473	0.220919259951794	7.16413933319926	0.23547902148434	8.04974099047315	0.270124636612214	10.7167741246732	0.311646396416957	13.3847075912827	0.314635218863935	16.0586670989252	0.35750767862838	17.8479349887397	0.400117310509628	22.2040906595917	0.456188478465144	26.7138108272564	0.509912225678764	35.6256341979014	0.596168301858558	44.5222336592186	0.56684902045723	53.5934490350298	0.695460220002481	62.2995046506975	0.762661660238083	71.1942281045164	0.855284255166088	88.5826756437912	0.933955926838345	106.771044636834	1.14993150907995	155.673085826382	1.24021874678422	177.925077969158	1.37482919858651	221.573939805714	1.53335986274162	275.80885045987	1.56877476943383	310.073137216696	1.75104336340936	358.35877243114	1.87208246736333	403.250046940838	1.94773374695314	444.718806887072	
0.0247186885276864	0.197947954495581	0.0293620384861431	0.301018634031814	0.0366568203988656	0.396992921439452	0.0456948475339368	0.493254725588727	0.0523274930614115	0.678147148013926	0.0555182374203056	0.759906032899078	0.0578162391262855	0.851495872922423	0.0659350209746453	0.940671612965494	0.100900556701158	1.83299495054023	0.11998386710738	2.72819566114114	0.145561647100857	3.62685418494145	0.189471279117132	5.40354423656509	0.206583262817005	6.28279814362681	0.221117606619721	7.19065594828424	0.23661659948563	8.07902456479589	0.270524546480152	10.7558319289523	0.312475905034418	13.4342353234483	0.315399407685244	16.1179252888882	0.358049923381376	17.9142879937392	0.40084387148027	22.2871981569127	0.457169174459396	26.813521942649	0.510647895281011	35.7586270552396	0.597298283710442	44.6888696116443	0.568379074896576	53.7929681233582	0.696633364555001	62.5324619431567	0.764037716461279	71.4603479296373	0.856758457168793	88.9155303161491	0.935317107060416	107.170008307688	1.15226839686179	156.255751003709	1.24158663254018	178.593499325082	1.3766892496161	222.404783810937	1.53571178426379	276.809612398115	1.57334566182735	311.239570257225	1.75525759429673	359.690310329855	1.87693683575154	404.75130905749	1.95161366851254	446.387558047587	
0.0245991038740912	0.197808954607922	0.0296270744222561	0.301836335213488	0.0370101195742147	0.397388093230624	0.0457069825215941	0.494686633979186	0.0523984204672011	0.680552695902239	0.055734441849428	0.762459137200798	0.0578863039833042	0.85456882981907	0.0661819336789988	0.943096427588655	0.101114082407893	1.8395979108653	0.120104367176842	2.7385072641975	0.145845736607581	3.63949875093642	0.189842632871191	5.42348245495673	0.206773349404558	6.30551356580405	0.221415113588933	7.21691877797969	0.237890092462807	8.1088529627989	0.270905240357716	10.7960557490394	0.313304091039943	13.4833467544428	0.316438281229782	16.1770102528606	0.358801725079802	17.9814568372753	0.401431651248303	22.3711382565759	0.458061202729377	26.913152964304	0.511387017956707	35.8911952295041	0.598208529086506	44.8564406118905	0.569536479899678	53.9923270242113	0.697965148878154	62.7660897878377	0.765407590381855	71.7268998884123	0.857932460354045	89.2490406395683	0.936625900439919	107.569880949332	1.15427104384977	156.838431082196	1.24286118604855	179.258463611774	1.37867080908578	223.23471884537	1.53890960440609	277.809688882978	1.5761487098647	312.408417285754	1.75854938595767	361.023964193359	1.88016717021542	406.253882476264	1.95481366231439	448.057113870769	
0.0246013229858709	0.198355204375819	0.0294176344131062	0.302124870574931	0.0373966344740459	0.397591587203512	0.0457556784483856	0.496580769383005	0.0524220029372786	0.683470354766945	0.0560230103920276	0.764419396504274	0.0579165948091938	0.857478164988661	0.0663616598675193	0.946634056220303	0.101169649894587	1.84553602331901	0.120465690963653	2.74846892281308	0.146149256407822	3.65338174306616	0.190167245529993	5.44244185336894	0.207147084119704	6.3289270142178	0.221636677890053	7.24318021069135	0.238458711677507	8.13883502901943	0.271374094871871	10.8368830661262	0.313834327191594	13.5333615682918	0.317115011038002	16.2377436577118	0.359362159726879	18.0478098422747	0.401973114586713	22.4544003534369	0.459042021602911	27.0139090235757	0.512025520768197	36.0249703977679	0.599081639779252	45.0224656167363	0.570534804299334	54.1931499640822	0.699076344227725	63.0000827109506	0.766871154922938	71.9933251873231	0.858943155595735	89.583087404765	0.937807316877135	107.970230428112	1.15576281435619	157.423063212707	1.24457223890035	179.924009043724	1.38108064396544	224.070167309182	1.54302712336976	278.807768612335	1.57829117391231	313.575625186628	1.76192771968642	362.356217347777	1.8828965072078	407.755114790595	1.95815375529163	449.72175231099	
0.0246586418988933	0.198147737730262	0.0291144095801726	0.30120836189355	0.037448254046508	0.39753410714109	0.04582187621687	0.498534218390477	0.052581209798959	0.685291206729155	0.0560827058991087	0.767730830176356	0.0580447561084397	0.860526441838253	0.0663107984789414	0.950478381002738	0.101270627843585	1.85211686473399	0.12062880667058	2.75894979373934	0.146450625033355	3.66603911474592	0.190531721216528	5.46294864416538	0.207628216044045	6.35157212154399	0.222126940413622	7.27001626940425	0.238967741573359	8.16899125255313	0.271723475350272	10.8764652049899	0.314238977636954	13.5841307533905	0.317906382441212	16.2980244398131	0.359814811987209	18.1142354904315	0.402492767374826	22.5374892243073	0.459749466723621	27.1153710253254	0.512880425949784	36.1593192607104	0.599901497720624	45.1889637334276	0.571551656607869	54.3928664927871	0.700236732757587	63.2332709713973	0.76802850462286	72.2614492185294	0.860183671848734	89.9153981847651	0.938939635501494	108.370430895286	1.15716244847398	158.00592210512	1.24729463645203	180.589688586119	1.38331914340153	224.904572691761	1.54644941585049	279.809573631814	1.58063908962381	314.739227006665	1.76668357851191	363.687516827925	1.88571770614553	409.256317302605	1.96133048668113	451.387463634766	
0.0248182456989895	0.19827294240294	0.0292080811027454	0.301272681355804	0.0374223317856134	0.397550725427492	0.0460262872965591	0.500786505514885	0.0527976204258104	0.68805607049122	0.0560848918907265	0.770882018165555	0.0580928168324865	0.864225131059999	0.0663975483102547	0.95382124681022	0.101598617988838	1.85890189861376	0.120743110984177	2.76869119457649	0.146540199079998	3.67979335153584	0.190827064641908	5.48356207139155	0.207850985162262	6.37488033051181	0.222618586457623	7.29665954435336	0.239645537964244	8.19859520182632	0.271969578912796	10.9165400134722	0.314918288963684	13.6349651310662	0.318895362244243	16.3580984683128	0.360435625959151	18.1816092249243	0.403132426897746	22.6210437564429	0.460285175111307	27.2152553667087	0.51367190045032	36.2913286414565	0.600827010660594	45.3561994575628	0.572494104825225	54.5931120126891	0.702148228181478	63.4655428104741	0.769195866084144	72.5272263169592	0.861627320097174	90.2491096738509	0.940748083717114	108.771428574547	1.15889448949506	158.588915107978	1.25110845149046	181.255129709945	1.3851906602344	225.7389929755	1.54915953225468	280.811795883787	1.5832736618319	315.905719651837	1.77053765422874	365.023554877107	1.88883458622952	410.756566140343	1.96453401836208	453.053472981751	
0.0247211578101734	0.198266233970339	0.0294272212207037	0.301753738546575	0.0373472953933427	0.397581517278652	0.0461048730639436	0.501641750636064	0.0528447025190054	0.690172384526193	0.0561917689009601	0.773041929736481	0.0582604531748456	0.867016304683548	0.0665394021468587	0.956368355723152	0.101736313398827	1.86551661688578	0.121076937736747	2.77850104761961	0.146698705464851	3.6931664445802	0.19118481225042	5.50313753965761	0.208068709265333	6.39861648218234	0.222949211845568	7.3237037536518	0.24011088817931	8.22899077525034	0.272318469812379	10.9564704669622	0.315618158823028	13.6848504910835	0.319527563506074	16.4184649320869	0.361188027691253	18.247325205313	0.404113636886038	22.704246248662	0.460966090210385	27.3137166472655	0.514218531258182	36.4252341948746	0.602139798340293	45.5228614870194	0.573391947941474	54.7937561386342	0.703947290740821	63.6989173354268	0.770600523706802	72.7938229792156	0.862899193055837	90.5816290700977	0.943237261151581	109.172701925276	1.16037931362145	159.174798935969	1.25417366149035	181.921479804562	1.38741007965321	226.573204642992	1.55150360509076	281.809190159763	1.58599509972493	317.072122890045	1.77360864729286	366.355122578143	1.89193467642426	412.25645735023	1.96815865029943	454.714892771307	
0.0246008669594055	0.198367995508697	0.0295270258487811	0.301877895481406	0.0373586780557135	0.397441731587608	0.0460043520421668	0.501860320392413	0.0530885419927338	0.691497190825658	0.0562412863532164	0.775815757477901	0.0584398238251529	0.869561841989709	0.0666022131782517	0.96035686087482	0.101800933678573	1.8718762691998	0.121549239505078	2.78826643001191	0.147036424867848	3.70611392322817	0.191696168397995	5.52367366711375	0.208527964468906	6.42175006817572	0.223132608428725	7.34965459029958	0.240359770552301	8.25946737373449	0.27269878186515	10.995965061508	0.31605146263565	13.7355768353457	0.319907531793107	16.4773133401366	0.361895261914004	18.3145164005898	0.405001671164614	22.7869737663906	0.461801758679713	27.4130589589361	0.515030280517339	36.5591322977124	0.603710942251558	45.6911998970306	0.57429844528255	54.9919862765805	0.705448881476707	63.9329624126014	0.772195308190921	73.0599949583983	0.864193221974877	90.9154150649859	0.945709043185799	109.570577811415	1.16170302728318	159.757434310975	1.25639741901573	182.589528631474	1.39048606102715	227.404689398115	1.55388390274293	282.808134156428	1.58935915821126	318.237900279513	1.77669359745397	367.688090988265	1.89471465726573	413.756020734586	1.97152670217415	456.381885594885	
0.0247028900706202	0.199044688638505	0.0291582553943537	0.301581414774625	0.0370739130752603	0.398373112325646	0.0459852079906426	0.502306947753388	0.0532165085087735	0.694219562997275	0.0562609207984596	0.779560139711294	0.0585467572182355	0.873431661726413	0.0666969031020581	0.963879588345983	0.101870833269485	1.87887562367687	0.12189764098595	2.79898502101406	0.147294118981435	3.71895895639781	0.192264004300571	5.54329896113518	0.208809389336578	6.44512486670446	0.223543314240377	7.37624990213838	0.240730646008177	8.28873604689675	0.273099015629616	11.0363313739423	0.316425284231521	13.7854063160111	0.320434062968913	16.5370930707166	0.362568388408973	18.3817243596721	0.406236692573955	22.8695522725143	0.462506577761795	27.5134965059024	0.516137273311735	36.6919053629335	0.60529240986195	45.8563457334078	0.575316900755219	55.1915873212916	0.706881932022308	64.1657408911347	0.773947950355899	73.3255634405812	0.865583161607003	91.2496108417875	0.947876069988347	109.969198755578	1.16345112155227	160.339056407068	1.25838761521611	183.255789319128	1.39433278402849	228.236725496177	1.55587828853827	283.809939175908	1.59262616477674	319.405585017523	1.77938278926882	369.022340898189	1.89750554608319	415.255643723585	1.97488946870594	458.051709638955	
0.0246979359045385	0.198564140764744	0.028851770900386	0.301429201748566	0.0370693609654996	0.398419474725362	0.0460927225726733	0.50263861498952	0.053240773647031	0.697131750342115	0.0564119601241219	0.781201828501722	0.0585772842595448	0.876252579463276	0.0668678386852053	0.96664753711393	0.101984755615683	1.88561548841391	0.122162629789855	2.8082321224182	0.147539488722918	3.73226592554251	0.192614019900247	5.56288746791667	0.208860287192225	6.46820071070095	0.223983148329777	7.40260074181295	0.241134143039652	8.31920705744572	0.273500590539338	11.0769286543641	0.316865532934064	13.834895863953	0.320947804221919	16.5974427706853	0.363259743913573	18.4485411632917	0.407445718319629	22.9528814245975	0.463665286110214	27.613419962832	0.517219185338839	36.8253750574073	0.60664966393099	46.0217225377724	0.576505949200742	55.3928349442363	0.70821869695965	64.3995848026428	0.775716533396079	73.5931584805902	0.867073328195803	91.5819812264295	0.94956509399397	110.368452999062	1.16775323788292	160.919069177828	1.26044294161572	183.921036727868	1.39863133218266	229.070698745101	1.557735516467	284.809985858449	1.59538911580903	320.570676953609	1.78196210805819	370.354832471175	1.90034037552055	416.756965444878	1.97855318682575	459.717897799867	
0.0246652209361999	0.198295730701105	0.0290081576823805	0.301892272772969	0.0372424012037965	0.398330766254343	0.0461555419161256	0.501996526312481	0.0533300117045174	0.698329722154475	0.0567300993925427	0.783040608422641	0.0587498771108458	0.878364004054964	0.0670330492451171	0.96982229920468	0.102286700869596	1.89250657664683	0.122337991944837	2.81789342951773	0.147713563238575	3.74684554692498	0.192819784476836	5.5834370995495	0.209215450188497	6.49088493357342	0.224448377210977	7.4296621805782	0.241551709206232	8.34995839607634	0.273758481677095	11.1173620220205	0.317399006799551	13.8843658541217	0.321152785806468	16.6576546349194	0.364133558904583	18.5142999845168	0.40871921090093	23.0372834602357	0.464948160229778	27.7131459793851	0.518443519341337	36.9579842098631	0.608135759153118	46.1878965542231	0.577755638486514	55.5924881430091	0.709464617479773	64.6323781823366	0.777201069959537	73.8590473377236	0.869455940802356	91.912034480616	0.951019358097349	110.768809928422	1.1731042060152	161.50158534355	1.2623303914747	184.582484340685	1.40239957339878	229.905387249729	1.5599522213015	285.807767564597	1.59809876305346	321.736752366287	1.78440672626392	371.688277718432	1.90360123292938	418.254442666766	1.98242462315755	461.385099239692	
0.0247495362189959	0.198699240739307	0.0292533181847995	0.301375476080095	0.0373884383609758	0.397698194529411	0.0460706568079748	0.502743796227794	0.053316086799266	0.698880832261827	0.0569616610632029	0.786635396974591	0.0588561066758093	0.881314026377601	0.0671845365922333	0.973804983590534	0.102596239315806	1.89849905505324	0.122570180773932	2.82885905382106	0.148043361536418	3.75942329052839	0.19311695164137	5.60400302932662	0.209781050707336	6.51467417062818	0.225107300664164	7.45700161911877	0.241978519983391	8.37921309940063	0.274166515157549	11.1570382244598	0.317863675140947	13.9352225835382	0.321569036092792	16.7174809316259	0.365104978987125	18.5817146972009	0.409890949971441	23.1205865352881	0.466062082110751	27.8130079690276	0.520044598113951	37.0907274727632	0.609718644408183	46.3547821010869	0.578969528646288	55.7908821937208	0.710689970060924	64.8662146432644	0.778425701144005	74.1228351312284	0.872938689588364	92.2456118592574	0.952327215160057	111.168950790955	1.17601969511342	162.087171148332	1.26439936029487	185.247731749425	1.40515774597829	230.736275958433	1.56401306496736	286.799618608872	1.60206037744176	322.902350941829	1.78663183560906	373.020381861246	1.90733764281961	419.753052376851	1.98665507568729	463.050095307764	
0.0247254061079566	0.198984254537432	0.0293195137879614	0.301076841689963	0.0373398172688618	0.397329449015039	0.0460281659168035	0.502463933807415	0.0533934219459504	0.698599863895943	0.0570871456482311	0.789165974912608	0.0589569752933613	0.884440708942719	0.0672381283130087	0.976763387815944	0.102666522889562	1.90506918625912	0.122773009834868	2.83897344933162	0.14823645761431	3.7725074407577	0.193458682183759	5.62458758555434	0.209955585174099	6.53829670095001	0.225716312177222	7.48323837178337	0.242278873184988	8.40884591967227	0.274574082621649	11.1968271169252	0.318398978985448	13.9845826776483	0.322136188739243	16.7780448357766	0.365986373995125	18.6489803982801	0.410950406120341	23.2034928669425	0.467506573092892	27.9131921962656	0.521424608578714	37.2240816832432	0.611014571045599	46.521798033105	0.58007248405246	55.9913139781289	0.711825443598915	65.0984417788597	0.779705506031613	74.3896776626329	0.875300001601934	92.5794872611085	0.953620023836897	111.569508885981	1.17785450158547	162.670238656992	1.26705351620335	185.918254168978	1.40735394646005	231.570755846814	1.57204354307233	287.794569094527	1.60599111371361	324.067502482557	1.78940165181568	374.353290666726	1.91085201083229	421.252913784417	1.99210837364897	464.714793352627	
0.0245839840790627	0.198940278651701	0.0292906604919358	0.300845233418189	0.0372889098962365	0.397086141003977	0.0457965348538766	0.501836804498521	0.053537509743111	0.699270998194398	0.0570997116869011	0.790834846679391	0.0592795986427919	0.888050282239839	0.0673453473107123	0.980050898140527	0.102776290239035	1.91243175652304	0.122997634293194	2.84827573159568	0.148600247829972	3.7862265201221	0.19380733628878	5.64414861832118	0.210227015192649	6.56157557325812	0.226017019048572	7.50933449474589	0.242863386670929	8.43904684668743	0.275027039232405	11.2374718947961	0.318969730957931	14.0341644265207	0.322730206869722	16.8382548373656	0.366935149097266	18.715471239014	0.411969850835255	23.2863358686649	0.468890147673898	28.0131789831272	0.522478284174211	37.3579723355008	0.612165685610836	46.688564370685	0.58120013713511	56.1926063045551	0.712925801007961	65.3316747427879	0.781447920982484	74.6574738683085	0.876615420037797	92.9131093432314	0.954909180378816	111.970208542032	1.17930046479887	163.253648892343	1.27033569135411	186.584097624138	1.40938734440955	232.405265537516	1.57819939814399	288.80015900877	1.60874099330174	325.231432128124	1.7936391582645	375.683994100454	1.91366994011182	422.754980563735	1.99646219559338	466.383008071365	
0.0245239174661238	0.199339903328721	0.0291389968978377	0.300898755359857	0.0372369819424953	0.397953697044855	0.0457542169937081	0.502100368774618	0.0536991541379123	0.699453886656302	0.0572277235641718	0.793103606571055	0.0592820480153453	0.89084139765573	0.0673502136428852	0.983683521670275	0.102895757256395	1.91943146024606	0.123255215147772	2.85884274985601	0.14895860561776	3.79970019599974	0.194311542672933	5.66342280374866	0.210772740333092	6.58402975946558	0.226233420941335	7.5371978022098	0.243366005959162	8.46964451710054	0.275664303189982	11.276769980288	0.319456703805658	14.0848022951425	0.323218065149095	16.898228283032	0.367767125469245	18.7812486866897	0.412745935122579	23.3698848128653	0.469974820307053	28.112221408943	0.523286361554409	37.4922094397396	0.61352297482857	46.8558634247523	0.582737778724798	56.3912872026062	0.714245246802905	65.5659060844686	0.78337802277914	74.9242344433303	0.877992780226029	93.2457703005029	0.956272058890888	112.370379206886	1.18069463300773	163.836597191719	1.27321154168115	187.252295462655	1.41122768782105	233.237644362268	1.58135863505875	289.804079993038	1.61114934272734	326.395510785297	1.79944315434021	377.011300069591	1.91727962152222	424.252129960093	1.99986097955317	468.051908243485	
0.0244021044791997	0.198746869155587	0.0291926394484564	0.301075124564047	0.0373238649325683	0.397691238714263	0.0458219355362925	0.502488497439154	0.0537323701359698	0.699259473078085	0.0573367639610804	0.796367018925165	0.0592326768840442	0.894562438618205	0.0675211346333716	0.986597397037201	0.103198630484491	1.92500088539305	0.123328465218218	2.86871709698436	0.149159641310842	3.81296898092069	0.19475892538212	5.6824995487997	0.211303394316827	6.60712888652533	0.22661091380501	7.56395702681394	0.243796392875317	8.49951761858501	0.276012291393517	11.3166324472333	0.320025642190403	14.1343300273081	0.323587843847453	16.958928160272	0.368474474244675	18.8472943552541	0.413064890660218	23.4545103659108	0.47098960055976	28.2121504538077	0.52434107442207	37.6248223174855	0.614571441289475	47.0213817901416	0.584002412833366	56.5915587995391	0.715490677557946	65.7990496414338	0.785325062117497	75.1921498582898	0.8792705678805	93.5782598944288	0.957557188271749	112.770423211875	1.18210688382232	164.42061837465	1.27529741241121	187.921327766159	1.41299843402606	234.070231803267	1.58342021915407	290.806928093752	1.61493883611891	327.563374337233	1.80408924918062	378.344298282034	1.92275145459618	425.749666786623	2.00286081422273	469.717619567261	
0.0244244452270754	0.198165592929399	0.02908679180578	0.302263957774078	0.0374698221211517	0.397858352900808	0.04595615587762	0.501789772710736	0.0536777821183122	0.699442827201254	0.0572976105109263	0.799092534310322	0.0594050650393743	0.896447086173746	0.0674698963618307	0.98966307797658	0.103388264213548	1.93178126266017	0.123642126331158	2.87782077471883	0.149569422988578	3.82606826514112	0.19513340970135	5.70296443008227	0.212019595418176	6.63012603376801	0.227259893538686	7.5906892430647	0.244077662334349	8.52899397667153	0.276290215163489	11.3568283276445	0.320593626004432	14.1843085195784	0.324119671486769	17.0180392012752	0.369148491235367	18.9146923041327	0.413564091924682	23.5374781648522	0.47197392056299	28.3120012675799	0.525289567647714	37.7577965483732	0.615313971691903	47.1880847977895	0.58499529851872	56.792199200194	0.716838705994937	66.031671657782	0.787183741757794	75.4591786542004	0.880526376415285	93.912261956144	0.959174402428887	113.169275124026	1.18352194358728	165.003834894914	1.27682232905476	188.588318610676	1.41493740545888	234.903132168637	1.58518016691225	291.806617148442	1.61876099681403	328.731982947193	1.8072392001628	379.682094668153	1.9273568360122	427.248783136165	2.00578199548178	471.383152077111	
0.0244087014779354	0.198715247845298	0.0291555495733945	0.301354783257623	0.0374565981030789	0.398221801518289	0.0459027289136259	0.501731274014297	0.0536738892452374	0.699718033008981	0.0576111346627029	0.801607745426588	0.0596125007768541	0.896874505007532	0.0675022953396914	0.993091392626225	0.103331860428269	1.93875360878386	0.123949685486968	2.88768999957327	0.150002407933856	3.83905602348854	0.195527453651521	5.72337436333555	0.212839850309769	6.65395671467537	0.227842518389756	7.61703915141674	0.244318814374884	8.55946684986557	0.276953319812654	11.3969254878675	0.321328933747208	14.2345179798363	0.324716378668582	17.076369793998	0.369739321311869	18.9817717407058	0.414268406782921	23.6202205837413	0.472733532044379	28.4124853806727	0.526119604776088	37.890714899909	0.616157174988626	47.3553242472149	0.585834984637857	56.9923366866826	0.718558426317221	66.2649344240311	0.788780055272767	75.7259764821234	0.881532003125935	94.2469718229824	0.961206811349245	113.568022728053	1.18518795832546	165.587707066241	1.27816989721125	189.255279652873	1.41749199576594	235.732575464774	1.58715648500303	292.807200272761	1.62154687770083	329.899697487525	1.80971335310455	381.015778333978	1.93047545882774	428.74524707914	2.00846380976043	473.050383319257	
0.0243789299342284	0.198571169339465	0.029210145178421	0.301095555452058	0.03724270301343	0.397586406721937	0.0459213051552361	0.502415272205203	0.053602246420724	0.699919198675543	0.0576422252749549	0.802203559015399	0.0594802577163041	0.897127184451556	0.0676501369081646	0.997152075273998	0.103334810078202	1.94563689719058	0.124166703144045	2.89802698116859	0.150421690271851	3.85264564902121	0.195942477726573	5.74316682975119	0.213427244894495	6.67808402180866	0.228264654538764	7.64301792774043	0.244837498832051	8.58857440423007	0.278185891174281	11.4357923710278	0.322247989967587	14.2844219663042	0.325271203031373	17.13743474967	0.370320681787722	19.0480502399029	0.414862194937815	23.7031939706179	0.47330368947211	28.5134873090924	0.527065971172376	38.0244937934629	0.617051299930492	47.5226642794736	0.586859242171601	57.1907605397152	0.72038889922641	66.4979811234531	0.790752758648284	75.9919100427382	0.882874779418612	94.5798637482414	0.963052176801826	113.968193392907	1.1865634461301	166.171012993468	1.27967302621504	189.921868166057	1.4199040355751	236.56416452802	1.58907083824465	293.808975489919	1.62424741509706	331.065921911807	1.8117228257781	382.3487467441	1.93301469056535	430.246688009717	2.01122112700067	474.717465549798	
0.0243862463549172	0.198166538803844	0.0289625188277673	0.301259730151866	0.037181235135452	0.398356261208612	0.0460352358164056	0.502250777363275	0.0536320743632894	0.699499288629658	0.0575715236799626	0.802087376529734	0.0592154729797169	0.897208093096383	0.067840865485497	0.999805180332418	0.103648438875708	1.95165312432152	0.124436410939074	2.90783264326032	0.150756591457805	3.86649045692721	0.196355223641083	5.76300353398702	0.213804165961038	6.70146627091765	0.228841341457527	7.66963000338478	0.245321057381386	8.61878557579306	0.279920457325821	11.4751221214858	0.323049281618084	14.3341760098447	0.325712195325132	17.1976782788701	0.370925641442163	19.1148055762354	0.415443093332128	23.7877357046357	0.474042693768015	28.6131332319079	0.527878904611101	38.1579187844553	0.617907782170038	47.6889910328192	0.587691315435893	57.3919932614995	0.722173162380244	66.7315568140724	0.792303099467334	76.2591400043154	0.885346817066029	94.9115188771801	0.964539226672978	114.368110738032	1.18767430822877	166.753946391684	1.28112744807833	190.588948417538	1.42354218626599	237.399180858179	1.59079273027641	294.807234033203	1.6266599543683	332.233576847497	1.81407175034457	383.684158944542	1.93620826499951	431.748516370467	2.0145685287181	476.381776164488	
0.0243645008531367	0.197342827681467	0.0288563508304984	0.301104635846729	0.0372873790405694	0.398752277010827	0.0459540614757524	0.502270160513438	0.0536730381269973	0.699134268405407	0.0576496729131728	0.802760489888566	0.0591180824649045	0.897953907820243	0.067857019552081	0.999699824471169	0.103825751690195	1.95886086221476	0.124653794844574	2.91905461409014	0.151243902134109	3.87964399068503	0.196850323576361	5.782392737747	0.214267961373814	6.72467250006839	0.229444466726681	7.69561203933732	0.245631733519585	8.64978092092664	0.281096008410282	11.5157575861313	0.323915519904136	14.3847524111795	0.326361342938395	17.2568377486449	0.371512464101645	19.1810319213708	0.415958074594552	23.8720650971166	0.474858097109177	28.7127642535629	0.528740252996597	38.2915002376328	0.61887212260599	47.8544870464678	0.588538981985434	57.5919072305808	0.7238122061567	66.9666822253823	0.793453972304769	76.5260942944235	0.887868797200958	95.2439712182048	0.966169620307685	114.767044606566	1.18901126022766	167.336075127233	1.2826168452546	191.256431000351	1.42879811468687	238.231783200339	1.59269000577444	295.806982692535	1.62882480832453	333.399711864816	1.81641733197522	385.016620715207	1.94028923331167	433.248526789638	2.01842104447505	478.047189465054	
0.0243667204276675	0.197884449940541	0.0289927645121636	0.301209875292662	0.0374288336744852	0.398470202699438	0.0459668209384825	0.502004791799938	0.0537262056216105	0.699513724128879	0.0576428560044381	0.802717474429194	0.0592327445431711	0.897296452321452	0.0679756556070651	1.00022986340627	0.103919847450566	1.96605148705651	0.12494543828544	2.92891941516256	0.151628486102454	3.89233558846778	0.197342122654132	5.80295820186285	0.214774927470485	6.74818187470278	0.229827303449453	7.72350235515461	0.246123161820366	8.67860162795178	0.281833210614532	11.5561173793079	0.324778638940587	14.4346889939359	0.327151985281919	17.3175879173016	0.372139219405223	19.2481094952989	0.416627775009854	23.9553439577831	0.475559134844064	28.8123617476068	0.530152843089612	38.4242025223416	0.619924207805166	48.0224715539175	0.589590861015947	57.7915120005819	0.72512883765489	67.1994979568168	0.794830266332455	76.792109811421	0.889903640103844	95.577451739303	0.967992557853693	115.168668134567	1.19144415632519	167.918174060461	1.28413049454225	191.922408565955	1.4325976157511	239.067648896645	1.5948482466479	296.807327398286	1.63099700082327	334.565221033395	1.81845641687084	386.349052683551	1.94380703664737	434.75041475503	2.02184623183154	479.711261661177	
0.0243007291406716	0.198413659416515	0.0292014864337713	0.30128100505092	0.0373196502293345	0.398911009294599	0.0459120617641086	0.501625976360706	0.0537855092077818	0.699923156796297	0.0576278180610238	0.803030282384085	0.0593846629995134	0.896968044714177	0.0682794948247733	0.999549997959094	0.104203720851169	1.97289903596113	0.12507552660605	2.93884545069135	0.151878126281003	3.90613918535181	0.197617895831495	5.82373274788677	0.215261498993883	6.77100067368088	0.230441718333121	7.75027508393544	0.246563970952112	8.70884446448081	0.282470424187557	11.5959193102887	0.325610869057241	14.4842865752913	0.32779175469511	17.3773061805946	0.372974717340694	19.3150510961375	0.417278040870841	24.0374270003207	0.476720840400995	28.9118716973329	0.531452446347039	38.5567259931245	0.62098476953282	48.1898190367564	0.590716559005127	57.9918916309284	0.726207215813285	67.4319709615602	0.795930332767182	77.0600848310224	0.891433376417794	95.9097550687229	0.969612663179532	115.570440674173	1.19432844517994	168.501986627145	1.28588800910999	192.58717913756	1.43477977717948	239.901547639767	1.59692382185095	297.806688627446	1.63307029856989	335.732875969085	1.82077693077271	387.682080698315	1.94698898434572	436.250276162596	2.0248790169267	481.374886822485	
0.0241702126750547	0.19845341524703	0.029170773743489	0.301453445238185	0.0370666526881771	0.398217406840098	0.0455582311702753	0.501997515842669	0.0538732914538316	0.699763085736388	0.0576791933592156	0.803141808257098	0.0593789146699305	0.897607921500206	0.0682303518078449	0.999853027027416	0.104391348834449	1.97927324018968	0.125142986102705	2.94750838003831	0.152244881365	3.91976815926139	0.197993836547151	5.84327608552553	0.215464605942542	6.79538921678394	0.231048957562598	7.77604477835106	0.246925703404702	8.73859370006874	0.282862890366665	11.636654426445	0.326334784274358	14.5347344541169	0.328590948072919	17.4366742666162	0.373712939575966	19.381590365643	0.418062952367429	24.1191058488801	0.477933360687236	29.0125513881571	0.532420000590978	38.6900839288947	0.622170354613821	48.3552144675716	0.591617677740041	58.1916118849233	0.727423500269486	67.6655392015992	0.796938846586631	77.3272700891181	0.892816016250429	96.2441892640922	0.971201196961051	115.969605510694	1.19705317582865	169.08521804857	1.28921619271946	193.252232831215	1.43689284532256	240.73516326084	1.59937500644585	298.806169065889	1.63506379920114	336.898146719096	1.824306119661	389.010995992785	1.94996731251872	437.749064686607	2.0281341692686	483.043101541222	
0.0242374894113052	0.198712133735587	0.0288767166288124	0.302082961061064	0.037157706164034	0.397177352404296	0.045644351916474	0.502536285926494	0.0539040500961521	0.699131125191867	0.057668776638429	0.802717125183245	0.0594687419053634	0.89746158744762	0.0682229383753568	1.00122777549757	0.104618910118116	1.98535524197433	0.125415059225704	2.95753499840038	0.152624594513356	3.9334194849117	0.198361512927447	5.86360825334752	0.21564609787208	6.81764922224382	0.231354540274346	7.8034047059873	0.247290138450635	8.76860184332012	0.283119029104578	11.6764218984922	0.32699921746099	14.5842836067007	0.329478531882433	17.4966216352518	0.374389695854112	19.4488802811081	0.418963052669225	24.2039549193329	0.478932825878584	29.1132906836232	0.533250977147344	38.8249766841949	0.623254494900002	48.5209712515287	0.59237562258464	58.3906168832149	0.728762451640829	67.8979824040216	0.798255815456385	77.5930918910293	0.894238822861657	96.577133343413	0.973425542046523	116.36802528919	1.19964515452323	169.668106743304	1.29465950461091	193.916303048277	1.4387411447085	241.569836864307	1.60252968835505	299.78288053111	1.63699278829328	338.062791620367	1.83036568497674	390.333742206813	1.95263533610462	439.249522140592	2.03160865884578	484.709826143911	
0.0241694974222257	0.198784733237213	0.0288510716866782	0.30160012853672	0.0372017930015878	0.397413908327013	0.045848096570834	0.502357879454268	0.0536954585160483	0.700030317094949	0.0577913963646193	0.802063977051158	0.0595557939916018	0.897781904190413	0.0683078240423008	1.00047491764708	0.104869452902501	1.99240651768247	0.125607436660172	2.96871063593431	0.152853793086843	3.94700282401729	0.198573726063051	5.88333692416983	0.216021203069145	6.84100027204804	0.231804828290869	7.82980816538484	0.247791878884677	8.79889310862073	0.283591607651757	11.716388673561	0.327437627523217	14.6339696636965	0.330007947390453	17.5571166215351	0.375181231562992	19.5143392164784	0.419836963889121	24.286941344725	0.479722558718628	29.2126944625808	0.534413595653563	38.9585581373724	0.624319834082555	48.6882926573368	0.593131550626912	58.591600010561	0.730211093367468	68.1317369085668	0.799419756626774	77.8589658470022	0.895587450520206	96.9106287656717	0.976590385867333	116.76563295444	1.20164730951096	170.251159350804	1.29867181029394	194.5840836543	1.4403302574753	242.404316752688	1.60575477009068	300.48305626003	1.63909597542357	339.227138498429	1.83681442812294	391.666442396046	1.95517918210904	440.745747665	2.03571742859186	486.377474618551	
0.024136341222354	0.198381164991353	0.0289550281886393	0.301132808353273	0.0372046827354722	0.398075147323583	0.0457569056637798	0.502498509156356	0.0536043666609725	0.699180427078319	0.0580610782208711	0.801897212110562	0.0594794611342762	0.89713492607009	0.0682852268416565	1.00134698478146	0.105039042350537	1.99840400194748	0.125841491044805	2.97921059897245	0.153117858995181	3.95979453897206	0.199003312763578	5.90302228849447	0.216316629690731	6.86532921050916	0.232204570107483	7.85690406308371	0.248350932386236	8.82903536231648	0.284224196358355	11.7569645335646	0.327996050373849	14.684060845993	0.330311336700704	17.617779245874	0.37582169857753	19.5807238864438	0.420936012301178	24.3695552411049	0.480497250995913	29.3124372429394	0.5362001080243	39.0900608786621	0.62545423600303	48.856202658984	0.593974493365734	58.7910036148957	0.731567928283061	68.3649698724949	0.800630471209312	78.1254954540365	0.896859801323021	97.242917193931	0.979452072163634	117.166198500047	1.20349929654461	170.835225237216	1.30098476237532	195.251491731311	1.44204787870639	243.236099531021	1.60833272137964	300.724186839016	1.64140028482502	340.394793434118	1.8414416982798	393.005788502856	1.95799786538734	442.240274457112	2.03990985694954	488.045272104795	
0.0241813150486194	0.198842780824302	0.0291687919996405	0.300807252921247	0.0372826560884141	0.398233326634602	0.0455359034041629	0.502448974439271	0.0536760285601364	0.698788514916003	0.0581631333317476	0.802253908639697	0.0593666962881565	0.897009954228044	0.0681206192432601	1.00123755438414	0.105288752921076	2.00354560080708	0.126211543712131	2.98942231768743	0.153451250451941	3.97282048154322	0.199515656869785	5.92277377671877	0.216754120677306	6.88782623755302	0.23268077755892	7.88331916401288	0.248825771666594	8.86003722670777	0.284657710591685	11.796491724399	0.328663107922727	14.7346512171658	0.330964135517564	17.6768064678494	0.376407923997306	19.6483751550506	0.421901246154974	24.4533575050335	0.481500113567621	29.4133087862049	0.537367533042684	39.2233256821792	0.62691575847687	49.0225405882	0.594845274916717	58.9916887190321	0.732980539039679	68.5975099324604	0.802836408567417	78.3919431046881	0.898172387449772	97.5730300527594	0.981267776965376	117.567389894394	1.20511494012496	171.418039426148	1.30280384989169	195.918989215285	1.44402732712389	244.068955192909	1.60971008903038	300.811209616254	1.64519142260049	341.559855567883	1.84431801056534	394.342392796137	1.96069602922028	443.744010166404	2.04370373712017	489.710417184472	
0.0241047202902877	0.198541075980202	0.029108528083104	0.300906176836271	0.0372023644087326	0.398521047088831	0.045371499250273	0.502578835724601	0.053743050359928	0.699322861217809	0.0579862726656319	0.801893370405124	0.0594346423150113	0.897396976947075	0.0680433917167219	1.00044232135851	0.105418386850865	2.00550999285428	0.12661055784278	2.99878397176281	0.153608178981353	3.98605597168372	0.199989310430996	5.9428954656489	0.21704238803598	6.91098822888357	0.233368030343142	7.90930865054567	0.249327145270136	8.8894493235397	0.284989207470535	11.8375583913761	0.329059193605527	14.7846660310148	0.331768212093218	17.7373647840649	0.376995990944495	19.7158010436051	0.422696895195513	24.5368002784654	0.482501671315654	29.513586145696	0.538071390950349	39.3583860755349	0.628950912939369	49.1869227401022	0.595655070272673	59.1906005850706	0.734177278300439	68.8309887655366	0.805485166897425	78.6571465084391	0.899418293615768	97.9060113849814	0.982702498108489	117.96763506505	1.20682696753027	171.996532278538	1.30410083827409	196.586978437555	1.44606399473159	244.902600616303	1.61038066693203	300.862976247783	1.64995334166442	342.725960782881	1.84683671384643	395.676225473567	1.9631683177297	445.246404771253	2.04756889341577	491.376754356989	
0.0240914022653883	0.197570856182264	0.0286594090539159	0.301466367338294	0.0370336838980563	0.398213477823173	0.0454758199371958	0.503017139390461	0.0537698767749742	0.699359648457759	0.0578761682181226	0.802449253540444	0.0594116890813883	0.897281900406915	0.0681595195599353	1.00104337363656	0.105511778991216	2.0060943977421	0.126830680191729	3.00535887599666	0.153885825394767	3.99491936820535	0.20040560435856	5.96363182744907	0.217274671691161	6.93464801210661	0.233940623092187	7.93593516168923	0.249973152466615	8.91862207048132	0.285405807948723	11.8779666133242	0.329452604914059	14.8341397464736	0.332639211407958	17.7971743169659	0.377476398439518	19.7820702295768	0.423592141170463	24.62017040874	0.483273244436468	29.6126881761537	0.53893073618613	39.4915353950583	0.631443802035096	49.3532643946083	0.596833587872561	59.3902910367446	0.735535926244976	69.0642813341066	0.807831799387151	78.9240858973867	0.900942706588818	98.241525914486	0.98386297381577	118.368208061237	1.20861886234834	172.581253816012	1.3055924925339	197.250080079186	1.44793101326478	245.736529161746	1.6108336773325	300.889440708806	1.6534513837266	343.893407102324	1.84893918024926	397.011488662403	1.96631392736314	446.745848946325	2.0510313325403	493.036654228175	
0.0242214738760456	0.197432176436725	0.0283681551910931	0.301348205792252	0.037067360152821	0.397963970696519	0.045600689814402	0.502599848689193	0.0538331090377528	0.699135840012177	0.0580009583799361	0.802829116717523	0.0594463385667903	0.897531902298664	0.0683386699117106	1.0012444228878	0.105714565762842	2.00639987153206	0.126912786550538	3.00738799495973	0.15394933131795	3.99878016575504	0.200700122760195	5.98340054514018	0.217660154912558	6.95881070949606	0.23445539969072	7.96319404083093	0.25050757566415	8.9495037942662	0.28577017199294	11.9177797201754	0.3300169886541	14.8837391904741	0.333514728393895	17.8572818730766	0.378097834610614	19.84776944616	0.424390098592963	24.7032667301906	0.483901561338049	29.711898240025	0.53980976756429	39.6256383888528	0.63354551229558	49.5205671739658	0.598225128902373	59.590238533437	0.73686274187487	69.2975739026767	0.809396931416071	79.19119664968	0.902251183860051	98.576347540028	0.98502266594316	118.767521909363	1.21062184487438	173.165125987338	1.30705273197353	197.913554249828	1.45061903852302	246.568580160967	1.61127690926503	300.904550485539	1.65678608506266	345.061717689074	1.85100710671496	398.346543234993	1.97018125259862	448.249525050975	2.0540154507281	494.700368796446	
0.0241063373733271	0.198286402923887	0.0286450970269744	0.301341220873274	0.0371157861590488	0.39800983833114	0.045584880590376	0.501530515801342	0.0539329502551663	0.698894103607885	0.0581703644753016	0.802702049399784	0.0592608848273626	0.897836968635022	0.0684762582850944	1.00097142897109	0.106004354956476	2.00638543603284	0.126974375731824	3.0088157123988	0.153916988236902	3.99934035625706	0.200971224493371	5.99631985128162	0.217841565630767	6.98188282820243	0.234991202514602	7.98937444848244	0.250985319169193	8.97874825304266	0.286254674460979	11.9567415982339	0.330669597757652	14.9332948623156	0.334000008449321	17.9180264537981	0.378736473136255	19.9142491110235	0.425107094409258	24.7865288270517	0.484614112242703	29.8123246111209	0.540609791870924	39.7608254420726	0.634991989736313	49.6872888080643	0.600083902085374	59.7858460671377	0.738081436544422	69.5320511135054	0.810684890463576	79.4583521054547	0.903745955291844	98.9081442299913	0.986355918822124	119.168363126438	1.21297081562951	173.749743216689	1.30877685504129	198.584821727405	1.45425611256426	247.400720567152	1.61162098190909	300.910808972943	1.65938067526656	346.227852706394	1.85296634699195	399.654328683894	1.97387591356786	449.719971567742	2.05724884549448	496.372428014589	
0.0238910946991997	0.197484432361828	0.028958137292646	0.301874082879797	0.0371069000494544	0.398195200618515	0.0454943941560925	0.501447628096138	0.0540298524484475	0.698484030656227	0.0581642173242877	0.802782667006321	0.0591879012708677	0.897803033570321	0.0683371049318045	1.00097806464412	0.106229756914915	2.00563898102474	0.1271755927738	3.00890232539412	0.154069022855361	4.00012406416638	0.201248139443127	6.0011292008285	0.21804593287425	6.99821589707896	0.235285391571472	8.00788914038639	0.251433005798039	8.99933327493165	0.286548471692968	11.983722011939	0.331380778745061	14.9837557796567	0.334626733054189	17.9763160683295	0.379476219801068	19.9791865057768	0.425749446839768	24.8704391243938	0.485344552148577	29.9112124373967	0.541242539298067	39.8907635615112	0.63609383747111	49.8510488365162	0.601645746318735	59.9266732096016	0.739318207466336	69.7608435316087	0.811962844807409	79.7209627072811	0.906232409253958	99.2411553645342	0.987431548737627	119.562469018974	1.21571473604023	174.322975959428	1.31057618796017	199.24068140504	1.45734248160173	248.232920577979	1.61198566246333	300.911077193832	1.66131410752409	347.393540688899	1.85449459345101	400.588154609235	1.97716301161364	450.768596033468	2.06132144880093	498.042490477227	
0.023962465068203	0.197734085007628	0.0288739823443066	0.302140964992409	0.0371765470584172	0.397488559648589	0.0454440412201683	0.502481163274227	0.0540700470590313	0.698989331336617	0.0580927891376141	0.803111191028912	0.0594334353398696	0.896961176210516	0.0682641728367033	1.00042951567372	0.106253491084346	2.00590277813147	0.127266750362788	3.00909487632728	0.154046258945066	4.00038949108753	0.201687196279836	6.00342025425323	0.218233251512918	7.00313607400696	0.235305621888538	8.01476975124084	0.251809229344735	9.00695335587522	0.286406421449149	11.9945076581633	0.331970747505378	15.0185211183932	0.335147338800714	18.0180430429807	0.380157298539403	20.0259891882185	0.426337038404973	24.951713778975	0.485828195477323	29.9815030740546	0.541559599684474	39.9829719425991	0.636910173520171	49.968637619202	0.602489580464408	59.9739173389227	0.740693214060005	69.9237728203635	0.812888733821234	79.9071750592954	0.908702612748878	99.5684146511295	0.988141239067314	119.841567754878	1.21830733238233	174.731431669512	1.31206159860456	199.707013222452	1.46016012519886	249.046628248642	1.61206390284974	300.910838775264	1.66338225403822	348.562685740637	1.85536448684608	400.906860629712	1.97912353605752	451.126760326912	2.06514397350293	499.680396235536	
0.0240633509457847	0.198414430667985	0.0286022544043679	0.302304935965414	0.0372363545977871	0.397405933877847	0.0457328756902912	0.501782147507519	0.0541120707405903	0.699393816353092	0.058052974302914	0.803355604985479	0.0594765697531148	0.896490159840776	0.0683549659584231	0.99971926582899	0.106092070349572	2.00575702615547	0.127505548434613	3.00967462460244	0.154293454084636	3.999989953722	0.201876635470165	6.00532480882786	0.218433699960563	7.00408741997175	0.235382688936553	8.01716976940163	0.25195991973584	9.00981065339843	0.286605310775486	11.9974077965229	0.332130050121559	15.0307531085072	0.335182411515457	18.0333875129912	0.380542145300781	20.0428740656943	0.426877430862148	25.0093049016087	0.486237649838817	30.0046967303512	0.541774260894591	40.0145996557308	0.637324241222955	50.0093624908105	0.602954813757759	59.9918397096973	0.741485667494163	69.9800545035195	0.813379361452313	79.9712873022868	0.910181677844619	99.8026161904892	0.988614065584884	119.93817197831	1.21980937249602	174.872307240747	1.31310335050909	199.866917575628	1.46247976115546	249.633555157868	1.61202107017191	300.911703042573	1.66611095018796	349.70652862187	1.85591838013944	401.020437274936	1.98006789866963	451.255565958153	2.06779827743291	500.849660496558	
0.0240332825590126	0.198965046010243	0.0285280393920451	0.300943138699195	0.0370919391555219	0.397737513802491	0.045891736187286	0.502519172874998	0.0540109032732615	0.699255631372647	0.0580328465448298	0.802270614237586	0.0593881279182228	0.896424909055991	0.068409453148769	1.00054418476027	0.106121700797909	2.00617518997161	0.12785754295509	3.00947392459714	0.154514598938469	4.00088728298002	0.201904819794273	6.00542492599988	0.21854718158164	7.00613958916744	0.23554621265009	8.01902310123709	0.251995701446105	9.01124395877268	0.286822988353199	11.9988718355407	0.332235079512944	15.0354730510912	0.335340594565494	18.0386252709021	0.380894833185087	20.0493821475366	0.427185998980811	25.029548128129	0.486706574045043	30.0129948140968	0.542189646805936	40.0262262862001	0.637695953265546	50.0234440874698	0.603223128761328	60.0030677341236	0.74205368089809	70.0001785207559	0.813902545120126	79.9940562755095	0.91068523688966	99.8829334455092	0.98899121267758	119.972936385724	1.22042456658816	174.923120198005	1.31381962420699	199.925568543301	1.46388434866997	249.834914539516	1.61221476572179	300.911971263461	1.66808720713763	350.525824227715	1.85638729564355	401.087939531938	1.98057272185702	451.332336736978	2.0691651083383	501.246687016549	
0.0241424247538484	0.198936742536469	0.0285802545249221	0.301751264721103	0.0369627715389443	0.397931199784981	0.0456873149183432	0.502642514902616	0.0540003707890772	0.699988582204056	0.0580239188196675	0.802872132176895	0.0596005269763948	0.897241329669185	0.0684051049346238	1.00082532774913	0.106239465926585	2.00631954496382	0.127901918214515	3.0090999986012	0.154693951599701	4.00133897440726	0.201917983485926	6.00566474155145	0.218578450417018	7.00722690822166	0.235602159706039	8.0188917847603	0.252112951850255	9.01198808547445	0.286864173853169	12.0008369260798	0.332342502316041	15.0389962442236	0.335477150163254	18.0418588227276	0.381126943096246	20.0520420046834	0.427504071863388	25.036598239684	0.486916989710628	30.0188658713284	0.542680615510693	40.0323581137401	0.637959490683251	50.0324257619528	0.603444943285565	60.0086370428552	0.742592781558518	70.0115704579475	0.814109026535712	80.007437517626	0.910927050058632	99.9113425079759	0.989323191213212	119.990996592233	1.22081816627999	174.952520187644	1.31417227156709	199.959766706617	1.46478338539558	249.907662005009	1.61250364231097	300.915398530373	1.66898238968346	350.805369998434	1.85670851030206	401.122689038192	1.98101002699233	451.370334696217	2.0700754297598	501.388486459735	
0.024218867143442	0.198488398049578	0.0283554047534614	0.301523323531793	0.0372240566694227	0.397603432461945	0.0454242689944767	0.50238832205948	0.0540590079993927	0.700240563156182	0.0579883856211887	0.803501182338509	0.059711847380488	0.897031432853901	0.0682577298772656	1.00119448071711	0.106161572887119	2.00649509926079	0.127984143479936	3.0099400515236	0.154779018458363	4.00104793611651	0.202124850969659	6.00609035594783	0.218604365614412	7.00728092492842	0.235607196013318	8.01855092071418	0.25294882349063	9.01152801214445	0.28715072773549	12.0002064207267	0.332432935292408	15.0396137110613	0.335543429655295	18.0429950362146	0.381164933071292	20.0541300297965	0.427841041962085	25.0411226045366	0.487021090849892	30.0214996514443	0.542803732964768	40.0358226335531	0.637890566173966	50.037276089691	0.60362618147047	60.0106971282924	0.742919557411927	70.017992858117	0.814400830932404	80.0156927605353	0.911361677816184	99.9306395108054	0.989432163463492	120.001762680684	1.22113985698988	174.968866760697	1.31447081337539	199.975681146016	1.46541299378844	249.950756161135	1.61248609071046	300.918110541582	1.66961779074553	350.904224297099	1.85698241528708	401.139408140257	1.98151807321947	451.38759024006	2.07108517502365	501.472827028086	
0.0241588252221933	0.198641105840731	0.02827545534647	0.300662053917995	0.0372110871468855	0.397695662496282	0.0452912473147832	0.502469114288991	0.0541258821932879	0.699977231710717	0.0580637039277149	0.802924984730494	0.0596295534474885	0.896878055674679	0.0682189379781814	1.00030448562402	0.106120800984593	2.00721524440741	0.127964495820094	3.00973842019577	0.154760119388332	4.00131848531159	0.202234031731437	6.00567638308308	0.21863627052565	7.00655495901599	0.23567584079113	8.01877164415389	0.253620878050853	9.01214827294968	0.287216691247245	11.9999549636435	0.332537956133093	15.0398716874022	0.33578964889686	18.0432595318132	0.381195701477946	20.0556741625519	0.42805588525744	25.0436446259489	0.487141231826117	30.0228966352398	0.542875805708153	40.0381434892988	0.637894648227757	50.0396565500787	0.603743631960545	60.0117141324956	0.74300879022781	70.021516982572	0.814757886096778	80.019455303558	0.911752334627647	99.9394460966526	0.989565135733604	120.0089971941	1.22134824206956	174.976853782717	1.31491734599663	199.985068877122	1.4658971100312	249.97084292547	1.61264744380211	300.91438525146	1.67006693999315	350.964752810993	1.85723563978864	401.144653348748	1.98187277965815	451.396650145636	2.07182571196808	501.516219207421	
0.0241856855359259	0.198338906231537	0.0282326655647788	0.30109735988946	0.0370343513565743	0.39836010291405	0.0453930125515098	0.501177078901063	0.0541607011924964	0.699668963953161	0.0580991976555781	0.802690640698787	0.0595479546463835	0.897731438150798	0.0682382608407295	1.00034348475498	0.105983473528506	2.00601593381891	0.127880064357717	3.00935983758717	0.15487880895944	4.00131336303767	0.202265034551986	6.00487637702948	0.21864943123707	7.00682457688853	0.235810390966167	8.01932205576934	0.253621325068227	9.0122255727197	0.287191153404295	12.0006748759595	0.332736671878367	15.0399601630426	0.335934584965907	18.0445428942601	0.381340743158974	20.0559014052493	0.428142922008868	25.0463920274135	0.48717830453865	30.0227886018263	0.543083554094987	40.038855019712	0.638016495931186	50.0399024192267	0.603884548505379	60.0122654754336	0.743258756730163	70.0229623951391	0.814871410512127	80.021079530051	0.912168360654474	99.9401240994548	0.989735816009218	120.012044481419	1.22147961339035	174.977360422174	1.3152122371194	199.98746796396	1.4661438893556	249.981422749415	1.61268568728317	300.913938216645	1.67041026091435	350.992170946288	1.85720238239911	401.149809150277	1.98194811151832	451.402759621435	2.07225195012738	501.537557669237	
0.0242650729974278	0.197998420535196	0.0283128564113278	0.301817970697342	0.0369022917214619	0.397915396405794	0.0455517016647784	0.501354204804809	0.0541263125108845	0.700221529251968	0.0581552003231269	0.802003208256051	0.0595524324438789	0.897291330047535	0.0681933916369128	1.0011093811209	0.106005701414638	2.00542640665718	0.127943481031097	3.00956565986639	0.154873526139806	4.00184561386378	0.202258139115295	6.0056186410862	0.218998686097564	7.00673563558688	0.235937190505917	8.0200717704063	0.253763180630691	9.01248168641555	0.28715474223056	12.0009887316522	0.33306906686073	15.0402134827708	0.335931671762693	18.0441163485412	0.381465344119695	20.0558995426042	0.428367055270214	25.0469638594471	0.487381686818304	30.0239602055695	0.543223817948586	40.0391120647304	0.638032172421373	50.0400253538007	0.603852175761706	60.0131222921615	0.74346398500758	70.0238639153485	0.814999997469449	80.0221449630258	0.912314280910296	99.9406605412323	0.989854838370986	120.013258925999	1.22171791739409	174.977196509409	1.31522396965347	199.98837693475	1.46625461998366	249.988247480918	1.61267915690746	300.915577344299	1.67074518549105	351.008055583366	1.85743072394629	401.153772858966	1.98209870616947	451.406574318519	2.07257407568925	501.54500824948	
0.0242558774835546	0.199004088796947	0.0286655679861603	0.301267937431665	0.0369957888538824	0.397449880659749	0.0455995797797539	0.502331511385127	0.0538765934900412	0.700848774976178	0.0580878917545612	0.802062812897995	0.0595032400479371	0.89695128090863	0.0682309539981119	1.00065233458911	0.106126635591026	2.0068494674836	0.127963351617549	3.00981176184504	0.154757117476642	4.00177902430286	0.202272172534176	6.00625613135824	0.219097759227054	7.00735356808579	0.235954014388429	8.02008946553437	0.253909065961916	9.01336737414195	0.287320685339711	12.0013854750502	0.33324098985827	15.0399284980765	0.336190503286008	18.04331354852	0.38163039375289	20.0561360985269	0.42854492257962	25.0463529118672	0.487669099065719	30.0238409962857	0.543316097760907	40.0394510661315	0.637983848875179	50.0412286225099	0.6038626554399	60.0129174012049	0.743595899737632	70.0234839357561	0.81504080390076	80.021079530051	0.91227774764017	99.9421953607623	0.990034169760231	120.011649600666	1.22178877155428	174.978060776717	1.31540400788162	199.988794167243	1.46661500515594	249.990542259633	1.6128156109154	300.915279321089	1.67079572555586	351.016519442522	1.85781894109424	401.155143765731	1.98230752163079	451.405710051211	2.07299858497045	501.551803178662	
0.0239957902172655	0.198721898070242	0.028867700914041	0.301290638418343	0.036860963912491	0.397373395796941	0.0454782046119387	0.501907759633804	0.0539028632390323	0.699631012560049	0.0581345120485487	0.801975908864379	0.0596346378124671	0.897193482974187	0.0681763915918253	1.00057957501643	0.106222873930297	2.00739359267198	0.127965652241882	3.01067975444335	0.154801037895583	4.00140602962944	0.202399924083506	6.00658069726008	0.219080434915816	7.00779268665886	0.235847165524508	8.0199218274789	0.253971371564551	9.01331522008024	0.287280643637741	12.0016248249405	0.333182349522203	15.0397077746368	0.336106052843566	18.0442616348559	0.381629935652776	20.056169626138	0.428654977213013	25.0462951698703	0.487837664543506	30.023025157749	0.543393314286197	40.040356311631	0.638032554898092	50.0407480600843	0.604132072756883	60.0131222921615	0.743701849165133	70.0235509909783	0.815158108731981	80.0235531226917	0.912481323952152	99.9437003779714	0.990262370974564	120.012469164493	1.22192585491508	174.980564171678	1.31565350324535	199.990403492576	1.46678078528363	249.992568817459	1.61294745486493	300.91560714662	1.67078265586376	351.019887104792	1.85793673853981	401.154964951805	1.98239910045406	451.408511469382	2.07336467622227	501.556154317524	
0.0238958242710217	0.197937186078824	0.028568706267577	0.301273263432386	0.037022413494982	0.397230670619161	0.0452146798776729	0.501894197249455	0.0541080789523282	0.698384437353135	0.0581921513059766	0.803112471597391	0.059665869445875	0.897515953400331	0.0681593573788401	1.00039144786529	0.106081953869721	2.00687740715951	0.127961449041939	3.01064762381606	0.154970005314732	4.00111825096756	0.202570103109672	6.00554553226756	0.219170945704186	7.00763203352237	0.235930847046656	8.01984173374129	0.254022367342973	9.01267447017934	0.287428516155234	12.000828544177	0.333193235425842	15.0399881027185	0.336070551071404	18.0445764218712	0.381761796924912	20.0563242256781	0.428615382528418	25.0466118195306	0.487764659712111	30.0232039716749	0.543544604207485	40.0394920443228	0.638247589300842	50.0413590076642	0.604332377417054	60.0132377761553	0.743660749049978	70.0252795255947	0.815477810145601	80.021139134693	0.912730182774354	99.9471276448832	0.990337662339672	120.014436117677	1.22203845046421	174.982382113258	1.31572527882116	199.9911485506	1.46689129783087	249.992479410496	1.61295009394207	300.916501216249	1.67097388992224	351.022032871902	1.85788809845454	401.154786137879	1.98274578780955	451.406812737087	2.07347155377093	501.55603510824	
0.0240592726420197	0.198270206643007	0.0284859757742095	0.300938016425278	0.0371737953814621	0.397720488062482	0.0451793889016448	0.502374759675131	0.0542594926201918	0.698556440982964	0.0581037294421338	0.802847510337498	0.0594329882657412	0.898021312288379	0.0683424242476426	1.00008085180141	0.105928790881199	2.0060087160693	0.127867550023454	3.01058452671462	0.15497158133081	4.0012742474914	0.202461425989683	6.00547056080387	0.219140526945131	7.00713889824254	0.235995490554178	8.01914789845616	0.254133853087384	9.01194803860565	0.287703582051331	12.0013910629853	0.333270987071623	15.0400896168743	0.336258324288626	18.0449508135284	0.381782622170847	20.0572555482085	0.428702604985569	25.0475021638697	0.487843817788862	30.0228835967244	0.5435291759526	40.039160493502	0.638256251479744	50.041139215547	0.604348696540192	60.0137555914822	0.743773972944996	70.0253614819774	0.815569525314504	80.0225770966799	0.912885442356264	99.945220296341	0.990251096913139	120.011522940802	1.22220364743264	174.981145316937	1.31562132820399	199.993830759488	1.46725095232239	249.992986049953	1.61288340876591	300.919421843704	1.67122828617894	351.024655476147	1.85805537693474	401.155471591261	1.98296504159834	451.406157086026	2.07369879035626	501.557406015005	
0.0241313472480521	0.198298699291671	0.0287560298015138	0.301597014427009	0.0372060143841481	0.398401081105387	0.045307883125433	0.502093791309247	0.0540376062298567	0.700527003041932	0.0580662574599713	0.802400766561207	0.0593297832421476	0.897795059121155	0.068258504071173	1.00027375198052	0.105986656946235	2.00601407117385	0.127795098822587	3.00977450894383	0.15473499363816	4.00246494334649	0.202286752389119	6.00597673459913	0.21922876027145	7.00701549800726	0.235899976194518	8.01932205576934	0.254271060593488	9.01320998063431	0.287574403442236	12.0016946741302	0.333266855974965	15.0404733217568	0.336291348605945	18.0443994705904	0.381692205865153	20.0564713746379	0.42886816226524	25.0472097285952	0.487960574795773	30.0240142222763	0.543604340899399	40.0401178930632	0.638165933093888	50.0416495802937	0.604409715759339	60.0129248517851	0.744013029850285	70.024489764089	0.815613279538929	80.0238660470619	0.912628592058753	99.9444007325143	0.990349137566777	120.013370684703	1.2224158162606	174.983127171282	1.31595607291904	199.993324120031	1.46736323915555	249.993343677804	1.61294010142126	300.916382006965	1.67134759091771	351.023046150815	1.85831820600306	401.155620602866	1.98299748538446	451.409137318123	2.07386145281761	501.558776921769	
0.0241217881080113	0.198393155768932	0.0288142552421045	0.301419219135194	0.0372440398862439	0.397860099130552	0.0452874406414348	0.501882322887193	0.0539774132830118	0.699916230084977	0.0581777319470199	0.80178690859837	0.0594216866080628	0.897351051104796	0.0682551256083035	0.999952329292218	0.106202572158954	2.00691186609314	0.127820573312317	3.00968812877913	0.154648185043299	4.00198344959828	0.202292637748267	6.00624029887522	0.219370648057674	7.0069493741076	0.235770790879901	8.01969272213643	0.254228303166525	9.01332173933796	0.287612678401995	12.0009328523004	0.333349610586677	15.0405673853324	0.336259783525586	18.0440008645474	0.381921524259129	20.0552140892219	0.428799075871724	25.0468576886787	0.487875943545784	30.024496647347	0.543746715936135	40.0397267376005	0.638197211810019	50.0403643552018	0.604372153281725	60.0133830624701	0.744007725749929	70.0252348221133	0.815629652547812	80.0215712683471	0.912557524066905	99.9456747817358	0.990572384989012	120.013705960813	1.2224318411964	174.982039386567	1.31617584851041	199.991997916748	1.46727409973386	249.993433084767	1.61299124174095	300.914295844497	1.67124525190188	351.023254767062	1.85832305027162	401.157200125878	1.98301818147342	451.406812737087	2.07408247195162	501.558657712486	
0.0239900733823929	0.199046827769942	0.0286234963356672	0.301343141725993	0.0371969995512227	0.397599940002456	0.0452952894177482	0.50297534629191	0.054090020563904	0.699343117482845	0.0583023225002117	0.801889121246079	0.0595734764240188	0.897172178971305	0.0683972180322923	1.00011356450529	0.106206106532499	2.00681105042922	0.127933705360012	3.00955169002843	0.154742580648802	4.00162815005294	0.202470967441871	6.0055529828478	0.219292398171776	7.00728278757348	0.235876264419028	8.01997118757302	0.254211518678959	9.01291009477953	0.287661363377018	12.0006627687666	0.333366880648374	15.0406707621332	0.336339155564968	18.0438146000414	0.382018736629392	20.0562497198756	0.428898255125423	25.0464143791542	0.487962407941284	30.0238726612517	0.54362022613681	40.0404270921433	0.638329073268419	50.0405170920967	0.604326870529939	60.0137369650316	0.743897064060109	70.0245419181507	0.815664930616289	80.0234935180498	0.912927510342583	99.9474554704139	0.990790361707542	120.012178591864	1.22251093594321	174.982352310937	1.31597838534161	199.993026096821	1.46750607452757	249.99289664299	1.61315495674814	300.914236239855	1.6712024609473	351.023701801876	1.85825309666544	401.156425265532	1.98327581162553	451.408928701876	2.0743393744032	501.558955735695	
0.0238586470000661	0.199090803655674	0.028295341906558	0.301885287853991	0.0371578820210191	0.397692519282742	0.0453121516300059	0.502609743991078	0.0543256847105213	0.698292934914525	0.0582550050850821	0.802126026414744	0.0595969919451028	0.89734872279847	0.0684894992881628	1.00043813040713	0.106145917677653	2.00615935748859	0.127923626039931	3.01030047334286	0.154791996778987	4.00086772520688	0.202552377834963	6.00544681207934	0.219285933826843	7.00826160755291	0.235918921542548	8.02086246323459	0.254293371525944	9.01292685858508	0.287701353576848	12.0009384402356	0.333400053083817	15.0409119746686	0.336673809196665	18.0442187940195	0.381934005541623	20.057730522699	0.428977407614238	25.0461498835556	0.488079275030525	30.0239024635727	0.543655530523884	40.0398124192733	0.638493814502872	50.0415638986209	0.604428372321702	60.0128056425012	0.74404370070963	70.024735633237	0.81564245476407	80.0208783643844	0.913062258609935	99.9460249590073	0.990786506171768	120.014354161295	1.22264351802409	174.984393769923	1.31594963791077	199.994009573414	1.46785479422101	249.993611898693	1.61319482252328	300.915756158225	1.6714693559197	351.02411903437	1.85822176380164	401.155978230718	1.98325824039158	451.407289574223	2.07454083940108	501.558836526411	
0.0238566655079656	0.19844209385752	0.0281562674188294	0.301103267966762	0.0370989395027888	0.39821988066557	0.0452560621370012	0.501891694320155	0.0543381163447927	0.699032113965356	0.0583309205818369	0.802399136746778	0.0593812504036712	0.896987951733264	0.0684412816682719	1.00058213615339	0.106055012533834	2.00685295994309	0.127907199120571	3.00972375186592	0.154825180949096	4.00099159110342	0.202436371578821	6.00590362578049	0.21938054469883	7.00802737993652	0.23577712642292	8.02000192121652	0.254397553093647	9.01248261773809	0.287627208151782	12.0011545070626	0.333411456599083	15.0405636600422	0.336749049953123	18.044418097041	0.381977219578581	20.0576001375447	0.428962794417946	25.0467626937806	0.488205196461142	30.0243383225169	0.543775152919328	40.0395740007055	0.638604553678732	50.0414819422382	0.604632760767344	60.0130105334579	0.744185558786665	70.0249666012245	0.815536259467405	80.0232700006425	0.912946347208998	99.9455332207112	0.990700526139679	120.014681986825	1.22264154380068	174.981398636666	1.31614846979197	199.992936689859	1.46798851080413	249.993403282446	1.61323034646091	300.915219716447	1.67170020488994	351.021198406915	1.85840420093631	401.155143765731	1.98334520740441	451.406186888347	2.07464405512906	501.558955735695	
0.02379342669537	0.198731400470434	0.0284825837256718	0.3007524504111	0.0372174084348477	0.398147412131174	0.045288774685356	0.502184304217669	0.0543101384919888	0.699141020493752	0.0586462203845096	0.803073996335355	0.0592940502997158	0.897010943758233	0.0683473639302033	1.00070623488056	0.105933747094736	2.00646878939931	0.127912761533429	3.00980617390986	0.154996672761745	4.00047098180894	0.202553665662001	6.00621096221552	0.219470619180034	7.00768232493901	0.235909468240043	8.01989854441564	0.254633130662189	9.01229821587707	0.287548052682734	12.0014488049822	0.333588459676063	15.0395000897126	0.336554259816912	18.0437270557235	0.382232466022203	20.0562683463263	0.429175625491925	25.0466695615275	0.488383948492072	30.02397510673	0.543772400965886	40.0398086939831	0.638592045146318	50.0415117445592	0.604802583198826	60.0132675784763	0.744317261044202	70.0244376100273	0.815784422495605	80.0222865240504	0.913119165358874	99.9453916596866	0.99076452828027	120.011306873975	1.22276002573341	174.983469897973	1.31609483195617	199.992713172451	1.4679921160004	249.993731107977	1.6132055308237	300.917812518372	1.67163807314777	351.024059429728	1.85866158197709	401.155203370373	1.98346088783735	451.408988306518	2.07476272630655	501.559134549621	
0.0237608690987184	0.199163010255607	0.0287379569426674	0.300426662148441	0.0372879258957256	0.397831199028281	0.0454121899065451	0.502671153070425	0.0542225725368762	0.699411918934777	0.0585322654565656	0.803481158904106	0.0595096020012257	0.898133245614999	0.06843397760798	1.00086316272693	0.106022983043651	2.00655097861261	0.127910247179296	3.00880174256084	0.155155856267604	4.00025165535304	0.202445421263584	6.00635624853026	0.219393791930118	7.00743179917834	0.235918564118406	8.01988923119034	0.254684059757913	9.01232429290792	0.287646758935158	12.0011880346737	0.333779350839036	15.0405273384636	0.336705172421588	18.0443622176892	0.38227614411974	20.056044828919	0.429310641310788	25.0471110084069	0.488653443853888	30.0233995494062	0.543760174941446	40.0392871533661	0.638702578182656	50.0412174466396	0.604753438819838	60.0135842281366	0.744620089253044	70.0247728861382	0.81611584973777	80.0208485620635	0.913176391999656	99.9461069153899	0.990931480163112	120.010710827556	1.22286519158103	174.982277805134	1.31608214522391	199.992251236476	1.46797219056341	249.99289664299	1.61348591745299	300.915189914126	1.67176621951384	351.024983301678	1.85859965885118	401.155978230718	1.98353155547108	451.407170364939	2.07495968555416	501.558598107844	
0.0238297724407817	0.199071827959117	0.0286016952412047	0.30107535739468	0.0371351180408745	0.397958644695798	0.0454278705120139	0.502752934830124	0.0540231090588973	0.699979560017043	0.0582849488346983	0.802821782552596	0.059593518625574	0.896838998336061	0.0684672419067553	1.00018574200139	0.106106872358418	2.00666669543701	0.127896147287264	3.00882898374486	0.155122779283993	4.00132966118195	0.202499166341178	6.00550734804381	0.219388819930664	7.00712958501723	0.235893989880003	8.02006804511617	0.254752235073476	9.01269216530742	0.287765894266356	12.001272785024	0.3337743455448	15.0405580721071	0.336819730197545	18.0447477852168	0.382178377723137	20.0560019880826	0.429171866254907	25.0478821434621	0.488623162549313	30.0238056060295	0.543689574735467	40.0404308174334	0.638612309343161	50.0412323478001	0.604638351231928	60.0139493065685	0.744656740373309	70.0243333019038	0.816112378913891	80.0237244860373	0.913219610879493	99.9459281014641	0.991006212472738	120.013720861974	1.22269291237006	174.981577450592	1.31630571253799	199.993935067611	1.46809307885324	249.993641701014	1.61364779856962	300.915279321089	1.67210924206842	351.023552790271	1.85870659898471	401.155233172694	1.98358100670339	451.408332655457	2.07516767794752	501.556869573227	
0.0236942308350254	0.199340776443594	0.0282576345646286	0.301518404984679	0.0370276033366076	0.397628199820488	0.0453353889199259	0.502157994356185	0.0540702126394535	0.699607263835524	0.0581665574934524	0.802118343003869	0.0595221091119181	0.896980792191312	0.0684488182245135	1.00024988684067	0.106103006377283	2.00667298186409	0.127811136815818	3.00969301822242	0.155085024217601	4.0014400229018	0.202700627334371	6.00542818562873	0.219497044631608	7.00718127341767	0.235829425348636	8.01997211889555	0.254666736331432	9.01275456391696	0.287862368225875	12.0005975761895	0.333715313046259	15.039711499927	0.336882538976307	18.0442113434393	0.382220207028944	20.056076493885	0.429059100832532	25.0477629341782	0.488426699399776	30.0239285406035	0.543626554974307	40.0408033464456	0.638593379213522	50.041813493059	0.604833895201006	60.0139232295377	0.744500994620643	70.0242811478422	0.816075850728207	80.0229347245315	0.913411521712633	99.9458535956617	0.991096606612953	120.014726690307	1.22270049704367	174.983037764319	1.31653874136768	199.991953213266	1.46824041997554	249.993611898693	1.61344044569802	300.915160111805	1.67205365858334	351.024595871505	1.858691912959	401.156574277137	1.98367960641252	451.409137318123	2.07514505558079	501.560267037818	
0.0234705744486738	0.198547667997488	0.0281273197128868	0.301815758806332	0.0371085144098304	0.397967754194298	0.045244291703924	0.501361713592711	0.05412295931014	0.699647485327305	0.0582979298794417	0.802614330458954	0.0594493268287837	0.89720786026575	0.0683867593787058	1.00010820940074	0.106089664788467	2.00593840121826	0.127761951625985	3.00928090800272	0.155139159734722	4.00123420062259	0.2027824937321	6.00530944200611	0.219607080172887	7.00731445253951	0.235976430094677	8.01875860563846	0.254545328939855	9.01265304976114	0.287863698381524	12.0009384402356	0.333693404613957	15.0405170939157	0.33692481166733	18.0443994705904	0.382368813486832	20.0570357560913	0.429193815199741	25.0466714241726	0.48827986387505	30.0234498408229	0.543612278861492	40.0403190587298	0.63876892622004	50.0416682067443	0.604998647480366	60.0125858503841	0.744508275048625	70.0242364443607	0.816069739206103	80.0226590530625	0.913397325451996	99.946844522834	0.991072494572482	120.01483099843	1.22277429724492	174.981726462196	1.3167032481504	199.993070800303	1.46833455863787	249.993552294051	1.61341757421997	300.916501216249	1.6719834052019	351.02227129047	1.85873744133838	401.15603783536	1.98395946080842	451.407289574223	2.07517795832268	501.558657712486	
0.0234440518266878	0.197746686965617	0.0284404617779382	0.301330627079491	0.0370464121265548	0.398260451403299	0.0452725245848638	0.500976262480449	0.0540572213676237	0.699916986784533	0.0584341207800155	0.802673644062608	0.0595275157014113	0.897484579472589	0.0684088233098626	1.00002136357478	0.106133856767974	2.00626040598314	0.127913107017725	3.00976193608967	0.155108202874943	4.00157459900744	0.202890264384185	6.00535414548757	0.219733998782229	7.00687347132138	0.23616417611728	8.01940494347454	0.254647161613066	9.01296038619617	0.288036034682562	12.0010678940673	0.333827117937452	15.0403410739575	0.336849956554087	18.0448912088865	0.382490274243194	20.0566036224372	0.429277973262191	25.0463734009629	0.488384461540218	30.023392098826	0.543611178873486	40.0399502550078	0.6386745829083	50.0415005686888	0.604970423714746	60.0128801483037	0.744586918773378	70.0245121158297	0.816069944228038	80.0228825704698	0.913286389449842	99.9466210054267	0.991130427790243	120.013027958011	1.22272347160166	174.98521333375	1.31673241903616	199.992400248081	1.46848971689188	249.992658224422	1.61347859083141	300.915696553583	1.67218735430484	351.024595871505	1.85892940432558	401.15544178894	1.98392975917939	451.408720085629	2.07531894192274	501.558538503202	
0.0236177848787602	0.197551051026579	0.0285195975204095	0.301233594913357	0.0368806528517497	0.39829910128831	0.0453910560814254	0.502551885578878	0.0542005197524867	0.69938729709538	0.0582844060948238	0.803701707720831	0.0595264506918436	0.897902859704046	0.0683448960679835	1.00037375273722	0.10611655413327	2.00648275923726	0.127983404990608	3.01050373448511	0.155198660903888	4.00194154008441	0.202957538586946	6.00563819885933	0.21976350986266	7.00734844581187	0.236028135319711	8.02011833653281	0.254766343324128	9.01258133792631	0.287970520143959	12.0013770931474	0.333861687024978	15.0402581862523	0.336749013817807	18.0447794501828	0.382564385023059	20.0567340075914	0.429272510147237	25.0464348682499	0.488619977827733	30.02382050719	0.543770628542607	40.0393430327179	0.638801056316346	50.0409641269113	0.604949271257354	60.0129472035258	0.744823816066755	70.0247728861382	0.816134014430841	80.0233743087659	0.913428001395784	99.9447658109462	0.991161372961924	120.012804440604	1.22284881024554	174.982382113258	1.31670778817334	199.993145306105	1.46843556321397	249.993045654595	1.61354682677607	300.915458135015	1.67230352349587	351.022509709037	1.85917582076597	401.156008033039	1.98383384921136	451.408302853136	2.07527880494646	501.559730596041	
0.0235326794749851	0.198227540429584	0.028374565749236	0.300907253677946	0.0368858838199988	0.398285364280987	0.0453444968356336	0.50202830769383	0.0543335491214125	0.699229612549455	0.0582626322444569	0.803161482445553	0.0592921745520168	0.897578526632841	0.0683070932945921	1.00096118442325	0.106182029882287	2.00656145599108	0.128109824200047	3.00937241044133	0.155200660095483	4.00241325494605	0.202877580213065	6.00486659814291	0.219633882885773	7.00758826136344	0.236149108080504	8.02001868502206	0.254950988071654	9.01240811193565	0.288022387419123	12.0011163228389	0.333789381078417	15.0402693621226	0.336849462877451	18.0452805017042	0.382512477328494	20.0573989718781	0.429269685923163	25.0473922678111	0.488690767223162	30.0230586853601	0.543583315474408	40.038914624354	0.638868076043945	50.0415191951394	0.605054554955105	60.0128503459827	0.744856777799197	70.0248473919406	0.816227016838891	80.0210348265696	0.913547462113626	99.9461441682911	0.99119041271746	120.013445190505	1.22298363599893	174.980176741506	1.31690695708272	199.993249614229	1.46836460474566	249.99322446852	1.61366954001578	300.916143588397	1.67237088868885	351.021883860297	1.85916761445201	401.156216649286	1.98381736032558	451.404935190866	2.07539793683177	501.559849805324	
0.0236039104773869	0.197597122388004	0.0283242584190147	0.30148473185444	0.0368481682911614	0.398000350482862	0.0453506111400637	0.502276155902227	0.0542505467167767	0.699339741438672	0.0584539239547207	0.802456995158978	0.059300845828776	0.897267755945985	0.068260741043974	1.00064139154938	0.106164731228987	2.00674399520704	0.128004507347212	3.00980081880531	0.155179772544067	4.00210498718849	0.202766082221762	6.00571549862936	0.219606226091877	7.00676031563394	0.236192232896759	8.02078050685192	0.25500191884376	9.01241742516096	0.288065100421998	12.0014488049822	0.333797101445721	15.0403727389235	0.337049399962065	18.0445242678095	0.382386608238207	20.0564397096718	0.429266035278359	25.0475189276752	0.488681404855574	30.0234591540482	0.543500941011108	40.0395665501252	0.638872242530863	50.0407815876954	0.605228439565374	60.013412864791	0.744661132129692	70.0258904731746	0.816287399889046	80.0220183031616	0.913589777459224	99.9459057497234	0.991218578741079	120.013728312554	1.2230620554612	174.982695037628	1.31710027388117	199.992757875933	1.46848459546172	249.993850317261	1.61366775976939	300.915756158225	1.67222178993384	351.025847568986	1.85898976949435	401.156604079458	1.9839331867899	451.40627629531	2.0754649396646	501.558300084634	
0.0235410867669046	0.198282881360569	0.0282895279391083	0.300907806650699	0.0366951442297744	0.39801612475822	0.0453508318897079	0.502342396217201	0.0541379850765117	0.69945644779326	0.0583891193836912	0.802487728802481	0.0593492974696583	0.897057277054119	0.068334862219728	1.00066781782618	0.106027990037551	2.00650324833293	0.12786987319016	3.01009022728162	0.15521756765733	4.00159415678058	0.202671446204066	6.00620118332895	0.21964164870162	7.00723715276949	0.23607133082335	8.02017328456211	0.25473900008908	9.01316527715285	0.287954599888818	12.0014180713387	0.333923081829058	15.040219070706	0.337084914213949	18.0440846835752	0.382331633168708	20.0559461087307	0.429407926510478	25.047418344842	0.488669752359948	30.0240235355016	0.543557933200163	40.0403525863409	0.638740490726964	50.0418060424788	0.605306201735101	60.0134091395009	0.744513881159427	70.0250187552862	0.816300252900217	80.0230911867166	0.913523450655994	99.9452426480817	0.991257798772065	120.012610725518	1.22311015735262	174.983708316541	1.31697425075013	199.993339021192	1.46849276899313	249.993969526545	1.61369603755172	300.914921693238	1.67219318555415	351.025400534172	1.85918407476365	401.155322579656	1.98390754808471	451.408004829926	2.07551182036511	501.55788285214	
0.0235588500323	0.198001694715967	0.0282606156641694	0.301265987475117	0.0367231282758731	0.397845285281553	0.0450911584624259	0.502469288911965	0.053994963646611	0.699490324650303	0.0584835051113547	0.802231207653019	0.0593644428484079	0.89680698412408	0.0684046462757172	1.00086444329541	0.105845872873306	2.00641174589432	0.127938740107326	3.0092264256347	0.155301078337084	4.00094875026703	0.202696934081559	6.00598092555051	0.21981765585716	7.00703784974799	0.236080486865153	8.01956233698218	0.254787154786488	9.01365049619118	0.287976485876245	12.0008369260798	0.334001221539494	15.0409874117936	0.336962110635952	18.0443026130473	0.382350202373012	20.0567004799803	0.429382527900255	25.046745929975	0.488731386458633	30.0238652106714	0.543479796004297	40.039559099545	0.638793531378354	50.0411801937384	0.605253677298354	60.0134203153713	0.744660413369854	70.0239831246324	0.816335505505754	80.0229943291735	0.91349693523866	99.9466433571674	0.991229940719358	120.013795367776	1.22319136166149	174.981115514616	1.31692340696355	199.992459852723	1.4685965348359	249.993135061558	1.61377405144048	300.916948251064	1.67221167347146	351.022420302074	1.85945422747332	401.154994754126	1.98399476420887	451.408958504197	2.07568137556231	501.558538503202	
0.0235799635531319	0.198324005071051	0.0282622245181003	0.30109360549551	0.0368397851190421	0.397703811568423	0.0449613842347097	0.50190787604912	0.0539974655544923	0.699482350201137	0.0584120877862307	0.802451116185505	0.0593794374562183	0.896927532184106	0.0685033996414225	1.00013254020185	0.105664296273422	2.00659894172293	0.128082979647494	3.00951699826417	0.155284716326541	4.00085980896538	0.202820168704749	6.00600001766239	0.219955851927256	7.00750909894836	0.236191460306476	8.01941146273226	0.254877745808299	9.01268750869477	0.28805334646751	12.0007540383746	0.333852502857234	15.0411503932364	0.336805468613363	18.0441182111863	0.382369332309179	20.0563950061904	0.429396620039026	25.0467962213917	0.488806184761197	30.0239415791189	0.54340403549417	40.0400098596497	0.639070658538696	50.0415937009419	0.605271925306965	60.0128391701123	0.744851631651153	70.0240129269534	0.816315272228821	80.0229645268525	0.913457868689636	99.9462261246738	0.991202639486958	120.013959280542	1.22335108851258	174.984557682689	1.31700290579377	199.99327941655	1.46881396069458	249.992568817459	1.61388340538169	300.914802483954	1.67227070122025	351.023314371704	1.8595246686094	401.15544178894	1.98423268052049	451.40812403921	2.07568256099043	501.56032664246	
0.02350103313964	0.198641484190509	0.028425178009019	0.301827953310714	0.0368585933560166	0.398341592878759	0.0449731332706499	0.50265182812792	0.0541855604126988	0.69891406883463	0.0583825280791197	0.802462408471186	0.0593860317992295	0.896922468117847	0.0685757174739874	1.00000250429354	0.105734684980408	2.00643339914315	0.12805788670316	3.01033539793775	0.155270799686778	4.00132826419816	0.202906558827273	6.00611876128501	0.219698458593011	7.00757242888043	0.236171861373722	8.01985942886937	0.254936351126636	9.01325840940589	0.287989634806435	12.0012243562524	0.333903535609162	15.0401399082909	0.3369077755917	18.0442299698899	0.382357579844807	20.0556853384222	0.429396531004587	25.0476865657307	0.488770234202148	30.0241967614922	0.543420825010879	40.0403712127915	0.638977648549102	50.0417352619665	0.605427710175179	60.0125001687113	0.744998766261394	70.0237745083856	0.816253913987887	80.0203642743477	0.913481575156588	99.9456300782544	0.991438213516473	120.013810268937	1.22334663640649	174.983604008418	1.31709526569983	199.992817480575	1.46885387713366	249.993582096372	1.61397417901839	300.916560820891	1.67234291962249	351.024178639012	1.85949147801316	401.155382184298	1.98431280248118	451.407259771902	2.07574824130445	501.558359689276	
0.0232916748831513	0.198112492993253	0.0283096462093434	0.302087675881374	0.0368557451212846	0.397265362383417	0.0449379310147397	0.502245189428092	0.0541977732298202	0.699567682627983	0.0586383193027915	0.802504026946762	0.0594372510106688	0.896321124801512	0.068396273764331	1.00046129705507	0.10610885597801	2.0061572620129	0.128047936022011	3.00979779200708	0.15531783721328	4.00161650852131	0.203019347858676	6.00600188030745	0.219602580709046	7.0068343557751	0.236085468038135	8.01977281587404	0.254991324147226	9.01377249944266	0.287834977400243	12.001657421229	0.333974415566979	15.0407461992582	0.336953634852532	18.0449321870778	0.3824207526601	20.0560560047893	0.429309292528687	25.0469564088669	0.488675961298395	30.0233250436038	0.543479567140505	40.0395740007055	0.638873178847657	50.0405133668066	0.605359899920603	60.0130291599085	0.745080307729406	70.0246313251136	0.81649088070263	80.0222045676677	0.913499252188788	99.9462112235133	0.991514280748961	120.012566022036	1.22339414470783	174.981458241308	1.31711841907177	199.993204910747	1.46871245070718	249.993582096372	1.61390968834091	300.915726355904	1.67238340405775	351.024059429728	1.8594832806399	401.155501393582	1.98452285999503	451.407617399753	2.07601562082652	501.55847889856	
0.0233746232972704	0.198542269237194	0.0282811065944044	0.300992993558399	0.0366883851154273	0.397395165461089	0.044965264045985	0.501763288226279	0.0540656269351408	0.699989571734245	0.05861641557949	0.803262530940099	0.0595782831282684	0.896853608458257	0.0683244217618565	1.00048050558226	0.106128918291766	2.00675982769005	0.128038372986422	3.00993120395956	0.155268057698489	4.00146330596506	0.202915181657796	6.00629245293693	0.21971623886232	7.00712120311446	0.236184635557169	8.01944685298841	0.254890846216581	9.01356015790573	0.287937271060667	12.0019023590545	0.33416628644638	15.0410712308213	0.336872460587549	18.0449508135284	0.38259079967129	20.0563409894836	0.429425735045428	25.046684462688	0.48874642031587	30.0235932644926	0.543646443399953	40.0397341881807	0.638870808253348	50.0414819422382	0.605430679444012	60.0123660582669	0.744846442420705	70.0258830225944	0.81660019901202	80.0226888553835	0.913506464816484	99.946844522834	0.991454400129874	120.011105708309	1.22330977802912	174.983842426985	1.31700937060436	199.992295939958	1.46879839497648	249.993611898693	1.61389333531763	300.915547541978	1.67248766637112	351.022807732247	1.85959554661144	401.156067637681	1.98469803011277	451.406693527803	2.07622157965374	501.558896131053	
0.0235153727410065	0.198490886426964	0.028359126356315	0.300687083210999	0.0365998907801348	0.397854918648977	0.0450141010099413	0.502247052073153	0.0539924549342544	0.699566343851845	0.0585939869656961	0.802448729671521	0.0596222192880151	0.897460074048508	0.068261101401782	1.00158528693392	0.105989416834835	2.00683689462944	0.127837344086159	3.01023691058016	0.15535927365812	4.0010721505023	0.203016136268439	6.00628546801795	0.219710171289908	7.00867977136905	0.236149156229881	8.01953719127386	0.254919985623634	9.01320439269913	0.287987715047922	12.0022320472303	0.334079942377758	15.0404919482074	0.336954816796926	18.0444814269731	0.382622168670413	20.0564266711564	0.429682720570979	25.0461517462006	0.488920131382908	30.0236174788784	0.543512256423258	40.0400992666126	0.638922479074746	50.0409119728496	0.605443779945427	60.0132377761553	0.744782393824584	70.0251752174713	0.816556599890637	80.022122611285	0.913447995378112	99.944914822551	0.991514710909397	120.012811891184	1.22324408255201	174.981413537826	1.31720387283093	199.99359234092	1.4689411379613	249.994088735829	1.61404417732805	300.916888646422	1.67246338594753	351.024595871505	1.85961372756482	401.156157044644	1.98472258646978	451.406693527803	2.07625198216121	501.559551782115	
0.0235754768396796	0.197716404431465	0.0285179975344156	0.301317297525775	0.0367790541093082	0.39792619392638	0.0449620696095458	0.501875337968215	0.0540334386748317	0.699001554944828	0.0587087870688781	0.802684761725314	0.0595240080524574	0.898455017549245	0.0681785083075972	1.00214978480265	0.106054977008244	2.00607134750947	0.127855306094337	3.01024203285408	0.155492973617136	4.00102977532717	0.203255383620462	6.00578301951281	0.219708350530987	7.00869746649713	0.235999994069273	8.0195874826905	0.255027789058274	9.01292127064989	0.287901841093476	12.0014990963989	0.333768455156511	15.0403447992476	0.336982979095255	18.0448018019236	0.382505315178482	20.056260895746	0.429670360436087	25.0469713100274	0.488969223794095	30.02382050719	0.543203905681081	40.0404196415631	0.63917346459534	50.041262150121	0.605337134613323	60.0133085566676	0.745038315124918	70.0239160694102	0.816473278307201	80.0231507913586	0.913442010646845	99.9456449794149	0.991542809132732	120.013773016036	1.22321868822587	174.980698282123	1.317300760839	199.993324120031	1.46893258418835	249.99322446852	1.61411443789815	300.914593867707	1.67263319148424	351.022748127605	1.85963886681917	401.154875544842	1.98467198434395	451.407945225284	2.07627839923088	501.559134549621	
0.0236126901775548	0.198475854299247	0.0283294382547438	0.301982320020125	0.0366725817034339	0.398541448873012	0.0451083129266193	0.501454904053407	0.0541928011139507	0.699266632620037	0.058621928642438	0.802701583738519	0.0592992976315926	0.897970438795157	0.0682709122885023	1.00124710044008	0.106021501156636	2.00659055982016	0.127956567702371	3.01057567915058	0.155346719397768	4.00155923218569	0.203130359437658	6.00546962948134	0.219617521853119	7.00748954117522	0.236189158630038	8.01969085949137	0.255058337224602	9.01212033327377	0.288019639656634	12.0013091066027	0.333846739221948	15.0396695904131	0.336914479455334	18.0454034362782	0.382523480671911	20.056504902249	0.429584345758797	25.0476455875394	0.488953087899943	30.0237441387425	0.543356514395882	40.0400098596497	0.639162282307021	50.0416719320344	0.605383342133503	60.0128019172111	0.745196100535145	70.0240352786941	0.816377835621549	80.0203344720267	0.913571949180236	99.9468370722537	0.991564147985606	120.014115742727	1.22335697936653	174.984766298936	1.31717040630128	199.99174459702	1.46885890617662	249.993313875483	1.61401048132051	300.917335681236	1.67267304235821	351.02441705758	1.85965333826817	401.155680207508	1.98469646619515	451.408690283308	2.0762349103781	501.557465619647	
0.0234946249811084	0.199058440197743	0.0281200756617839	0.30149669352819	0.0365878039302113	0.398215369572063	0.0452278118054043	0.502451651991546	0.0542566647057518	0.699550744199461	0.0586110687925484	0.802160718179001	0.0591470153540868	0.89738958457449	0.0682737801916058	0.9998529106121	0.106113380005484	2.00639172245992	0.128021458462939	3.01081991848418	0.15505813698719	4.00201138927419	0.203019815225449	6.00587568610458	0.219629893908942	7.0065507680646	0.236200492854903	8.02003544882761	0.255113739008644	9.01289426229651	0.288108349662951	12.0009663799115	0.33427232900614	15.0402069635131	0.336902694394672	18.0450197313957	0.382774972721393	20.0563372641935	0.429727178709381	25.0472227671106	0.488920328022939	30.0239248153134	0.543427930591778	40.0398012434029	0.63907728329521	50.0412845018618	0.605523385318949	60.0129919070073	0.745383381938376	70.0247803367184	0.816369080813882	80.0237542883583	0.913605283572677	99.9454587149088	0.991630591017894	120.013616553851	1.22346891427036	174.984095746714	1.31727713781856	199.993085701463	1.46885756279619	249.993105259237	1.61401890817167	300.914921693238	1.67251803609604	351.023791208839	1.85962831524287	401.155799416792	1.9847601278442	451.408720085629	2.07630200436994	501.559551782115	
0.0234592060224416	0.198545092308615	0.0281289515472028	0.301413572992353	0.0366441968481126	0.398172907085444	0.0449690815692418	0.502241580553287	0.0541254488139687	0.699763551397653	0.0586873829419316	0.802994775712615	0.0591052017352451	0.897158209133349	0.0683897199513145	1.00006106119764	0.106096923772745	2.00610813474942	0.1280383416707	3.0102443611604	0.155150092716718	4.00104374516513	0.203011670099381	6.00547242344893	0.219692553769221	7.00750351101318	0.23616501827736	8.02007828966401	0.25499545338124	9.01340742101075	0.28803330210063	12.0011088722586	0.334265071861223	15.040018836362	0.336917298650266	18.0444963281336	0.382628952814054	20.0567973375235	0.42973536304413	25.0472339429809	0.488856626327015	30.0242954816805	0.543557503039727	40.0401067171929	0.639197380182045	50.0408486429176	0.605500425420549	60.0129434782357	0.745345822813523	70.0252050197923	0.816566617743428	80.0219885008407	0.913662984332321	99.9459802555258	0.991780659134182	120.01360165269	1.22346888122587	174.979878718296	1.31739403769035	199.992787678254	1.46896896695675	249.993194666199	1.61410615707838	300.915547541978	1.67244553878016	351.021168604594	1.85971658093265	401.155352381977	1.98483425762305	451.408660480987	2.0764039512233	501.558717317128	
0.0234583079335292	0.198431034402472	0.028269495309803	0.301145264792117	0.036574642758951	0.397950350104512	0.0448272233641505	0.502011893134232	0.0542500978775023	0.699280660665651	0.058635316651864	0.80297195831062	0.0592211537011007	0.897244298259751	0.0683928125418082	1.00096747085033	0.105887494572758	2.00628857848968	0.127851293923206	3.01057335084426	0.155254287602334	4.00046632519629	0.203214987800547	6.00501607540904	0.219645255993356	7.00754402354325	0.236217777258968	8.0199954019588	0.254842227179198	9.01317086508804	0.28801282449995	12.0012485706382	0.334207742123031	15.0403345546998	0.336908248034181	18.0440530186091	0.382700380185821	20.0564769625731	0.42959626567497	25.0466807373979	0.48904513009404	30.0241855856219	0.543580300011974	40.0395106707734	0.639212316436674	50.0415527227505	0.605529769290743	60.0128168183716	0.745140695994968	70.025562647644	0.816609113524042	80.0222194688282	0.913754302868402	99.9468370722537	0.991723383319567	120.013378135283	1.22342190664805	174.9812347239	1.3173804697756	199.992042620229	1.46911403732251	249.993135061558	1.61421143494663	300.917782716051	1.67256531491949	351.023940220444	1.85980840413498	401.155710009829	1.98491699183879	451.408958504197	2.07648677484601	501.558121270708	
0.0233241096223463	0.198909457696711	0.028331785237115	0.30124986395381	0.0368409845577483	0.397078108347153	0.0450163935710593	0.5020588085067	0.054398353389762	0.699201905704176	0.05844802633704	0.802316016210942	0.059219199982785	0.897454718943959	0.0683552837082223	1.00108924127118	0.105913242439134	2.00687903697394	0.127766632875261	3.01021688714576	0.155138881603965	4.00174177140165	0.203112999456765	6.00626544458354	0.219682015045176	7.00829886045412	0.236167257275788	8.02042567296784	0.254933197790627	9.01295945487364	0.288117436786883	12.001044611004	0.334305496319308	15.0404993987877	0.336810418121377	18.0446453397385	0.382809112114145	20.0560038507276	0.429613518134669	25.046960134157	0.489251621154651	30.0238279577702	0.543595754716421	40.0395777259956	0.63909322701968	50.0410088303928	0.605629573295998	60.0129472035258	0.74504888992898	70.0250336564467	0.816475543848323	80.0232327477412	0.913816289324254	99.9454289125878	0.991575343554005	120.011299423395	1.22341011179103	174.985496455799	1.31751343507826	199.994799334919	1.46913213780962	249.994029131187	1.61432454309572	300.914474658423	1.67260085673853	351.023224964741	1.85985249674673	401.155888823755	1.98488672940224	451.40690214405	2.07659588440818	501.558419293918	
0.0232588378970017	0.199064260963558	0.0280987305748691	0.301216307238887	0.0368852982072741	0.397320281308881	0.0451039649336632	0.501733835151255	0.0543872313580147	0.699009121940387	0.0583590963203152	0.802585110214564	0.0592563001053057	0.897072585668212	0.0683649058013045	1.00036525441913	0.106084921252626	2.00676215599638	0.127740068991319	3.00982852565059	0.155124351807611	4.00152058230068	0.203057046580051	6.00645496871848	0.219725701152087	7.00799524930922	0.236290538977334	8.01997398154061	0.255107378413047	9.0128355889771	0.288140112780326	12.0016583525516	0.334209511566077	15.0408300182859	0.337086067659872	18.0439189081648	0.382668650130398	20.0554543704347	0.429819079956538	25.0467999466818	0.489172272584598	30.0237795289986	0.543623490207075	40.0396187041869	0.639135243838556	50.0414819422382	0.605793494070187	60.0131036657109	0.74511583017693	70.0241097844966	0.81659814296318	80.0227857129267	0.913655721040675	99.9458535956617	0.991506968283483	120.012931100468	1.2235199577325	174.982978159677	1.31733711529519	199.993577439759	1.46918733211246	249.992330398891	1.61404611552675	300.915696553583	1.67268716336798	351.024178639012	1.85984651648581	401.156574277137	1.9849844446867	451.40290863304	2.07672365649317	501.558538503202	
0.0232705168392785	0.198235413015349	0.0279464685303464	0.300433123198496	0.0367012946142235	0.397903172797582	0.0448988106061674	0.502366552395332	0.0542801036881275	0.699355806752321	0.0583613944286231	0.802341394749895	0.0592603648976172	0.897351924219668	0.0683699024575245	1.00042090094032	0.106051409456332	2.00650394682483	0.127705601530004	3.01003201962348	0.155102103599732	4.00117645862571	0.20307579557618	6.00541142182319	0.21957248607935	7.00764740034412	0.236375675452359	8.0189867796584	0.255115091050374	9.01301626554799	0.288038710360684	12.001595953942	0.334217316218075	15.0400905481968	0.337024100016736	18.0451389406796	0.382773646477299	20.0559572846011	0.429770783977492	25.047727543922	0.489155465186496	30.0235969897827	0.543583278221505	40.0392871533661	0.639357362960579	50.0417315366764	0.605916525580654	60.0128801483037	0.745213579995991	70.0243184007434	0.816724683557418	80.0238511459014	0.913735327159256	99.9456002759334	0.991557744269774	120.014488271739	1.22362159885012	174.980653578641	1.31718677422572	199.991774399341	1.46931094888641	249.993075456916	1.61419536206518	300.914802483954	1.67275258738203	351.024774685431	1.85992761052609	401.155084161089	1.98520149801635	451.406067679063	2.07675402919832	501.559492177473	
0.0234344486903855	0.198281106026996	0.0283202045988477	0.301095671867374	0.0366342307128299	0.397789842487167	0.0448922464496495	0.502069751546432	0.0541070548991249	0.69953002227316	0.0583838960057209	0.802425563023578	0.0593130362286732	0.897008673659565	0.0683036993135603	1.00079494335158	0.106093046615739	2.00622617988014	0.12759881790523	3.00921199013548	0.155218960118461	4.00131196605388	0.203153188913064	6.00454855149879	0.219579749603827	7.00777173190193	0.236280588924829	8.01943008918286	0.255035972368568	9.01294269106809	0.288097454818616	12.0007754587928	0.334348780671123	15.039665865123	0.336866331184051	18.0448539559853	0.383018235360112	20.0566092103724	0.429744029507116	25.0469713100274	0.489110390809405	30.0241408821404	0.543464491187487	40.0402669046681	0.63952866027524	50.0408821705286	0.60569045169917	60.0135246234947	0.745317429416228	70.0249218977431	0.816740772568211	80.022122611285	0.913824005128076	99.9455779241927	0.991771959329847	120.014197699109	1.22359514154731	174.981473142468	1.31744046960398	199.992310841118	1.46916945391458	249.993760910298	1.61422447185618	300.914742879312	1.67285464748421	351.022807732247	1.86011400627647	401.155590800545	1.9851566794561	451.408600876345	2.07679965294514	501.558002061424	
0.0235119201725076	0.198910519986473	0.0285002175881593	0.301765292766717	0.0367826952866357	0.397894208818227	0.0449991530148265	0.501660377086672	0.0540451759993902	0.699862620831822	0.058352023201829	0.802830455493661	0.0593965371368145	0.897597851575347	0.0684517337327509	1.00065338232696	0.106080993948265	2.00624480633075	0.127405561782449	3.00909697180297	0.155408820118167	4.0012821637329	0.203145905365153	6.00462445428502	0.219619781666607	7.00762877389352	0.236362433483044	8.01952974069361	0.25510280551442	9.01308984002789	0.288180244913719	12.0005146884843	0.334239125557654	15.0402758813804	0.33703035999166	18.0439300840351	0.383051395967759	20.0569687008691	0.429729088782138	25.0463119336759	0.489098534036904	30.0244742956063	0.543299184937087	40.0403227840199	0.639627259239302	50.0416942837751	0.605616148563358	60.013044061069	0.745402931604165	70.0248250401999	0.816664205008865	80.0215489166063	0.913788350060216	99.9474256680929	0.991751134083912	120.013266376579	1.22368648765054	174.982054287727	1.31762584857129	199.99389036413	1.46909581166564	249.993492689409	1.61432441494573	300.915756158225	1.67298867278331	351.024059429728	1.86006717027945	401.155560998224	1.98508074856924	451.408481667062	2.07694912773328	501.559372968189	
0.0232998263960555	0.198451887296004	0.0283549481842092	0.301541542528793	0.0367338341635896	0.3976520358565	0.0450880368786961	0.501852811604512	0.0541941556527895	0.699363664786171	0.0586927402324485	0.801717816108147	0.0593752607829603	0.897767003029927	0.0684226441398146	1.00051100639513	0.105971908177025	2.00684574219348	0.127424443036568	3.01014145002079	0.155472740386769	4.00099950734493	0.203133960117005	6.00584262415475	0.219677951981632	7.0080022342282	0.236326555567156	8.01905849149324	0.255166876555415	9.01357319642116	0.288218353073601	12.0014208653063	0.334241400598266	15.0402628428649	0.337256563457949	18.044263497501	0.382912273266624	20.0566688150143	0.429604389101221	25.0473009982031	0.489151780455285	30.0240645136929	0.543300789591336	40.0401923988657	0.639509860661728	50.0424318912192	0.605835081846214	60.013319732538	0.745412534942739	70.0242885984224	0.816579569102264	80.0220779078036	0.913798083038895	99.9455928253532	0.99173731854795	120.010450057247	1.22365537260562	174.98397653743	1.31766231329608	199.993040997982	1.46931410529578	249.993343677804	1.61451693278	300.918706588001	1.67297876072877	351.023135557778	1.86016584747461	401.155590800545	1.98507627858176	451.407706806716	2.07712880062105	501.558896131053	
0.0229626000468567	0.198763763928365	0.0280395320360624	0.302030137611294	0.0367808944871217	0.397712309886513	0.0450507177876856	0.502150893021891	0.0542974393032924	0.698803648907122	0.0587831685056368	0.802382314733573	0.0593661917034044	0.897508328197114	0.0682327462469202	1.00091974057065	0.105957967862752	2.00641407420065	0.12763780526855	3.01042107961054	0.155410920218565	4.00074479063287	0.203036087037399	6.0068666132769	0.219728477552746	7.00751608386734	0.236350557432165	8.02005593792328	0.255004616314829	9.01272755556358	0.288033563039752	12.0030469544444	0.334388307089773	15.0400318748774	0.337215853325393	18.0443659429793	0.382892248736915	20.0568252771994	0.429620318855852	25.0471650251137	0.489429498708607	30.0231145647119	0.543376346942174	40.039499494903	0.639325783351587	50.0414782169481	0.60587263575566	60.0129472035258	0.745286760046998	70.0246611274345	0.816578727407844	80.0213999050015	0.913909559470079	99.9449595260325	0.991932268071287	120.011820964012	1.22361692173649	174.981949979604	1.31744544053241	199.992623765488	1.46930587215973	249.99382051494	1.61440712531962	300.916292600002	1.67302134902754	351.024715080789	1.86017805412754	401.156306056249	1.98527005161768	451.40720016726	2.07716900912289	501.556988782511	
0.0230431457447711	0.19820959791896	0.0279134197134216	0.301229462169629	0.0366653023552051	0.398575354833884	0.0450268360196323	0.502226213731536	0.054326395437702	0.700280610024989	0.0587251615067562	0.802649429676818	0.0593329469667704	0.896853259212308	0.0682165964178539	1.00098272125677	0.105838599872623	2.00638217640398	0.127585278596629	3.01045460722164	0.155235313560835	4.00148658902832	0.203117039376943	6.00679350445827	0.219570207034052	7.00770048572835	0.236433334581883	8.0199246214465	0.254936837352692	9.01294362239062	0.288186521504018	12.0014134147261	0.334451992953213	15.0398195333405	0.337039385462036	18.0446248506428	0.382875423084889	20.0568252771994	0.429715437607145	25.0463994779937	0.489476310304982	30.0233883735359	0.543501878818019	40.039283428076	0.639230074680203	50.041321754763	0.605582476397681	60.0132526773158	0.745063014664042	70.0247579849777	0.816668979987026	80.0238213435805	0.91387268395637	99.9453693079459	0.991964264560635	120.014726690307	1.2235735314933	174.983842426985	1.31743039214654	199.993040997982	1.46909943176306	249.993671503335	1.61444561615995	300.913371972547	1.67308296939796	351.022420302074	1.86007164324716	401.156306056249	1.98547153151672	451.406931946371	2.07715691747083	501.559670991399	
0.0233083280993466	0.197563114563731	0.0281694422921732	0.301231266607031	0.0364809013755426	0.398584638955359	0.0451170608308521	0.502651595297287	0.0541596439143599	0.7011467981859	0.0586692742591798	0.802182662466123	0.0593751197137842	0.896903958082555	0.0681854394488679	1.00105047497085	0.105922522924551	2.00616052164175	0.127540772704661	3.00986112193915	0.155174527722395	4.00225725842221	0.203282242585233	6.00549430952839	0.219672089067358	7.00751422122228	0.236428297808943	8.02027014210527	0.255000935215777	9.01315875789514	0.288295374504277	11.9997295835911	0.334487892382652	15.0400756470363	0.336942524834846	18.0446192627076	0.382970502720633	20.0564508855422	0.429830460002474	25.0466863253331	0.489366674842419	30.0238018807394	0.543395084474302	40.0408443246369	0.639439715817195	50.0412956777321	0.605563782209886	60.013748140902	0.745094917014143	70.0240576304349	0.816795690323539	80.0209156172857	0.913947114255548	99.9468519734142	0.991893836090541	120.014152995628	1.22382110627779	174.981920177283	1.3175935615093	199.99389036413	1.4690953300962	249.993760910298	1.61443267759807	300.915428332694	1.67309407406927	351.020512953532	1.85999532019782	401.155560998224	1.98550742377498	451.407259771902	2.077057536417	501.557584828931	
0.0234762907043799	0.198228529959773	0.0282564806501348	0.301688866111568	0.03638272940542	0.398050059822921	0.0451514189301585	0.502404853034394	0.0541330404608493	0.701154132350827	0.0584593699333385	0.802566891217563	0.0593777946759516	0.897439177499233	0.068190692966765	1.00081124149586	0.106115279484447	2.00558682696304	0.127683997309859	3.00893236054573	0.155253471510552	4.00180603265624	0.203290405499563	6.00571968958074	0.219733498213807	7.00733168200632	0.23634190503215	8.02017794117476	0.25501556247504	9.01240531796806	0.288266671124993	12.0002725446264	0.334250838813345	15.0413776359338	0.337024410650651	18.0443063383374	0.38296327705442	20.0559479713758	0.429729035324222	25.0468465128083	0.48933707640393	30.0242004867824	0.543125439038584	40.0406468842605	0.639552954985903	50.0412248972198	0.605687470881936	60.0137742179328	0.745120764597518	70.0247877872987	0.816783716390656	80.0224206344948	0.913995402411484	99.9460026072665	0.991835951039625	120.010926894383	1.22382978224027	174.981562549431	1.31765336885077	199.991535980773	1.46929412323438	249.993075456916	1.6143897763749	300.916978053385	1.67319964873256	351.024327650617	1.85994844247755	401.155948428397	1.98547373372791	451.407647202074	2.076954668148	501.558538503202	
0.0233370989922411	0.198618754100002	0.0281482475963914	0.301720705700575	0.0365964821249512	0.397835419083497	0.0450944264675287	0.501621552578687	0.054144867009025	0.698849225503453	0.0583083659193516	0.802845822315412	0.0593251970823613	0.897045053445908	0.068157768533793	1.00036374102001	0.106144516811336	2.00652560007366	0.127583506266482	3.00998801463391	0.155181647692227	4.00154339970268	0.203070755823008	6.00578674480293	0.219728004225509	7.00770188271215	0.236430645865246	8.01952694672602	0.25515605100148	9.01268937133983	0.288337146813142	12.0003740587822	0.334254982669123	15.0408663398646	0.337023510096644	18.0442169313745	0.383016467593446	20.0560969829807	0.429710356223853	25.0471911021445	0.489248224891878	30.0236845341005	0.543225373056473	40.0394771431623	0.639399861721427	50.0419327023429	0.605786438035649	60.0131781715134	0.744980513782435	70.024400357126	0.816948407947783	80.0216904776309	0.913868091779365	99.9458163427604	0.991936688884936	120.013087562653	1.22363888100154	174.985183531429	1.31765672966798	199.994307596623	1.46929910757386	249.993254270841	1.61449186329918	300.914742879312	1.67319680699962	351.025460138814	1.86000576150553	401.15573981215	1.98538731384962	451.407826016	2.07715727089029	501.560684270312	
0.0231013104151079	0.198639505130132	0.027902498812426	0.301299107632604	0.0367074625744763	0.397614462813164	0.0449780342305662	0.501390701006469	0.0539953678318803	0.697722208826376	0.058301512817093	0.803164742074409	0.0592381041459858	0.897133238048003	0.0681769030101569	1.00001286525669	0.106182994227525	2.00714981899965	0.12758963103665	3.01013120547296	0.155203051784249	4.00123373496132	0.203053042329528	6.00557021231462	0.219909999744475	7.00673610124815	0.236309259055898	8.019219610291	0.255182395148591	9.01300136438751	0.288342543804191	12.0009738304917	0.334335052941414	15.0405189565608	0.337006502892014	18.0437587206895	0.383194683106902	20.0565514683755	0.429660760077745	25.0474779494839	0.489294613033341	30.0236454185543	0.543554390961308	40.0393951867796	0.639412831706715	50.0418358447998	0.605908295797362	60.0133234578281	0.744853413387657	70.0243854559656	0.816917876545261	80.0223237769516	0.913809867727028	99.9459802555258	0.991980648131295	120.014600030443	1.22377887586881	174.981309229703	1.3176049942681	199.993249614229	1.46932010641832	249.992449608175	1.61467352978187	300.917067460347	1.67309409370271	351.024864092394	1.86012771426214	401.154935149484	1.98537042561272	451.408451864741	2.07727250078429	501.558896131053	
0.0230470196945352	0.198123625207874	0.0278922969826823	0.30099925088165	0.0366123788147202	0.398030094596176	0.0449161235960145	0.502040647717358	0.0539411818661785	0.698432516878766	0.0583479467447022	0.802667765089135	0.0592627795231095	0.898216773604442	0.0681993648197802	1.00049470825085	0.10603695197281	2.00669649775799	0.127576034693274	3.00967043365105	0.155220179734853	4.00048448598563	0.203138534272917	6.0055758002498	0.219901754501229	7.00733401031265	0.236347909786853	8.01924754996691	0.255152856221615	9.0128048553336	0.288264731715574	12.0014767446581	0.334299091392758	15.0408840349927	0.33710445363519	18.044231832535	0.383179693208091	20.05638383032	0.429744461157668	25.0472022780149	0.489517013359486	30.0233567085698	0.543672323393354	40.0401402448039	0.639459517816105	50.0410907867755	0.605850075097786	60.0134538429824	0.745167145102135	70.0248250401999	0.8168346033906	80.0228676693094	0.913964077743316	99.9454736160693	0.992008395915408	120.01451807406	1.22394695357513	174.983097368961	1.31767243247676	199.991893608625	1.46949141802005	249.993731107977	1.61463098320634	300.915070704842	1.67304819998294	351.024506464543	1.86033683843943	401.155531195903	1.98547010170955	451.407587597432	2.0773281706961	501.556988782511	
0.023003447115847	0.197291954188245	0.0281598568757388	0.30158848700509	0.0366667302095043	0.397939232441805	0.0449581778948039	0.502138960451971	0.0538846629548831	0.699734913229844	0.0585000578189259	0.802686915408666	0.059270873820794	0.897991451759748	0.06807514696442	1.0012129907524	0.105895067748894	2.00672699857086	0.127349175877115	3.01020617693666	0.155295643813734	4.00072430153721	0.203223532027443	6.0059758032766	0.219770267417041	7.00798500476139	0.236341988851183	8.01933975089742	0.25526062938827	9.01282441310674	0.288181506337761	12.0015428685578	0.334473821757433	15.0398102201152	0.3371528132614	18.0449415003031	0.382792687006497	20.0565458804403	0.429926836825047	25.0469824858977	0.489687768009943	30.0233865108908	0.543639824231374	40.039987507909	0.639563412684884	50.0412397983803	0.605690213894681	60.0136289316181	0.745453178206332	70.0248548425209	0.81688502074203	80.0234637157288	0.914083083713806	99.9468519734142	0.991979280909007	120.014629832764	1.22402165284027	174.981890374962	1.31787737601103	199.993368823513	1.46958914995772	249.99411853815	1.61442259269005	300.91623299536	1.67308337944182	351.022867336889	1.86041773876461	401.155978230718	1.98554699871553	451.407140562618	2.07740883558293	501.559790200682	
0.023146623231151	0.197984960014249	0.0282191651796409	0.301950742365579	0.0366707356067174	0.398812521937011	0.0450942689983414	0.503196244354585	0.0538629784270812	0.700575198982879	0.0585168463286419	0.803058338475313	0.0592201747166362	0.896802327511428	0.0681497727249259	1.00074104306013	0.105958794004084	2.00724760786534	0.127440834407055	3.00993679189474	0.155405979176853	4.00240673568834	0.203164831760767	6.0063543858852	0.219795400804059	7.006762178279	0.236195495290644	8.01998888270109	0.255166009994682	9.01314385673466	0.288186557825598	12.0010501989392	0.334663906336848	15.0398083574701	0.337072580342354	18.0446416144483	0.382744013579874	20.0567004799803	0.429812698033654	25.0469545462218	0.489665188725616	30.0240794148534	0.543360566143857	40.0404196415631	0.639661442776744	50.0409194234299	0.605724054201917	60.0140126365006	0.745420993962352	70.0238266624473	0.816961358561561	80.0217873351741	0.914086919133011	99.9448775696498	0.991935762253896	120.013258925999	1.22384298928498	174.981368834345	1.31780556914278	199.992936689859	1.46944868070966	249.993641701014	1.6145763211369	300.915994576793	1.67297671945012	351.020810976742	1.8603508938841	401.155948428397	1.98556427911491	451.407140562618	2.0774534902304	501.558896131053	
0.0232770815487691	0.198526684136725	0.028076417177318	0.301524080231349	0.0366876372022791	0.398053086621144	0.0452098407226521	0.502537275456683	0.0540830143522121	0.701193131481786	0.0585548605384515	0.802630279357287	0.0590761753398212	0.8975207264283	0.0682357091012692	1.00084977496556	0.105989953794688	2.00601476966575	0.12760345173127	3.00948533329814	0.155283215692292	4.00222373081112	0.203109881045354	6.0056172441024	0.219723592026595	7.00634913673677	0.236280058647215	8.020185391755	0.255031804019006	9.01369892496276	0.288305293264344	12.0005864003191	0.334626520289565	15.0407760015792	0.337162437089071	18.0442001675689	0.383001359789196	20.0571083992487	0.429842721789701	25.0468502380984	0.489605137301967	30.0243271466465	0.54318883866876	40.0410231385628	0.63969960877176	50.0412472489606	0.606010637793428	60.0130850392603	0.745336644289014	70.0237670578054	0.816866503505527	80.0221896665072	0.914081338485147	99.9461143659702	0.991988696976076	120.011418632679	1.22385916200421	174.983350688689	1.31760004718152	199.992698271291	1.46955473817058	249.992628422101	1.61468649218562	300.914772681633	1.67309731865742	351.024446859901	1.86030142775062	401.154935149484	1.98552746544102	451.406931946371	2.07739440883742	501.558538503202	
0.0230564987801236	0.198829713205048	0.0279724894677768	0.301703476233763	0.0366291505664504	0.398569097510633	0.0451521302947158	0.502112417759855	0.0542261156954119	0.70036012168602	0.0586551460724039	0.802492851076398	0.0590686664904263	0.897575907288225	0.0682921754917915	1.00007258631395	0.105851736909533	2.00575167105092	0.127501859935913	3.00904295509621	0.155195581328628	4.0009049781081	0.203229468143671	6.00573179677364	0.219798145586317	7.00659919683618	0.236331883640334	8.02034744187529	0.255109158380039	9.01322581311733	0.288326557704544	12.001673253712	0.334394651200959	15.0402553922847	0.337207333024754	18.0454406891794	0.383009112473394	20.0568886071315	0.430020525396643	25.0468763151293	0.489457390419892	30.0238670733165	0.543040878010318	40.0404270921433	0.639779216752985	50.0409753027817	0.606126115308638	60.0133681613096	0.745435478822391	70.0244972146692	0.81676118329993	80.0226516024823	0.914002222131648	99.946017508427	0.991912925793572	120.014249853171	1.22400159776318	174.982352310937	1.31743353961522	199.993398625834	1.46974202255404	249.993343677804	1.61473108424821	300.914504460744	1.67327615059583	351.023284569383	1.86035091176549	401.155769614471	1.98562200818676	451.407378981186	2.0774289994385	501.558240479992	
0.0230219455236269	0.198754290632001	0.0278077109804198	0.301029198721768	0.0366011727252886	0.398677887623713	0.0449574767107665	0.502329590532408	0.0541031594299886	0.699831188696422	0.0586071001505603	0.803193613072851	0.0591542448954761	0.896716878669265	0.0684065649981327	0.999867113280688	0.105935784358509	2.00542291419769	0.127368447719193	3.00961851241999	0.155391076822366	4.00136365445431	0.203427672284349	6.00638884481882	0.219873115476334	7.00723342747937	0.23639159654569	8.01893741956429	0.255135112413586	9.01289146832892	0.288082405501424	12.0012020045117	0.334385960337322	15.0407620317412	0.337171677639665	18.0450178687506	0.383080662593477	20.055340749086	0.429884577545069	25.0466602483022	0.489317073294641	30.0241427447855	0.542961629278047	40.0393802856192	0.639701286441699	50.0403867069425	0.605932359781588	60.0136997121304	0.745299206739591	70.0252497232737	0.816890283119133	80.0231358901981	0.913963122055011	99.9459355520444	0.991950916438012	120.011783711111	1.2239820123346	174.982665235307	1.31754550283125	199.992444951562	1.46978704552213	249.993313875483	1.61479546167686	300.916471413928	1.67322561701534	351.023850813481	1.86045638036861	401.156097440002	1.98587028533981	451.40752799279	2.0774829951641	501.559432572831	
0.0231722992590874	0.19815693454025	0.0280339761817543	0.300745261765318	0.0364575973825554	0.397429682602371	0.0448842666420687	0.502287040734301	0.0541838174977915	0.700427060492891	0.0584602587992471	0.802773179158042	0.0591145614602052	0.896784166722085	0.0684112815678181	1.00044988835407	0.10588216677461	2.006133746119	0.127440734317527	3.00980081880531	0.155556858681744	4.00109915885568	0.20339177453129	6.00611596731742	0.219902181727998	7.00760921612038	0.236392447087675	8.01952694672602	0.255068303388988	9.01250310683375	0.288076505334247	12.0010865205179	0.334366018322794	15.0400933421644	0.337034337792621	18.0450793360376	0.383108824705542	20.0556629866815	0.429853621942576	25.0469880738329	0.489383486524605	30.0239415791189	0.543111828282991	40.0403302346001	0.639770106159725	50.0411317649668	0.605835029692149	60.013841273155	0.745366509347692	70.0252497232737	0.817034165952568	80.0235829250127	0.913997257163679	99.9456449794149	0.992026858500743	120.011791161691	1.22406568584738	174.982665235307	1.31780792781616	199.992087323711	1.46976787162754	249.994058933508	1.61492640805262	300.916680030175	1.67317419480178	351.024208441333	1.86036766291171	401.156514672495	1.98584805934397	451.406961748692	2.07752556084921	501.556690759301	
0.0232603106992573	0.197978659035255	0.0281383067115925	0.301085136281249	0.0363823463873693	0.397332766851554	0.0447623444153707	0.502786404233559	0.0541386322554807	0.699805868365127	0.0583438971911566	0.802236038888646	0.0591850311995313	0.896945169104525	0.0683055351715487	1.00062625755826	0.105661067709831	2.00705226296459	0.12756841367044	3.00971048051986	0.155556969369433	3.99999228202833	0.203188109883362	6.00549430952839	0.220047274911165	7.00732143745849	0.236225460559632	8.02046944512677	0.25509784585499	9.01266422563151	0.288237833728387	12.0021556787828	0.334487863139123	15.0403680823109	0.337000223731845	18.0451594297752	0.383007249339295	20.0573300540109	0.429803608860814	25.0468968042249	0.489453724687662	30.0241446074305	0.543132958388641	40.0404866967853	0.63987740157536	50.0413813594049	0.605918072120373	60.0133309084084	0.745418047921283	70.0260022318783	0.817025542013192	80.0211465852732	0.91404363990347	99.9456598805753	0.991948817306769	120.014585129282	1.22412660411116	174.982844049233	1.31776360721664	199.994188387339	1.46980615981207	249.993164863878	1.61471189843268	300.915368728052	1.67322110828484	351.023463383308	1.86032770772961	401.155888823755	1.98570983999081	451.406723330124	2.07775185217705	501.558419293918	
0.0231014994051966	0.199023340979879	0.0279645267790695	0.301749576699017	0.0364200262931176	0.397974011517549	0.0446879430366671	0.503288270662118	0.0540641396857464	0.698945908423638	0.0584252929450213	0.802276260380426	0.0591606461971438	0.897505359606548	0.0681188032108012	1.0012079848938	0.105778672706323	2.00652420308987	0.127533280199978	3.00975285569499	0.155222573184398	4.00156109483075	0.203184521637172	6.00499698329717	0.219904051427921	7.00710211100259	0.236261479105231	8.01953439730627	0.255120518775069	9.01330870082253	0.288421661647807	12.0010557868744	0.334482848717925	15.0404900855623	0.337070326163368	18.044446036717	0.383109156145784	20.0568960577117	0.429892668375031	25.0476064719931	0.489637868121707	30.0244370427051	0.542974904626544	40.0407772694147	0.639666466604301	50.0407033566028	0.605996003549247	60.0139083283772	0.745618299178838	70.0243780053853	0.816995389362099	80.0225398437786	0.914110870240939	99.9463825868589	0.991939005835065	120.012655428999	1.22407399199912	174.981458241308	1.31761061663921	199.991595585415	1.46987481176107	249.993313875483	1.61461363426162	300.915756158225	1.67325556179524	351.024536266863	1.86046097850608	401.155590800545	1.98567387322675	451.407140562618	2.07783209211885	501.560922688879	
0.0229562333627391	0.198765975819375	0.0278015692892845	0.301055217544961	0.0363488042692482	0.398514644246435	0.0447198582855859	0.502458927948815	0.0541928863241466	0.698414530712398	0.0585912553616532	0.802479928976289	0.0589919793827302	0.897060827721266	0.068191139751309	1.00089086957221	0.105815593314961	2.00680034022012	0.12743296598711	3.01017707310758	0.155092721348406	4.00177576467401	0.203356377905449	6.00537929119589	0.219968231107695	7.00649907966417	0.236355144952557	8.01965546923522	0.255155581725495	9.01283465765457	0.28832067290419	12.0014041015008	0.334410110841415	15.0402730874128	0.33701932684592	18.045122176874	0.383223841885465	20.0560019880826	0.430015441405648	25.047694016311	0.489819540247638	30.0244314547699	0.54286534292473	40.0404531691742	0.639666938487988	50.0405319932572	0.606083357136618	60.0134873705935	0.745659545456339	70.0234615840154	0.81699940385717	80.0233221547042	0.914110946236862	99.9456226276741	0.992002523687909	120.014123193307	1.22405067471441	174.982709938788	1.31775502066113	199.993651945562	1.46975157522867	249.993313875483	1.61461175268734	300.916382006965	1.67336771872637	351.021645441729	1.86042913725074	401.155680207508	1.98584678748912	451.406037876742	2.07765435742978	501.560207433176	
0.0229267389602592	0.19812422183637	0.027892565302538	0.300589789110403	0.0362012943476507	0.397958702903456	0.0449736987522576	0.501544485639298	0.0542380537374505	0.699214012897071	0.0586260685924822	0.802229345007958	0.0592187335924467	0.896434280488953	0.0684055873771814	1.00054837571166	0.105662309370918	2.00714120426624	0.127360440047605	3.01011444166741	0.155288808028255	4.00087005351321	0.203415883964058	6.00603773622487	0.220140900897884	7.00784111543044	0.236375082124206	8.02037258758361	0.254956852662307	9.01287936113603	0.288151544235269	12.0010306411661	0.334376935891401	15.0400570205857	0.337019365775204	18.0447328840563	0.383283821597274	20.0564713746379	0.429977247098425	25.0476493128295	0.489667239000256	30.0240402993071	0.542808980702639	40.0401886735755	0.639685492604866	50.0414372387568	0.606114360422828	60.0126827079272	0.745455750097285	70.0241470373978	0.816949127321715	80.0213179486188	0.91414182658849	99.946047310748	0.991955731649309	120.013653806752	1.22415168078063	174.982188398171	1.31789282102973	199.993532736278	1.46970339883144	249.993045654595	1.61476640851028	300.915964774471	1.67341707757148	351.023731604197	1.86047553042134	401.155590800545	1.98600191892104	451.405412028001	2.0777068321892	501.558419293918	
0.0229721610248045	0.198650928383044	0.0278205619368628	0.299848892933657	0.0362660683189123	0.398233966918842	0.0449290959270712	0.501920332487964	0.0543137509816702	0.699395911828786	0.0585626664768387	0.801877945375714	0.0593953498605991	0.898101929894915	0.0685310696950238	1.00082788888609	0.105661946917635	2.00621826363864	0.127617598930123	3.01012189224766	0.155412290234821	4.00068704863599	0.203301629316135	6.00716836177675	0.220316463271224	7.00754216089819	0.236470628428231	8.01987898664251	0.254862648155465	9.01359741080695	0.288265211329238	12.0012280815425	0.334272309448365	15.0404025412445	0.337092636723295	18.0441666399578	0.383233301614096	20.0569016456469	0.429939117797519	25.0469545462218	0.489505606491459	30.0237385508073	0.542777637780549	40.0398422215942	0.639863732705238	50.0416458550036	0.606059821287965	60.0123772341372	0.745500246047384	70.0248399413604	0.816863957691606	80.0226367013218	0.914276343142782	99.9469339297969	0.992032267040193	120.012275449407	1.22400530130711	174.981696659875	1.31794744286604	199.993011195661	1.46980239070304	249.994476166001	1.61471193121524	300.915040902521	1.67329774601061	351.025609150418	1.8605896898881	401.155411986619	1.98599493379798	451.407051155655	2.07777832885136	501.557406015005	
0.0231701843899506	0.198841995020917	0.0276315618243829	0.298101033374766	0.0362305516281265	0.398697940161945	0.0448026826708221	0.501855256326154	0.0544114817959298	0.699794576079447	0.0586692975073201	0.801950181079477	0.0591575996983848	0.898411769259241	0.0685542330786759	1.00111520188671	0.105830001093506	2.0059679707086	0.127614324689525	3.00989511521151	0.155247563939361	4.00176458880364	0.203106591037755	6.00668500538348	0.220174982967729	7.00808093098202	0.236323279110301	8.01999074534615	0.255152409669902	9.01272289895092	0.288332485438869	12.0015130662368	0.334174996029601	15.0403773955362	0.337066052629653	18.0439803754518	0.383231109461194	20.0560858071103	0.429873168255604	25.0470663049255	0.489434862544572	30.0240458872423	0.542701694227701	40.0398496721745	0.639886214759486	50.0419252517627	0.60593604954194	60.0131818968035	0.745577999648944	70.0249218977431	0.816949857257424	80.0231135384574	0.914340606315627	99.94549596781	0.992302577964097	120.014912954813	1.22405427395021	174.983097368961	1.31792430290515	199.992489655044	1.46985658312397	249.993701305656	1.61486644696727	300.916024379113	1.6734434439772	351.02382101116	1.86045737330981	401.155262975015	1.98592124982579	451.40720016726	2.07781045498082	501.559015340337	
0.0230369678193667	0.198597959414128	0.0276989829403731	0.296915954558686	0.0362108676918162	0.397722205188398	0.0448914025142352	0.501414158692703	0.0543594478693221	0.699448124098145	0.0586152716621618	0.803333020414117	0.0591609198051657	0.897043016177873	0.0684721961528728	1.00066548951986	0.10590926777702	2.00683526481501	0.127445426653909	3.00948905858826	0.155190733000079	4.00163979158457	0.203029888398801	6.00518837007716	0.220076260836256	7.00850049178195	0.236189055998289	8.02071717691985	0.255338836712727	9.01291661403724	0.288368412528589	12.0014925771412	0.334200040382179	15.0400449133928	0.337130178898077	18.0439114575845	0.38320242387017	20.0564508855422	0.429808187813037	25.0465820172097	0.489398336966592	30.0232300487057	0.542766712668229	40.0399539802979	0.639771165914595	50.0419029000219	0.605907644596244	60.013014258748	0.745555028947201	70.024981502385	0.817074664412967	80.02104972773	0.914170918498092	99.9461665200319	0.992109407197031	120.013944379381	1.22424304178502	174.982620531826	1.3179232786715	199.993637044401	1.47000132689237	249.992360201212	1.61517107702918	300.91653101857	1.67366057006061	351.021705046371	1.8603531348383	401.156276253928	1.98593991234862	451.407021353334	2.07790100334805	501.55847889856	
0.0228500418059192	0.198846477010594	0.0276578943328748	0.296255675988476	0.0362422636148929	0.397538647338426	0.044702757774074	0.502933786023992	0.054103772362482	0.698249337378572	0.0585779676585776	0.803480227581575	0.0590496678139911	0.897705652158238	0.0683298272163004	1.00099564335688	0.105735345541319	2.00664900030894	0.127398911740527	3.00965902495006	0.155289668442259	4.00136086048672	0.203244041572488	6.00551666126912	0.220143685820144	7.00727673397703	0.236338686969221	8.02052625580112	0.255047757615495	9.01332453330555	0.288477620252155	12.0008089864039	0.334308274629179	15.0400011412339	0.337043077271298	18.0440865462202	0.383050919427458	20.0571866303412	0.42990918009568	25.0461983123272	0.489445593624565	30.0236007150728	0.542761232603205	40.0401849482854	0.63968110358715	50.0421264174292	0.606019500523916	60.0131334680319	0.745495458534201	70.0249666012245	0.817078886910204	80.0220257537419	0.914205013373623	99.9462782787355	0.991911954197118	120.010323397383	1.22437179340018	174.982039386567	1.31805031858561	199.991983015587	1.4702345049956	249.993433084767	1.61515937876778	300.915279321089	1.67369398890655	351.024029627407	1.86049962905077	401.155620602866	1.9859152725451	451.407855818321	2.07799826563721	501.559015340337	
0.0229709991198541	0.198901294072656	0.0275606687407411	0.295352264030178	0.0361480834504943	0.398013272582971	0.0446909160889985	0.503116325239947	0.0539900352039501	0.698752542583267	0.0586783337810376	0.802536914273616	0.0588954394448269	0.898395820360908	0.0683100485004547	1.00096770368096	0.105453401857094	2.00665225993779	0.127260621583566	3.010128644336	0.155471820554384	4.00110288414581	0.203278606515628	6.00547521741652	0.219995936982292	7.00683621842016	0.236496062428712	8.0201974989479	0.254966417537259	9.01272755556358	0.28852077431194	12.0012783729592	0.334307369418559	15.0399583003975	0.337193414111984	18.0436581378563	0.383119720574333	20.0558436632524	0.430020043268407	25.0471501239532	0.489499432757006	30.0240850027886	0.542601069148088	40.0411088202355	0.639685960390734	50.0413068536025	0.606035855409841	60.0132936555071	0.745543898067889	70.0248771942616	0.817028072311858	80.0231284396178	0.914287860093139	99.9454512643285	0.992128155401536	120.012908748727	1.22429089009476	174.981622154073	1.31808622276479	199.992191631834	1.4703267203604	249.994416561359	1.61512751665082	300.915577344299	1.67369589432269	351.023165360099	1.86048774601497	401.156216649286	1.98594842737855	451.408273050815	2.07796822847011	501.559253758905	
0.0230829284939529	0.198286039126024	0.0275692201126303	0.293966805350922	0.0362484810487474	0.396755201363573	0.044823099997469	0.502318298246727	0.0541857259698378	0.69953223416417	0.0586681656622613	0.801899947870495	0.0589535629186921	0.89810082394941	0.0684063021410661	1.00022194716476	0.10537121011492	2.00661384288342	0.127424785424217	3.01012817867474	0.155519806504874	4.00100183565126	0.203174454191454	6.00562702298897	0.219921786434952	7.00710350798638	0.236487015072256	8.01972159313487	0.255129680591071	9.01264001124572	0.288436134307519	12.0018483423478	0.334320083717964	15.0401445649036	0.337373220123585	18.0441237991214	0.383193383684897	20.0559032678943	0.429983240956654	25.0468278863577	0.489681364107846	30.023760902548	0.542321484090677	40.040263179378	0.639764702090624	50.0406027737695	0.6061100418131	60.0126678067667	0.745457670545556	70.0254061854589	0.817177353122965	80.0218916432975	0.914264658292431	99.9455481218717	0.992295688953532	120.015590957615	1.22415110682399	174.98338049101	1.31803163371104	199.992385346921	1.47024807589059	249.994148340471	1.61508205085631	300.915487937336	1.67378085757171	351.023910418123	1.86050059516988	401.155054358768	1.98609120314593	451.40842206242	2.07798607090521	501.55818087535	
0.0230093042457335	0.197837811054449	0.0276640909924179	0.29340623649912	0.036494885294632	0.397443390505865	0.0448085415804078	0.502383316200879	0.0543690439668628	0.698984092647383	0.0586978838018935	0.802578067087928	0.0588981399179582	0.897539061840616	0.0684604361331467	1.00003137529198	0.105687253145024	2.00667763847675	0.127562386288965	3.00973027112363	0.155448307421268	4.0020393289501	0.20317803959711	6.00615275455737	0.219892647633259	7.00745321959654	0.236565704338684	8.01954184788651	0.255253378948876	9.01256923073341	0.288432572138362	12.001090245808	0.334206366239443	15.0404509700161	0.33740228129954	18.0445503448404	0.383048708648105	20.0565570563107	0.429924151368038	25.0465522148887	0.489644988976297	30.0237143364215	0.542448647070333	40.039652231798	0.639716011341401	50.0409305993002	0.606262565218752	60.0131111162912	0.745448393673381	70.024951700064	0.817086279972918	80.0231284396178	0.914284100669857	99.9466657089082	0.992332755202107	120.013273827159	1.22407887352059	174.982665235307	1.31806746487453	199.993324120031	1.47017541466193	249.993164863878	1.61506208369607	300.915070704842	1.67375225617225	351.023433580988	1.8606283791758	401.155054358768	1.98624082992591	451.408273050815	2.07793006545533	501.558896131053	
0.0227204260034486	0.198974548410436	0.0275954948936735	0.292698722414322	0.0363695006667055	0.39846071485116	0.0447706643448683	0.501441632707349	0.0543337653832461	0.699340730968861	0.0587495431854862	0.802122475747597	0.0588035954259894	0.897109489323479	0.0684303588144092	1.00067131028567	0.105878993182335	2.00603735423711	0.12740744845136	3.00955704513298	0.155281633855447	4.00212594194543	0.203275457882798	6.00512923109648	0.219885352024719	7.00764972865045	0.236355122321418	8.0198817806101	0.25508330036585	9.01259996437691	0.288482688876328	12.0001449534397	0.334263237318728	15.0401743672245	0.337160772457648	18.0449303244328	0.383121496350373	20.0562757969065	0.429898165576392	25.04720414066	0.489564930345538	30.023945304409	0.5426726369633	40.0393840109093	0.639602932491143	50.0416719320344	0.606272943941577	60.0139157789574	0.745498427057976	70.0248399413604	0.81700614223504	80.021876742137	0.914254689613473	99.94519049402	0.992261137578603	120.010949246124	1.22408255173254	174.982262903974	1.31823755081501	199.993219811908	1.47020544288832	249.993015852274	1.61516661300216	300.915696553583	1.67379937529135	351.020632162816	1.86060780527637	401.156157044644	1.98630229532424	451.40752799279	2.07812532492283	501.557167596437	
0.0225269506851685	0.198777748318235	0.0275144625826252	0.291297809601827	0.0361624421134146	0.397672059290903	0.044872069046251	0.50148121391489	0.0542195466203465	0.700112506308255	0.05872543839769	0.802154257128947	0.0590429382982399	0.896788706919421	0.0683012126619071	1.00065035552874	0.105781296979804	2.0064294410224	0.127334308931802	3.00994587228942	0.155236006857735	4.00137483032468	0.2032986255971	6.00537323759944	0.219955944454155	7.00658383001443	0.236245535101364	8.01981286274285	0.255040504382134	9.01309729060814	0.288475708316753	12.0017384462892	0.334359624665246	15.0403652883433	0.337027078226266	18.0449154232723	0.383216035370821	20.0567600846223	0.429886352017258	25.0471054204717	0.489618130011526	30.0240030464059	0.542867770888511	40.0389108990638	0.639542648292146	50.0419736805343	0.606206758457818	60.0141132193339	0.745674034041668	70.0240948833361	0.817048162406677	80.0223163263714	0.914305127081471	99.9455853747729	0.992224907809041	120.013996533443	1.22417800397298	174.982709938788	1.31824169867547	199.99266846897	1.47028235777569	249.992390003533	1.61509382362351	300.915994576793	1.67378810074679	351.024238243654	1.86089296464865	401.155829219113	1.98620233137307	451.406723330124	2.07803289200107	501.558359689276	
0.0225454473874667	0.197983402959394	0.0275125405918522	0.290054086570163	0.0361027555237447	0.396545188132972	0.0449470695767814	0.501809039445584	0.0540786773634172	0.69908828435547	0.0587312253684269	0.803401705450732	0.0591287500388842	0.89700692742982	0.0682809974759152	1.00043964380624	0.105659743677628	2.0066501644621	0.127383893436377	3.00977544026636	0.155463237537902	4.00053105211215	0.20323902570774	6.00565310001982	0.220163748720344	7.00673656690941	0.236435645012754	8.01955768036952	0.254923691216471	9.01252825254207	0.288348383901061	12.0016900175176	0.334263168866518	15.0408588892844	0.337269075901917	18.0441945796338	0.383183777366092	20.0564695119928	0.429852255092816	25.0470141508638	0.489552829808083	30.0244426306403	0.542828819954453	40.0396112536067	0.639498317875904	50.0418991747318	0.606165293988902	60.0126640814766	0.745643113456904	70.0240725315954	0.817231785714524	80.0232625500622	0.914255909314263	99.9466359065872	0.992350293653505	120.015240780344	1.22426667225605	174.982784444591	1.31808845030795	199.992653567809	1.47016771077903	249.99289664299	1.6151728602558	300.916888646422	1.67404271158021	351.024715080789	1.86080698461656	401.156157044644	1.98609720724871	451.407498190469	2.07803952843695	501.560207433176	
0.0227613115302412	0.197118160672927	0.0274284979697478	0.289197706399649	0.0361897155109131	0.395512758900388	0.0449090967293365	0.501823474944805	0.0540857187121614	0.699160636474548	0.0587708721139545	0.802564446495921	0.0591447005736505	0.896663153000794	0.0682059738835088	1.00034243701713	0.105652736118431	2.00623991688747	0.127323500416703	3.01002852716399	0.155492292660261	4.00101813379554	0.20327992377246	6.00594506963309	0.220328792719037	7.00702946784522	0.236652550186448	8.01965081262256	0.254993288050429	9.01232336158539	0.288379330097196	12.0014562555625	0.334239569222267	15.0403867087615	0.33732547407306	18.0440995847357	0.38330840496264	20.0562012911041	0.429894157786843	25.0463547745123	0.489701818611726	30.023852172156	0.542728741264334	40.0399539802979	0.639530433071048	50.0413441065037	0.606207127765056	60.0126938837976	0.745523198122675	70.0249666012245	0.817309170119444	80.0202152627428	0.914192752331453	99.9461069153899	0.992381064219668	120.012215844765	1.22421523812155	174.983261281726	1.31817708729858	199.993040997982	1.47003614872338	249.994297352075	1.61538219602958	300.915368728052	1.67412365362864	351.02474488311	1.86057961094054	401.156157044644	1.98604116901628	451.408541271703	2.07817329568402	501.559492177473	
0.0228846003549505	0.196595237624033	0.0273519042198643	0.288885917078775	0.0361412048561955	0.394039639487959	0.0449059093767698	0.501864685966774	0.0542305181358142	0.699536716153848	0.0588049334153066	0.803011946971768	0.0591889294699102	0.897752858568997	0.0680808754393697	1.00077166028832	0.10587150773242	2.00585854031128	0.12732394114765	3.01016869120481	0.155407144916233	4.00211802570392	0.20323306025485	6.00619047311985	0.220400102231931	7.00788768155696	0.23664343884813	8.01981472538791	0.255188283953631	9.01323046972998	0.288464401938433	12.0011153915163	0.334473768672045	15.0403410739575	0.337254966813075	18.0443137889176	0.383351526984928	20.0569910526098	0.430079682971808	25.0464721211511	0.489864627290716	30.023760902548	0.542637303146433	40.0402929816989	0.639659127689261	50.0413329306334	0.606234577394976	60.013319732538	0.7455070382004	70.0251305139898	0.81705188470802	80.023746837778	0.914098111983107	99.9466359065872	0.992249084669565	120.013244024838	1.22412575124087	174.982277805134	1.31823751207199	199.99360724208	1.47005446974768	249.992986049953	1.61536040391947	300.9150111002	1.67386955118675	351.023731604197	1.86072247611489	401.155411986619	1.98611441612251	451.408213446173	2.07817514447575	501.559194154263	
0.0227234717702493	0.19580172172432	0.0273993201718341	0.287663643569139	0.036141360008718	0.392488114360004	0.0449411587692446	0.501799959050912	0.0541165210597024	0.700365360375253	0.0586305494997206	0.802895007786548	0.0590234144431821	0.897622764453034	0.0682627573253386	1.0009422087267	0.105870840954931	2.0057051049244	0.127279653711945	3.00966438005461	0.155450388988346	4.00168728903362	0.203289520824606	6.0054714921264	0.220375050428771	7.00829466950274	0.236597049868477	8.01986222283696	0.255088259745884	9.01302837274089	0.288502637875776	12.0007437938267	0.334601573539593	15.0401324577107	0.337241286208288	18.0446956311551	0.383318812742729	20.0567153811408	0.430036291052234	25.0483813323384	0.48987259952548	30.0236193415234	0.542447653384067	40.0404941473655	0.639653602175694	50.0420183840157	0.606277775040658	60.0133532601491	0.745451596276355	70.0247579849777	0.817047294635225	80.0218990938777	0.914040993375746	99.9448403167486	0.992259860025212	120.014629832764	1.22410893601965	174.982173497011	1.31812798054503	199.99298139334	1.47006673004479	249.993164863878	1.61524656806985	300.916501216249	1.67382017446025	351.021824255655	1.86093124389249	401.155024556447	1.98603529008325	451.408213446173	2.07814771483144	501.556094712882	
0.0224675177630332	0.195114201970096	0.0273942454998878	0.286114417643681	0.0360873813175892	0.391125676809545	0.0447690069311952	0.502099612075062	0.0539353966911456	0.699440848140877	0.0586172086501419	0.802153034768125	0.0588061252444443	0.896822409153489	0.0683148234873492	1.00096630669717	0.105674558147279	2.00629835737625	0.127275402292775	3.01011444166741	0.155415872753377	4.00124165120283	0.203284006626609	6.00604378982131	0.220260004098452	7.00824717205369	0.236531537751313	8.02014720753126	0.255067798350217	9.01300602100016	0.288523530549465	12.0010008388451	0.334547409989662	15.0406186080715	0.337136936405893	18.0445484821953	0.383275651232364	20.056320500388	0.429913523609553	25.0482379086687	0.489910811527832	30.0234870937241	0.542428128677723	40.0401998494459	0.639707062556707	50.0417427125467	0.606233903097058	60.0132415014454	0.745361815711825	70.0244376100273	0.817201578543227	80.0229272739513	0.914296421316673	99.9462410258343	0.992428709873618	120.013244024838	1.22421714502781	174.982382113258	1.31801653764145	199.99327941655	1.47017263551387	249.993671503335	1.61535750258189	300.916739634817	1.67395040978868	351.024595871505	1.86104897577295	401.155501393582	1.9859843285775	451.408511469382	2.07821516224273	501.559194154263	
0.0223754386390861	0.195042053577821	0.0271162200498167	0.285588860698256	0.0361482697179303	0.389329388479075	0.0447000207596318	0.500745352700573	0.054150085043532	0.698964825912536	0.0587156234247922	0.802533305398811	0.0589884743982334	0.896867752919187	0.0681793037007352	1.00101706377508	0.105424169322149	2.00680243569582	0.127172391074498	3.01022387206473	0.155518634153103	4.00135666953533	0.203329514889425	6.00570851371038	0.220192273378824	7.00798081381	0.236444683987307	8.02011740521028	0.254988604883207	9.01368029851215	0.288521184728337	12.0017216824836	0.334378680840664	15.0407974219974	0.337056185595822	18.0448800330161	0.383163776491977	20.0563894182552	0.429936867343824	25.0467217155892	0.489875559108559	30.0235820886222	0.542396464132111	40.0407958958653	0.639915413212391	50.0409790280718	0.606243971613797	60.0126007515445	0.745314678580373	70.0251454151503	0.817102243068898	80.0226590530625	0.914499726910645	99.9459057497234	0.992553263709417	120.013713411394	1.22435769921249	174.982009584246	1.31816210000747	199.992847282896	1.47034994227768	249.99411853815	1.61554684139311	300.915100507163	1.67392456965589	351.023791208839	1.86105118692484	401.156127242323	1.98615398808283	451.40812403921	2.07826607606477	501.559372968189	
0.0223266957096074	0.193617945013554	0.0270517878273757	0.284169845304076	0.0360789691638777	0.388845217178593	0.0447349641427926	0.499193245496037	0.0542009425554742	0.6997067407233	0.0586645069615174	0.802107167133504	0.0590047312391728	0.89800839018827	0.0683010552771237	0.999950466647157	0.10541519644385	2.00671861666808	0.127148893871365	3.00986414873737	0.155501556959581	4.00159834773197	0.203384999188648	6.00565729097121	0.22018280792256	7.00713843258127	0.236538389229577	8.01984452770888	0.254964988661415	9.01337389339966	0.288451669291973	12.0011125975488	0.334332361710204	15.0401464275486	0.337301162598591	18.0439244960999	0.383277471153095	20.0563111871626	0.42979133403507	25.0468632766139	0.489744787021087	30.0239043262177	0.542331104938116	40.0395516489647	0.63989336839663	50.0408747199484	0.606430828071999	60.0130477863591	0.745384253435119	70.0251603163108	0.8170172313911	80.022398282754	0.914354675171333	99.9457790898592	0.992544706956232	120.012878946406	1.22431383932079	174.984051043232	1.31835039670365	199.992534358525	1.47033739710645	249.992240991928	1.6155877418327	300.915368728052	1.67393227651901	351.024029627407	1.86090986182625	401.15511396341	1.98610094953565	451.406455109235	2.07832272699686	501.556750363943	
0.0223289969160184	0.193343248522835	0.0269820059570843	0.283951362859215	0.0359673715152406	0.388416954333764	0.0447501288101073	0.497613198615589	0.0543008349607054	0.698953126173248	0.0587961226351573	0.802444014851211	0.0588264832865875	0.897878296072307	0.0683669694986304	1.00019191201316	0.10554656711708	2.00609486340336	0.127092055295239	3.00981571996579	0.155371122607512	4.00081696812898	0.203374477740635	6.00627988008276	0.220149585288829	7.00739920288978	0.236678488480644	8.01947386134179	0.255056434323029	9.01295945487364	0.288557615925507	12.0012075924469	0.334367328455007	15.0406344405546	0.337526774468406	18.0433526640663	0.383420734822909	20.0561286479467	0.429708535930593	25.04720414066	0.489721308114076	30.0244985099921	0.54226126582932	40.0399055515263	0.639742209605563	50.0404276851338	0.606494442409864	60.0135507005255	0.745528185442386	70.0251156128294	0.81710614343912	80.0223088757911	0.914397940989828	99.9451308893781	0.992623448283593	120.012178591864	1.22428215005729	174.982620531826	1.31834488907148	199.993040997982	1.47023404130755	249.99352249173	1.61547220620296	300.915666751262	1.67401965953618	351.023314371704	1.86090981414253	401.155590800545	1.98605172059257	451.407617399753	2.07837613684489	501.559253758905	
0.0221667221046003	0.192643315985511	0.026823659270756	0.2826237043845	0.0357938412703032	0.386584519047583	0.0446573028382149	0.495914582735492	0.0543113273863769	0.698620760445219	0.0588058981199779	0.802459847334227	0.0589090326420812	0.896614316775607	0.0682765994360117	1.00121904434885	0.105683680894299	2.00602035760093	0.127112156263249	3.00889487481388	0.155363836079368	4.00092267323618	0.20330902760299	6.00594506963309	0.220150883639812	7.00805811358002	0.236635672659755	8.02016955927198	0.255049152870593	9.01301440290293	0.28851622972552	12.0012495019607	0.334372810010149	15.0403885714065	0.33739431167248	18.0446658288341	0.383347986608719	20.056015026598	0.429857211678882	25.0474704989037	0.489734598791563	30.0234684672735	0.542325577189375	40.0402594540878	0.639536824493422	50.0410945120656	0.606375807367693	60.0130105334579	0.745722698713859	70.0240278281139	0.817226810315742	80.0229943291735	0.91453384339286	99.9458014416	0.99257236384326	120.013705960813	1.224198070971	174.98212879353	1.31840263304449	199.993130404945	1.47012256264119	249.994178142792	1.6154129787786	300.916769437138	1.67397612299967	351.022122278865	1.86082928809844	401.155948428397	1.98619853246171	451.408332655457	2.07829250505537	501.558836526411	
0.0221520379022402	0.191692450233907	0.0268797505943942	0.2810497111005	0.0355161513350121	0.384977551125241	0.0445162890371122	0.49406206580725	0.054146158616653	0.697301833119226	0.058726530021255	0.802606705255737	0.0588490522565162	0.897288536079944	0.0682593451253085	1.00095815762503	0.105761176761066	2.00640592512851	0.127055906559476	3.00977893272584	0.155373092602144	4.00158065260389	0.203412354577455	6.00495181415444	0.220220040534448	7.00770514234101	0.236620217955308	8.0201025040498	0.254972708469925	9.01348285813571	0.288443950694182	12.0009915256198	0.334294152129291	15.0402544609622	0.337253381344072	18.0442523216306	0.383369793806254	20.0562217801997	0.429859505345946	25.0472711958822	0.489733480177106	30.0232859280575	0.542249904968629	40.0398273204337	0.639659768087037	50.041750163127	0.606391986288948	60.0126566308964	0.745714748085779	70.0239533223115	0.817219487288487	80.0211912887547	0.914693011671595	99.9457343863778	0.992501398669427	120.013951829961	1.22410211033902	174.982218200492	1.31839350233466	199.993488032797	1.47020860227793	249.993254270841	1.61556495380115	300.915875367509	1.67406862621882	351.024774685431	1.86098445529314	401.154964951805	1.98629911507301	451.407498190469	2.07839166978043	501.558538503202	
0.0220754326272392	0.191495912076168	0.0266915579618708	0.280321998958324	0.0356743339892448	0.383398057217546	0.0445649680953289	0.491577413711512	0.0540467939599155	0.69505169967817	0.0587192291099974	0.80285624148622	0.0588118160488491	0.897894652424247	0.068330307493533	1.00074034456824	0.10564750186727	2.00628648301399	0.127063847222404	3.00995309003903	0.155306488459782	4.00141720549981	0.203511899404369	6.00540024595282	0.220330590753687	7.00723901541455	0.236535634295904	8.02010902330751	0.255094619037628	9.01310008457573	0.288575778345572	12.0014823325933	0.334449655327723	15.0404584205963	0.337277186662182	18.0449415003031	0.383342057570542	20.0561882525886	0.430156457043205	25.0472544320766	0.489702734811953	30.0237851169338	0.542084606913868	40.0398012434029	0.639813526708735	50.0412099960593	0.606417875968105	60.0129658299764	0.745674062353875	70.0238117612868	0.817370984597847	80.0228006140872	0.914660249000623	99.9459430026246	0.992631993860907	120.013124815554	1.22420344747295	174.982933456196	1.31832361131337	199.992087323711	1.47030552902902	249.99259861978	1.61553131441803	300.915756158225	1.67397818215971	351.024268045975	1.86106987626975	401.155680207508	1.9863328349224	451.406812737087	2.07851065265412	501.560147828534	
0.0220188301908624	0.191359822571416	0.0265682020397368	0.279242159588177	0.0357394558531463	0.382468131670961	0.0445457713047555	0.490277694912709	0.0539453608793901	0.693022173261497	0.0587729503049878	0.802246167021164	0.0589591013601807	0.897286091358302	0.0683489078971434	1.00118272277017	0.105494821305297	2.00627786828058	0.127043178616195	3.00972910697047	0.155257830074019	4.00142139645119	0.203415843591224	6.00644146454179	0.22012777199113	7.00725345091377	0.236663444844519	8.01984359638635	0.255169632234147	9.01330125024229	0.288457060508823	12.0017701112552	0.334576945377611	15.0408505073816	0.337290077857579	18.0456325416207	0.383258836197417	20.0562143296195	0.430277909231399	25.0469079800953	0.489745045128409	30.0235969897827	0.542117285765807	40.0404308174334	0.639816745330457	50.0408560934978	0.606265033919163	60.0134352165318	0.745771294840707	70.0246462262741	0.817410912957857	80.0236946837163	0.914607976151939	99.9457120346371	0.992615393961476	120.010867289741	1.22431682559499	174.981473142468	1.31823405588734	199.991789300501	1.47030174203859	249.994088735829	1.61531130610661	300.914862088596	1.67395792714513	351.022181883507	1.86106169975811	401.155590800545	1.98630968751093	451.406365702272	2.07874591796767	501.558538503202	
0.0220762263469069	0.190379925750311	0.0266248804371125	0.278618639154088	0.0357610212007635	0.380545911072086	0.0442893813658143	0.489402018903519	0.0539755058092396	0.689432390568148	0.0586474694248749	0.80195227655517	0.0588867738243983	0.89751315943274	0.0684988232736186	1.0004214830169	0.105791283586721	2.00660778928697	0.12724030283887	3.00981665128832	0.155238029052998	4.00161650852131	0.20345184206682	6.00570711672658	0.220087761860996	7.00717708246628	0.236738969692199	8.01947572398685	0.254986383021115	9.01316155186273	0.288344789694406	12.0012522959283	0.33443322053432	15.0410973078522	0.337368653464819	18.0443156515627	0.38336203218136	20.0565309792798	0.430133761957648	25.0468316116478	0.489684560005298	30.0236342426839	0.542135222954238	40.0406841371617	0.639634344331104	50.0413292053432	0.60604039543278	60.0133681613096	0.745667346327747	70.0250336564467	0.817300330989251	80.0222045676677	0.914573356493597	99.9463006304762	0.992628946230011	120.01176880995	1.22422755057273	174.982918555035	1.31819982466618	199.993040997982	1.47027994396802	249.993790712619	1.61550941203933	300.916501216249	1.67409010961296	351.023671999555	1.86108893691552	401.156067637681	1.9863169575081	451.406425306914	2.07885345887994	501.55633313145	
0.0219074790691345	0.188466290781013	0.0266256403148455	0.277841072152708	0.0356856935286274	0.378942028155626	0.0442127433024402	0.487259627837696	0.0538436084920127	0.687364505304755	0.0586115030857281	0.802365259889736	0.0588240290566021	0.897409491593577	0.0685158462176003	1.00072230019421	0.10595569224443	2.00529602150293	0.127283419044758	3.00952770847327	0.155344934029105	4.00122302475222	0.203489540462233	6.00616346476647	0.220147826881955	7.00679337758377	0.236665220434295	8.02027759268551	0.255046965374304	9.0121519982398	0.288459001128961	12.0005538040305	0.334530632580146	15.0401361830008	0.337447896050361	18.0454239253739	0.383392469147772	20.056842041005	0.430114639472063	25.0470625796354	0.489531092087212	30.0235411104309	0.54210159772722	40.0404233668532	0.639759652186035	50.0410796109051	0.60611108629428	60.0135916787169	0.745601272230169	70.0241172350768	0.817351630137272	80.020803858582	0.914594831692098	99.945279900983	0.99268325514193	120.014376513035	1.22421523961167	174.983246380566	1.31830629813144	199.992415149242	1.47041094100773	249.993492689409	1.61568497431953	300.916203193039	1.67401783160607	351.023403778667	1.861108559597	401.155382184298	1.98631739437406	451.40660412084	2.07866989767384	501.559313363547	
0.021872325621804	0.187571566315694	0.0265901597535581	0.275670013815247	0.0354206403746881	0.378296505226757	0.0443168104891805	0.485685459930721	0.0538237719206643	0.685641384000577	0.0586886024651913	0.802168226966902	0.0586906480493763	0.896536085683055	0.0683473534528242	1.00081100866523	0.105571493335755	2.00580685191084	0.127226243040275	3.00944295812301	0.155450205573096	4.00124770479928	0.203503621285435	6.00632691187055	0.220117268657343	7.00769489779317	0.236445990859891	8.020691099889	0.255318327633343	9.01337109943207	0.288674504062638	12.001026915876	0.334622942008526	15.0401790238372	0.33737128211115	18.0453140293153	0.383284263492375	20.0565998971471	0.4300633064792	25.0465280005029	0.489515608884294	30.023759039903	0.54189810760041	40.0403302346001	0.639829448826521	50.0411503914174	0.606252519426285	60.0135246234947	0.745652364252046	70.0247877872987	0.817413238103625	80.0231805936796	0.914470664803366	99.9454885172298	0.992610924235924	120.014637283344	1.22434987910054	174.982903653875	1.31840585501898	199.992742974772	1.4705083344271	249.992717829064	1.61549860539124	300.915428332694	1.67403130240135	351.020572558174	1.86114402392999	401.15544178894	1.98637596439527	451.40752799279	2.07863072383645	501.559969014608	
0.0218725136980326	0.187964540767771	0.0265030892824297	0.275533545960717	0.0353405141415539	0.376929760309595	0.0442164315930515	0.484482773298052	0.0538190273152611	0.68306522946623	0.0587900546058186	0.801733415760531	0.0584960553302711	0.89387087343174	0.0681032195967592	1.00015628892637	0.105447001936402	2.00698683755683	0.127191432981764	3.00966181891765	0.155372148462239	4.00192710458519	0.203440027064138	6.00562283203758	0.220100907531557	7.00759710892748	0.236417789259749	8.02076374304637	0.255231957580821	9.01305165580415	0.288568094579245	12.001012946038	0.334521064818095	15.0403168595717	0.337433986264553	18.0435501044427	0.383201997621289	20.0561659008479	0.430054147643429	25.0471668877588	0.489508519508408	30.0241669591713	0.541801754433431	40.0397975181128	0.639840640800594	50.0406437519609	0.606164728600426	60.0137704926427	0.745682901615033	70.0240948833361	0.817296133209895	80.023255099482	0.914549311508352	99.9457343863778	0.992572315414486	120.014190248529	1.22437631852195	174.982262903974	1.31846488723812	199.99359234092	1.47035092627819	249.993373480125	1.61541958664035	300.914355449139	1.6740746958867	351.02319516242	1.86127176323243	401.155888823755	1.98647272127312	451.408571074024	2.07862800727327	501.559849805324	
0.02173728636417	0.187364507123744	0.02634719806591	0.274662293733546	0.0351166555185051	0.375885282091774	0.0441081656141468	0.482570127858942	0.0536941800662865	0.680982501250009	0.0588014542008007	0.799150567345496	0.0584291661959283	0.890873004414105	0.0680567394988328	1.00111496905608	0.105744261799572	2.00616215145618	0.127280711748235	3.00931583259761	0.155303456745769	4.0021757677008	0.20344002799546	6.00561351881228	0.220204660801469	7.00688837248186	0.236689340949801	8.02008853421184	0.255112879991623	9.01238948548505	0.288555808205102	12.0010949024207	0.334307750591427	15.0406940451965	0.337591775772599	18.0436283355353	0.383255214051084	20.0560560047893	0.429950434886049	25.0474704989037	0.489687595770564	30.0228351679528	0.542037068679244	40.0399726067485	0.639881238988175	50.0416607561641	0.606196352912902	60.0135767775564	0.745772763390893	70.02360314504	0.81734674949183	80.0218618409765	0.914657981969385	99.9458759474024	0.992705407115089	120.01113551063	1.22434897854653	174.982814246912	1.31829209367516	199.993488032797	1.47011986693964	249.993850317261	1.61553126375408	300.916262797681	1.67408634348415	351.024953499357	1.86142909687554	401.155978230718	1.9863632761729	451.407080957976	2.07867822617732	501.55788285214	
0.0217585803462158	0.185882205453243	0.026157485701206	0.273215746117063	0.0350922602017226	0.374274879917601	0.0441822517721742	0.480672994760729	0.053718748923394	0.678583763657699	0.0587013150824008	0.797823840193312	0.0585349705990459	0.887842830146197	0.0681760501747908	0.999446271912273	0.10578390472231	2.00649998870408	0.127238898992321	3.01021269619437	0.15543380402791	4.00155410991177	0.20328263013766	6.00616625873406	0.220200122175513	7.00679989684148	0.236790287131976	8.02016583398186	0.255032769393065	9.01314013144453	0.288483873931918	12.0019368179881	0.334233208533538	15.0403289667646	0.337657074244361	18.0454798047257	0.383410705049189	20.056381967675	0.429884031155575	25.0475766696721	0.489665891894535	30.0238689359616	0.542120675136793	40.0406431589704	0.639700942093906	50.0415564480406	0.606249440502951	60.0124815422606	0.745731049700052	70.0246462262741	0.817415414851871	80.021876742137	0.914543815797108	99.9461218165504	0.992645853838424	120.010949246124	1.22440086146792	174.982397014418	1.318396297874	199.992817480575	1.47039004647139	249.993254270841	1.61553494643638	300.915815762867	1.67427136605178	351.025549545777	1.86132041821887	401.155918626076	1.98651282546684	451.407706806716	2.07864526803921	501.555498666463	
0.0217974790971048	0.1857036825657	0.026227659981357	0.271783866830432	0.0351490352762034	0.372684588489319	0.0440732583226521	0.479213845186256	0.0537255297404705	0.676713959054987	0.0586083205789572	0.795536803096989	0.058615420258688	0.88483844187085	0.0681917935659565	0.996626460120915	0.105622270043821	2.00735680543203	0.12707100993121	3.01108557823597	0.15542927038453	4.00141580851601	0.203300881079938	6.0055557768154	0.220200964009632	7.0074765026598	0.236664321929197	8.02016769662692	0.255056417000429	9.01313268086429	0.288337898262402	12.0019545131162	0.334376929092746	15.0401250071304	0.337513521174787	18.0462826047469	0.383474325533783	20.0568234145544	0.430048735378689	25.0467198529442	0.489706081714628	30.0244221415446	0.542000456301999	40.0400247608102	0.639670078878613	50.0409604016212	0.60628507074233	60.0131558197726	0.745597781158757	70.0249218977431	0.817417971841663	80.0213179486188	0.914703031759559	99.9455779241927	0.992480109735443	120.013109914394	1.22448232829916	174.981726462196	1.31838764873362	199.992906887538	1.47055051566224	249.99382051494	1.61548133393256	300.915338925731	1.67434467276266	351.024625673826	1.86125273834945	401.155143765731	1.98669108642884	451.407706806716	2.07865448990805	501.558776921769	
0.0215856233725242	0.185138267926358	0.0263077351314493	0.271387705509072	0.0351226460094261	0.370550055457346	0.0438349245107677	0.477402102722547	0.053657762958289	0.674534489710923	0.0585091158535912	0.791687356040638	0.0585224451500377	0.882357456857575	0.0680415606346801	0.993742037829011	0.105611860494218	2.00686041052333	0.126956708446495	3.01041083506271	0.155495610785069	4.00194293706821	0.203515949196565	6.00582958563933	0.220202746025533	7.00784623770436	0.236578889683586	8.01956513094977	0.25496228811698	9.01309449664054	0.288218846284576	12.0010362291013	0.334395092257869	15.0403922966967	0.337318486156036	18.045766652065	0.383370653754597	20.0567172437859	0.430235165401746	25.0468837657095	0.489780966443929	30.0236342426839	0.541891759391405	40.0401476953842	0.639750752202644	50.0414037111457	0.606322513265595	60.0138971525068	0.745619489822364	70.0261139905819	0.817343618545395	80.0236127273336	0.914920761863867	99.9465166973033	0.992518720046998	120.013542048048	1.22455542192343	174.982933456196	1.31821030620702	199.992817480575	1.47041864191039	249.993790712619	1.61551043478286	300.915368728052	1.6742843165346	351.023373976346	1.86126400868559	401.156127242323	1.98666787941272	451.407855818321	2.07871707218916	501.560505456386	
0.0216759905582293	0.184139904725705	0.0263380642245151	0.270503764012425	0.0349571837508536	0.369892279816436	0.0437534564047821	0.475811665775119	0.0534608771192724	0.672063108961244	0.0585603460924743	0.788702001669505	0.0583105796101927	0.87961645823535	0.0679028646568208	0.991448656097951	0.105627920233833	2.00656145599108	0.1271002024935	3.01019826069515	0.155568402678288	4.00161976815017	0.203666921685283	6.00586590721801	0.220131881574237	7.00708488153577	0.236566199691701	8.01913579126326	0.255138272361985	9.01312429896152	0.288257081104332	12.000675807282	0.334429153978317	15.0408356062211	0.33750116295784	18.0448092525038	0.38329927090005	20.0565924465668	0.430277413319588	25.0473196246537	0.489614895743584	30.0245134111526	0.541852975722884	40.0391753946625	0.639592400286355	50.0424020888982	0.606272787720947	60.0132042485442	0.745779264840297	70.0245270169902	0.817440856861727	80.0221151607048	0.914800771892866	99.9458833979826	0.992674596315791	120.014562777541	1.22451493003759	174.983127171282	1.31838357090861	199.992757875933	1.47062382237312	249.99289664299	1.61549482436127	300.916858844101	1.67433492760113	351.022032871902	1.86113352599788	401.155829219113	1.98654678846709	451.409137318123	2.07864204483654	501.560445851744	
0.0216194375998198	0.183509035574774	0.0261985312612333	0.269759026130241	0.0349176891979888	0.369207612237462	0.0437383961038072	0.474074312698525	0.0532999377240235	0.669377698652551	0.0584138629016326	0.786973699883752	0.0582430419464632	0.876282672822539	0.0680002832888465	0.988147932634968	0.10545761350879	2.00659987304546	0.127144434729426	3.01011770129627	0.155505228605709	4.00126167463724	0.203595054467326	6.0060372705636	0.220165497953691	7.00743412748467	0.236637120813976	8.01933043767211	0.255312027294318	9.0127098604355	0.288331503673532	12.0022357725204	0.334393655093255	15.0411215222379	0.337677961199151	18.0435203021218	0.383214234821601	20.0565756827613	0.430207445184781	25.0466900506232	0.489501061625642	30.0237124737765	0.542016872655215	40.0395702754154	0.63964844820454	50.041262150121	0.606483847861763	60.0126305538655	0.7457982009304	70.0238862670893	0.817431054461684	80.0223684804331	0.914733406699887	99.9465092467231	0.992501723776675	120.015248230924	1.22457427816135	174.980817491407	1.31865365358282	199.993130404945	1.47070211342348	249.992151584965	1.61544835370463	300.917723111409	1.67431800658167	351.022986546173	1.86120352728777	401.156127242323	1.98654787677573	451.407349178865	2.07858621224014	501.559432572831	
0.0214873526021739	0.183317954384987	0.026160710871296	0.26824888664723	0.0350020034286838	0.367347906663438	0.0439895997867171	0.472242866942532	0.0533886403350608	0.666835188144613	0.0580743743960905	0.78489603573379	0.0580703778358889	0.873746972610605	0.0680743160064221	0.984511467399782	0.10546816719948	2.00679172548672	0.127111329302642	3.00920640220029	0.155454338020173	4.00085049574007	0.20342544124873	6.00596183343864	0.220215468613709	7.00794961450523	0.236607979544278	8.01970482932933	0.255151029781626	9.01287936113603	0.288208797511877	12.0014795386257	0.334401463936204	15.040340142635	0.337537458796005	18.043375015807	0.383364359748566	20.0559926748573	0.430242956456434	25.0462802687098	0.489667330828662	30.0231220152922	0.542041804410892	40.0403637622112	0.639879029698938	50.041016280973	0.606575188749586	60.0132638531862	0.745675944804184	70.0254508889403	0.817488205106542	80.0238436953212	0.914575654817273	99.9460547613282	0.992502476547255	120.012267998827	1.22455168261671	174.983946735109	1.31864046441949	199.993145306105	1.47042086796343	249.994267549754	1.61544466401415	300.900050335072	1.67433884151336	351.02382101116	1.86135679800703	401.155918626076	1.98665751559106	451.40690214405	2.07878356066999	501.559551782115	
0.0214712813447201	0.182595218997583	0.0261045512002235	0.268232617606777	0.0347508710559829	0.366192513753014	0.0440646189960892	0.470110167451791	0.0532952166141458	0.66429285225965	0.0579686837074663	0.782241591899233	0.0579674828335763	0.871557375134023	0.0679455687510262	0.980501541829915	0.105589403958209	2.0063258313909	0.127284951036928	3.00898707574439	0.155411578963396	4.000978552588	0.203367759674332	6.00524844038037	0.220063092115462	7.00831096764702	0.236527482464313	8.01977281587404	0.255101934483339	9.01270520382285	0.288271678188742	12.0002241158548	0.334532888621778	15.0403131342816	0.337393726222736	18.0436991160476	0.383481600373829	20.0568345904247	0.430228359278892	25.0467328914596	0.489697475042553	30.0240868654337	0.541640733265146	40.040203574736	0.639843308189945	50.0412546995408	0.606484648577989	60.013718338581	0.745776476006481	70.0251305139898	0.817548142964136	80.022457887396	0.914518403589575	99.9455853747729	0.992782157344627	120.012156240123	1.22436091671663	174.981666857554	1.31867589746005	199.993517835118	1.47029809213885	249.994207945112	1.61514618643251	300.601550288215	1.67440430427042	351.024029627407	1.86140046567375	401.155799416792	1.98676894955393	451.406693527803	2.07886916046053	501.55847889856	
0.0214274538877802	0.182038593714621	0.0259989045224099	0.267411802315392	0.0345021951775455	0.365483282542301	0.0436518064541585	0.469129630346446	0.0532216615486423	0.663152797067149	0.0580865228792019	0.779371779729525	0.0579068643508969	0.868380750398213	0.0677365237798142	0.976839698055777	0.105428081380469	2.00633537744683	0.127377192897854	3.00970559107658	0.155473454452162	4.00068006371701	0.203323599076029	6.00574949190171	0.219966313398093	7.00748628154637	0.236504767914114	8.0195446418541	0.255299727602261	9.01292499594002	0.288281138289902	12.001120048129	0.334592438545681	15.0405329263987	0.337292479185534	18.044356629754	0.383419837249134	20.0560094386628	0.430276127308629	25.0465373137282	0.489865798804296	30.0234144505667	0.541354514883054	40.0397528146313	0.63990511173404	50.0416756573245	0.606489497930992	60.0129732805567	0.745953149823094	70.0250858105084	0.817605016054498	80.0198874372121	0.914722550132909	99.9459355520444	0.992656023199932	120.013847521838	1.22443276977848	174.981637055233	1.31865961745246	199.992608864328	1.47047243918861	249.992419805854	1.61417872668943	299.844243509992	1.67467126778816	351.023761406518	1.86133954442974	401.155650405187	1.98689515176084	451.408869097234	2.07877643372397	501.558061666066	
0.0212274294582075	0.181394540529119	0.0258883336540047	0.265810684262695	0.0343839236655026	0.363581551039094	0.0435071650730382	0.467173125436921	0.0530468524231849	0.660466746474217	0.0582646671988716	0.775990729698297	0.0577722879969663	0.865818391078847	0.0674691209193875	0.9746801357308	0.105340406275809	2.00428716637189	0.127284478985892	3.01029698088337	0.155625708248659	4.001545728009	0.203383630522809	6.0057015287914	0.21993451465763	7.00715053977417	0.236532031707346	8.01975512074597	0.255407032424254	9.01308052680259	0.28843304690915	12.000890011464	0.334493330165631	15.0402674994776	0.33719766417637	18.0443584923991	0.383396595774083	20.0565030396039	0.430226501546463	25.0471203216322	0.48996106762949	30.023421901147	0.54161623725784	40.0396000777363	0.640065243524189	50.0410684350347	0.606559064590098	60.0130701380999	0.745907201714087	70.0252720750145	0.817402858635741	80.0223833815935	0.914779286263551	99.9470084355993	0.992611446783561	120.013959280542	1.22461000799695	174.98276954343	1.31855593058584	199.992653567809	1.47065882301807	249.993045654595	1.61291960528376	298.929461267751	1.67459901660337	351.023224964741	1.86138637148607	401.155769614471	1.98680078064039	451.411253282912	2.0788605441027	501.558240479992	
0.0213009910778961	0.18019531725211	0.0258901175383745	0.263887998002554	0.0344866722071588	0.361551413442011	0.0434921276389435	0.465207103575289	0.0528861816417404	0.65736893490754	0.0579017713992048	0.773791120504513	0.057428843529978	0.862373079793022	0.0673510643362253	0.97062911555428	0.105493913606308	1.99943870127874	0.127265196740651	3.00985180871385	0.155703083098789	4.00086772520688	0.203624585058965	6.00631713298398	0.21999675306534	7.00777033491813	0.236618394681816	8.0201453448862	0.255214173539656	9.0135406001326	0.288618992103134	12.0013547414067	0.334471519335937	15.0400970674545	0.337368660356606	18.0442467336955	0.383330212905234	20.0564005941256	0.43001457382046	25.0472749211723	0.489994188376529	30.0241799976867	0.541782188376365	40.0399167273967	0.640060703873779	50.0409902039422	0.606577741641558	60.0127460378593	0.745967735265973	70.0247505343975	0.817459678957945	80.0226143495811	0.914779937706234	99.9450414824152	0.992890663892885	120.013936928801	1.22468000630661	174.983097368961	1.31845771111827	199.992593963167	1.47067477493818	249.992688026743	1.61181150856748	297.977813554468	1.67446078532928	351.023105755457	1.86150819907293	401.156216649286	1.98669745289177	451.407706806716	2.07894069288549	501.557107991795	
0.0213610857032722	0.179515568220248	0.025998880270193	0.263106851230198	0.0344182861332967	0.361017387282325	0.0432901085623387	0.46404588989905	0.0528756633689593	0.655686035095143	0.057615961777504	0.771526493356578	0.0573022529484596	0.858396914664881	0.0675408343585341	0.9669516139201	0.105444901585727	1.99388429370755	0.127221182252313	3.00661802405773	0.155591183416423	3.99663858959643	0.203692753994967	6.00674880097681	0.220109535391221	7.00772050916276	0.236665200783388	8.02047410173942	0.255097795749835	9.01316527715285	0.288594386758557	12.0018446170576	0.334577841926932	15.0409799612133	0.337460913533101	18.0448520933402	0.38336250331999	20.0563670665145	0.43003182423125	25.0475748070271	0.490003072713701	30.0240123596312	0.541431718742357	40.040784719995	0.640079322810709	50.0412472489606	0.606664876423421	60.0122393984028	0.746026205318438	70.024400357126	0.817691519510247	80.0211465852732	0.914843120766077	99.9453097033039	0.992939191212461	120.010695926395	1.22456096382827	174.982084090048	1.31852052287726	199.992027719069	1.47076098321997	249.994625177606	1.6106877044906	297.001340507815	1.67445901104335	351.022658720642	1.86163148626928	401.155710009829	1.98677758975362	451.406693527803	2.07904590816886	501.559969014608	
0.0211903377059512	0.179419234546012	0.0257085556926794	0.26279078364645	0.034284996290911	0.359232333029877	0.0433589299480172	0.462500534782859	0.0528594956148462	0.653654529618094	0.0576781126816419	0.768473850932625	0.0574959115844961	0.855623669000042	0.067640743699287	0.963754907542228	0.105185021789012	1.98697993412858	0.126930984251732	2.99935184567571	0.155332224811244	3.98734352508197	0.20343908380899	6.00596043645484	0.22008538064961	7.00825182866634	0.236634775272244	8.02004848734304	0.255216066569209	9.01280019872094	0.288579898638889	12.0012066611243	0.334642448554079	15.0406549296502	0.33727634776173	18.0442355578251	0.383548967243189	20.0561919778788	0.430378429071559	25.0467012264936	0.489864348135504	30.0242787178749	0.541437490628581	40.0399092768164	0.640085175666698	50.0418358447998	0.606750236677796	60.0135618763959	0.745893205874071	70.0242587961014	0.817646433343192	80.0240821138889	0.914734815645427	99.9460622119085	0.992898577882155	120.012104086061	1.2244325775535	174.983559304936	1.31860729319477	199.992891986377	1.47072343886531	249.992628422101	1.60959511775281	296.01282732349	1.67453957285024	351.021943464939	1.86169760222108	401.158481625679	1.98693142128041	451.40997178311	2.07911053593703	501.559432572831	
0.0210642040400164	0.178831992034864	0.0254335382631923	0.261743598772525	0.034360847316862	0.357876414737131	0.0435582242046845	0.461351370091858	0.0528220450851205	0.650719524871259	0.0578767069475316	0.765229647105704	0.0575412924074632	0.852015318063743	0.0676085117221157	0.960930322722902	0.10519782179193	1.9806248220119	0.12685825516459	2.98995200737658	0.155219118306542	3.9747189825214	0.203377906160239	5.99928052560569	0.219994546244108	7.00710117968006	0.236704864665252	8.01946547943902	0.255248415657288	9.01217993791571	0.288656429466293	11.9998739385834	0.334680205902211	15.0405217505284	0.337420095422425	18.0437605833346	0.38356564183469	20.057702583023	0.430447108215175	25.0465782919196	0.489843666444212	30.0241855856219	0.541579650212569	40.0393989120698	0.640166649203461	50.0410982373557	0.606658956008713	60.0100526531014	0.745645924773427	70.0255179441625	0.817463941688318	80.0231880442598	0.914704911098671	99.944974427193	0.992824587691097	120.015315286146	1.22450893040516	174.984006339751	1.31849927667352	199.995305974376	1.47054738309473	249.993313875483	1.60833648687482	295.020380232796	1.67461042701042	351.022807732247	1.86165696124216	401.132881431964	1.98691333412288	451.381659578187	2.07918108558966	501.554246968982	
0.0209398923509979	0.178214874443171	0.0254114195760906	0.260104267392253	0.0342399764689539	0.356956937465185	0.0433580653547059	0.459777784261464	0.0528495624600302	0.648394187135875	0.0579131382407463	0.762440859996139	0.057307469964343	0.849427754828398	0.0674655636193196	0.95795719195998	0.105062367243014	1.9743388605931	0.126761198770495	2.98053540527191	0.15517655063366	3.96156451744105	0.203329774146372	5.98492605144495	0.220071745807696	6.99908109570969	0.236641084866298	8.01152222957741	0.255237529695452	9.00280524532491	0.288432049736261	11.9881243735401	0.334642038696476	15.0402060321906	0.337807149680265	18.0431179707886	0.383529879030274	20.0560802191751	0.430319243929246	25.0473810919407	0.489909996282974	30.0225445953234	0.541573318263876	40.0367800331143	0.640001636133411	50.0382223133819	0.606290878953117	59.9505262422497	0.745617059230515	70.0208613315106	0.817370756217184	80.0182632107191	0.914663714125967	99.947671537241	0.992895405564632	120.007447473409	1.22465830307961	174.972755963584	1.31854649957688	199.982371767074	1.47053776187476	249.994029131187	1.60710750520988	294.022479317364	1.67468186108771	351.022420302074	1.86130685723714	400.732189226494	1.98664915213443	450.931197496692	2.07931930669487	501.559015340337	
0.0208683124446014	0.177786858980889	0.0255993190108065	0.259216484190168	0.0341771659032194	0.3552375123473	0.0430894608727861	0.458265753029563	0.0527539175231286	0.645326643551436	0.057665302694672	0.760149515533114	0.0572288150375278	0.846990367351077	0.0673613291874231	0.954382601465407	0.104959022324591	1.96755347746738	0.126542408243394	2.97087409817238	0.155001347878906	3.94917233985182	0.202960579622961	5.96613289410441	0.219950187565164	6.98229819805097	0.236485821925833	7.99072579747402	0.255171628855913	8.97969261408847	0.288157207089862	11.9580445184539	0.334593529421296	15.0250766976846	0.337588258694025	18.0265031768467	0.383541485271205	20.0355147550593	0.430209369599907	25.0456357935188	0.489965089790547	29.9922952395366	0.541389441141568	39.9974446947212	0.639659982762773	49.9895812002652	0.605997341938622	59.7981618762795	0.745555591262397	69.9511462521765	0.817260949388452	79.9362621245642	0.914744561773221	99.9395504047761	0.992618804069088	119.885816750942	1.22445244307756	174.798546496341	1.31826958416752	199.782025664339	1.47069962283409	249.980677691391	1.60582222726048	293.023654529982	1.67475625189881	351.024297848296	1.86015991855452	399.718761301835	1.98551584555813	449.790543463804	2.07902377000842	501.531239577191	
0.0208461354246915	0.176730855646754	0.0257007910584538	0.258582602792928	0.0340485738731002	0.354222807346621	0.0430073425261089	0.456356512738455	0.0527522834885653	0.643477095213759	0.0572880437093496	0.75833634698178	0.0572824519667454	0.843812345631472	0.0673698254512114	0.951274487143238	0.105028309063062	1.96135459470517	0.126347752550884	2.96088054176014	0.154693553814441	3.93710472816442	0.202822535428318	5.94595299751613	0.219753148916508	6.96089128402893	0.236108481362499	7.96699104278728	0.254858612187657	8.95391267512502	0.288123142715188	11.9212479652785	0.334386773929146	14.9871513816024	0.337130110597281	17.980929840145	0.383288163527985	19.9857672307765	0.429980257581223	25.0220919599508	0.489565232216415	29.9163347113138	0.54097795645329	39.8967836303476	0.639388500945347	49.8622284321709	0.605637735829533	59.6152724830536	0.745114387453776	69.7747835672435	0.816802925192718	79.7348356876936	0.914417395969336	99.8415305710986	0.991943418901778	119.581989539211	1.22372544205742	174.356041634546	1.3176540372851	199.275445812454	1.47044596222357	249.729682544164	1.60446679900958	292.026021835439	1.67461372840346	351.003436223615	1.85875618335269	398.499339734617	1.98405259213247	448.415971013605	2.07851629977575	501.030739398785	
0.0209031031039572	0.175488253112509	0.0253234803498034	0.257286667491904	0.0340884493427213	0.353372044215119	0.0428859298085332	0.454034521943414	0.0525819029533002	0.641979877830857	0.0571564256288253	0.755749831484282	0.0570980507426137	0.841550337828153	0.0670761792768059	0.947794600508473	0.104779029697789	1.95417468007252	0.126149341420863	2.95092470391038	0.154559458858254	3.92290718185004	0.202862639785036	5.92689720722203	0.219464350488596	6.93849251151202	0.235849522352795	7.94178386718002	0.254592666768513	8.9258100177708	0.287905499084224	11.8830646728555	0.334062580499412	14.941262326563	0.336714057399181	17.9259538711767	0.382980469019051	19.9249555948328	0.429906983524917	24.9590246608385	0.489311583008584	29.8243871005344	0.540554772324935	39.774419025726	0.639127542814046	49.7092195910097	0.604908865537	59.4256552158682	0.744758669450591	69.5598343272318	0.816349800146689	79.4912389666474	0.913753292215022	99.5885982730079	0.991436010916227	119.217291086894	1.2229053943857	173.820821752207	1.31679456098369	198.666122459017	1.46952788478897	249.097009072246	1.60320519474458	291.026928827168	1.67421246162799	350.655076893772	1.85729973954222	397.234022593102	1.98253024698203	446.991122047926	2.07747949959243	499.76175657179	
0.0208545028603722	0.174911022318562	0.0251128661786269	0.255674402672671	0.0341648077735861	0.35148955034293	0.0428047231626303	0.452103220949868	0.0524272638388683	0.639956288595315	0.0573170949521758	0.752041014130018	0.0569427807342632	0.837877609221941	0.0668013587609281	0.944778279663205	0.104512127801603	1.94700547564897	0.126180239437074	2.9409409263847	0.154462786914124	3.90964608033996	0.20277719913426	5.90818880023175	0.21919005065773	6.91662692114376	0.235737553374235	7.91551032727547	0.254525621775913	8.89594902347922	0.28748513406048	11.8439221182262	0.333858649825066	14.8932787271528	0.336432587865899	17.8689196794162	0.382649018793668	19.8606850270113	0.429677289563563	24.8821831015019	0.488853084702594	29.7300199138211	0.540011366119624	39.646920971317	0.638654436212924	49.5517515775731	0.604502677344356	59.2311019392718	0.744183247733775	69.3386713032973	0.815857363517768	79.2383066685567	0.913230467947832	99.282565689525	0.990797769017954	118.837616968289	1.22183654671063	173.267943994692	1.31564086183586	198.03407483584	1.46827720685255	248.338808224393	1.60207012647251	290.026673528379	1.6733652564681	349.768428042529	1.85578585837927	395.933717526766	1.98099607928524	445.52988444834	2.07592058411698	498.23876856315	
0.0209220804545617	0.17443489822682	0.0253525878765228	0.254975968982544	0.0340939908575772	0.350252841334073	0.042795107353068	0.450490635988514	0.0523424711499354	0.637505629771937	0.0573297814836186	0.750231221622857	0.0570190043067093	0.835069962831136	0.0668920366256619	0.940673126364606	0.104523667602839	1.93960995985054	0.126152555273946	2.93129172647807	0.154386111979119	3.8965037224525	0.202544684697341	5.886836834239	0.219037321525858	6.89322977087428	0.235611466273003	7.88944633494025	0.254394022775892	8.86588686352109	0.287275379645607	11.8041537148564	0.333570264479493	14.8440117652957	0.336343977645045	17.8091473994164	0.382248485527531	19.7960288916622	0.429330979970067	24.8027971690123	0.488255691869503	29.6330711010536	0.539488366789777	39.5177167340323	0.638024529802802	49.3888558164293	0.604118119694821	59.0339744872014	0.743365285097947	69.1122928731928	0.815147054085553	78.9790413772594	0.912452570870488	98.9670336162323	0.989956891816044	118.447027749628	1.22081881323749	172.699598832593	1.31451134248806	197.387602889312	1.46726382745242	247.545023405299	1.60098863494147	289.027252694578	1.67214719822171	348.702220207429	1.85450573296076	394.61961398582	1.97950709742159	444.048798502986	2.07427201295288	496.657368005404	
0.0208009972170845	0.173365579890884	0.0253725905347026	0.255038222072934	0.0339155856191614	0.349421868806341	0.042852316208501	0.449110008544884	0.0522879465233343	0.634781336747601	0.0569687426305763	0.747652040290286	0.0568559114390042	0.832318777868735	0.0668430589446892	0.937049059360606	0.104565049854898	1.93392318806472	0.125904297830021	2.92185067715697	0.154056368675875	3.88337603289489	0.202453410468954	5.86734704764573	0.218799986615669	6.87006032896349	0.235613591754882	7.86364404423607	0.254063682419226	8.83599234161842	0.28713204637694	11.764104983405	0.333248148015524	14.7955429468471	0.336182506147439	17.7503921236198	0.381907197194617	19.7300949818014	0.428920721245703	24.7217087789372	0.488060116060951	29.5333711615314	0.538909269733454	39.3856030451627	0.637643059988157	49.2245146427185	0.603531254476963	58.834023265219	0.742927297885485	68.8810268624488	0.814521094809806	78.7152833860755	0.911681633805424	98.6410185765375	0.989198711315049	118.05256422924	1.2199534615886	172.126291584051	1.31360095842409	196.728017921556	1.46630382529823	246.731330635796	1.59979341484917	288.02824909327	1.67084366448729	347.594914971708	1.85313853394538	393.294036551299	1.97784445098136	442.562675965389	2.07270812823714	495.034005779729	
0.0206161841839349	0.172947925391752	0.0251573624197668	0.254090659605931	0.0336915375010725	0.347998604253117	0.042806294775305	0.447755778274224	0.0523293994380351	0.631798543513426	0.0567437251919511	0.744553297401079	0.0567378149835935	0.828666480150534	0.066801659307466	0.934951604606874	0.104265391499951	1.92803734608804	0.125631163271405	2.91220659952425	0.153807802897243	3.87019712059812	0.202363510308075	5.84775900652552	0.218603637547355	6.84630508518109	0.23548389209994	7.83732580085006	0.253859766762435	8.80604845962164	0.28691184515956	11.7242127141387	0.332968021510508	14.7455421028361	0.335832821772683	17.6911115819161	0.381585480134177	19.663989708595	0.42848604847042	24.6391973280357	0.487705784252706	29.4341629603052	0.538407480472035	39.2534819057129	0.637251659492517	49.0594358615636	0.603103490110084	58.6346792655263	0.742592799223224	68.6494255755939	0.81377393791416	78.4515999006941	0.911224727968182	98.3124479878195	0.988534836369396	117.656372174236	1.21908673947527	171.548499086203	1.31281472459564	196.06384339637	1.46511598525612	245.90863756536	1.59834117186782	287.0346993167	1.66954942082366	346.458373659114	1.85154333190112	391.965657698607	1.97624174301283	441.072887742311	2.07125206405165	493.396547056235	
0.0207182910967203	0.172786602867193	0.0248414599116891	0.252621643833402	0.0336600066089831	0.347258115529978	0.0426828360875473	0.445429858462258	0.0522756299452403	0.630617859375537	0.0568324339555384	0.741949261398478	0.0567549538626881	0.825534209650233	0.0669520349464722	0.931861476451073	0.104023707371517	1.92107524451218	0.125490664660501	2.90065470768805	0.153872652666538	3.85607198461048	0.202020298270117	5.82834698536354	0.218658234884086	6.82329117413287	0.235132789670109	7.810415701996	0.253666338141285	8.77582611218828	0.286664713917496	11.6853197539475	0.332713870180062	14.6949955038222	0.335525491486546	17.6312051914719	0.381184739852496	19.5968562553151	0.428021860144359	24.5562556061251	0.48723752146897	29.3351223971344	0.538013184570134	39.1219046586208	0.636743761587402	48.8929042172612	0.602701339247382	58.4361324779197	0.741932394976111	68.4163416232707	0.813216471628111	78.1850330407586	0.910620152921168	97.982640602781	0.9875924277946	117.257915142839	1.21799517942119	170.963539130162	1.31166517892535	195.399355946814	1.46397831766253	245.079894623766	1.59717226155683	286.036351366454	1.66827404304299	345.305977511762	1.85010505818837	390.64142136853	1.97477607142571	439.572430288326	2.06947682280173	491.740342672849	
0.0206373589814278	0.17265746917759	0.0248679609459112	0.251364765870996	0.0338170886349258	0.345316220742648	0.0425442867173225	0.443944137091841	0.0520832679125084	0.62838315096389	0.0568397836884741	0.738937771788836	0.0567637363204481	0.822974760713774	0.0666764010483815	0.927884030754453	0.103946752130238	1.9141465541321	0.125472587374973	2.89043367574776	0.153748466062887	3.84283533031682	0.201801242550379	5.80883205306196	0.218697829423189	6.80023861319963	0.234738041785597	7.78340269200233	0.253335881462427	8.74709481212605	0.28638353892951	11.6458037389835	0.332504649244234	14.6453448370826	0.335199510225981	17.5713621309598	0.380793500836433	19.530207089751	0.427665488850247	24.4728947890758	0.486843052367225	29.234835724418	0.53752020277394	38.9881108639064	0.636136005287794	48.7267860801624	0.602114434913975	58.2365724113999	0.741322330463424	68.182356150738	0.812603012558172	77.9190547766623	0.909810390705896	97.653794342594	0.986829316336377	116.8581915128	1.21706971268112	170.382021342193	1.31059308484618	194.733423084692	1.46291623349682	244.250198007901	1.59599948922574	285.031148882384	1.66689662847813	344.146220191131	1.84876223198379	389.313131922801	1.97323097998452	438.070363509008	2.0676977028785	490.072902814457	
0.0205888574624028	0.171092992845697	0.0251954368424945	0.250786734721749	0.033804307425816	0.343525316620557	0.0425148906872461	0.442318659134208	0.05202236945971	0.625732490627112	0.0569073589878291	0.736210859419884	0.0565958440462803	0.8193323000898	0.0665343481153838	0.925054149038235	0.104009484217503	1.90755581741524	0.125409981981067	2.88097819092745	0.153356198514481	3.82967248333369	0.201668644753449	5.78875786158088	0.21829132421396	6.77711201212524	0.234613899635153	7.75607908594477	0.253125110788345	8.7174890002078	0.286106994954681	11.6054523277097	0.332314044917029	14.5959744984246	0.334818230782279	17.5119828690678	0.380443967632802	19.4648673636646	0.427452289583806	24.3902678541805	0.486552054120553	29.1343907268715	0.536936934256858	38.8545107842783	0.635620399401966	48.5600271931627	0.601661115902508	58.0358426037821	0.740725002732849	67.9506058522782	0.812119737890789	77.6518099139247	0.909287943618561	97.3212525946064	0.986207556053772	116.459220391365	1.21636314184004	169.79887932773	1.30950924929224	194.066670658742	1.46171562722243	243.418743055099	1.59480175820629	284.029969711645	1.66545789156608	342.985777417117	1.8472694429373	387.974709687941	1.9715937136736	436.571455775713	2.06604331959223	488.408651804408	
0.0205686922767922	0.1703822773397	0.0253292703182449	0.249409192284001	0.0334424846057998	0.341964594682614	0.0424916441917872	0.440588727534027	0.0519871706642479	0.62301751082808	0.056838044775352	0.733589535742813	0.0566195727631131	0.816240018250647	0.0666702292959076	0.921389453088848	0.103980643289157	1.90151619080572	0.125196007884715	2.8709010483181	0.153204048627404	3.81639904180008	0.201395565135601	5.76833256150585	0.217986308270204	6.7531793514008	0.234375535572776	7.72955874556967	0.252965355916122	8.68704220404462	0.285797624978944	11.5659428320034	0.33205343501585	14.5463489773933	0.334404010654026	17.4523186224816	0.380090067632232	19.3977208718692	0.427256930331017	24.306592250116	0.486065212074229	29.0346963752844	0.536464502276678	38.72212887452	0.635063541278173	48.3942443321748	0.601261087771342	57.8365321317005	0.74012224113085	67.7186245858309	0.811551295083412	77.3858689027296	0.908644398618143	96.9855145476945	0.985479484728573	116.059250892178	1.21543390423889	169.214142889096	1.3084280572858	193.40076759894	1.46048568886782	242.585023125903	1.59365396892928	283.029595203573	1.66412876489523	341.820625876389	1.84566985856048	386.640131952486	1.97005622478742	435.070670496197	2.06434090295988	486.742702062065	
0.0204007049626071	0.1699639534525	0.0250221927056742	0.248366955061019	0.0334901399455072	0.340622180566558	0.0424233387995652	0.439247885024741	0.0520095054764	0.620221855214853	0.0568672543139087	0.730258718920567	0.0565899861669754	0.814246464166711	0.0667139981071783	0.917985061786702	0.103795850391501	1.89407597152583	0.125028578755816	2.86149026697925	0.153174955978582	3.80264480501017	0.201394873407423	5.7479650034277	0.217824502398648	6.72960012757663	0.234082536216479	7.70369452191722	0.252762823034705	8.65691298886429	0.285762969621891	11.5259611557742	0.331590468317216	14.4966657143651	0.334142239480918	17.3915684538249	0.379790168013877	19.3317199067863	0.426913784335546	24.2228551787644	0.485783004101147	28.9350243754381	0.536014850877467	38.5893148311076	0.634430082812478	48.2282156020389	0.600776065843772	57.6367820753846	0.739602040629196	67.4841250232615	0.810771556434941	77.1183111156218	0.907740089669913	96.6517136516458	0.984681895173042	115.658700247732	1.2142353325257	168.630643246782	1.30746965302486	192.734804934496	1.45927813744159	241.750260115472	1.59239060825975	282.029876346561	1.66301929609657	340.655325324057	1.84421783759518	385.307848995747	1.96856410036784	433.570987902557	2.06270984589901	485.077109947572	
0.020410982887227	0.169502861488475	0.0245581592642822	0.248004641492872	0.0335323458839866	0.339204096494909	0.0423479866161828	0.437889114556746	0.0520681979461622	0.617647505117908	0.0568681687300732	0.727935767699166	0.0563463075501202	0.811313089234305	0.0666181232471047	0.914943013156531	0.10342046082089	1.88721107673908	0.125105088989361	2.85126853654706	0.153100818638577	3.78913760152143	0.201276310379792	5.72851479804198	0.217595339483184	6.70656526177148	0.23413937997312	7.67640630611582	0.252616279956945	8.62622498016574	0.285656940537252	11.4857634127179	0.331378083148904	14.4468250578293	0.333790749527801	17.3321538016768	0.379603945547775	19.2658157992464	0.426442829188444	24.1393695644961	0.485571416954105	28.8362762475419	0.535495895583085	38.4560500275904	0.634058503556292	48.0604657878668	0.600151572079696	57.4356760134645	0.739024646400281	67.2508548064321	0.810282990333188	76.8516846510444	0.906841157223635	96.3187174182633	0.983875767490777	115.257128873792	1.21301163347909	168.048305894986	1.30652405172525	192.068141915509	1.45827119989499	240.919341604448	1.59090359533953	281.029323024563	1.66180607933653	339.490680422785	1.84264375483286	383.972913632441	1.96703645499085	432.071811948373	2.06117528468375	483.410623763451	
0.0203307506870449	0.169195786987911	0.0245628107723562	0.246964296018779	0.0334165289220709	0.337767968049234	0.0422160611584618	0.436102634216673	0.0520131398696296	0.615710237839402	0.0566659157226995	0.726840124949832	0.0561004376534785	0.807555144616563	0.0665439559767087	0.910830060031741	0.103259102611338	1.88075573103507	0.125149450923609	2.84079604752357	0.152920476906962	3.77583924711014	0.201171018471875	5.70823012766904	0.217458980045266	6.6831802186949	0.234037878984654	7.65004475623215	0.252314594550789	8.59627178494366	0.28533623512593	11.4459214348682	0.331060229750006	14.3966528504727	0.33345439364223	17.2714651003071	0.379299608351964	19.1987158735776	0.426028209627606	24.0564148040701	0.485117735701692	28.7369395238065	0.535251545346018	38.3211349205495	0.633904410639461	47.8938186595708	0.599586470287212	57.236369266673	0.738404808544816	67.0168320809982	0.809710886450195	76.5859746078368	0.906157445444626	95.9844694874001	0.983120315957023	114.858113048876	1.21201535281198	167.465521508375	1.3054294721081	191.399690757264	1.45717295051784	240.087499221473	1.58965044474777	280.027547807405	1.66058059333869	338.325946114552	1.84112693149388	382.638365699308	1.96556847092395	430.571741924561	2.05966963060368	481.746104532514	
0.020186857156497	0.168855723297091	0.0247465150703464	0.244826881707728	0.0335189409972513	0.336828758381175	0.0420423528213654	0.433777383792776	0.051825357627312	0.613152360509713	0.0564827224268614	0.723867518055834	0.0561285980207723	0.804484224987951	0.0665201783101508	0.907590629232788	0.103230883726438	1.87418001189401	0.124960334477307	2.8311165796347	0.152687405949497	3.76232622285559	0.200883385262381	5.68782159139956	0.21738760375075	6.66025245498074	0.233768637411183	7.62307132744602	0.252054770394805	8.56607365189608	0.285003696783964	11.4061744519167	0.330794755743094	14.3456461781288	0.333332900665089	17.2108285529991	0.378955394018885	19.1302096508879	0.42562358780299	23.9735270988663	0.48432516658568	28.6363399267199	0.534924247434066	38.1880563815384	0.633281386775946	47.7280357985829	0.599091821924268	57.0373866201221	0.737755624583983	66.7829583671692	0.809041365920063	76.318997965988	0.905490424462131	95.6515701115608	0.982380322853004	114.459127026281	1.21122008835586	166.882558307839	1.30436430801769	190.732670110426	1.4557811221059	239.253779292276	1.58866343635782	279.029170054837	1.6592971231972	337.158976632245	1.83971354617211	381.306261556494	1.96410957759567	429.076261458177	2.05794993234377	480.084714545279	
0.0202547363827866	0.167637015006516	0.0246795632478059	0.243592762939658	0.0333841554071498	0.336358760645453	0.04198864896644	0.431940320997772	0.0518103710958174	0.61067731267757	0.0563585088963358	0.719995078974514	0.0561974446161891	0.802686772504318	0.0663526670167651	0.904685834260533	0.103143553250427	1.86754864623175	0.124657370152772	2.82077377727356	0.152470862676129	3.74951914107906	0.200684356214394	5.66812877649467	0.21714568672184	6.63742946505125	0.233386667202578	7.5956108169765	0.251849496735819	8.53606737128977	0.284789429540771	11.3660595965656	0.33058146406031	14.295775719272	0.333129622213418	17.1517752539928	0.378564167482545	19.0634356881047	0.425183054907403	23.8904996952829	0.483918206087858	28.5359116929789	0.534244921427459	38.0555142843048	0.632845682927718	47.5603381384725	0.59860149502032	56.8361166454366	0.737062821516164	66.5509920018824	0.808368780753663	76.0531091088546	0.904865312506655	95.3179480294379	0.981544825354479	114.060215509489	1.21030391921863	166.299013962044	1.30345898998765	190.067899538821	1.4546294241377	238.419820944512	1.58749098045522	278.029898232641	1.65804225147495	335.992513789394	1.83827887415153	379.973293146372	1.96257493219447	427.578873643252	2.0561135798193	478.416619035825	
0.0202491723983238	0.16643344070706	0.0245792745851916	0.243761477836802	0.0332258518032221	0.33460027818895	0.0421608835321286	0.430813391632183	0.0515224415249064	0.609148546743951	0.0563028405328508	0.717339470986793	0.0558803789589747	0.799206827661894	0.0660376633688542	0.901049427233006	0.103152419581066	1.86073986362746	0.1244615832031	2.81072410867886	0.152415813292924	3.73612625743094	0.200579522592855	5.64780871586557	0.216920141435795	6.61459809321898	0.233129592095467	7.56975450956556	0.251527712201014	8.50701662759963	0.284576934255194	11.3264150590924	0.330267622735044	14.2464100372267	0.332839767290308	17.0921929637892	0.378366184542697	18.9969020065344	0.424777634788001	23.8064999909778	0.483579726976034	28.4350643640993	0.533632996376618	37.9219887104792	0.632505085854552	47.3942684301453	0.597947383818774	56.6355991793557	0.736628428193128	66.3178931483986	0.807844777141008	75.7861548187464	0.904269363241298	94.9837373514759	0.980929174972897	113.65926253371	1.20944827916294	165.714992779113	1.30248284759976	189.401966676698	1.45370227599397	237.586816271019	1.5861304558442	277.02865945726	1.65671923023477	334.825425097803	1.8367835240378	378.642291689434	1.96089535474637	426.075614771095	2.05439109890723	476.746675782471	
0.0202505367378776	0.166432465728786	0.0243384399146189	0.241947217891878	0.0331828109136837	0.332999189240082	0.0421576874833398	0.428667828248991	0.0513308125565484	0.606404404908186	0.0562054528556645	0.71578317283087	0.0557653786607331	0.795288404530637	0.0658824891310236	0.897555861798576	0.103053831162784	1.85413795104023	0.124127905313711	2.80169936052885	0.15249378929142	3.72261556148271	0.200280488848328	5.62771869190148	0.216851205771047	6.59000139953038	0.232977610006541	7.54343440353449	0.251251964343995	8.47689393167702	0.284375812030634	11.2867267494603	0.329925629169731	14.1966233973977	0.332593582641625	17.0324653872708	0.377992671918932	18.9303403852881	0.424505908527451	23.7225189131233	0.483303903719803	28.335209825037	0.533165358242615	37.7894168109246	0.631675676728672	47.2277852146145	0.597524803225372	56.436713390348	0.73597898184089	66.084369611841	0.807262783555213	75.5192973861815	0.90347823422966	94.6504579960442	0.980335178865682	113.260045543127	1.20850221441965	165.130271241639	1.30145127669887	188.735527175118	1.45266405624751	236.754944085724	1.5848651688969	276.030013483804	1.65537744216363	333.659558301372	1.83532033581631	377.312541929977	1.95937609747752	424.574412259086	2.05292162020749	475.079653156572	
0.0200896018362575	0.165975855754438	0.0243847317587837	0.240597338643665	0.0332744528631746	0.33062187206597	0.0418665305042597	0.427580829336893	0.0513760640537329	0.604089311720636	0.0561508167759461	0.711899674294501	0.0558427604521299	0.792267252449742	0.065965131652247	0.894223356954243	0.102819194908173	1.84718295079867	0.12399816115463	2.79060544654696	0.15235409599224	3.70983176276945	0.199980469054381	5.60839421505736	0.216657923286043	6.56741263721728	0.232654726825414	7.51627517590354	0.251180436604795	8.44638566822683	0.284024282798965	11.2458947757608	0.32974605603249	14.1460805236739	0.332292247331303	16.9717263944845	0.377569509318614	18.8646039158038	0.424138521410199	23.6401769629223	0.483046712811547	28.2354782205487	0.532667789112294	37.6560216222533	0.631051097012213	47.061644725775	0.597072051223461	56.2371346973777	0.735337626318613	65.8517922989743	0.806701890272745	75.2528944390113	0.902795731720627	94.3177597858715	0.979548357215219	112.860955212408	1.20767007072453	164.547755075917	1.30046387738588	188.068476725959	1.45139225606647	235.926022330204	1.58365270416801	275.030652254645	1.65395168676491	332.492082179609	1.83384117604128	375.97879865951	1.95789035442203	423.074580653841	2.05131709942559	473.412451716748	
0.0199556451508999	0.164038020951264	0.0244617723790677	0.240987897477929	0.0331951676725344	0.329939649208638	0.041718933157667	0.425625401269043	0.0514652279779464	0.601481142974307	0.056059235455561	0.709123227208464	0.0556953757395795	0.789322352401022	0.0659581566980747	0.891213322536055	0.102683757670216	1.84072387980453	0.123837042939634	2.78061328711851	0.152212186512035	3.69647240673241	0.19976013337728	5.58803643586578	0.216416438280214	6.5448168899852	0.232584734674159	7.4886009269133	0.250865917131149	8.41744388927274	0.283662238405712	11.2056225269021	0.329569130354295	14.0963479005516	0.332021595173786	16.9111103362722	0.377358753033508	18.7984744282116	0.423818437703313	23.5577381551781	0.482677401721569	28.1359962104986	0.532174835628307	37.5219447054896	0.630608189607949	46.8954967863552	0.596593947736249	56.03641234034	0.73489572146863	65.6187754018732	0.80608832005819	74.9857538843971	0.902237835201459	93.9850094216371	0.978678922048414	112.460359864481	1.20685868298495	163.966863136688	1.29936047279464	187.401873311614	1.45016359850741	235.093136865995	1.58249442765163	274.035105722569	1.65259101984218	331.324010011426	1.83237499953161	374.642551994082	1.95628193686985	421.573676165041	2.04938403945902	471.747366241712	
0.0200027910891712	0.163242147641397	0.0244236670902776	0.240053009728487	0.0331552719088144	0.32871961669384	0.0416873043108168	0.423590723474625	0.0515049910980522	0.599480138310127	0.0560512447951643	0.707175307928516	0.0555692354656226	0.786527453487352	0.0659252825943597	0.887988792897589	0.102490961256998	1.83373802950415	0.123679703929791	2.77148260103067	0.152003823824843	3.68371398655811	0.199591147177453	5.56804839171877	0.216319272004625	6.52058294642218	0.232617325294957	7.46282797286883	0.250450999261806	8.38749441934078	0.28354257053267	11.1653884622672	0.329174339530017	14.0470269219878	0.331721563755816	16.8509748404856	0.376974849207194	18.7312329415182	0.423516708548342	23.4736527692002	0.482067322956579	28.0363037215566	0.531676326083373	37.3888587158983	0.630107478495064	46.7275830594178	0.595970233081715	55.8366101299624	0.734351337400931	65.3850954031305	0.805489436745376	74.719537201733	0.901433476048301	93.6521547492792	0.978005203331631	112.058013630196	1.20580514736485	163.383646616423	1.29824876801213	186.736417286627	1.44890845358129	234.256824134874	1.58118897094551	273.037979667483	1.6511563411217	330.159365110155	1.83085532253875	373.309255758429	1.95487710606047	420.074172385327	2.04767801465018	470.081118476158	
0.0199848128046759	0.163399788531578	0.0240927439628404	0.238723561368284	0.0331074497139396	0.327183109141687	0.0417126437762374	0.422580849709573	0.0512097747196002	0.598059871451297	0.0559785167586629	0.704586173086401	0.0556815932743027	0.783901589612945	0.0658244801530988	0.884200347466977	0.102539379035581	1.82704496372426	0.1237330436085	2.7610452694327	0.151834403131012	3.67034461880387	0.199513092100978	5.54824381811024	0.216123733803952	6.49781397319945	0.232338866212392	7.43708016453268	0.250342243893294	8.35636962037547	0.283405128956144	11.1255399651598	0.328742377980238	13.9965203698427	0.331411894726601	16.7917185131676	0.376786982840331	18.6635779476213	0.423075270814663	23.3905787994903	0.481746952527507	27.9362685059234	0.531206056322807	37.2553182409122	0.629719413967791	46.560976909313	0.59549839659218	55.6368824253872	0.733607021836554	65.1521157589306	0.804738617898091	74.4538197079453	0.900689712286848	93.3181601381442	0.977336169440983	111.658841343095	1.20470936345438	162.799997962505	1.29728222896281	186.069947982726	1.44760482380391	233.423327723085	1.57989238812538	272.033969276252	1.6497613863534	328.993110883551	1.82932604220733	371.976495964554	1.95343956026383	418.574400384724	2.04597254293636	468.413887234013	
0.019890114951528	0.162230091089164	0.0238977468212697	0.237828836902965	0.0329247686193232	0.325909700204367	0.0415933977602633	0.4213292104364	0.0510906832449682	0.595262818854275	0.0559665370341226	0.701601633622482	0.0555532742584896	0.780156741718287	0.0655717950066407	0.880382798207292	0.102539031889464	1.82028460989155	0.12341087027851	2.75179863368982	0.151761889886614	3.65651261658266	0.199315042164058	5.52785483961389	0.215845475264239	6.47460820970997	0.232126892630424	7.41040848424639	0.250283802406274	8.32687556716087	0.282914269245271	11.0864858861709	0.328503180227021	13.9465046246712	0.3312410268303	16.731430280486	0.376510357665845	18.5967536934214	0.42268254413304	23.3069739759381	0.481338550674118	27.8366114072375	0.530550591513665	37.1229065288329	0.6292988305345	46.3944154626898	0.595029373523377	55.4363053546644	0.733094669890025	64.9187114316569	0.80414599897525	74.1886237547745	0.900219676628998	92.9844635502189	0.976392372782272	111.260622730265	1.20358180087345	162.215812866808	1.29641579989605	185.402823027764	1.44641770471608	232.588877637025	1.57861293669301	271.031449001069	1.64848286180837	327.826707645343	1.82788786333815	370.642216252309	1.95180006789987	417.075015814293	2.04434625090597	466.74611955009	
0.0196199723088796	0.16245724647509	0.0240472484431387	0.236657669717183	0.0326934379603151	0.324552268512509	0.0413659915694489	0.419380621768384	0.051122786068077	0.592557734357128	0.05586816392743	0.698530946824503	0.0553695314168475	0.776995250973596	0.0652485060627914	0.87774482713999	0.102366556525966	1.81358770240622	0.123126591550319	2.74104628224595	0.151614755864286	3.64310273629835	0.198946824842504	5.50838461079377	0.215681044704473	6.4499910269257	0.231923061147727	7.38417033459799	0.250077617203673	8.29688977565022	0.282634980953845	11.0462927997272	0.328327656416315	13.8963957472466	0.33074511082075	16.6724533499271	0.376180991484279	18.5298325816784	0.422414357131112	23.2239800999658	0.480943390696914	27.736412278839	0.530060479893582	36.9899695508464	0.628700907927374	46.2277310814925	0.59445200845355	55.236849596268	0.73252692295811	64.6844651888157	0.803575058913692	73.9249179176523	0.899311492773485	92.6530319386876	0.975452834252621	110.860750088621	1.20267035802368	161.630480381755	1.29535588590964	184.742418496182	1.44526281755595	231.754978893903	1.57726775428267	270.031402318527	1.64716368891531	326.662062744072	1.82638587678855	369.309367051471	1.95020078999822	415.573664290679	2.04269826984541	465.08151091219	
0.019511382693923	0.161507224734529	0.0241722217189801	0.235206392728475	0.0326631149848775	0.323101297114006	0.0412655276435704	0.416754495959515	0.0511148022936466	0.59054095541759	0.0556890029149239	0.696162768252721	0.0553697964887183	0.77434453242916	0.0652860933223203	0.874765060704039	0.102168401604238	1.80675412333955	0.123175376491191	2.73068159380535	0.1514168819124	3.63004885405128	0.198620938093672	5.48852369217215	0.215703865419652	6.42642018500431	0.231425598429619	7.35657664500663	0.249827350192662	8.26661713680022	0.282621256547841	11.0061853949564	0.32813756569605	13.8464368127495	0.330399571885022	16.6126456796712	0.375908915832225	18.4629878383829	0.422114395929072	23.1404050787346	0.480671945841321	27.6359747318727	0.529590724112484	36.855836754731	0.628068299220772	46.0600259708019	0.593867375994258	55.0373081561989	0.731871714777932	64.4517165126034	0.802971412543646	73.6563095987302	0.898380258364051	92.32018471691	0.974611521896068	110.460869996397	1.20197960499226	161.048321843884	1.29424414387422	184.077335000207	1.44417330821626	230.922138133176	1.57609705776482	269.03272654275	1.64582653649648	325.499861633121	1.82496245722271	367.977560931868	1.94866725972775	414.074220115606	2.04098398209819	463.416038006981	
0.0196105765635657	0.160917755780457	0.0240994161033073	0.233393049554167	0.0326088419667103	0.322408393151403	0.0411565623141696	0.415014145188526	0.0509588248337477	0.588258400310945	0.0556308346342599	0.69349522769508	0.0552565422529595	0.772292246818151	0.0654492506069961	0.871187734449533	0.101932580762606	1.8002763094795	0.123204927564662	2.72052482311966	0.151278149470364	3.61675143096252	0.198518904574952	5.46748744451719	0.215391881489176	6.40395528858775	0.231273179195337	7.33008051901731	0.249557451745739	8.23711749565043	0.282512465358345	10.9663238593336	0.328016971413169	13.7972769529833	0.330236493739557	16.5517669885053	0.37537886338979	18.3974935127565	0.421644359589899	23.0568263322132	0.480244725058211	27.5357867793445	0.528898753096872	36.7224154890287	0.627692878957447	45.8943064397461	0.593416937589714	54.8373308571856	0.731217250558601	64.2183494382308	0.802496436577425	73.3879322477957	0.897872886484675	91.98695751554	0.973842540445522	110.060729133864	1.20103590663486	160.467221288409	1.2933041557431	183.404562505421	1.44320477061291	230.089207965485	1.57495839323718	268.032054011468	1.64460401144087	324.332802743851	1.82353964439607	366.644234893894	1.94701950740565	412.5755806032	2.03944852628939	461.749402811255	
0.0196225188373017	0.159729330024034	0.0239585913737816	0.234197290214893	0.032448854217241	0.321575208732662	0.0411596599367184	0.413596497674313	0.0509572865857128	0.585450986750773	0.0556124864095232	0.690531060911513	0.0551421737377602	0.768877203514564	0.0652936193400727	0.867716986417097	0.101794069218636	1.79386485234973	0.123044121189934	2.71082486613512	0.151225610115009	3.6032693731821	0.198591864455504	5.44729450941349	0.215054030324419	6.38095674436128	0.231281400515267	7.30243700367058	0.249435051442094	8.20601784239345	0.282147754227666	10.9254341436373	0.327619108650476	13.7468430439957	0.329979148781768	16.4922294017832	0.375052635363675	18.3310231611182	0.421271190024645	22.97319170634	0.479780869359849	27.4358763609304	0.528384524965969	36.5896275226471	0.627349851181832	45.7275326515858	0.592999935781531	54.6372268983082	0.730696877203476	63.9855784102778	0.801740315733995	73.1206650333173	0.897127773382328	91.6528138928001	0.973087563030629	109.661519593862	1.20000420782835	159.883915361181	1.29235346579587	182.738763753742	1.44214228061175	229.254474757376	1.57364702008321	267.030427805915	1.64328344275138	323.163925913002	1.82198317161073	365.310551228069	1.94542224992101	411.076762276868	2.03782029904053	460.08279741785	
0.019526376997601	0.159357077498258	0.0238907081559039	0.233182177760608	0.0322298303487138	0.319931657297174	0.0413014949868046	0.411783998511048	0.0510273564063965	0.582789965450845	0.055487847418828	0.688639486644653	0.0548709765731132	0.766007158514223	0.0652844163829004	0.864249614428834	0.101599044966854	1.78755688843615	0.122859231738868	2.70093957596703	0.151213541201793	3.58980803732799	0.198475047960384	5.4285688729564	0.214895838263858	6.35761919873375	0.231028005063658	7.27616392942729	0.249297080111813	8.17601435575473	0.281665559210265	10.8861351268228	0.327275815570028	13.696409135008	0.329774377993353	16.4321833129594	0.374907537040851	18.2631502377492	0.420899360300796	22.8898010869698	0.479520446605089	27.336630906803	0.528028798880557	36.454339886594	0.626831434724541	45.5593209014387	0.592519483679223	54.437253324585	0.730238735559272	63.751220408733	0.800905687642402	72.8540311181597	0.896375880792952	91.3182530375666	0.97247103146655	109.260283496033	1.1989749854144	159.298582876127	1.29120327587155	182.07162389762	1.44102419818481	228.420874037464	1.57245806810617	266.032407681199	1.6417408739076	321.99588354714	1.82059413227766	363.976003294935	1.94391111551962	409.576185613599	2.03597593268901	458.417533128889	
0.0193781906069396	0.158744616519217	0.0238692383270624	0.231875474042827	0.0321890824219262	0.31813830845344	0.0414371499345197	0.410381630507099	0.0508920674771894	0.580532148598913	0.0556459137392303	0.685949594346283	0.0546662190297851	0.762672034325274	0.0653071937420787	0.861575962067088	0.101463592990717	1.78124519923244	0.122672797187266	2.69172600217398	0.151012037815975	3.57666870623876	0.198154172373121	5.40861854737187	0.214764991999482	6.33367210251009	0.230700004969283	7.25015162549251	0.249209119534987	8.14612542178724	0.281368028498165	10.8464673062864	0.327065715873141	13.6464511318334	0.329488120498694	16.3707327897599	0.374661310089758	18.1970244754471	0.42063798258822	22.8069264202814	0.479067019175914	27.237029687469	0.527584350253805	36.3217940640703	0.626408081456414	45.3931729620189	0.591998357765941	54.2370189805533	0.729633640484902	63.517562761731	0.800240910667027	72.587367400681	0.895884093258127	90.9837964904566	0.971526316855567	108.857601985638	1.1980062742006	158.712952367864	1.29018274854721	181.403887995078	1.43974494446038	227.589180666094	1.57122111258538	265.032390800978	1.64052509853669	320.829539913573	1.81933303665488	362.644405791578	1.94232854108047	408.076055985144	2.03426126470024	456.751315165656	
0.019357858847011	0.157425907471942	0.0241006565595002	0.230083434871401	0.0323406432096549	0.31683911352356	0.0412910035885006	0.409832353940979	0.0506878311398082	0.578806175119486	0.0556295769064147	0.683335139172874	0.054737540405405	0.758864147536841	0.0652213615603631	0.858151547330538	0.101583856897167	1.77345480268113	0.122518902198128	2.6811242921494	0.150786897160475	3.56343344892889	0.197888779175869	5.38863609116003	0.214564073245604	6.31013897915118	0.230534419947874	7.22343663870856	0.248925489167402	8.11752078158915	0.281357070574234	10.8059799219232	0.326669233836914	13.5958523787578	0.329130799110007	16.3105153375906	0.374456023997658	18.1307627400557	0.420364366371481	22.7236550101951	0.478669273952011	27.1353981850187	0.526949473631167	36.1904105320646	0.62590918238585	45.227602442568	0.591428302926417	54.0372204954658	0.729039946262795	63.2858571667527	0.799627317355672	72.3204578140543	0.8951173499852	90.6522233179005	0.970644858582047	108.459003393215	1.19704563545223	158.132999201746	1.28904982710135	180.73686734824	1.43868824845562	226.755624649663	1.56990876139135	264.031450048807	1.63930161332243	319.66298766376	1.81796566128194	361.311496986098	1.94067673477521	406.577029042566	2.03267133632867	455.088256248447	
0.019334957860585	0.156788358992239	0.0239091026892092	0.228862049028551	0.0323432562184999	0.315720129503308	0.0410362483185885	0.408526144988292	0.0506687720743833	0.576129204921225	0.0554904398367208	0.680905202275796	0.0546976733322413	0.757357209475028	0.0649628199956074	0.85378102531844	0.101492070054267	1.76591237075353	0.122514376649991	2.67067322354411	0.150596896848308	3.54895021942832	0.197651533282653	5.36912395282604	0.214324972338263	6.2864396147206	0.230239653756232	7.1970508744391	0.248611121871867	8.08705722162042	0.281084959427115	10.7667749686843	0.326223989712155	13.5462948442712	0.328950251879209	16.2515235058713	0.374068406010341	18.0642830751921	0.419969746939701	22.6407877940869	0.478192097829139	27.0345415429138	0.526543054019345	36.0550148625979	0.625175839448627	45.062247989944	0.590918273247247	53.8374369115388	0.728477562421787	63.0525496970221	0.79894978808293	72.053987811662	0.894493955691236	90.3196145146907	0.9702181558562	108.06032284441	1.19624618439263	157.55097477432	1.28791186916194	180.070189428092	1.43765795014902	225.921845115825	1.56873810659676	263.032357040536	1.63781901152447	318.495541344318	1.81652504476323	359.978856401507	1.93924097518543	405.077584867493	2.03109472974076	453.423856226793	
0.0191790374951233	0.156208596165163	0.02350685453799	0.229103232460091	0.0320868798652269	0.314708596819999	0.0409935398413623	0.4058746697443	0.0506840321440558	0.573595134523719	0.0554966307511676	0.678113213745033	0.0544782233123327	0.754290830043752	0.0649510420741174	0.851052192096768	0.101269414017508	1.76080010855364	0.122189917219934	2.66155022086714	0.15050249812871	3.53569424019215	0.197639510077011	5.34838433139701	0.21420358384674	6.26341173383442	0.230042250390019	7.17019618927559	0.248500512403085	8.05628353124907	0.280799769012736	10.72648595602	0.326027493785942	13.4967233399467	0.328638792545322	16.1919803312139	0.373693475500338	17.9982578957233	0.419648428817127	22.5570507227354	0.477844275665937	26.936175257255	0.526060172163294	35.9225398205865	0.624515041994135	44.8944869999016	0.590477794822527	53.6356304950758	0.727785357897528	62.8191453697484	0.798326569081259	71.7878381842201	0.893935706497671	89.985843420963	0.969562349126838	107.660755676556	1.19529726152512	156.967549637808	1.28703577566184	179.404211862488	1.43645149325382	225.089779215442	1.56735463302165	262.033234229945	1.6363734427094	317.330658024479	1.81520446068383	358.646424433163	1.93781362929768	403.580405668815	2.02928752873053	451.755283880204	
0.0193494363665325	0.155248715502504	0.0233712479783065	0.227747983555413	0.0319417292776668	0.313296682760114	0.0410440010260747	0.403758646747618	0.0506774101145729	0.571603326669527	0.0552172487977511	0.675236533071663	0.0544232475981878	0.750393070631137	0.0649743204440974	0.847915905268055	0.101068253051345	1.75446839591554	0.121888682524405	2.6521010224739	0.150358948534149	3.52281987036281	0.197473636281566	5.32910455803434	0.214044499800339	6.23989909957118	0.229883511538336	7.1432316080535	0.248262521242272	8.02603417546233	0.280555942446601	10.6863785512492	0.325926557574798	13.4465241242367	0.328290994215202	16.1320292372883	0.37326582111959	17.9319644953658	0.419151998132556	22.4736619660102	0.477483378705823	26.8366802086895	0.525334704201617	35.7898487117481	0.624232726342779	44.7276796841303	0.589995134921098	53.4349975450011	0.727285334048395	62.5852418535984	0.797790572778304	71.520302748853	0.893123153696538	89.6530707049879	0.968734546570509	107.262201787615	1.19428009973272	156.384392722186	1.28610243316922	178.737742558587	1.4351363994252	224.257236477924	1.56602780143793	261.03157822207	1.63501445172493	316.164016367702	1.81387183386428	357.311638081462	1.93634389355853	402.084209946728	2.0276518300569	450.086085684874	
0.0194413103368512	0.155098663435754	0.0235280586823333	0.226245571139021	0.0319939804119848	0.311471057769937	0.0410912206348734	0.40222606821239	0.050640829801021	0.56906110719988	0.0552198449816744	0.672012061640855	0.0544044785102326	0.748226930840789	0.0649662864044435	0.844128041914025	0.100910275039251	1.7483171270177	0.12186794757748	2.64230863172822	0.150257970809259	3.50941557801369	0.197296019940334	5.30901593105405	0.213735705480887	6.21737040756129	0.229645179653154	7.11638949574415	0.248028634821688	7.99566467906917	0.280263531208887	10.645538195647	0.325524534192521	13.3967691493737	0.328035298428881	16.0719160932424	0.372961041469885	17.864741635123	0.41891443734179	22.3890867043813	0.477148264191803	26.7362929531398	0.524895821694096	35.6562113792188	0.623851862149745	44.5618297679202	0.589539246757346	53.2372218924496	0.726688854959326	62.3518263504543	0.797096505576916	71.253229249461	0.89222101715717	89.3202830878522	0.967874619374846	106.862023672181	1.1932316318986	155.800520550859	1.28512659625513	178.068754958565	1.43410684074006	223.425155676382	1.56487170749931	260.032395806837	1.63362447533564	314.998000559667	1.81234879184579	355.980159787389	1.93492751945983	400.581904748843	2.02600099657066	448.418168989346	
0.0194379631889763	0.154464090822573	0.0235778952042534	0.225828702443275	0.0319847839391432	0.310212579096931	0.0409251419746332	0.400911099007152	0.0505216745598952	0.566901719497878	0.0551373107907356	0.66971379046651	0.0542174573068909	0.74487987408192	0.0649045431722192	0.840830228833949	0.101049131654259	1.74104605919239	0.121823510242507	2.63193463006232	0.150053015770258	3.49668672732972	0.197236219438294	5.28856455394817	0.21344522324504	6.19361982039154	0.229343123627174	7.09014249853171	0.247824710689861	7.96580554742265	0.280096532544595	10.6056747973791	0.325196189939557	13.3469135916774	0.327702890969778	16.0103966521756	0.372722255506788	17.7969655692971	0.418749038701377	22.305938228869	0.476573922023232	26.6362111713801	0.524503290261399	35.5229055975103	0.62329441578224	44.3951081338217	0.589133577870177	53.0374755614238	0.725953557601009	62.1196141160194	0.796399126994076	70.9874372498708	0.891472159532702	88.9872048980871	0.9670606596597	106.461465577155	1.19228626654364	155.217900077014	1.28402129518845	177.402926404565	1.43291145897579	222.596025304615	1.56356276778644	259.03372003106	1.63219449906076	313.831805937705	1.81071848905687	354.648085446896	1.93338553078383	399.080642632191	2.0240079814792	446.752368258607	
0.0193748027566348	0.153969594938728	0.0233954534624499	0.224435502145484	0.0319683652110578	0.308417076569846	0.0409428646445528	0.398762130475958	0.0502520185915039	0.564535869232421	0.0550741559121355	0.666890020554397	0.0541750946210075	0.74104422224055	0.0647625325561914	0.83757717744299	0.10103416860374	1.7337887283744	0.12156518324284	2.62087098406267	0.149769904699393	3.48335274983163	0.196990859758014	5.26833576292705	0.213194218673105	6.17072279032088	0.229193002344041	7.0634042286845	0.247496527002706	7.93708169794067	0.279875402274736	10.5659781058442	0.32492156221915	13.2964945838502	0.327317782867694	15.9506504492067	0.372380589540032	17.7302605243812	0.418322047457247	22.2239185162635	0.476151446284995	26.5363212420617	0.523948708825456	35.3889255382899	0.622941008538743	44.2275371335755	0.58869406532301	52.8373790531266	0.725325730746973	61.8859005896656	0.795682179242973	70.7195218349113	0.890762926767681	88.6535083101618	0.966294768308358	106.062256037153	1.19138507277659	154.634668655589	1.28293089796637	176.738126030639	1.43171258649226	221.760874864012	1.56217935977644	258.033941569407	1.63099625442874	312.662958909177	1.80925249609341	353.314550792676	1.93180063194398	397.581019643193	2.02231962625198	445.086776144115	
0.019140624374392	0.153804554400004	0.0232207300725096	0.2231658330502	0.0320287204466846	0.307404961809955	0.0409380576929234	0.396809438168042	0.050198107558051	0.562496854967471	0.0550857293006411	0.664842973632622	0.054243098765305	0.738576333950359	0.0648053695442991	0.834396070717503	0.100896871747427	1.72773594683414	0.121213707067417	2.61134076060929	0.149605366606782	3.46890584190975	0.196675022992601	5.24801942758807	0.213084250460655	6.14717895675287	0.229041081629272	7.03647038110591	0.247031132084156	7.90713315933124	0.279544701828027	10.526042064419	0.324574138880232	13.2464359978422	0.326987154482092	15.8918039038021	0.372091234419923	17.6634064678604	0.417733256866612	22.1409916955134	0.475893732084045	26.4372750909557	0.523506597637929	35.2557426911554	0.622563431140245	44.0606515867117	0.588255069735545	52.6366604213791	0.724807374697667	61.6534201343421	0.79512692634398	70.4535584719755	0.889954436890393	88.3210336173964	0.965443544642319	105.661444622398	1.19039796454256	154.051109408633	1.28192155008108	176.072282575479	1.43047417334085	220.925500906002	1.56093600501017	257.034252514716	1.6296158515757	311.496704682573	1.80785837880548	351.985307672675	1.93015770723723	396.079578712615	2.0208391144065	443.420945611055	
0.0189490993161661	0.152295047925275	0.0230575703649452	0.222219914949539	0.0320931558443561	0.306518488280179	0.0408226894451358	0.395433641960038	0.0501411318330366	0.559272441744321	0.0550225707142131	0.662056281998751	0.0542444837496641	0.73609517431411	0.0648127828923887	0.830748429611953	0.100708392779784	1.72077663922588	0.120955427747099	2.60093718945305	0.149525516868783	3.45567919933329	0.196525051710601	5.22887609297611	0.213027031404358	6.12365049000662	0.228813628988773	7.00997518643913	0.246909966848125	7.8773252504239	0.279312162641232	10.4867477042172	0.324265360125541	13.1964668187972	0.32681856237146	15.8314951820248	0.371696300986894	17.5973216837496	0.417382431947693	22.056736808835	0.475395581275795	26.3392552572783	0.523099938862466	35.1227386579468	0.621879269834914	43.8946079554153	0.587695619502406	52.4376815001183	0.724332828621176	61.4193974089081	0.794602845990343	70.1873715916324	0.889329463515719	87.9860257273484	0.964572745233458	105.260849274471	1.18949719870077	153.468146208097	1.28074046713915	175.404844696147	1.4293397989854	220.091110424584	1.55966992479722	256.034444250742	1.62809430120982	310.332208792907	1.8064094069612	350.654365820379	1.92851961487811	394.579836514333	2.01920568701325	441.760866925943	
0.0190401217004005	0.151565909695475	0.0233134462007292	0.221415412354351	0.0318797153769127	0.305884344948478	0.0405637709101008	0.394832822512627	0.0500612887801745	0.557347630904658	0.0550590368214302	0.658919354885798	0.0539095551202411	0.73275661587333	0.0646070927226317	0.827644622656487	0.100548459581087	1.71371360557079	0.121099738102719	2.59142466112775	0.149464210840132	3.44346187754913	0.196356068816969	5.20885498687927	0.212817378806305	6.10105381145201	0.228742252991121	6.98249698084153	0.246807493005922	7.8470498176063	0.278944601675109	10.447071501778	0.324209468209768	13.1460245279068	0.326452029061615	15.7724474709537	0.37149368582317	17.5316355056819	0.417095161389464	21.9735846080325	0.474885632554631	26.2409802412275	0.522630854771584	34.9887101699547	0.621287580697851	43.7292535027914	0.58699958400015	52.2380394772159	0.723590777107805	61.1865146222514	0.7940797019535	69.9209164904005	0.888818426090378	87.6530741974474	0.963875562455526	104.861222501975	1.18851601410325	152.884467751857	1.27969437561543	174.738092270198	1.42807989051892	219.256958361734	1.55848032558592	255.033801521781	1.626738933303	309.165716147736	1.80492537907574	349.319281445469	1.92704074369685	393.079498269632	2.01737233890631	440.094559555748	
0.0190635690333928	0.151287466086763	0.0234661615010353	0.219939775460707	0.0317168535834344	0.304233022790626	0.0405675512415744	0.393409296024941	0.0498277264830974	0.555569212325239	0.055057207060697	0.656753331510767	0.0537044522497774	0.729464157897804	0.0644086900647283	0.824425273499596	0.100474159959569	1.70751355865542	0.121040478917363	2.58147627385823	0.149188179110151	3.42982033078539	0.196181233393311	5.18824202531436	0.212547763679344	6.07781591733523	0.228524835339747	6.95569631238478	0.246646373891642	7.81660302144312	0.278622653559328	10.4060141480261	0.324133466548271	13.0965908593167	0.326079898954193	15.7125243167039	0.371126099071085	17.4649323234111	0.41673922658878	21.8904063301992	0.474567490282812	26.1391270840151	0.521885622808958	34.8558439724806	0.62088250822089	43.5621965925819	0.586522139164637	52.0375518134559	0.722934984781735	60.9527861947372	0.793472170245358	69.6547817641191	0.888032108564746	87.3217021905579	0.963083836186797	104.461156145244	1.18764323818944	152.299001156359	1.2787647336865	174.070997117557	1.4270177345657	218.423432147624	1.55721346998873	254.032652153363	1.62563502876093	307.999342711848	1.80321068997467	347.985240151792	1.9255612568357	391.580769350263	2.01560075720115	438.42449709311	
0.0188807778215221	0.151115229626301	0.0232816058228731	0.219222307866366	0.0316156518812721	0.302163449505148	0.0405352502272062	0.391275083135088	0.0499002889391821	0.552992941375575	0.0549014667067951	0.654373453199697	0.05361013515186	0.726760645007427	0.0642143669547783	0.821337706480753	0.100215437275859	1.70040675284141	0.120800147775083	2.57121612637166	0.148986051578137	3.41610125142099	0.196035438982475	5.1682572407962	0.212217732160878	6.05392796009225	0.228212264385013	6.93000671170678	0.246428359669954	7.7866731092843	0.278422445020425	10.3662839288801	0.32373829268848	13.0465527624045	0.325727494663494	15.6531580933274	0.370646659930354	17.3980745416001	0.416331966804608	21.8066133794959	0.474392921886892	26.0385368001538	0.52129298130721	34.722750532309	0.620407854183662	43.3951918364342	0.586024981123089	51.8386548485779	0.722486735689601	60.7172733532546	0.792785622021499	69.387551802542	0.887382894254555	86.9880875590153	0.962390260840299	104.061834846538	1.18658909881038	151.717274752143	1.27761489569152	173.404885441508	1.42587484395212	217.592349723834	1.55582447686051	253.034155191512	1.62423824010205	306.83323749685	1.80162297969295	346.650155776881	1.92402474353318	390.088418127582	2.01388259130449	436.756878420791	
0.0185149809425675	0.150641572084073	0.0231980384241212	0.218161167706399	0.0315268364259566	0.301286929484915	0.0404941034877193	0.388922387800373	0.0498943855734973	0.550635705843525	0.0547754208165614	0.650634717109144	0.0534904657086229	0.724058936554453	0.064259520142135	0.817731974889071	0.100257147507716	1.69371391989215	0.120658489171349	2.56103234733259	0.148937051295139	3.40360825816784	0.195893810313498	5.14754229941423	0.212167828177763	6.03000833788323	0.228072602384109	6.90326751053704	0.246217650695993	7.75645029618967	0.278168613081223	10.3261858373346	0.323319496273903	12.9962715903118	0.325430091481494	15.5917513422868	0.370186302110749	17.3313974363601	0.415978320455582	21.7232879527028	0.473991165651644	25.938361886141	0.520749467793172	34.5895043552425	0.61964045436887	43.2293456455142	0.585620737945267	51.638293844682	0.721879263556963	60.4823751846422	0.792188350440985	69.1211339542114	0.886729143646714	86.654361168769	0.96169398010649	103.662282579845	1.18556133775796	151.135518545606	1.27653268988224	172.74002546294	1.42465225308071	216.757914538934	1.55459832798781	252.035211194846	1.62268111636278	305.665224933309	1.80007875826402	345.316740331944	1.92239468761479	388.590166045348	2.01221595192953	435.087859039387	
0.0184150460581147	0.149546242200901	0.0230889799100753	0.217352663334713	0.0312769557769938	0.2989829830639	0.0406152824375121	0.386760846415019	0.0499747231295497	0.547615485085161	0.0548823684734396	0.647540689040247	0.0532721812418298	0.72070570978382	0.064324403494327	0.814639693049918	0.100094601765835	1.68776521364466	0.120625634552657	2.55079175761916	0.14876943138336	3.3904209639683	0.19573159265766	5.12808091815814	0.212164735418493	6.00636624978827	0.227899725619149	6.87671038292199	0.246099173664373	7.72704518427671	0.277778376773583	10.2858893740901	0.32295971429021	12.9470176669701	0.325169450936905	15.5310635722396	0.369789146722497	17.2647948369225	0.415535938023206	21.6405660229094	0.473314415418404	25.8369054723265	0.519931574974415	34.4556509558862	0.619062591309182	43.0621546248604	0.585092734942349	51.4386182941686	0.721218244747542	60.2508893817811	0.791564492531654	68.8545521931154	0.885850596600181	86.3221472463121	0.960895012897858	103.261866045843	1.18462003681696	150.55318119381	1.2756684108726	172.074137304299	1.42351932194347	215.92273429601	1.55341960993041	251.034896291415	1.62131153803922	304.499864776334	1.79862234181705	343.982937456835	1.92083533036064	387.085238243217	2.01073497043553	433.422177517932	
0.0185292577553318	0.148845123682542	0.0231616463614206	0.216010176459085	0.0311269884560036	0.297989931312053	0.0406009309632406	0.384756436602838	0.0500533149068782	0.546136894152866	0.0549520160906751	0.644554228723609	0.0532601235524937	0.717363949921842	0.0642690669698083	0.810939432221402	0.100050414119897	1.68057866333898	0.120549970585768	2.54118213892007	0.148573442311955	3.37670817103098	0.195497542522196	5.10844351694381	0.211907363731704	5.98347573897532	0.227705457148757	6.85033905415175	0.245996678215485	7.69698581828617	0.277637289022601	10.2461228333654	0.322679564036468	12.8972543102043	0.324801564933404	15.4719003771747	0.369405730426091	17.1972255246984	0.415124633755375	21.5562906471353	0.472891937444993	25.7370378947488	0.519453451946812	34.32333610135	0.618711914039913	42.8945687234537	0.58434149047766	51.2385478629022	0.720728888965694	60.0194445571113	0.790726647680984	68.5882535540687	0.885068601278603	85.9884804607078	0.960219249439071	102.861777337372	1.1836629448884	149.969592144533	1.27476745405157	171.411229377754	1.42248779823754	215.092113808195	1.55213802956447	250.035475457614	1.62001795318739	303.333997979903	1.79712025691977	342.65107173259	1.91919199561002	385.583350277825	2.00908571453989	431.756674810403	
0.0186969141458688	0.148025210609859	0.0230689053494283	0.215735698247085	0.0311430597833097	0.296438231561124	0.040478060647251	0.383368009333016	0.0498406813256757	0.544255098772575	0.0548776363273893	0.642566204367197	0.0533888339828206	0.71492091630168	0.0641891141343884	0.807838710271818	0.0999912564079519	1.67416301525783	0.120426348235538	2.53139789724653	0.148316731616802	3.36312390060286	0.195228520519655	5.08836932546274	0.211747732550751	5.96088697666222	0.227503927156234	6.8238233703893	0.245643195057396	7.66659816110366	0.277501596958818	10.2069691028657	0.322420873893802	12.8466210981952	0.324557039141945	15.4115003857894	0.369216441888906	17.1301498134154	0.414765015341069	21.4735687173419	0.472573404259251	25.6368201398997	0.519067750292562	34.1899446379687	0.618215837703306	42.728055705602	0.583951719493889	51.0389840710924	0.720159812567888	59.7871242892629	0.78989770467635	68.3216121883307	0.884413973213555	85.6544336955111	0.959367160236754	102.460526338383	1.18257766785074	149.385466653478	1.27351782495889	170.742584504423	1.42153969446271	214.259481663715	1.55091634471879	249.037365925935	1.61856384848077	302.16807157883	1.79575478100251	341.317358264443	1.91764905273584	384.082535195988	2.00745589655132	430.092334393392	
0.0185330586464791	0.147216000470318	0.0228020407643456	0.215014592674109	0.0310471869983365	0.295649168547259	0.040276547986029	0.38169011537922	0.0498348529372799	0.541148090395911	0.0547354172348004	0.641397918460493	0.0533315188562108	0.711679913895958	0.064140294804446	0.804904869678147	0.0998373706912893	1.66801605372669	0.120483093699792	2.52100876158951	0.14809292209484	3.35021972845254	0.195054082660143	5.06832819593149	0.211685956754274	5.93745117650774	0.227142847246446	6.79664365366269	0.245312837098732	7.63687965915924	0.277202310214716	10.1666717082987	0.322287669247116	12.7962356179791	0.324333334219203	15.3520754890935	0.369077931200658	17.0646126469525	0.414459063633561	21.3907815949713	0.472233230154888	25.5370065790287	0.518628249739007	34.0556665555385	0.617645870137401	42.5614905336886	0.58348360964508	50.8383697474683	0.719646812400473	59.5533809605881	0.789226064022384	68.0553731539259	0.88369378627895	85.3211394389189	0.958625855044745	102.061018775171	1.18174015361414	148.802086220448	1.27230356632188	170.074938008844	1.42030752558471	213.425329600864	1.54966438875777	248.041834295021	1.61724159368414	301.002413398646	1.79436718514959	339.986565423753	1.91604016255492	382.581809521114	2.00602785227661	428.429335080824	
0.0183305404144423	0.146498867570011	0.0226272728761036	0.214189906573457	0.0310236289259978	0.294761268929858	0.0403897158066986	0.380059078590234	0.0497550315725923	0.539006397821986	0.0545554260762749	0.638236253092828	0.0531382314948371	0.708466676543172	0.0639700834322873	0.801716021334125	0.0997803456643909	1.66073718607519	0.120302709486767	2.51154582618895	0.148044298034151	3.33623824896521	0.194878203398498	5.04905866711666	0.21137182202162	5.91375693435107	0.226999192915949	6.7689004868052	0.24502382533975	7.60751925072774	0.276943017954529	10.1266071443643	0.322042120118396	12.7460689985576	0.324023209883843	15.2928247497107	0.368881276926343	16.9984347305888	0.414060391149955	21.3075176354652	0.471829936134353	25.4362933605934	0.518035819964716	33.9227295775521	0.617233164930592	42.3934538721771	0.583023505558648	50.6372785867086	0.719105375249865	59.3197903688083	0.788672699403199	67.7887168870275	0.882880577564785	84.9903783796094	0.957830875509092	101.661652772984	1.1808138638061	148.219704165171	1.27128433171403	169.407917362006	1.41897666014003	212.591341450779	1.54828749175197	247.040610420801	1.61597775989711	299.839169206461	1.7928067584808	338.65604080395	1.91437600654558	381.083497834239	2.00442522498992	426.761388582975	
0.0181229945058671	0.146036291310703	0.0226603887613514	0.21272288441322	0.0311425579721579	0.292361396288214	0.0403582111371607	0.379056364367134	0.0494767066964938	0.536927627726519	0.0544245293662048	0.635257243356433	0.0530381344067356	0.705582778120192	0.0638087411177885	0.798512330037276	0.0996795989773411	1.65411746194456	0.11999093015766	2.50181420423838	0.147984281494369	3.3224947223844	0.194781150307701	5.02824034893381	0.211043536383739	5.89060006529444	0.226835829384102	6.74270797196079	0.244631655082558	7.57746733531744	0.276508570012107	10.0873220973878	0.321602795532322	12.6964332329785	0.32374073215313	15.2322301119166	0.368514174910197	16.9314316624631	0.41368538434137	21.224065548808	0.471521646684962	25.3359563964604	0.517557550402238	33.7896063350596	0.616668318553286	42.2279727596891	0.58249183924494	50.4378563559234	0.718477320649624	59.0860805677446	0.788111141750133	67.5198626989574	0.88197730529499	84.6644005928159	0.956835815334184	101.262204814414	1.17970656518045	147.63751582498	1.2704993873599	168.739943040896	1.41777348035362	211.758336777286	1.54699891259	246.038417971149	1.61464541125178	298.674405095906	1.79128075078781	337.322386940446	1.91272380807786	379.583845042919	2.00256113883743	425.09323346888	
0.0182679658589456	0.144693076839347	0.0227332941347726	0.211264913543824	0.0310455457809507	0.291597711813302	0.0402132697915898	0.377825767162382	0.0493525248687687	0.535011897281528	0.0543491032649153	0.632363915292833	0.0528567004199899	0.703206974345193	0.0636870284124815	0.794642743131205	0.0995155313757899	1.64747119512182	0.119899159451383	2.49069980116082	0.147837532812577	3.30977891021585	0.194571169930662	5.00892146002487	0.210935038444421	5.8659959210256	0.226710271489463	6.71589938726253	0.244553309020178	7.54693020086881	0.276268865508804	10.0469213260199	0.321276661313653	12.647214699893	0.323403447308214	15.1717360569558	0.368208001588643	16.8645031001399	0.413228525617122	21.1405873851199	0.471079939868926	25.2373833571999	0.51719750658312	33.6565687742399	0.616124886652249	42.0620781399976	0.581869445246564	50.23849000449	0.717805060188803	58.8533244409521	0.787503847101422	67.2536311151329	0.881310553278457	84.3288115575089	0.955920329985417	100.862816460485	1.17858585659235	147.053002903753	1.26946744515816	168.072669074329	1.41664846495769	210.925853644411	1.54586661750552	245.037715637546	1.61323935304034	297.505498462736	1.78979209496256	335.988107228201	1.91122392911144	378.084400867847	2.00073057583901	423.426359854586	
0.0184067621075084	0.14371001497683	0.0227036069237816	0.210277507934818	0.0310451111559874	0.291396487939082	0.0400988229128693	0.376331227331755	0.0492745539954755	0.532555184861702	0.0543189518303674	0.629197535104857	0.0527235451420765	0.700076275451662	0.0634140414553898	0.791480728517591	0.0994162552485443	1.64092516188641	0.119866762886239	2.48042614949757	0.147750133386688	3.29701583342889	0.19432076327946	4.9891401694796	0.210875924821889	5.84322322251274	0.226346761660118	6.69028149841937	0.244603695667103	7.51600097963489	0.276157874063899	10.0063249769207	0.32115612095435	12.5975156043818	0.323253441445089	15.112011274405	0.367911845002291	16.7974516032426	0.412930013221229	21.0561667230311	0.470619755490728	25.1371395253199	0.51657989309256	33.5230841786055	0.615585578397289	41.8958743212259	0.581331008013995	50.0385648595384	0.717189660655851	58.6203932255238	0.786913811990462	66.9876081475551	0.880849608580428	83.9906073685366	0.955085864916177	100.462675597953	1.17751264315648	146.471023179808	1.26828356518677	167.40591664838	1.4155678461572	210.090509488721	1.54468340710889	244.036849391177	1.61189690581401	296.337128271343	1.78840310927368	334.653022853291	1.90973279044441	376.58850316897	1.99916983299243	421.757936519601	
0.0182157375602235	0.144016609264214	0.0225720281101429	0.209572060221884	0.0310291242268835	0.289830469104248	0.0400064719795199	0.374429699555352	0.0491138500356641	0.529789156946473	0.0543662198650299	0.627180697957661	0.0527744974932213	0.696459193366641	0.0633414848462731	0.787177319935337	0.0992992850924615	1.63396794975384	0.119642313298278	2.47164890031	0.147612390230419	3.28292049976222	0.194193188937557	4.9688536364616	0.210524406975617	5.82046728780544	0.226178467619238	6.66337186522657	0.244321080639034	7.48633789138102	0.275968989784709	9.96703899862164	0.320923780919259	12.5471347807783	0.322923388040586	15.0519623916137	0.367390075242272	16.7309849768945	0.412631432279993	20.9724315143246	0.470288793307523	25.0361562233508	0.516145631205215	33.3909891161866	0.615226174129066	41.7291564124176	0.5811116058512	49.838341691377	0.716619837558528	58.3864450058923	0.786434354991854	66.720840121953	0.88002434147989	83.6576483880553	0.954424677214514	100.062348470914	1.17653045544886	145.892828350627	1.26719959552238	166.740505326874	1.41444056149486	209.257981652364	1.54346000907205	243.037681877104	1.61063706763367	295.170307800641	1.78675696483324	333.320203454774	1.90808299684367	375.087539075529	1.99756386154173	420.091599347085	
0.0181297929111161	0.143990604992937	0.0223017952747251	0.208427406624389	0.0308867955147183	0.287484642273195	0.039819756814596	0.372569732046866	0.0492319239385241	0.526845770296865	0.0541822908505488	0.624744067179896	0.0527193715159975	0.694064064649136	0.0633490385068387	0.784400290772718	0.0991205323543158	1.62751702783185	0.119425348885203	2.4619163470369	0.147352667495442	3.26989804965055	0.193935958934032	4.94909376633452	0.210290713676403	5.79726152431596	0.226024717204853	6.63654511973897	0.244054874047938	7.4562994801474	0.2755445606264	9.92761052797547	0.320394054835521	12.4965667613463	0.322478067078815	14.9918045440863	0.367133400091689	16.6647493185338	0.412410502308567	20.8898045794293	0.46991287683254	24.9367896972944	0.515695777895267	33.26019418002	0.614856754243227	41.5625502623128	0.58058584641019	49.6389678893634	0.716001967462521	58.153208316674	0.785772184311068	66.4553982996343	0.879297386979185	83.3238176896857	0.953849453153663	99.6618574311098	1.17559271026836	145.30676570871	1.26634361819413	166.073454877714	1.41322763978907	208.426899228574	1.5420675523086	242.037441479476	1.60936632147735	294.003427725297	1.78523873552895	331.986072754134	1.90641149159908	373.585412691569	1.99584554663346	418.425470790815	
0.0180023426933901	0.142926459862618	0.0221754755465473	0.207427049811444	0.0309659234486342	0.285191959034032	0.0398204058533021	0.370626818625519	0.0491618589083364	0.524911413401266	0.0541434912069381	0.621657780729533	0.0526776138259903	0.690999664278237	0.0634559515650828	0.781652249023858	0.0988824046674056	1.62137029913134	0.119171641415774	2.45126900220833	0.147008603143069	3.25673543549806	0.193642386721211	4.92895810756644	0.210152549870841	5.77373026360211	0.225765461260409	6.60975981810398	0.243916924836568	7.42607480440772	0.275276732474654	9.88650288280703	0.319850598973164	12.4468723224477	0.322232609720306	14.9316252761408	0.366870309863138	16.5989998105341	0.412019461250957	20.8075334097406	0.469496484862994	24.837452973559	0.515086601817635	33.1264637152377	0.614302283477549	41.3956311878379	0.579835830083495	49.4379847620173	0.715497357396847	57.9196922306967	0.785025135317878	66.1883620531434	0.87864590787293	82.9901136511801	0.953193292259788	99.261284434923	1.17475224078806	144.721105398125	1.26536810340707	165.405793480975	1.41201724812001	207.59325380518	1.5408025604043	241.035845076243	1.60785738605623	292.835564173361	1.78386985584304	330.65456465774	1.90481935852484	372.085372470077	1.9940972690639	416.758835595089	
0.017922216289271	0.141561424795415	0.0223083593221062	0.206451562220444	0.0308879969033836	0.28456570284001	0.0398417581259557	0.368561610914402	0.0490287914104842	0.523176650565458	0.0540032347893701	0.619052638781427	0.0525448545813605	0.688456106032453	0.0634622311472606	0.777973583236515	0.0987700782675905	1.61458712789663	0.118904083146722	2.44156857956252	0.146886715165775	3.24324988525815	0.193532141952518	4.9081798362524	0.209910638616132	5.75084953167573	0.225504374312497	6.5830946570754	0.243737071673886	7.3965220778737	0.275245310081691	9.84602388034659	0.319820184550638	12.396313616241	0.32191575013574	14.8715149260624	0.366459161801367	16.5313522672174	0.41150845592685	20.7243718957128	0.469175947968743	24.736808672991	0.514439107622176	32.9916529163201	0.61380786618443	41.2284438924742	0.579372417595843	49.2381452987384	0.714989960360003	57.6867610152684	0.784471769208577	65.9217206874055	0.877931696728895	82.6561786446871	0.952186404928436	98.8618737292541	1.17372822798306	144.138246505712	1.26409602331101	164.738832438779	1.4108778357809	206.759220951614	1.53961272724477	240.037541829478	1.60648413399106	291.670561644238	1.78235332929909	329.321596247618	1.90339968496562	370.584229562709	1.9924386244064	415.091723562227	
0.0178460246124433	0.141776378401001	0.0223182283117144	0.205532346882959	0.0306823655844802	0.283147124003267	0.0397759031831313	0.367727378757814	0.0488301061747584	0.52050934283845	0.0539066825987591	0.615962685248601	0.0525067035297106	0.684568241921723	0.0631949810295595	0.774286593754056	0.0985795645551128	1.6075116378027	0.118551945968011	2.43182717872538	0.146763683893974	3.22982859627285	0.193352269429957	4.88791565497513	0.209820223468798	5.72731640831683	0.225319727015507	6.5560085382631	0.243241603173531	7.36717610494142	0.275023719755941	9.8063802741959	0.319638279748371	12.3463500251312	0.321627438120191	14.8124197175422	0.366082025541153	16.4646472223014	0.411077519478049	20.6408769682192	0.468846701584402	24.6368572763856	0.513889991722626	32.8575871754268	0.613326250493476	41.0628435707022	0.579007299585067	49.0398890837613	0.71419972313618	57.453703139976	0.783742101328568	65.655951039556	0.877276499922612	82.3232718182675	0.951298614464658	98.4629324101405	1.17290127575356	143.553837892609	1.26291748556891	164.073227402186	1.40964419984282	205.926097068837	1.53835751030432	239.038240204961	1.60520656662446	290.503681568894	1.78090602568056	327.987614558583	1.90161646859656	369.085083410847	1.99070011286	413.427472552179	
0.0178258068893252	0.141591037941498	0.0221171048589283	0.204509842056089	0.0304378137944993	0.282124269930448	0.0396775720645329	0.366510547664214	0.0487444370297903	0.517728297347419	0.0539373801666932	0.61366773191077	0.0522649089958916	0.680983930748239	0.0629201963288559	0.770912121188199	0.0986679623239023	1.60119633972419	0.118603735777522	2.42097238180317	0.14657947166431	3.21658169743135	0.19333883192367	4.86767661940617	0.209661498895449	5.70475651700217	0.225208319327603	6.52866956538379	0.242969984876488	7.33668507095805	0.274736647394748	9.7667208355622	0.319210313229021	12.2968204303205	0.321317106807119	14.7529650185253	0.36576451538703	16.3974001476728	0.410682900418797	20.5580060268209	0.468399148245371	24.5376323113538	0.513484978579606	32.7240429751506	0.612785898874924	40.8957047041101	0.578354775156375	48.8394200464519	0.713595870355908	57.2189912358696	0.783047539146693	65.3892798714971	0.876482264420489	81.9892250530708	0.950630049477466	98.0636185620147	1.17194283746434	142.970070029406	1.26187714780845	163.408054499248	1.40843461038011	205.093524528998	1.53699144527858	238.037835894567	1.60381154331081	289.338112795673	1.77936240380217	326.657298555028	1.90003064834107	367.585579631132	1.98893635301885	411.761045972699	
0.0177736968059981	0.139732416485107	0.0220036866958418	0.204096829617694	0.0305436556193198	0.280993615274737	0.0396064077157273	0.364200693165897	0.0487158010578906	0.515323447951003	0.0537970612049933	0.611688031249473	0.0521151315337421	0.678092290706725	0.0628255274587607	0.767178856617512	0.0986485167275972	1.59556346822982	0.118815857761419	2.41091712527329	0.146381861337832	3.20316529788933	0.193283147244598	4.84699427431276	0.209260523064775	5.6809058126604	0.224912992497232	6.50334271483137	0.242755175958609	7.30653443535952	0.274386465082534	9.7260620878534	0.318820110390796	12.2470943264559	0.321042378687239	14.6921813222575	0.365436533936617	16.3302741449732	0.410303844469942	20.4741180812195	0.467852991099401	24.4376436618471	0.512918172981869	32.5895227488625	0.612170907223347	40.729180510388	0.577844103589313	48.6392341311918	0.713190140644682	56.9857470960711	0.782381016942659	65.1218785465744	0.875700667966907	81.6561170609847	0.949919655929524	97.6642227575063	1.17091794645707	142.386898212623	1.26090427358864	162.741272270978	1.40737021049245	204.259700291679	1.53571075652595	237.038593874692	1.60238465489997	288.172871847983	1.77767902249486	325.328502469842	1.8987849701642	366.086165258381	1.98717311349016	410.093963742159	
0.0176473631771029	0.138871066835779	0.0219364806760794	0.203130946290289	0.030589489248411	0.279678413238866	0.0395626657964017	0.362788691794525	0.0486519081672655	0.513058587972435	0.0536420597071271	0.608740802894427	0.0522268262611205	0.675276029582514	0.0627133092553416	0.763861194726008	0.0982423760685654	1.58811812667602	0.118480827434488	2.40177433199254	0.14641942752329	3.18902758904753	0.193130866602749	4.82820717056867	0.208940478060094	5.65719713500451	0.224724646266362	6.4768661466152	0.242556768818748	7.27607506634218	0.274259521810654	9.68582243528327	0.3185368135997	12.1969640286131	0.320730940773772	14.6324239434182	0.365023898884473	16.2638540847515	0.409880649156939	20.3905188456024	0.467443270825027	24.3375283524764	0.512240063192326	32.456187164833	0.611581619600503	40.5625482832524	0.577432353354891	48.4389103801971	0.712550126267661	56.7534007511919	0.781804923151511	64.8551403232933	0.875021429155611	81.3226141881458	0.949121616842047	97.2636199589985	1.1699198423302	141.804158529494	1.25963952011417	162.073804589325	1.40613711572847	203.425712141594	1.53426075423687	236.040827069704	1.60095226954969	287.012578085573	1.77612804542076	323.994431373844	1.89712644099633	364.58615483921	1.98554444937534	408.427179534828	
0.0175523488168865	0.138592703262597	0.0220055446756551	0.201433188973149	0.0304955290624076	0.277953254666654	0.0393428047125346	0.360422346763974	0.0486802812355376	0.51127126362132	0.0536741671635659	0.605989385101393	0.0521496953010929	0.673515131508198	0.0626285914156409	0.760662043626494	0.0982858079986375	1.58012446898245	0.118182131060099	2.39081615826946	0.146304230045151	3.17684914997902	0.19287908476645	4.80853531042071	0.208855055820407	5.63375714389864	0.224613615979469	6.45030063709737	0.242381449392578	7.24665970988139	0.274099260630741	9.64679629597023	0.318442632288669	12.1474279145448	0.320359256193609	14.572592990099	0.364874570931061	16.1973502055021	0.409576993165403	20.3075119311147	0.467211385450035	24.2371261957662	0.511701754685921	32.3231868569145	0.610981685648022	40.3955137247837	0.576914353676131	48.239246005554	0.711878163215975	56.5199442698565	0.781250442525572	64.5882754401481	0.874291262366177	80.9890740624056	0.94845085634919	96.8635237999473	1.16904818478929	141.221150625476	1.25856755120475	161.406620029721	1.40465684728316	202.594182682989	1.53270228365943	235.045444450395	1.59950661132765	285.848588835364	1.77470550379526	322.658393324662	1.89537751247284	363.085190745768	1.98401476521119	406.761945048187	
0.0175356092619963	0.137731731963047	0.0219078875333771	0.200297804945214	0.0304668305521963	0.276173788349388	0.039404885525917	0.358070611855619	0.0486984836821039	0.508872002160086	0.0534396000887556	0.602890060135605	0.0521701795156229	0.669898689707416	0.062601806482288	0.757936702864312	0.0983349554844656	1.57409240936849	0.117910649747488	2.38055577795226	0.146035454435632	3.16340597491425	0.192600071220982	4.78833213076918	0.208788696508226	5.61068176556342	0.22423513674041	6.42431021924205	0.242229916946197	7.21584317867364	0.273697594451406	9.6071117116282	0.318264866313039	12.0970033187824	0.32013748341597	14.5120365365287	0.364596056731709	16.1312263058452	0.409474387843798	20.2239816133649	0.46688926923351	24.1363589606241	0.5111824878263	32.1907639689648	0.610365476289265	40.229797919018	0.57656022621182	48.0379499538377	0.711267047647551	56.28737440757	0.780722380459419	64.3209784233488	0.873561472092998	80.6563162475909	0.947663652222007	96.4637107629452	1.16803140323843	140.638738767877	1.25749675580253	160.741342818659	1.40354098941915	201.761073701373	1.53133182464213	234.043505320471	1.59822051525814	284.676046319035	1.77317400039102	321.32512689133	1.89381612042437	361.586968465856	1.98232691241504	405.095876096559	
0.0175042985229227	0.137063449839842	0.0217892427952652	0.199854597284155	0.0303689432553718	0.275066213030134	0.0394845568778239	0.357164958902483	0.0484745608414549	0.506195963284355	0.0532831991739431	0.600294580658752	0.0521322974925055	0.666731145366278	0.062415192761677	0.75506229228961	0.0982304820329992	1.56722367287631	0.117820641727802	2.37114127132328	0.146007992983752	3.14925592604892	0.192208662110438	4.7688586423202	0.208625964331593	5.58727064545599	0.223874079042666	6.39690838209195	0.241796767506088	7.18631047557403	0.273459304015916	9.56621268270656	0.317924220971034	12.0473768664286	0.319859715898666	14.4520882365706	0.364167960269596	16.0648062456235	0.409196695105904	20.1405481531583	0.46635351986763	24.0368844011543	0.510621324474683	32.0566647004605	0.610121494643519	40.0616383229326	0.576079736111551	47.8383563597069	0.710573034564697	56.0538657721728	0.779843735137902	64.0556856126349	0.872838983854484	80.3232976624678	0.946922881760493	96.0679508415954	1.16702339748783	140.054970904675	1.25653747631956	160.075037427524	1.4025552801949	200.927055748967	1.53039071120014	233.040925440647	1.59678977551994	283.508391383346	1.77154751439485	319.99126441158	1.89224084876495	360.086570616512	1.9804963541489	403.433502632732	
0.0175384456063611	0.136653129505637	0.0217124380062304	0.199379462722602	0.0302933112066438	0.274232359223324	0.0394161768895729	0.356570076636203	0.0483152212692185	0.503428480177673	0.0533760071654945	0.597625526701999	0.0518193013729808	0.664619953605222	0.0622978644465768	0.750549801799286	0.0980044033814051	1.56109463930388	0.117839975910297	2.3608352562021	0.145969857463371	3.13725467109181	0.191925116365139	4.74850272577368	0.208383224933208	5.56357640329933	0.223634317350319	6.37072192084399	0.241620149868634	7.1562348114392	0.273167254300163	9.52630458095725	0.317612275841817	11.9972391180056	0.31956762002135	14.3921781208363	0.363889517223289	15.9979708155533	0.40876753927602	20.0574369305472	0.465849990881046	23.9380766686161	0.510193219427019	31.9221183971415	0.609829684059539	39.8942833895134	0.575373311214092	47.6402901345259	0.710030707290895	55.8200814653067	0.778970665993902	63.789200709082	0.872197377314696	79.9909123766653	0.946079707201164	95.6685028830253	1.16610190847306	139.470055652115	1.25567426475693	159.407569745871	1.40144077465202	200.094065976634	1.52914384213469	232.039999589636	1.59540316713652	282.34052783141	1.77002797747292	318.656567466841	1.89067048097873	358.587156243761	1.97881881749069	401.768864192511	
0.0175053005430707	0.136138195457824	0.0217542995765466	0.196857586829478	0.0303112372919658	0.27232297341307	0.0390137269964241	0.354281205998648	0.0483711220006023	0.501486672701831	0.0532415951638048	0.59569338169741	0.0517428149289242	0.660961369459941	0.0622881713168696	0.747436681618516	0.0977183126312579	1.55482008658607	0.117723683324862	2.35051294293663	0.145758384886369	3.12376283442482	0.19183938171329	4.72818685609597	0.208170441257755	5.5404581841277	0.223365081690745	6.34368935307718	0.241459429110123	7.12635193106816	0.272834635305661	9.487364123317	0.317338071017529	11.9471386224838	0.319172438745914	14.3331192338948	0.363721071254639	15.93165320081	0.408350195887683	19.9744356039947	0.465427971939071	23.838166250202	0.509770957680554	31.7905299741791	0.60916769212563	39.729372246414	0.574929940392485	47.4401228457164	0.709430491502815	55.5876531640448	0.778357094289231	63.5220750556283	0.871384822278388	79.6581620124308	0.945113266045182	95.2648080937166	1.16501509135965	138.887688497998	1.25463102092662	158.739625227083	1.40016565090666	199.262000076252	1.52758765546289	231.039967808255	1.59409191866354	281.173945779275	1.76854681095384	317.324701742595	1.88888450930346	357.088278312787	1.97717627078469	400.09993421807	
0.0174155798465761	0.135219140191398	0.0217345918449441	0.196119804762442	0.0301534926562059	0.271796019483849	0.0389598551600105	0.351850221363724	0.0485173360479554	0.499085199349588	0.0531213437705583	0.593126831426657	0.0518618020226748	0.657981020947408	0.0622379707307714	0.744672982009614	0.0974757457254365	1.54759081185932	0.117486987153516	2.34141974258063	0.145728446375458	3.10937227151602	0.19202969164951	4.70774153258654	0.208121828361307	5.5172701157663	0.223251369159906	6.31666144192302	0.241154997012498	7.09658080940077	0.27257681532095	9.44621922524734	0.317101551363873	11.8976267228012	0.318837661530692	14.2725599863569	0.363302988920026	15.8651362830452	0.407866458454626	19.8914435906674	0.465122620652338	23.7380062373498	0.50921744046983	31.6572763465323	0.608669110953298	39.5628964814635	0.574398107930826	47.2423620943254	0.708868747687055	55.354766652098	0.777926767886036	63.2551282161004	0.870411856165755	79.324264258839	0.944475712539837	94.864607626542	1.16392875283544	138.305082925313	1.25349389499587	158.073722167281	1.39888007989314	198.429814966586	1.5262842055008	230.040964206947	1.59274487031951	280.00611202966	1.76709672818724	315.991226693017	1.88720594443001	355.588536114505	1.97542078580284	398.432613568962	
0.0174072735151185	0.134154194705781	0.0215409123560169	0.195690974392946	0.0299614120720652	0.271294298574436	0.0391511600164743	0.351014272081221	0.0484336588535494	0.496848279046931	0.0529709374008253	0.589703056974347	0.0517862490912572	0.655219125775908	0.0621425424282318	0.741712831554459	0.0972786253706691	1.54064337861331	0.117372724213925	2.33126460170937	0.14557441996652	3.09667415447556	0.191688297343674	4.68834208427872	0.207709818127608	5.49462407711758	0.223040292686054	6.29011362753327	0.240924295313495	7.06619641184712	0.272380786959406	9.4056144942453	0.316973429124934	11.8464393738864	0.318475380575707	14.2119159884686	0.362870842572584	15.7982878144596	0.407499233760034	19.8074774139734	0.464885576463315	23.6368962755165	0.508594375971509	31.5237321462561	0.608243022495537	39.3968155972659	0.573853401596371	47.0437370756262	0.708282577154389	55.1205837391889	0.77741773144792	62.9885688067452	0.86983716975735	78.9911562667529	0.943806253704159	94.4651373162312	1.16324172867992	137.722015416653	1.25251504498549	157.407580688911	1.39780466027079	197.597048711661	1.52532749355816	229.039755233887	1.59139935486259	278.841139302858	1.76566062337926	314.658943736278	1.88581442944383	354.087750834989	1.97358486120362	396.764786280397	
0.0174418961173133	0.133536160343472	0.0214380496182098	0.194315600190464	0.0299011298026557	0.269303014589167	0.0392038681915267	0.349165713273733	0.0482226188089316	0.494947275139451	0.0527795691300297	0.586625676295681	0.0516232194254313	0.651835922061328	0.0620176787908925	0.73752025035332	0.0972663254836247	1.53403925413507	0.117361351168927	2.32107639888828	0.145391136044276	3.08323912848293	0.191303707301368	4.66889001624794	0.207323446925058	5.47024624422362	0.222891986247942	6.26341680153866	0.240869091028082	7.03616265722616	0.272204652183614	9.36616274053587	0.316670578290833	11.7963081447211	0.318098881008343	14.15248643516	0.362453813901411	15.7303292094178	0.407186953587559	19.7243103120105	0.464536994003287	23.5370380111641	0.508009963880525	31.3901991218502	0.6077793392811	39.2337894509679	0.573270849269341	46.8415842071819	0.707622809207232	54.8879579975506	0.776583058652843	62.7223819264021	0.869252507219405	78.6577651526176	0.942751165388666	94.0657042588215	1.16224600110782	137.13824755345	1.2515816220266	156.741916047677	1.39675583083351	196.766681543574	1.52412971783522	228.039023097963	1.58997887165769	277.675510924995	1.76418558613271	313.324902442601	1.88431028191754	352.590064996854	1.97180160087051	395.09782325914	
0.0173164148763128	0.133245878752284	0.0213089564346802	0.193764955744376	0.0299961334482991	0.267414787262651	0.0390044236892479	0.347269860743999	0.0481335025975437	0.492530842419064	0.0526661111587261	0.58433700938493	0.0514585976840324	0.648457316751742	0.0620346385853872	0.733905089121018	0.0973051332181111	1.52794968535487	0.117232510190472	2.31118249398679	0.145277044476775	3.06909653019784	0.191172964349766	4.64845726559267	0.207260802006711	5.44640671575221	0.222759612730958	6.23655233748858	0.240791548149931	7.00668862744596	0.272083132259213	9.32625929539921	0.316250825442893	11.7464963591837	0.317842548270141	14.0919215996869	0.362151218767763	15.663998556159	0.406848342585886	19.6406980378781	0.463885011240419	23.438017937089	0.507481266535802	31.2565841410616	0.607293272974174	39.0672205537644	0.572761598196218	46.6408357731134	0.707015462375315	54.6540805584314	0.77589976829722	62.4566793337748	0.868514189995364	78.323874849606	0.941643465706195	93.6648779429064	1.1611288247003	136.554792614618	1.2505300958864	156.07494010432	1.39554050697904	195.932335765637	1.52276978234394	227.040988072087	1.5885545430859	276.507408954491	1.76271599095323	311.991010160529	1.88271126978042	351.095150774569	1.97009875333267	393.431635098228	
0.017142051655733	0.132921989514472	0.0212463643441255	0.192134515583886	0.029848891599175	0.266451857973896	0.0386445424003175	0.346757458729315	0.0481137785881715	0.489682101421606	0.0528701573928022	0.581142805936359	0.0513683336786865	0.6461501398057	0.0619523487938657	0.731436560546587	0.0972993855724762	1.52176151280176	0.117021779112129	2.3016443542919	0.145069459790272	3.05537931347851	0.190999048479095	4.62774372119449	0.207142587666258	5.42346963881275	0.222424908214155	6.20937215510071	0.240350216191152	6.97712658768664	0.271727813988204	9.28693792684403	0.315975265782908	11.6963018000864	0.317465162491138	14.0322592157457	0.361910462568469	15.5977349581225	0.406417383785343	19.5574266277917	0.463489786070633	23.3384707344618	0.507009134386196	31.1234776623746	0.606571227678307	38.8980290523153	0.572327572419599	46.4404412416065	0.706397912040184	54.419919997263	0.775449460577684	62.1894568227779	0.867866422628675	77.9894332036564	0.940866777392522	93.2644986618059	1.16021080677134	135.971546292032	1.24936944230264	155.407844951679	1.39432163008237	195.097140621553	1.52151831067067	226.040613564014	1.58720452187871	275.342018995196	1.76109010152738	310.66027692448	1.8812310254164	349.594901936831	1.9685700591295	391.765595948922	
0.0171353594423619	0.131632020498409	0.0214335348908676	0.191714401811198	0.0295859844860298	0.264809558003058	0.0385026060136076	0.34503585082425	0.0480734733975852	0.488008864080462	0.0528860389194777	0.579215375752079	0.0512997311741915	0.643232946602259	0.0619258626317067	0.727997244649552	0.0971280785138631	1.51361337198346	0.116976985931896	2.29141820007769	0.144944143955087	3.04206629073736	0.19093001100332	4.60871261094743	0.206797005749949	5.40047156024755	0.222356637310002	6.1826753291061	0.240058992069569	6.94715243770762	0.271472140335322	9.24706707799593	0.315661879298124	11.6469351867185	0.31725378967048	13.9722950833046	0.361566471455946	15.5315440032433	0.40599958341448	19.4744476529799	0.463377623246096	23.2391023457604	0.506313217924349	30.9908573340485	0.605948738655886	38.7314452539513	0.571650528886802	46.2395996752849	0.705813295125288	54.1861170639463	0.77461985556859	61.9226142913734	0.867018298206185	77.6576737665943	0.940379286788059	92.8643354475325	1.15924588579012	135.388940719347	1.24832513549566	154.74143525242	1.39336272412981	194.263390890036	1.51999853656958	225.040253957102	1.58604517269429	274.179847686566	1.759564976507	309.326891281864	1.87967189343172	348.092268913414	1.96692427905194	390.106262321834	
0.0172279757029687	0.130880275869375	0.0213171905908252	0.191004181070296	0.0294649571671984	0.263181053247202	0.0386444654788977	0.34297919963888	0.0478445753124043	0.485063061813041	0.0526938459247032	0.577564024490399	0.0510571538710227	0.639518250274522	0.0620069243638228	0.724556473561063	0.0969846948504194	1.50703776925771	0.116798582986873	2.28146934714691	0.144784625653328	3.02971741964578	0.190928792536553	4.58906496518527	0.206510538940496	5.37749397077801	0.222302925911393	6.15590260032526	0.240075265913003	6.91629073735715	0.271337088258954	9.2060609469833	0.315199417079469	11.5967545974591	0.317034899362409	13.9124725118882	0.361249395094417	15.464506476184	0.405546404019771	19.3905559820883	0.462990739245783	23.1379979718623	0.505781809976908	30.8570635393341	0.605501255334931	38.5633080096066	0.571090737527667	46.0394845405371	0.7051640783819	53.9525711756479	0.77386793263548	61.6565689720549	0.866152106079138	77.3246924343723	0.939561153135414	92.4645894657527	1.15828880876272	134.805202658466	1.24740485997684	154.076172942519	1.3922782825761	193.429894478247	1.51845409435278	224.041011937227	1.584439374859	273.016543889738	1.75820936198033	307.994608325125	1.87805570643154	346.591751854787	1.96521626836068	388.441683486255	
0.0170081867194742	0.130066663775686	0.021153673763254	0.189081989575249	0.0294239097561729	0.262108809976443	0.0384727599393609	0.341089604432397	0.0476551950718846	0.482569009180512	0.052456387590968	0.573818710934476	0.0509902273790026	0.636893958006885	0.0618108013623984	0.721277927215835	0.0968367305467296	1.5007938337681	0.116641866176183	2.27066414314944	0.144622060163052	3.01600811916796	0.190722579312774	4.5684543319267	0.20638556802355	5.35391055600246	0.222127287088141	6.12968121448241	0.239853084738737	6.88710308925504	0.270836722346453	9.16657194037266	0.314919834821905	11.5458587524964	0.316775722562961	13.8530634476752	0.360949647002247	15.3969902493441	0.405245454160606	19.3077725850079	0.462464970907618	23.0364838160509	0.505487545695503	30.723340525132	0.604987379645637	38.3951633146817	0.570740853422219	45.8389558985858	0.704476811630991	53.7198113235652	0.773292847804289	61.3888360963114	0.865544595904997	76.992404006113	0.938673968665776	92.0641356788497	1.15719382258824	134.222671591583	1.24626910722884	153.410180475754	1.39110287069037	192.596606682705	1.51720242449407	223.042619283499	1.58288345863765	271.8455510941	1.75659741001804	306.6609246593	1.87651462427002	345.090519540456	1.96321381805185	386.77019051221	
0.0170684421122267	0.130052977700064	0.0210637115326148	0.188304538989186	0.0296703069065459	0.260594217607584	0.0381173401948926	0.339162756324699	0.0477072172434576	0.480759274881009	0.0523228373973581	0.570089695522834	0.0509891485698573	0.634039629074245	0.0615334990668492	0.718068298737854	0.0966795445866532	1.49354325503845	0.116522036982029	2.26046499728861	0.144559499718561	3.00269253528985	0.190386239242178	4.54853473998566	0.206276012416104	5.33078814587945	0.221791531096506	6.1039208332921	0.239622311653857	6.85743255042093	0.270455541684039	9.12666849523599	0.314712942291474	11.4956613994314	0.316381759926028	13.7931868595521	0.360573415114463	15.3303364271674	0.404941792394872	19.2248234125171	0.461924621169094	22.9375382477782	0.504999606539582	30.5891425364394	0.604246166546606	38.2289296935891	0.570226004564897	45.6396156241833	0.703958003442035	53.4873047912108	0.772642377730674	61.1200750404943	0.864828067810834	76.658901133274	0.937938632558815	91.664054420959	1.1561942782234	133.640691867639	1.24514889486697	152.743398247484	1.38986242397283	191.763378491805	1.51605502466124	222.047445280436	1.58160739260379	270.677300111992	1.75498407891252	305.327390005079	1.8748670179793	343.590419714323	1.9612487034814	385.102780456138	
0.0171796265781482	0.130065594209968	0.020968041736673	0.187759322407221	0.0296485494008906	0.259890545228224	0.0381977666165798	0.337527615895813	0.0476711206937771	0.477926890235491	0.0522837049776374	0.568057433346229	0.050894546172912	0.6296416330475	0.0615747821112232	0.714510472048828	0.0967336233658643	1.48708360196774	0.11635211454252	2.25097621768784	0.144326060478313	2.99058860202376	0.190349116782491	4.52867661533164	0.205890364024645	5.30827714899764	0.221482208891781	6.07757604721398	0.239440685509103	6.8274197505569	0.270229039475709	9.08612150623084	0.314383201479559	11.4461290106532	0.316167515532276	13.732379880221	0.3602626210243	15.2641408156756	0.404724205469866	19.1405983281596	0.461568132225677	22.837164030744	0.504329787386528	30.4570288475699	0.603921300725396	38.062435302188	0.569562436187124	45.4404467131263	0.703509788753537	53.2537216500113	0.772016353876438	60.8546890975274	0.863935494376904	76.325979405694	0.937325976163948	91.2649938925615	1.15521891146413	133.05795218451	1.24410704359092	152.075170606646	1.38880449783646	190.92848137093	1.51489818663079	221.046608836388	1.58024695095052	269.511522722524	1.75346068347458	303.994898432093	1.87307508988497	342.091988818163	1.95955975764433	383.433999493302	
0.0171681186034152	0.129184766823032	0.0208334998882415	0.187125644736784	0.0293588355236066	0.258014948963525	0.0382062469052724	0.336852989137869	0.0474935618878872	0.475452802829707	0.0525172775018055	0.565186107777409	0.050756722937439	0.62771577446999	0.0615360607685588	0.710641176181048	0.0966708609233195	1.48033547174324	0.11621226927041	2.24084901649249	0.143930248223047	2.97649303552646	0.190305261541603	4.50793419993501	0.205754960600995	5.28442691031713	0.221383962613789	6.05049970728824	0.239104954308116	6.79686398965766	0.269906946353001	9.04651422165884	0.314149881728042	11.3964504042376	0.315713941038488	13.6729028294633	0.360012720517868	15.1983708185801	0.404255129103082	19.0565148048268	0.46117657073921	22.7373597830984	0.503814416613045	30.3242986231852	0.603639138314438	37.8963693191508	0.568934408510797	45.2405737222364	0.702860268268021	53.0209394461878	0.771568337533492	60.5895639248689	0.863323108641764	75.9924243787933	0.936509633933563	90.8655235822506	1.15422095783899	132.473707484172	1.24315959946004	151.408746006227	1.38761183982402	190.094850848697	1.51352687772343	220.044073660045	1.5789156608115	268.34526849592	1.75212288456092	302.661810812687	1.87147201009173	340.592276422202	1.95791110252742	381.767036472046	
0.0169096490888259	0.128641216435282	0.0208025291430277	0.185331160843717	0.0291668879919945	0.256182702852233	0.0380905522783994	0.334193510340882	0.0475242375959342	0.473376448352054	0.0526571387126437	0.56264837029744	0.0508698113439419	0.625742010989824	0.0614233542959955	0.707658732192822	0.0963502781132992	1.47451039856166	0.116095666842684	2.23135138932767	0.14380450590615	2.96289735639734	0.189853808271725	4.48863580012174	0.205736401030086	5.26083883892893	0.22127434290225	6.02347086481155	0.23872459071827	6.76697971230283	0.269726315419564	9.00654930923517	0.313821066522713	11.3467568966616	0.315410125572488	13.6119542891077	0.3595601322394	15.1313053518449	0.404052907103025	18.9732545706108	0.460743789797333	22.6382037359339	0.503374922019955	30.189960936113	0.603013872751659	37.7302660832125	0.568419232311053	45.0399593986123	0.702228934696354	52.7881870446854	0.770854276722305	60.3223376885819	0.862615662083596	75.6590556163987	0.935589727026089	90.4648760802614	1.15338077621304	131.889716103562	1.24205380788321	150.743275080079	1.38644351018082	189.263500204018	1.51209176262575	219.042954093948	1.57757139459576	267.176898304527	1.75071897442773	301.330451727898	1.86983829533289	339.094232956216	1.95635822922855	380.101772183084	
0.0166266962823937	0.127367014418619	0.0208028451786139	0.184444541794795	0.0291362839303057	0.255268857171213	0.0382256786510775	0.331255682522627	0.0476276988904005	0.471039992953963	0.0525766917640302	0.559941306739916	0.0508399292798979	0.622155662548305	0.0615482375929806	0.704833507089256	0.0961385597937314	1.46688659232797	0.115936068391883	2.22207774523141	0.14377257427179	2.95024813378972	0.189702975039038	4.46901702535802	0.205546390112493	5.23736671719576	0.221054162261263	5.99701525135231	0.23861389594034	6.73705911336931	0.269449296115154	8.96640372024061	0.31354317184494	11.2971751477892	0.31533522315104	13.5515282206916	0.359085725960055	15.0641411649215	0.403766902811716	18.8910821211103	0.460351559600885	22.5382653778438	0.50295655734625	30.055781573871	0.602479649419018	37.5632352500339	0.567869208706761	44.8399373961175	0.701626599026006	52.5542201986033	0.770204651081778	60.0565009855102	0.861774457219052	75.3263127027446	0.934647914759679	90.0650034386174	1.15245994188311	131.307348949445	1.24099584375451	150.077014392426	1.38523391028729	188.431031972302	1.51091494551414	218.041819626691	1.57599995911185	266.011031508096	1.74907658296699	300.001029793972	1.86824099314477	337.595861664698	1.95471661761116	378.437133742863	
0.0165074574230518	0.126043808829752	0.0206706389737014	0.183191796576117	0.0291357836252746	0.253450697313193	0.0381909465850121	0.330694618905731	0.0476527496574656	0.468369629324902	0.0524384180070816	0.55797318940259	0.0506264236882715	0.618762156078233	0.0614409515924377	0.702216025117623	0.0961307290021369	1.4599293801954	0.115835694249876	2.21059570258499	0.143579536983637	2.93657608621311	0.189654063374304	4.44881663967408	0.205317693166819	5.2142196270257	0.220786259085645	5.97030026456836	0.238403184218977	6.70686377428933	0.269096265643876	8.92694172198335	0.313341715607372	11.247184548326	0.315112383019519	13.4925503588102	0.35870498040576	14.9971492726662	0.403371407785373	18.8078759036011	0.459896583769345	22.4382320248557	0.502429234860662	29.922060422314	0.601876974688967	37.3963236261392	0.567336236638055	44.6399302947832	0.700998470665016	52.3212480049837	0.769530755317504	59.7900756865993	0.860914693394753	74.9927129723624	0.933713073460221	89.6636332303446	1.15151053893628	130.724177132661	1.24004572776393	149.410023547908	1.38402850742806	187.597520659353	1.5096142448978	217.042607409136	1.57468363689243	264.845164711665	1.74732524883708	298.669640906862	1.86670220558164	336.094420734121	1.95299800467965	376.773985418691	
0.0166162614277404	0.124849933381335	0.0206790976207856	0.18273358589117	0.029355326077499	0.252182148715328	0.0379161237262733	0.329975463289303	0.0475842186669012	0.467011033479881	0.0521696825288214	0.555497384870891	0.0505307929074729	0.615553051469176	0.0612589270394953	0.698924673087602	0.0960119894801316	1.45361280154841	0.115758748067168	2.20016582156726	0.143458307681325	2.92332499642023	0.189438242900397	4.42878156373928	0.205075870434322	5.1904536730342	0.220492016745492	5.94322345898135	0.237980987039242	6.67694783196846	0.268979324299169	8.88672721512153	0.31287513151215	11.1972954630186	0.314605947992129	13.4318979790192	0.358512025018759	14.9303622713676	0.402909074211508	18.7245765538389	0.459414330361	22.3381260287102	0.501769160179387	29.7902726963301	0.601425300666707	37.2291661330965	0.566979964090465	44.4396214449491	0.700498339154991	52.0884210976788	0.768827060190626	59.5237844981328	0.860323858854036	74.6573772567837	0.932955922891407	89.2634178620094	1.15049844045952	130.140409269459	1.23906469491387	148.742973098749	1.38298864601602	186.763875235959	1.50823093225523	216.041875273212	1.57333827342735	263.678672066494	1.74572129282044	297.33330483447	1.86499505420989	334.594052687098	1.95129221232893	375.105413072101	
0.0165816127827102	0.125728396082159	0.0206208254190725	0.181105255758288	0.0293237854079774	0.251539434305964	0.0377332755989536	0.328098644663784	0.0472795492944454	0.464623762796226	0.0521558731977957	0.552619016175435	0.0502207641068251	0.613327248829226	0.0611465089946244	0.695331688973054	0.0958543990248314	1.44699656987727	0.115552965891479	2.19116086402102	0.14329113136431	2.91024922809369	0.189170498713176	4.40957163956639	0.204977233745901	5.16728143715581	0.220315010653387	5.91703234112074	0.237781223201037	6.64641302582616	0.268683162299473	8.8470146911036	0.312487153236852	11.1480610974501	0.314191700110463	13.372511266547	0.358323129016577	14.8639086835349	0.402581003051468	18.6401577543951	0.459108781875443	22.2376642673581	0.501271776513226	29.6572966027973	0.601020965817601	37.0615541546589	0.566467814659991	44.240571743176	0.700052882752928	51.8545399332695	0.768284005990488	59.2563421950188	0.859706681266328	74.3262660202027	0.932215371476965	88.8654674700682	1.14920613714762	129.557446068922	1.23782934206497	148.077084940107	1.38178952319299	185.931228190318	1.50707130613602	215.041634875584	1.57178816338526	262.513282107199	1.7441667314117	295.998697296695	1.86339379340606	333.094340291137	1.94949867460089	373.436632109265	
0.0164984532348522	0.125136220471983	0.0204685106165804	0.180849651379442	0.0289090866264164	0.251231399379041	0.0377455522989866	0.325839692762518	0.047272593333433	0.461423796789498	0.0521145841900548	0.549415266670928	0.0500574965783023	0.61004893531463	0.0610750376702575	0.691544116657315	0.0957466719571962	1.44083168038742	0.115332238380765	2.18154263058852	0.143169465335738	2.89681792739119	0.188867947828939	4.38827322461913	0.204954982132899	5.1442339984965	0.220075265724845	5.89067824181731	0.237741091003653	6.6157250171276	0.26852164099937	8.80694733320159	0.312212064994893	11.0976998316198	0.31399962080405	13.3128796162493	0.35785087763723	14.7979328641602	0.402316136185425	18.5557948343032	0.458717202693848	22.1380369709933	0.500826042248044	29.523964744058	0.600567786737309	36.8958048212821	0.56568582781038	44.040970698465	0.69939885763473	51.6213293210821	0.767839074772905	58.9899243466882	0.858833198280487	73.9934336995856	0.931425059369183	88.4649019244616	1.14814852519263	128.974065635892	1.23655123402428	147.411286188429	1.38065137525814	185.098193714504	1.5059641207655	214.044493919337	1.57028239629444	261.345567566867	1.74278979442344	294.665907700498	1.86179362985156	331.592750348955	1.94772758217769	371.770771773884	
0.0164439895087423	0.124076659194744	0.0204481372687324	0.179946821497726	0.0287910301611222	0.249452937143878	0.0377575984268325	0.323612725969405	0.0473816690245626	0.459786793715552	0.0519188218258352	0.547077821742649	0.0500844346501978	0.606695417505706	0.0608384860023342	0.687827092023252	0.0955038011346238	1.43436783636532	0.115109254874986	2.17174698021398	0.143113477121167	2.88371841034012	0.188600800881426	4.36763837697477	0.20458583619543	5.12040750854052	0.21981152512459	5.86326476313558	0.237559924216297	6.58566611679832	0.268358795317818	8.76648136925658	0.311935272223071	11.0461939703997	0.313703375017359	13.2535413325486	0.357468713544772	14.7314839329401	0.402096595788029	18.4729145796796	0.45826632424509	22.0379570518786	0.500427797229916	29.3909513976241	0.60001847590325	36.7295823760599	0.565208550612934	43.8388066541503	0.698654466446959	51.3891059107769	0.767166240998676	58.7242478310917	0.857977543573634	73.6596700564381	0.9306632875661	88.0654241635705	1.14737286404649	128.39061069706	1.23559021303795	146.744205936948	1.37961768685586	184.271030295922	1.50441066704816	213.044417434474	1.56894040381546	260.177197375475	1.74140848579536	293.331359767365	1.86027419972923	330.093276371562	1.94608083843739	370.102884880677	
0.0162973763976719	0.123647559614828	0.020499720916884	0.177974847903048	0.028927204556916	0.247403561915777	0.0375412608127593	0.322391471093786	0.0472741406880644	0.45731893452919	0.0517235712874006	0.544169592518562	0.050082105844628	0.603835500637883	0.0608356792871299	0.6840619296559	0.0954958733152241	1.42724403391513	0.114761885073974	2.16094340603094	0.143010458132184	2.87026312808246	0.188471258165972	4.34884568529549	0.204372132175365	5.09739778844368	0.219740560474658	5.83622055383714	0.237344090692243	6.55666659584735	0.267978163466338	8.72563728836423	0.311841536811828	10.9967463319717	0.313485677550156	13.1931590362915	0.357243033671024	14.6645237056509	0.401627813794847	18.3904347937441	0.45788491690174	21.9389295272233	0.49967637687324	29.2563045114719	0.599394888010412	36.5626185981035	0.564785999076797	43.6396302925131	0.697911838983335	51.1551614164356	0.766272819237486	58.4566527910827	0.857281460483861	73.3263534481053	0.92985474160581	87.6652982021983	1.14641478662729	127.807781606968	1.23474528252841	146.080374138454	1.37830742090453	183.440230994181	1.50313835597286	212.043253164896	1.56761842197202	259.01335713687	1.73988153880534	291.998003927071	1.85874978824766	328.593593777922	1.94424779308595	368.438097428851	
0.0161462559581778	0.122817009092618	0.0203208724213087	0.177028973458131	0.0289458024023023	0.245597785737028	0.0372646725738685	0.321136222945808	0.0470324811698248	0.454658204267553	0.0517958880634994	0.541776384653777	0.0500028402583312	0.60068349774147	0.0609506212860416	0.680605267876736	0.0954113617620227	1.42084514963952	0.114675720152537	2.15061457350776	0.1427787737918	2.85652635358999	0.188361874835738	4.32854797640713	0.204204391631131	5.07404813562326	0.21942298706622	5.81053328146546	0.237068666126392	6.52785846167637	0.26776339360581	8.68600113279379	0.311718281658854	10.9469103320485	0.313313709386452	13.1325047938554	0.356936787985705	14.5983187809337	0.401059898927831	18.3079345187129	0.457522946216918	21.8388030419822	0.499017189017697	29.1224697385661	0.599057518499666	36.3961055802518	0.564397994928369	43.4405880413203	0.697297670568609	50.9212877026065	0.765642342904634	58.1903168991347	0.856663066920653	72.9937595460559	0.929137605078685	87.2651200867643	1.14529804261538	127.224550185542	1.23378076389611	145.416438031836	1.37710440923931	182.600997635605	1.50203684214728	211.043966441539	1.56608472157763	257.847579747402	1.73827625010102	290.665899784257	1.85694145050564	327.095550311935	1.9424722336555	366.771432430804	
0.016263664209865	0.121982660520714	0.0201424226656736	0.176643173099921	0.0287275700168107	0.245134350914762	0.0372066961340135	0.318824011037336	0.04689516666931	0.452192469660713	0.0518417959539255	0.539718569315244	0.0498724091862667	0.597595581476679	0.0608549006326135	0.678294889509496	0.095252185104303	1.41417478484631	0.114583282264226	2.141624517122	0.142506337246363	2.84331274952895	0.188308481821386	4.30768635172661	0.203972055821884	5.05090989301724	0.219064624790638	5.78346206381364	0.23670654630764	6.49743541423771	0.267480434459882	8.6461368032034	0.311273551234166	10.8967632704002	0.313016404962479	13.0723841992292	0.356729794569775	14.5309403898283	0.400765862666148	18.2242272496823	0.456949108155797	21.7382276592814	0.498719100492958	28.9906093694248	0.598573118072714	36.2310677772882	0.563871187653419	43.2403238949676	0.696634583658454	50.6877455395983	0.765075131588012	57.9234296642488	0.855956962252799	72.6606143010686	0.928265315512954	86.8657838868979	1.14433155447438	126.639426316735	1.23269168595067	144.747539838776	1.37600958598255	181.766726363471	1.50069257221188	210.043889956676	1.5647534582607	256.68105729991	1.73675974143846	289.332752560209	1.85529295733389	325.599771822342	1.94081268248353	365.104290595622	
0.0162890031375924	0.120978163688084	0.0200894999750201	0.176089414544123	0.0286128527722354	0.244069732847222	0.0371980004973503	0.317104644127109	0.0468710199225237	0.450370104299392	0.0517481644753166	0.536980073622319	0.0499167876558473	0.594915817310826	0.0605994305173286	0.675042187364485	0.095139302412416	1.4072701924367	0.114450924677205	2.13165377811175	0.142366909132556	2.83015083386836	0.188077140286298	4.28824778787252	0.203948969778779	5.02711180839843	0.218939555450361	5.75631540903686	0.236500821905989	6.46738908676259	0.267279336170312	8.60620914368095	0.310847458465993	10.8466860579416	0.312651363951546	13.0120559196788	0.356388115937033	14.4643620047765	0.400483631954224	18.1406987945776	0.456455496494463	21.6380173550125	0.498270875175623	28.8571769278522	0.597938893908522	36.0636010851654	0.563168150133335	43.0402162108001	0.695900249811551	50.4549931380959	0.764457971078358	57.655812272499	0.855177173612754	72.3276180676862	0.927455860057961	86.4656579255256	1.14338030869629	126.05649291852	1.23142965201962	144.080161564086	1.37473414160029	180.933319358645	1.49923480766345	209.041891222111	1.56342981239993	255.515667340614	1.7351160632217	288.002555765938	1.85368020565673	324.101281321541	1.93915172236603	363.437595795253	
0.0160762352232928	0.120439699194464	0.0199936489582575	0.175082669440697	0.0288120650361378	0.241466759134382	0.037161988587428	0.315699598570886	0.0468216689761912	0.448204954039233	0.05158165433624	0.533158682657196	0.0497517165003722	0.592620747557679	0.0604758761507292	0.671399319286904	0.0949871706599286	1.40063661488344	0.114321667368455	2.12137570266648	0.142256892083866	2.81619030913796	0.187788056175182	4.26870584721756	0.203679753147285	5.00443643309001	0.218706137915765	5.73035199953492	0.236308301894788	6.43717558689327	0.267134211665651	8.56588287811549	0.310493621073562	10.7971033777467	0.312319285790642	12.9517909700605	0.355955017254047	14.3979419445549	0.400187714490784	18.0576136489973	0.45621857592978	21.5379448864781	0.497663484932315	28.7237780138907	0.59739711197931	35.8948491679506	0.562709820463792	42.8418445118291	0.695427009862588	50.2215515579209	0.763716593519517	57.3911788381366	0.854571038111482	71.9952253313034	0.926707755262355	86.0659342954865	1.14245670564911	125.474528095736	1.23031541991867	143.412693882433	1.37342148840144	180.099107691152	1.4978995328373	208.042813115	1.56196460126994	254.347118335296	1.7334100625279	286.677127343022	1.8520496991994	322.598439681878	1.93740651775934	361.772063285403	
0.0159166566373007	0.1200623534986	0.0199981316888538	0.173456362023935	0.0287318973911629	0.24051413260112	0.0370676099028938	0.313611951807552	0.0468944881600753	0.445335141869525	0.0515412811503758	0.529891661428281	0.0495420125514985	0.588727470134742	0.0605233727435968	0.667096900234839	0.0949217474709815	1.39434797591236	0.114201012540829	2.11147481284601	0.14206513812912	2.80332734800962	0.18761827261189	4.24759649074396	0.203472000098044	4.98103416054662	0.218360870041434	5.70421350139727	0.236109814661184	6.40751715525205	0.266756634709382	8.52632215967001	0.310287635616396	10.7469302390676	0.312020141608767	12.8918780603586	0.355631578806805	14.3308606453367	0.399834926786248	17.9747967243058	0.45590769335528	21.4385280690051	0.497193211818988	28.5902710665156	0.596912789038399	35.7290365046418	0.562346328955513	42.6409656926064	0.694905354221793	49.9879609661411	0.762929314659362	57.1239898547508	0.853750950072508	71.6650454172529	0.925813178606027	85.6666427991015	1.14138628030199	124.891952325372	1.22925902864828	142.744347032312	1.37228562314406	179.265983808376	1.49664506594914	207.045105914655	1.56061558492489	253.180774701729	1.73197336114961	285.34171514258	1.85041492120197	321.097386181473	1.93560688652155	360.105100264146	
0.015862122031721	0.119711586874639	0.0199022534236294	0.172722101520218	0.0283861056856868	0.240077575165004	0.0372467206036126	0.311935774979671	0.046775514625805	0.443632422349529	0.0514083873121697	0.52869403886187	0.0494905303665826	0.585137338195443	0.0606176148962472	0.663728655888403	0.0948616684481773	1.38805048937725	0.114080448652486	2.10180139855358	0.141901449786869	2.78947788349097	0.187572967586966	4.22770949509149	0.203274258428901	4.95756250447471	0.218031628499886	5.67697324870619	0.235830031028373	6.37682495560211	0.266345813326435	8.48724014100514	0.310134382691275	10.6969387082818	0.311857814540034	12.8325835488169	0.355160789272121	14.2639087999502	0.399362527675877	17.8921083221235	0.455398095501167	21.339018119279	0.496662439798975	28.4569392077763	0.59649214674552	35.5630636538577	0.561744351518356	42.4397963007542	0.694330262041845	49.7544076272625	0.762258876811415	56.8570914439945	0.85289943577554	71.3308049369698	0.925020197618777	85.2654812070755	1.14031187845777	124.308214264491	1.22821829276488	142.078607885275	1.37117798649517	178.432517198908	1.49516796508345	206.045476464607	1.5593064194538	252.016099998137	1.73057059419743	284.003471721646	1.848875634188	319.59639228571	1.93396131330821	358.439150521803	
0.0159730295317692	0.117946388709577	0.0198538062196287	0.170614474978224	0.0281771273680658	0.23802293214384	0.0371856912534245	0.310594088459342	0.0466730086733127	0.44096293183534	0.0512927076010103	0.525885402940876	0.0493654051949441	0.582423231511283	0.0604939886955727	0.660804128520035	0.0946686439511502	1.38107174041116	0.113785675391506	2.09140248400999	0.141881646815906	2.77605007524795	0.187261580971863	4.20836639179677	0.203045589935132	4.93413089527162	0.217913315875801	5.65047153478169	0.235555154994059	6.34707897964304	0.266065158557779	8.44706940630226	0.309815546130055	10.6475031770467	0.311553767695671	12.77167505533	0.354789090981151	14.1973937448304	0.39893667596313	17.807788242868	0.45501132339053	21.2390685853186	0.49609262432674	28.3229591485558	0.59603099319529	35.3974782332462	0.561129942420732	42.240161728432	0.693542924796455	49.5219085454884	0.761641169539737	56.5903941989047	0.852163540554815	70.9954319684899	0.924317976857185	84.8662120624312	1.13930572224396	123.724140927498	1.22707986666708	141.412064075572	1.36992269702779	177.597649880354	1.49383474170484	205.04407377646	1.55788734817468	250.849994783139	1.72893773279764	282.669698648858	1.84730353681934	318.096083843329	1.93228770073112	356.771651058768	
0.0158603347123768	0.117121149636173	0.0198911519129956	0.17005037001119	0.0283005646848862	0.236015088079828	0.0368155060501551	0.308528938955883	0.0465608724582934	0.439099122621417	0.0512863996396949	0.523026650226217	0.0492352860155345	0.579626993821475	0.0603745080386988	0.657351424861626	0.0946414535839814	1.37330579107627	0.113718354592068	2.08135258258466	0.141680103196953	2.76331307549184	0.186909779025636	4.18845145646838	0.20283142353087	4.91119754362227	0.217661791567665	5.6236769199214	0.235323034104967	6.31724406238231	0.265968182510665	8.40729075838467	0.309485390245131	10.5975740448705	0.311132592301985	12.7110776235683	0.354446867355898	14.1317178113106	0.398620956928607	17.7226299733351	0.454611573285231	21.139296002639	0.495579693568931	28.1908398717511	0.59531169588601	35.230365443685	0.560611007542764	42.0407543988073	0.692921527866248	49.289834146788	0.761017552042599	56.3236820526545	0.851376979133264	70.6619514473916	0.923452088772112	84.4665256852933	1.13846178566507	123.141319287986	1.22598913837728	140.746026905326	1.3686239606928	176.765241253281	1.4926749367717	204.045621518091	1.55653512773654	249.683859765819	1.72734940385579	281.336253401601	1.84567307681754	316.597325121639	1.93047697376271	355.106505979091	
0.0156147645648123	0.117186924289881	0.019743900640051	0.169181678920978	0.0286432978033295	0.235205201276261	0.0367801260600628	0.307625905347363	0.0464449283504745	0.436660716510078	0.0510933538735828	0.520808065335877	0.0491497732119789	0.57641940261153	0.0602090389407286	0.654488306572605	0.0945521715142337	1.366863600303	0.113685672841397	2.07165704938214	0.141392014445565	2.749733694507	0.186751670906339	4.16882197149556	0.202761977611943	4.88715591816178	0.217596314060808	5.59633096212311	0.235069164132868	6.28662124626089	0.265782146483672	8.36680709931158	0.309180731131831	10.5473357136142	0.310667155354627	12.6519907969509	0.354106151955173	14.0646020531587	0.398252221215518	17.6401315609489	0.454267153959359	21.0387336584536	0.495023647121829	28.0578675035085	0.594653195637607	35.0623697603649	0.559832306370103	41.8401288993128	0.69238834098803	49.0555953545271	0.760418400750444	56.0578714266137	0.85063594534604	70.3279419350961	0.922580880064442	84.0654758519709	1.13748869860303	122.558520000215	1.2249188707381	140.0800195374	1.36752212549089	175.932877329689	1.49142079323873	203.04468076592	1.55508358462102	248.519602294721	1.72588773011616	280.000453770987	1.84392085479399	315.097463714074	1.92879825167639	353.440079399611	
0.0156759718521845	0.116749239080389	0.0196098931539561	0.167751851454297	0.0284892196288498	0.234393422723804	0.0366936752240403	0.305840560056624	0.0465166113237254	0.433784326875	0.0510266175241646	0.517419215478457	0.0489900998493654	0.57357921813982	0.060021255528437	0.651942128982204	0.0942772541189828	1.36140546819839	0.113393990773927	2.0621785143292	0.141161054065877	2.73557852336776	0.186666270209302	4.14971402713976	0.202651575280935	4.86340579665329	0.217328331303676	5.57041179044137	0.235024862561467	6.25669971600484	0.265373246535616	8.32670062586329	0.308961520189758	10.4975406918824	0.310435552144136	12.5919679911904	0.353840853368707	13.9981987567426	0.397859824111492	17.5577784348776	0.453720737588479	20.9390635212524	0.494501538770834	27.9243009514915	0.594209555448367	34.8967284604016	0.559378213595464	41.6403155130649	0.691783665643283	48.8222878847965	0.759644263742427	55.7911406539128	0.84994846594811	69.9949904051951	0.921703190899958	83.6655659574258	1.13635009542577	121.97560150316	1.22381795744058	139.411240553625	1.36631024590014	175.100468702615	1.49015115849348	202.044038036958	1.55361288996264	247.355866364239	1.72433200291274	278.668409232815	1.84216818696379	313.597512899545	1.92706586817434	351.778212575241	
0.0157119630292682	0.116087876392545	0.0195898471863654	0.168122692444363	0.0281236842325335	0.233578675580781	0.0367791369692973	0.303874392675847	0.0463028169828077	0.43214144482758	0.0511472256634409	0.514144569046324	0.0489376623894194	0.570446889431861	0.060075282232161	0.648276967371552	0.0942635237888549	1.35432648564497	0.113074224010582	2.05160357982736	0.141017417485787	2.72357400878179	0.186446882257698	4.12897394004946	0.202326433386442	4.84064380834954	0.217104555710975	5.5435259059731	0.234819537120945	6.22721125072541	0.265119002037976	8.28618064521152	0.308639542865384	10.4476804775735	0.310250537812956	12.5321724281274	0.353698340292582	13.9317582074253	0.397474318253203	17.4747249542633	0.453221051099152	20.8382106044375	0.494045365433123	27.7907679270856	0.593730693946028	34.7308710936113	0.558921138513476	41.4407666224155	0.691015711412239	48.589226284214	0.759004555613414	55.5238995164654	0.849201847787731	69.6622549421212	0.920940409281262	83.2716388788157	1.13526610886942	121.39221361955	1.22298517967787	138.744115598663	1.36500984554782	174.266510354851	1.48883485788636	201.046211627329	1.55223633221456	246.187540876328	1.72285912019366	277.335560031977	1.84049477928329	312.096220980572	1.92526626551069	350.115511285883	
0.0157502317891833	0.11538805299458	0.0195739655083526	0.167777899381319	0.0279803810804657	0.231882300695523	0.0368458893753042	0.302555203415393	0.0461222577960894	0.430112587798976	0.0510071781444373	0.511724178205183	0.0487759654345592	0.567378996601473	0.0599515077562019	0.644561456136601	0.0941658835850133	1.34733737571574	0.113051912353453	2.04052526549786	0.141011507498994	2.70991430122871	0.186082423660933	4.1082962515687	0.202041356104452	4.817413364813	0.216901612349128	5.51750149484542	0.234486458780677	6.19741172372084	0.264919236139231	8.24657149799446	0.308281681944054	10.3974058247385	0.309943206409231	12.4722772135536	0.35345670458717	13.865194723534	0.397091568818705	17.39139207689	0.452867222467034	20.7385181154955	0.493361779862639	27.6576204702073	0.593196753866417	34.5632814669145	0.558447494210404	41.2409271591367	0.690388423497117	48.3546708422927	0.758491417880961	55.2574257887829	0.848325635572719	69.3294300720844	0.92016642214648	82.8760801231325	1.13441075294279	120.809898619494	1.22206575851945	138.0794046317	1.36384627348452	173.433058646544	1.48749330749437	200.046224549429	1.55080649154025	245.019990248762	1.72113469066333	276.003426086842	1.8389265898664	310.597760282092	1.92362250655447	348.445061393072	
0.0156802838575287	0.114556447458566	0.0194277501440564	0.165645068923347	0.028127899218077	0.230082345282589	0.0364701985654886	0.300976437103424	0.0461280958178612	0.426302052562097	0.0509543915229246	0.50980972832867	0.0485583014177767	0.564642479968926	0.0597171652261754	0.641490420092672	0.0939803226052543	1.34075676713139	0.112990971078742	2.03034474608764	0.140917150968309	2.69623643288628	0.185853822624019	4.08873754710819	0.201777733857831	4.793363823111	0.216857458840551	5.49064680968191	0.234134355836826	6.16686434472438	0.264532559672441	8.20705641435296	0.308095708257478	10.3472038150609	0.309704667342649	12.413400865828	0.352948238729419	13.7975658066679	0.396766123697292	17.3079977322296	0.45242469630832	20.6390435560256	0.49283602701357	27.5241191107674	0.592877656951198	34.3959414346558	0.557997944811467	41.04115475108	0.68990378506203	48.1215272853275	0.757683351531269	54.9912016555386	0.847484605796822	68.9949362720731	0.919316615359691	82.4701948632324	1.13356735109439	120.230824621845	1.22082310885129	137.413725089305	1.36267674202192	172.600083775372	1.48623909690618	199.04595434948	1.54947855301582	243.852052191024	1.71948787093836	274.672812060077	1.83741165357341	309.098822746476	1.92187522192612	346.777591732359	
0.015490036341047	0.113913944051963	0.0192678016745725	0.164419084675503	0.0281991681369495	0.229072762555828	0.0363362424403793	0.299032999813153	0.0461806831072442	0.423388613752607	0.0509609392910782	0.507996676192653	0.0486296048421536	0.561014105598223	0.0597534859859537	0.637533230661088	0.0937984174042143	1.33399815952842	0.112890547199743	2.02049694165141	0.140740387215053	2.68353808301518	0.185757606105367	4.06864845446662	0.20143211720319	4.77071312784963	0.216731939502668	5.46345265745608	0.233856393661427	6.13614746502738	0.26427649320516	8.16656623602216	0.307736038870685	10.29682392278	0.309386156723969	12.3538846995241	0.352535128720223	13.7313478434354	0.396526188959455	17.2244245736435	0.452063908126685	20.5384607227446	0.492444619224472	27.3909455768583	0.592377900912524	34.2298456492977	0.557432421799244	40.8415127281777	0.689230127949126	47.8890952587755	0.756900289076923	54.7227758758324	0.846764459095353	68.6612396841478	0.918636895520364	82.0687426985769	1.13237240618415	119.647436738235	1.21959065286963	136.746153099529	1.36152985553972	171.76803277615	1.48485467956369	198.047174265579	1.5481922411414	242.686215196914	1.71814347012341	273.342078824028	1.83587774604163	307.598603711058	1.91993424174789	345.109853850757	
0.0155058061504847	0.113103686174575	0.0192770287777438	0.16309752345298	0.0280226719322843	0.227341346660365	0.0366150119880896	0.296665054072004	0.0461280378808702	0.42233394919461	0.0507754711874589	0.505034779507754	0.0487645590205626	0.558661352055851	0.0597899004513337	0.634912721891231	0.0937175544745566	1.32635595967475	0.112692159422636	2.01030757467715	0.140476798871471	2.67051819404047	0.185770471674866	4.04913212518124	0.20127568694883	4.74794741425575	0.216414904986579	5.43692393517821	0.233595144494587	6.10655701993088	0.264125905119884	8.12630609435636	0.307469997705785	10.2469413567303	0.308867146295205	12.2939308116309	0.352207116536165	13.6645291771707	0.396022439476413	17.1414642252823	0.451763965193138	20.4387868602532	0.492033291586324	27.2568816986101	0.591855192798559	34.0636232040755	0.556850978773446	40.6396355312024	0.688520657443522	47.6600942244254	0.756321351559226	54.4549163402248	0.846000206371084	68.327498392741	0.917698354402269	81.6679908884642	1.13138195873958	119.060889808601	1.21858235604008	136.078894034122	1.36022168451121	170.939021613668	1.48353933315476	197.048900821135	1.54662551406355	241.51873907515	1.71667928422844	272.008663379092	1.83410646933278	306.098295268678	1.91807234290543	343.442563003969	
0.0154781020432184	0.112748874118372	0.0193521851272743	0.16186715907886	0.0278507004885096	0.225837057046997	0.036598313016309	0.295398251703884	0.0459733992320998	0.420305703346417	0.0507002930886404	0.501935163503675	0.0486014396858335	0.556174837315052	0.0597331797602764	0.631411705876558	0.0935256712886081	1.3204696520368	0.112620624475847	2.0014718850008	0.140203992096206	2.65645941478312	0.185573345481885	4.02860065433775	0.20124625786556	4.72391510202056	0.216024616146508	5.41079521592713	0.233277510660782	6.07692652796558	0.263716816485871	8.08808648035462	0.307230716599196	10.1977591452235	0.308551702734231	12.2333026462256	0.351853232740608	13.5972206352551	0.395511438995183	17.0582542824829	0.451329638084071	20.3391763276939	0.491507680988046	27.124231567963	0.59142847251119	33.8970394057115	0.556485987795071	40.4401089922937	0.687775323978492	47.4281986396509	0.755661368933522	54.1903313346339	0.845208479560944	67.995649548716	0.916826097619094	81.2683268630671	1.1304767676138	118.476704712905	1.21760495371826	135.411918090766	1.35898912794108	170.104198998595	1.48228838503612	196.052385713629	1.54517928758341	240.351337459189	1.71508839071525	270.673579004181	1.83250835897785	304.598910698247	1.91647263957	341.777209308045	
0.0153460317240898	0.112411007766648	0.0192767856399803	0.160981427696725	0.0280343533542103	0.224213965603349	0.0359353347330191	0.294964691962163	0.0458649862613899	0.417589239252101	0.0504957083318432	0.499145910732845	0.048331088928973	0.552798793142425	0.059469304461645	0.628082577076398	0.0933451324789409	1.31482641957928	0.112491895787246	1.99159194993727	0.139999562957603	2.64301903368594	0.185287056910108	4.00838816146091	0.201008028315263	4.70059711416617	0.215899087728229	5.38369186764801	0.233045810199805	6.0474348030573	0.263438974579155	8.04707196743922	0.306706817946341	10.1480339726814	0.308321804760828	12.1721436269781	0.35165524030127	13.5307819485828	0.395336118800736	16.9742769299186	0.450869464136686	20.2388281876905	0.491076412025128	26.9917658391769	0.590777655284055	33.7295205595269	0.555836016016787	40.2413982919217	0.68699366485261	47.1912143085704	0.755190238706719	53.92442385105	0.84455058407287	67.6624446990868	0.916099938415562	80.8674260413496	1.12945240287946	117.892817640418	1.21644731498284	134.74650676926	1.3578888298347	169.270106540387	1.48089976741717	195.050133659335	1.5437250368454	239.186871371844	1.71345780901268	269.339746326751	1.83093561612697	303.100509604409	1.91480842171522	340.111259565701	
0.0152374525108423	0.111356968940976	0.019017376687938	0.160737304778449	0.0280232913476588	0.223420929916815	0.0358803374281962	0.292419707628754	0.0458654716143332	0.41500944673912	0.0503541352220583	0.496065270425322	0.048390732168492	0.549811692541547	0.0593459740170073	0.624474226140099	0.0934042263938507	1.30710074994383	0.112142195555212	1.98135531834459	0.139865109660501	2.6301311596799	0.18510531845948	3.98859336673895	0.200785177566621	4.67810520939623	0.21578121825653	5.35730610337855	0.232849243516338	6.0167607641967	0.263249287721094	8.00671683087532	0.306464039770044	10.0974426701861	0.307964467725921	12.1120826369939	0.351320395172266	13.464080628957	0.395037488871931	16.8910315968631	0.450507071487067	20.1383738769186	0.490469178802809	26.8567967154292	0.590029210930876	33.5628399036198	0.55520748665445	40.0419946875871	0.686287445116825	46.9569904174699	0.754484792390718	53.6574546597813	0.843985520374547	67.3286065501369	0.915325013956999	80.467598103187	1.12842880384361	117.310368529919	1.21532752309565	134.08006726768	1.35665940136174	168.435835268253	1.47970571460967	194.048552157263	1.54232290446712	238.019633668648	1.71189628334251	268.006569300383	1.82923518761784	301.601125033979	1.91298209624617	338.447485392788	
0.0152023250270393	0.110202609216484	0.0189881631636165	0.159560506001742	0.0278262777224517	0.222227410990304	0.0363365017264168	0.28961892974161	0.045803666126104	0.412334193666774	0.0503234519906764	0.493669385008261	0.0483944889535128	0.54748676225977	0.0593199852684163	0.620608248108833	0.0932150782345555	1.30114901689812	0.111983824660328	1.97117479893438	0.139603684700686	2.61594106394577	0.18510505228169	3.96851777827408	0.200645672848634	4.65434065238852	0.215501075645427	5.33020368642196	0.232725914439612	5.98585389470351	0.263040469157353	7.96668486322947	0.30627483283998	10.0477407807073	0.307807744215588	12.0513222237894	0.350800883037126	13.3977751214066	0.394578742985463	16.8082351612672	0.450168924933071	20.0387484431988	0.489767958668436	26.722643430218	0.589541518363017	33.3966174583975	0.554750175127124	39.8402627769266	0.685865859970512	46.7231390553816	0.753671683587017	53.3916328578701	0.843146599677577	66.9957593283593	0.914378183823496	80.0678819237282	1.12749721650978	116.726392050469	1.21430719421868	133.414894364742	1.35552740058083	167.600446409082	1.47833963915311	193.048252154993	1.54093522863668	236.853349639724	1.71027939770469	266.672200181175	1.82737079674223	300.104273660831	1.91114789526893	336.780611778494	
0.0151916543971587	0.110043280304217	0.0191119709343634	0.158395596139211	0.0277370308683329	0.221117405501322	0.0362501016532933	0.289599692110592	0.0455730962121232	0.410190522032472	0.0503937316587093	0.491183626967019	0.0483215197699488	0.543898492965532	0.0594080384478483	0.617738843392732	0.093056622277902	1.2940928517467	0.111970015949222	1.96146902118402	0.139385807313548	2.60283269933067	0.184998359623871	3.94859818633305	0.200396064882215	4.63111998773856	0.215280428243026	5.30386821356914	0.232553732423835	5.95689674892767	0.262778454373518	7.9265606946531	0.305826000841559	9.99768219469938	0.307547434738711	11.9918712500626	0.350463661725877	13.3320982565642	0.39427103058934	16.7248650309927	0.449746458321796	19.9387672442724	0.489052422132812	26.5906824782434	0.589154156818399	33.229802692046	0.554404015185665	39.6411460199313	0.685333747003266	46.4895298371512	0.753297513266392	53.1247381724039	0.842227193914703	66.66285995252	0.913513732996171	79.6674653897265	1.12646007414609	116.142952012797	1.21317413866236	132.749214822347	1.35416539475926	166.768633828428	1.47686261279324	192.04787764692	1.53947121511768	235.691014418328	1.70878099548972	265.339887422115	1.82576568636309	298.606677229659	1.90937333474015	335.113052710818	
0.0152446642188606	0.109725728425186	0.0189483326972516	0.157687499977831	0.0277032579713899	0.220059597729785	0.03598286491171	0.288052678076144	0.0455383036421063	0.407960761271767	0.0503803736233209	0.488339775412845	0.0482069057261039	0.54066499934771	0.0594092926774288	0.614291494838872	0.0931208856821287	1.28696823438929	0.111756854075297	1.9512277329787	0.139375272879423	2.58994272984895	0.184749348833126	3.92850071178871	0.200248346073721	4.60764181240894	0.214955178006616	5.27764217111363	0.232433144636908	5.92586182258655	0.26247500654417	7.88694689082339	0.305550920608974	9.94724083513146	0.30724481373466	11.9326205106798	0.350262517161249	13.2653485081668	0.393888709452633	16.641796649218	0.449177687487864	19.8375417984454	0.488671326997935	26.4567005563779	0.588564438290061	33.0629320463426	0.553826011208178	39.4412581278809	0.684733395111124	46.2561888398096	0.75282533483312	52.857944069771	0.841592480855827	66.3297519604339	0.912599722903112	79.2669668993421	1.12534602807091	115.560026065162	1.21198492838263	132.081195797756	1.35297900188185	165.936016585108	1.47554556809431	191.048397208477	1.53803320117389	234.527889435426	1.70723399193249	264.007008418956	1.82429021000979	297.104223020168	1.90742997055657	333.446417515092	
0.0153163580318306	0.109014678225155	0.0188891141073631	0.15642810453421	0.0276181178307402	0.218809719238271	0.0358992236226999	0.285456703834197	0.0456589932342717	0.406145322621766	0.0502687886697774	0.485510825019158	0.0477990650264695	0.537714511363808	0.0592336037664579	0.611308352358749	0.0929886613338932	1.28134944914819	0.111648099478013	1.94055885131661	0.139408154547242	2.5771754621106	0.184307906198288	3.90914037902717	0.200082012845213	4.58386142291822	0.214885590171594	5.25047223327359	0.232193740013639	5.89610467075711	0.262175693164242	7.84691585450006	0.305399980629294	9.89685721756044	0.306843097482207	11.8729730278991	0.349878952970816	13.1992581361209	0.393439226896328	16.5573163824872	0.448722553386784	19.7368174041397	0.488231987694152	26.3230837129443	0.587942785374125	32.8970821301325	0.553232159246183	39.2406885077383	0.684104401958915	46.0227696113753	0.752137050079734	52.5921632460512	0.840773955989415	65.9975827414585	0.911788449948826	78.8668260368094	1.12440617183824	114.9768840507	1.21094661077726	131.414011238153	1.35169226630183	165.101834719937	1.47440061757001	190.046920014529	1.53655584746597	233.357984424504	1.70564060414535	262.674129415797	1.82263545889165	295.602811891912	1.905636310639	331.778858447415	
0.015207775649176	0.107992333469345	0.0189321950743346	0.155354682558374	0.0274232530693996	0.21659119255559	0.0360505686957469	0.284040918965045	0.0455573470904238	0.403972692677535	0.0501876269048919	0.483130713877455	0.0476689944271742	0.534432472559091	0.0590799477037525	0.608549192947182	0.0927174898111805	1.27481237989214	0.111610652076957	1.93077135001422	0.139264709796321	2.56325265594268	0.184265766150906	3.88943592259065	0.199863718650487	4.56127871420156	0.214819234043378	5.22281754205649	0.231776007233449	5.86701946813334	0.262011939524668	7.8064345237333	0.305183032061846	9.84717581717731	0.306458452136849	11.8131467311925	0.349513656346768	13.1323910410847	0.393063276134104	16.4742088851662	0.448437245200912	19.6385889542155	0.487576705182673	26.1911227609697	0.58752666024895	32.7291386008742	0.552722942949225	39.0418660486626	0.683468096341227	45.789715461373	0.751483249998214	52.324869954542	0.839981095160162	65.6634316681383	0.911000763507142	78.4672886712763	1.12343989928096	114.394151818151	1.20990036428146	130.748808532893	1.35033553390228	164.267310128074	1.4729243949066	189.047603488851	1.53508644526215	232.190418895777	1.70402009542987	261.339611284984	1.8210146648133	294.102890879704	1.90395253268763	330.112968309714	
0.0151953465018273	0.10722828519657	0.0189181324992349	0.155008754445996	0.0274181531062239	0.215294878904788	0.0359148092303597	0.281940990385841	0.0454835291562151	0.400913851137989	0.0501019348552089	0.480578715521239	0.0477556523107626	0.531873605699214	0.0589079644321837	0.604889444648737	0.0925575396042046	1.26791942901416	0.111544755259551	1.92126091716461	0.139012362996457	2.54923043109465	0.184072702253129	3.86920876138396	0.199554547675082	4.53796910824995	0.214543520767525	5.19689650772969	0.2313811008553	5.83704392117053	0.261902788443026	7.76562443611331	0.304732766437836	9.79781106645452	0.306175368132599	11.7540673551553	0.349137099351736	13.0644408179457	0.39272098077375	16.3910604096539	0.44814388418304	19.539034301008	0.487004043134622	26.0583236187177	0.587093782245877	32.5627410670162	0.552207007514943	38.8420228600937	0.682901861676359	45.5562627053277	0.750732706208322	52.0586756236187	0.839327844003157	65.3292582430775	0.910183982175624	78.0676618987804	1.12240191373274	113.810048678837	1.2087191859721	130.082324327833	1.34933647607228	163.434901501001	1.47154176228084	188.049166131641	1.53365851894468	231.02191459394	1.70256865438168	260.006076630764	1.81936214272845	292.601926786262	1.90203279748496	328.446511927913	
0.0150332837722046	0.10668127145316	0.0188530294844325	0.153476452397145	0.0274200275660788	0.214740174474545	0.0356639670723261	0.280157187598044	0.045389350260746	0.399102050466622	0.0501745029166913	0.477946390596778	0.0477817938239133	0.528527596678191	0.0588021478374797	0.601220324917331	0.0924001569764477	1.26149865865909	0.111406470869527	1.91144105240428	0.138754716357039	2.53591065626515	0.183679101734741	3.84891198381813	0.199277210597568	4.51464366981531	0.214220116063217	5.17040503835303	0.231088454842793	5.80764625983782	0.261479737962273	7.72605161047493	0.304309762930677	9.74867355842914	0.305829431073932	11.6936934408009	0.34874680950472	12.9973949089836	0.392459637520109	16.3078411536292	0.447798299862846	19.4387532162268	0.486418997537648	25.924304443951	0.586584727355815	32.3964105883805	0.551628677443585	38.6431221699255	0.682312795766573	45.3237487223931	0.749788261474091	51.7919932796894	0.838663649107382	64.9953828412264	0.909515502870108	77.6674912339267	1.12133437929239	113.22584868198	1.20761814154436	129.41485664618	1.34824875889991	162.602328961162	1.47035668819133	187.048746920087	1.53221076728994	229.856122303312	1.70105015685649	258.674628139012	1.81757296994032	291.103227669214	1.90044491162021	326.781217836631	
0.0147493255346557	0.106366433506191	0.0187621207535678	0.153069056997762	0.0272759971151059	0.213495578328008	0.0356697621310201	0.279050019732396	0.0453625125417753	0.396904565852361	0.0501327464606862	0.474869650202352	0.0477689647695622	0.52607827663095	0.0585822069276278	0.597378503064197	0.0923962229461999	1.25422735800315	0.111099294532409	1.90115424581029	0.13869419002874	2.52271754129979	0.183599253233662	3.828851762175	0.199267245265578	4.49151520609586	0.214073636297926	5.14363137824966	0.230897766207589	5.77730889407196	0.261099811832115	7.68724526327906	0.304125277352061	9.69723288978613	0.305409796911426	11.6335998545281	0.348609849509309	12.9299932348149	0.391929081785154	16.2246423867002	0.447389149578262	19.3397592191826	0.486078613280385	25.7902126260269	0.585991150925565	32.2294654368747	0.551099624371552	38.4425786268137	0.681774170174052	45.0893273909162	0.749126267744596	51.5247819445629	0.837931619370114	64.6622822997206	0.908737371338223	77.2679017143319	1.12030306370766	112.643258010456	1.20649104389721	128.74871516781	1.34707022040712	161.768474921522	1.46907880689897	186.048715138706	1.53069358532172	228.688869698956	1.69939813348303	257.341480914964	1.81596038217594	289.603098040759	1.89884935640717	325.119857651717	
0.0146065781049505	0.10593404519359	0.0185992288769147	0.151718566569138	0.0273159747464497	0.211623198036423	0.0356756507643507	0.277007105554349	0.0452911677026547	0.394125877771485	0.0499518247799389	0.471918259999748	0.0476320685245625	0.522840592061742	0.0585354879600176	0.593904670025879	0.0923878743683558	1.24790053480833	0.110896851661841	1.8917254200974	0.138474935663709	2.50973653504072	0.183346583136814	3.80896756049013	0.199233729276905	4.46742468620251	0.213826594456993	5.11748682651557	0.230698896357568	5.74692915313096	0.260779199320221	7.64647429120535	0.303814639840487	9.64766138546159	0.305187793593615	11.5730750659238	0.348342703621229	12.8638730604481	0.391497708284131	16.1409705079258	0.446954290477367	19.2386473947043	0.485620768233199	25.6574805389971	0.585477941842044	32.063749631109	0.550470681985115	38.2427577899855	0.681202292145478	44.8554648529575	0.748610635234701	51.2582448869484	0.837112667323497	64.3298374092761	0.90782420070441	76.8681035784904	1.11928804228663	112.061434748697	1.20524395851424	128.081918038379	1.34569877515976	160.935559654992	1.46765986601063	185.049562525793	1.52917949717799	227.522511164229	1.69794110731663	256.009227760545	1.8144431453241	288.104428726032	1.89714387575265	323.452715816534	
0.0145582217747489	0.105191417339014	0.0184463362149581	0.150420346617532	0.0271817317463377	0.210274773979663	0.0356403365460062	0.275446354512578	0.0451592230625991	0.392531220768842	0.0499011687218037	0.469161807244285	0.0475670458712591	0.519367806761271	0.058508934672783	0.591136604842615	0.0922576848042469	1.24126067082798	0.110582856559163	1.88141416628698	0.138225081173283	2.49580232017181	0.183122203790963	3.78811920715567	0.199006813648641	4.44465431599599	0.213575168217126	5.08971152903078	0.230591848312885	5.71692100987959	0.260597690883011	7.60618946949249	0.303591782723959	9.59794832011243	0.304951514908047	11.5120585390234	0.347731682028878	12.798619947357	0.391243690534485	16.057255788315	0.446450979178705	19.1399365197093	0.484910096324269	25.5246217921032	0.584951029857294	31.8963648953688	0.549863209954301	38.0419646524355	0.680478175585363	44.6228577377698	0.747925867629759	50.9913986302537	0.836348680101831	63.9979885652511	0.906925708645734	76.4670388440076	1.11831777088049	111.477763743037	1.20436237377325	127.416283199465	1.34466200012163	160.102882807029	1.46623794480855	184.052928209003	1.52783675341855	226.357106303773	1.69638192392856	254.675365280794	1.81270159461	286.611541061574	1.89542135609757	321.783159993353	
0.0144066477549663	0.104349196181345	0.018458067675098	0.149066320073676	0.0270271044480613	0.20813302319808	0.0353611783748506	0.274879324610722	0.0450748702576915	0.390229195200546	0.0499762471138157	0.466437281389316	0.0474446059237988	0.517086299392472	0.0583193671316518	0.588241821587561	0.0919850495320263	1.23458180771668	0.110556534640115	1.87064807783579	0.138123829392172	2.48286485324103	0.182947291277078	3.76827714781529	0.198740412999017	4.42110396317027	0.213381817343945	5.06325917520039	0.23041700249335	5.6873170606064	0.26048196821464	7.56743061974567	0.303512291163936	9.54703384869909	0.304546415151941	11.4521400413864	0.347109859748905	12.732234346069	0.390896780645383	15.9747778650246	0.446068344870249	19.0395362256442	0.484342765943721	25.390801920358	0.58452477847338	31.7296395359802	0.549529469007322	37.8414397357743	0.679788738288237	44.3890659803234	0.746971327929227	50.725621531824	0.83570632947023	63.6639492506346	0.90604253420082	76.0674120715116	1.11737574447413	110.893586097921	1.20338915209445	126.74842808764	1.34343424758693	159.270042046302	1.46469655197469	183.059572147519	1.52646047905446	225.190494449318	1.6947789745261	253.342605486919	1.81108203066326	285.11296115381	1.89350853449238	320.115779739602	
0.0144515799336524	0.102953551161912	0.0184557134662482	0.147597304301147	0.026917565477794	0.207581607500522	0.0350766794034112	0.273150615371362	0.0448866636466006	0.387367532102979	0.0498159087912467	0.464562354512687	0.0471951536904983	0.51390880154179	0.0582876591514877	0.584724740259239	0.0918721519971854	1.22782564483535	0.110710724691186	1.86124614406097	0.138002124690429	2.46982028421926	0.182834254880601	3.74813031317685	0.198584985418185	4.39740646138475	0.213085692870713	5.03681380628899	0.230150253983108	5.65815036726122	0.260164858872617	7.52800773703468	0.303109398426958	9.49687747382547	0.304083503901936	11.3928073456209	0.346732320988536	12.6650068292135	0.390455354087576	15.891592136611	0.445645579042494	18.937999718092	0.483850404242471	25.2576283864488	0.583956075311749	31.5640727418193	0.549071402846771	37.6427066836616	0.679255998706789	44.1549016938649	0.746202639321267	50.458976440796	0.834949700907642	63.3312733922026	0.904992050728318	75.6674053194233	1.11639177178785	110.310503688101	1.20218131654479	126.080215347962	1.34206256514917	158.434951210341	1.46325528946115	182.056262110831	1.52492448704192	224.024895873776	1.69308358624143	252.011097390525	1.80949587609789	283.607705526148	1.89164571125405	318.44863790442	
0.0144720590113523	0.1027990825891	0.0183713522212269	0.147653416483602	0.0270620860678348	0.206198549887164	0.03507809917849	0.270321548562358	0.044815632427449	0.383726381151313	0.0494550684146868	0.462272145098995	0.0470234295114145	0.511068733485396	0.0583682951236675	0.58099409503317	0.0918550729439363	1.22126471043946	0.110539360737497	1.85139321735082	0.137924766237413	2.45669189616976	0.182647580239873	3.72767521078084	0.198249872330163	4.37431199093765	0.21278686780648	5.01008950627973	0.229939091938176	5.62791079036105	0.259736956765855	7.48692896286468	0.302679611800613	9.44735905488516	0.303775487490083	11.3329410020456	0.346635775392928	12.5981863003038	0.390189098206296	15.8074769483122	0.445207964580097	18.8394304041217	0.48319566495399	25.1247826780703	0.583227365902254	31.3978577471774	0.548324344613038	37.4417012045747	0.678625772201179	43.9224473155722	0.745671046323095	50.1928826927059	0.834174075774282	62.9975693536971	0.904208926661315	75.2677189422854	1.11538765312739	109.728792185045	1.2010068387463	125.414938136901	1.34074671083746	157.600918356775	1.46195232825716	181.052370928884	1.52349072228649	222.860206269023	1.69143074576047	250.677026294527	1.8078566757967	282.105400328262	1.88969368898939	316.782181522619	
0.0143718403070714	0.102268214194869	0.0182108912463834	0.147005012275654	0.0271165578957263	0.204903356733782	0.0352096288968787	0.269244212121512	0.0447748399630689	0.382378408203904	0.0494617680931956	0.458939989500612	0.0469777635524059	0.508433498178028	0.0581946561031652	0.577975678712208	0.0915077738710492	1.21430132829512	0.110146529654526	1.8415919790411	0.137696097397296	2.4446324335545	0.182335717200885	3.70854887280506	0.197984825678046	4.35086408359027	0.212658076994317	4.98377778215144	0.229591973380371	5.59754175962915	0.259467643998609	7.44702505206675	0.302375410042368	9.39709464659802	0.303442189573089	11.2735049294792	0.346484216171065	12.5312577379806	0.389881356566644	15.7243992533122	0.444810866776722	18.7404196432719	0.482627574966375	24.9917376666704	0.582747309286041	31.2303090986719	0.547738800423868	37.2421821162464	0.677948736520632	43.6896949140697	0.745246919731386	49.9253286308882	0.833312934296882	62.6641037337593	0.903633090645859	74.8687999749125	1.11430733807747	109.145069025324	1.19986837018018	124.748819010272	1.33952918354362	156.770417078243	1.46088190712477	180.051385473231	1.52208996782325	221.697379309331	1.68993964334499	249.344475116899	1.80625907085307	280.605509118375	1.88791442303478	315.116201977954	
0.0145018238597254	0.100736377807283	0.0183582215405972	0.144809754104317	0.0270288387715201	0.204432209396811	0.0351261346113153	0.267451940119454	0.044709794965298	0.380265935874369	0.0495468364186929	0.456360546233579	0.0468888645443618	0.504981900465123	0.0579578473814788	0.574555454927045	0.0912773560202231	1.20722642027777	0.109976732489547	1.83085045422164	0.137530927661341	2.42968074882115	0.182347234873037	3.6888690964156	0.197978489617006	4.3278226985274	0.212410641035133	4.95702693945007	0.229372231951115	5.56669402911663	0.259186022505476	7.40742661505879	0.302137063669326	9.34766004668545	0.302997760224628	11.2135258958777	0.346101171175507	12.4645228907436	0.389533585239085	15.641440767596	0.444522637619827	18.6395685891021	0.482149542835856	24.8585138413446	0.582221668969881	31.0638500975269	0.547211796322622	37.0416124961037	0.677399113545159	43.45610804758	0.744637738534547	49.6574988976015	0.832513154282212	62.3309324117412	0.902750837616578	74.4690539931327	1.11327607762704	108.561927010862	1.19888954550177	124.082424212174	1.33846143800184	155.938217067417	1.45935119524538	179.051264284887	1.52052147241994	220.529396548111	1.68841620942596	248.016915828034	1.80445505233487	279.105200675995	1.88635076096922	313.449685991512	
0.0144434228655572	0.100395972146471	0.0183912375735115	0.144341255215793	0.0269033395559963	0.202047936407551	0.0350395619786738	0.264610824325213	0.0445842890122369	0.377949038249416	0.0493904417291897	0.453702813666336	0.0466527243929598	0.501697184108131	0.0579545956570642	0.570692911147611	0.0911251251400877	1.20158411914278	0.109823397727319	1.82033081699505	0.137556253154028	2.41516818266087	0.182055914184933	3.66895555807102	0.197837136479817	4.3043524394393	0.21241642009548	4.93106865222205	0.229145111513383	5.53687680698399	0.259022230169448	7.3673322488034	0.301948296957981	9.2981034435214	0.302734174346196	11.1527328863846	0.345747257298231	12.3975151660053	0.389149851245282	15.5588585361822	0.444149809809234	18.5388739971174	0.481535510140905	24.7256010777439	0.581583702705008	30.8974246239931	0.546677843978695	36.8423131998925	0.676525596833682	43.2236573945774	0.743740958825776	49.3916510186595	0.831805615709373	61.9984837960066	0.901910497339607	74.068548052168	1.11249898294844	107.979164975992	1.19779926376369	123.41646899831	1.33728203024748	155.103960696443	1.45798695218927	178.050830172172	1.51907994540516	219.360475013781	1.68692060722067	246.68388781327	1.80281191901186	277.605845907885	1.88466272760708	311.780875226355	
0.0144625156681456	0.100461834111667	0.0182867075529227	0.143722551465415	0.0268052510658467	0.200678557593858	0.0350037616303162	0.263363899872351	0.0446802266114443	0.375816222343359	0.0492761165306759	0.450991471845938	0.0466177125910649	0.498249137062373	0.0580567513478726	0.567770071801329	0.0911505615998508	1.1950568287733	0.109599717059652	1.81068557520917	0.137480441683109	2.40248613093405	0.181698607586765	3.64951745987819	0.19748564070589	4.28137578129229	0.211921555057226	4.9047830051246	0.228667402187879	5.50729055283887	0.258740181170149	7.3274613999553	0.301736897466562	9.24750096515573	0.302565060712384	11.0930919228616	0.345341425947503	12.3312701944194	0.388598887386312	15.4751047010251	0.443639762981969	18.4393063053945	0.480952790807285	24.59105663707	0.581125747846198	30.7316846038416	0.546111440156504	36.6423843296508	0.675830297739869	42.9893664482548	0.742986748372332	49.1257435350755	0.831083183350214	61.6649064173652	0.901043186897949	73.6694428202891	1.11147384879031	107.39387719442	1.19665733826787	122.748539380682	1.33585425891334	154.270419581173	1.45695754325518	177.048995350372	1.51752413971434	218.192924386215	1.68535931698885	245.348356403545	1.80119613013462	276.105895093356	1.88284736971865	310.116564611665	
0.0143457565817663	0.099352003245659	0.0180671812969826	0.142555400608045	0.0268482769261695	0.200156202069631	0.0347953238261234	0.26272533275863	0.0447091488486269	0.373084682465583	0.049110158246791	0.448472739166354	0.0467703638818633	0.495139858587041	0.0579311080101807	0.564553283781396	0.0911102365240784	1.18789810172821	0.109655452287748	1.80016698572042	0.1371427464945	2.38929650842818	0.181509632340619	3.6293310440322	0.197236554961145	4.25748037346907	0.211601937669312	4.87679816007048	0.228542117310457	5.47775179614281	0.25837536694206	7.28760265830009	0.301318057186692	9.19765844597485	0.302227291038395	11.0328986850781	0.344952025199226	12.2644282450915	0.388287648956349	15.390615121069	0.443111506516584	18.339936054048	0.480581737553321	24.4567003235473	0.580589248914151	30.5646723971136	0.545578286535193	36.4419190176315	0.675410271799261	42.7558391864071	0.742287902970986	48.8587035632946	0.830342085115466	61.3315413802607	0.900125124311858	73.2685419985716	1.11039765328864	106.80988581381	1.19558573767907	122.082219088387	1.33453237218665	153.437593721606	1.45572783239958	176.049291394522	1.51616593603505	217.027504624598	1.68382654321987	244.014151197102	1.799436884245	274.608060243617	1.8810089240234	308.45121091574	
0.0140996301028413	0.0981598813029435	0.017951135210796	0.141136778115559	0.0265578810500936	0.198279383444112	0.0346777260444742	0.260907507594644	0.0445122403872025	0.370839525779299	0.0491295640960049	0.445408135068652	0.0466834786187833	0.493151310361705	0.0578232367927252	0.560966760716903	0.0908957121412268	1.18105008716233	0.1095595089551	1.79098845293758	0.137010844017177	2.37591154102156	0.181242028852959	3.60871412434655	0.197072475958187	4.23389509604846	0.211661004265934	4.85001891203193	0.228484711372653	5.44699719788334	0.258118819650395	7.2473732502778	0.300843168243578	9.1489633161514	0.301972675123513	10.9733555104208	0.344665897082742	12.1971364669814	0.387834865728802	15.3073092520491	0.442592231059654	18.2394314518595	0.480034993496632	24.3239272583262	0.580070790547343	30.3968797421052	0.545074831321117	36.2423291487909	0.674710854405741	42.5240777120769	0.741759502144976	48.5925204082416	0.829582404824164	60.9975504944158	0.899394325247604	72.8685650488042	1.1094149137142	106.228114706112	1.19466631354042	121.417537923744	1.33326283504962	152.604231420261	1.45418498118442	175.0523292522	1.51491660621764	215.8601924156	1.68220776557695	242.680512234759	1.79767692730805	273.11278839348	1.87911146846075	306.784784336261	
0.0140355057370799	0.0982097725419342	0.0180964620191419	0.140786484428819	0.0262728405567754	0.197418419420519	0.0347952008740849	0.259407379828835	0.0443721903041514	0.368444775411572	0.0489733562210794	0.443155993463389	0.0464714030395041	0.490236969333514	0.0578123984593005	0.557936993902602	0.0905862447782134	1.1743467768346	0.109287515125486	1.78244263739881	0.136982308482608	2.36340737189804	0.181051185094326	3.58902293925609	0.196989313951083	4.21059014670949	0.21141260148914	4.82384129834801	0.228238999611705	5.41664679360205	0.257736366155238	7.20655571207757	0.300516307628226	9.09791380297115	0.301700108143492	10.9136977830922	0.34428328513472	12.1306186178941	0.387339684454211	15.2250688160038	0.442135441640378	18.1393440821646	0.479370858499214	24.1918154321016	0.579590775599081	30.2311881507252	0.544509915924115	36.0434321839128	0.673942490875887	42.2905616260996	0.741179226724185	48.3289449562737	0.828780257195417	60.6653179455083	0.898500300196176	72.4683049769876	1.10856817191022	105.646060476365	1.19359976062104	120.750763146054	1.33217037046624	151.769110781979	1.45274433759294	174.051924941807	1.51326841379866	214.693371944898	1.68055548415147	241.345398057527	1.79613960531487	271.61033418399	1.87726913865559	305.117344477869	
0.0138643495265222	0.0976480977446279	0.0179819776750601	0.139666598189866	0.0264287187711615	0.196145956357644	0.0348380995419385	0.25788321230021	0.0444035387297784	0.366462455405658	0.0487637461116849	0.440598057926042	0.0461530104513447	0.486383913402357	0.0575933165490064	0.554600123483909	0.0904712808684944	1.16779073188199	0.109093290105639	1.77268982786067	0.136784254095704	2.34988410309566	0.180981728377873	3.56963676229433	0.196897058580186	4.18726936488751	0.211066467799134	4.79726600994361	0.227959637338331	5.38628847307925	0.257381081132445	7.16690186137904	0.300327159837145	9.04762052368557	0.301285994558543	10.8529681035312	0.344012137510688	12.063588541415	0.387031953245373	15.1418868128804	0.441740911630137	18.0396664943831	0.478889210741621	24.0583680893685	0.578934577158081	30.0651854976202	0.543875358486178	35.842918443122	0.673377649510341	42.0568182974248	0.740453105925908	48.0640842792138	0.828023588772222	60.3330406931193	0.897690372112436	72.0683578295412	1.10749686761577	105.063179232212	1.19235231761019	120.08754229514	1.33098949118147	150.93592729456	1.45132194648042	173.050894782673	1.51173828283774	213.528280008813	1.67895112729359	240.013070397306	1.79457359251526	270.108297206993	1.8755876374212	303.451424537846	
0.0138160116503319	0.0967209297858482	0.0178757166182948	0.138168362172947	0.0265257196526226	0.194749001665903	0.0345752020272369	0.256144927901084	0.0443184279592597	0.36491887562304	0.0488824776796239	0.437899230752146	0.0459144976931048	0.482951029451547	0.0574167056519671	0.551741894638172	0.0904545044470607	1.1616140844452	0.109162138086408	1.76178357536866	0.136492528925466	2.33628912245844	0.180716668646489	3.55086712084768	0.196502805332731	4.16440493110542	0.210892293800778	4.77003879576795	0.227971731376935	5.35629755929469	0.257136269867308	7.12754649955151	0.300097892206131	8.99834797389328	0.300934530030532	10.7932992003323	0.343705963816604	11.9966637043819	0.386826119436665	15.0583648770334	0.441432536871596	17.9401826216879	0.478420946365946	23.9252373962958	0.578276321605954	29.8970165883095	0.54336729271021	35.6416857213377	0.672925330174745	41.8233543655091	0.739753604349603	47.7945111101503	0.827192968266532	59.9990460819843	0.896796672913315	71.6693867081066	1.1064712146353	104.47853220054	1.19131844913068	119.421341212128	1.32960606455064	150.104591551042	1.4499375723513	172.051682565118	1.51035889378754	212.360982700975	1.67739396730277	238.681711312516	1.79286543330114	268.608912636562	1.87398874821304	301.787024516193	
0.0139848334659281	0.0956154499422871	0.0177486707873795	0.137607822424974	0.0261618100792261	0.193592182667855	0.0342577443734379	0.254311212046424	0.0440565911714989	0.361668268953723	0.0488179652237452	0.435008813071454	0.0460745439645598	0.480925257428825	0.0574430320981336	0.547683423881409	0.09027037800093	1.15433056018104	0.108919203485706	1.75141003936402	0.136198683095883	2.32343710436982	0.180350308777966	3.53101225582251	0.196080913638435	4.14052908105533	0.210643906204543	4.74370937651158	0.227739089570022	5.3271243466918	0.25697936491203	7.08679042863828	0.299912019754319	8.94713361662516	0.300648826134384	10.7331339022247	0.34334967776177	11.9306403875582	0.386353845216652	14.9744275713378	0.441068488717515	17.8403671981719	0.47787124775532	23.7924512925593	0.57777001643416	29.7304737681368	0.542902218198839	35.4425503378918	0.672173704380065	41.5907174480004	0.739103015811754	47.5269346965919	0.826685707400808	59.6647087441581	0.895914001644527	71.2692756478949	1.10549859424154	103.895613703485	1.19008062260753	118.752904955043	1.32843838933035	149.271244150858	1.44848286016604	171.055539986624	1.5090653446985	211.194758276692	1.67580473184645	237.348236262938	1.79111376437261	267.108067752404	1.87223828210527	300.124084808267	
0.0140001883980797	0.0944064914344521	0.0177635227806006	0.136880779670867	0.0257490819689638	0.191767328929148	0.034122348705931	0.253120778125795	0.0439902608001431	0.358767111960102	0.0487631919223745	0.432497530972113	0.0460977059774238	0.478952541686506	0.0575159229880363	0.544096551570966	0.0901712429414065	1.1475107181217	0.108545549079654	1.7408359197694	0.135996373941415	2.30926051281238	0.180190485488446	3.51034457905895	0.19603774821072	4.11743600759202	0.210358291351526	4.71675969644997	0.227305986044116	5.2971325015847	0.25679374945285	7.04664856493384	0.299626440937692	8.89708620648759	0.300256918894365	10.673166975816	0.342952902708196	11.8647819148224	0.385785157014295	14.8905657027673	0.440696325146556	17.7398514201131	0.477218928421245	23.6581434078081	0.577282353668624	29.5639532997048	0.542250037503847	35.2431914370387	0.671517632898783	41.357506835813	0.738428231786931	47.2602970561441	0.825979066029214	59.3323830629976	0.895150477907263	70.8691273347819	1.10451550199269	103.312821866294	1.18894492275866	118.086383497081	1.32736854737563	148.437270901933	1.44708455900418	170.059173890722	1.50768777761794	210.027431166534	1.67421296486328	236.017339114124	1.7895248204903	265.607967926271	1.87025645390344	298.460102019107	
0.0137856262289901	0.0936206807734866	0.0177906799519503	0.135883740694437	0.0257106365902735	0.189685866729492	0.0340086199351255	0.251266369448663	0.0440900604223642	0.356667590834506	0.0484071612070131	0.429859181555034	0.0457071177971533	0.475143985510004	0.057480734233396	0.541281163561628	0.0899069875613037	1.1411611939402	0.108484293228916	1.73039055551461	0.135999206334948	2.29685273557076	0.180134796036346	3.48970996424522	0.195882251665451	4.09442815014025	0.210205001225862	4.68987753727182	0.227021206197463	5.26638023163155	0.25641520353693	7.00768249592401	0.299354487125893	8.84721295366321	0.299871163037056	10.6130771148334	0.342772242729167	11.7978226188557	0.385556531914407	14.8075830026653	0.440127000286283	17.6396187641034	0.476604368949873	23.5236771982268	0.576915249429062	29.3969280544614	0.541763739251073	35.0425622122541	0.670798363698062	41.1219008620775	0.737608938314471	46.9926573126536	0.825001157300355	58.9978892629863	0.894277961098821	70.4720635618896	1.1035956121752	102.730104534906	1.18800402092441	117.418200559725	1.32611615801765	147.605234803872	1.44574057219084	169.056266185367	1.50617017964538	208.859791132005	1.67264457801162	234.689109273037	1.78792394290824	264.108970786013	1.86849116117517	296.790814416815	
0.0137408065082344	0.0938917465615281	0.017557305247978	0.134503127802721	0.0259952090357916	0.188406098605519	0.0342683020964695	0.248778399516411	0.0438756584342117	0.354279970904902	0.0483299709537537	0.426417479144014	0.0454844755759797	0.472167304079935	0.0574490021669018	0.538004945522725	0.0899475431874526	1.13350886595402	0.108506217489345	1.72146860208888	0.135808375844744	2.28385007606286	0.180018554219645	3.46978501719964	0.19565948874053	4.07105800822416	0.210080690226633	4.66424241896184	0.226718659306283	5.23594693964506	0.256164585097177	6.96728172455612	0.298890203123861	8.79706030407972	0.299718932145343	10.5528652505992	0.342616588918491	11.730912682983	0.385316999769858	14.7245313846962	0.43968050750248	17.5388831939274	0.476040494008914	23.3916827186411	0.576493742531228	29.2305063062177	0.541283440389163	34.8433299712651	0.670146146393401	40.8888020085937	0.736940681816084	46.7266827738474	0.824192453702001	58.6630043075122	0.89340882894945	70.0775329862799	1.10251791832103	102.14745425874	1.18693664270188	116.750583866467	1.3248669772231	146.772945386083	1.44437639618996	168.055161520431	1.50466914059406	207.694818405203	1.67100145113783	233.353399049385	1.7861658538726	262.608662343632	1.86676355585272	295.12209305862	
0.0138965754384628	0.0937121250044383	0.0175313103657521	0.132972222737666	0.0259791288085367	0.187773061219322	0.0342714373822854	0.246984119350146	0.0437628146177598	0.352670965714525	0.0485246042959915	0.424128986856238	0.0455255681808929	0.469377003571258	0.0573851208479597	0.535624368719758	0.0898925630175138	1.12738192785728	0.108142468572013	1.71188401268279	0.135614071614463	2.26920502927263	0.179760360518441	3.45056717678524	0.19538669680823	4.04775585285279	0.20978367064763	4.63765316071949	0.226591055196992	5.20686313400509	0.255950355991643	6.92678549262887	0.298636857352518	8.74755306100978	0.299399005503072	10.4938668996222	0.342151181008034	11.6647142775236	0.384911539696716	14.6409312177566	0.439375083572585	17.4394496126489	0.475601212074603	23.2574921805287	0.575932428576056	29.0638070238599	0.540475242236875	34.6443622258747	0.669660029349844	40.6568021156958	0.736240597473404	46.4606635315598	0.823363378376876	58.3317477846165	0.892549624238916	69.6792249664869	1.10142030051999	101.563954616426	1.18583190143573	116.083704780653	1.32370289527815	145.940045020713	1.44295406468208	167.053535314877	1.50312641975844	206.528295957711	1.66942069617684	232.016973570031	1.78457382510649	261.107579040907	1.86495850042926	293.454802211833	
0.0137945863478077	0.0926952263026437	0.017617727233241	0.13282351672301	0.0258310345737002	0.186239042044556	0.0341817883525194	0.245348396844679	0.0438239951448899	0.350227146290979	0.0484959567902436	0.421839475934444	0.0453726360454146	0.465062913883734	0.0573245851016506	0.531620380331021	0.0896998268681424	1.12093030744339	0.107865555937473	1.70136716942379	0.135448308876318	2.25563589283563	0.179405001688312	3.42984129236353	0.195285784706668	4.02460038077995	0.209493017298726	4.61106623078347	0.226455806716321	5.17691599237945	0.255576444069112	6.88695422498831	0.298505853706298	8.69789494368991	0.298875883162893	10.4341048641702	0.341785459532089	11.5975482279552	0.38466982759959	14.5569417579993	0.438931617185522	17.340282389614	0.475183930625097	23.1238492600642	0.575513190199576	28.8974374296779	0.539923480612941	34.4458042623977	0.669126056414996	40.4236026793788	0.735586836879962	46.1929753592977	0.822732251515282	57.9991576078573	0.891697348510152	69.2752917586105	1.10039917340635	100.979523651581	1.18463560172481	115.41836796495	1.32243471072418	145.111346782601	1.44170534086444	166.052967091718	1.5016222481396	205.362816591453	1.66785595300254	230.684139270353	1.78293711189059	259.60768783102	1.86308613941747	291.787541167366	
0.0137670132805397	0.091030014342367	0.0175320884217379	0.132012873219887	0.0256429527234537	0.184403507200578	0.0339513677179053	0.24398566825593	0.0438713353425013	0.347488679701884	0.0482809056731654	0.419121934998453	0.0452327759303422	0.461905352155968	0.0570159176836088	0.528286303879919	0.0895323934813503	1.11383584165291	0.107987480432826	1.69061330458081	0.135407050101647	2.24303486616895	0.17912653795495	3.40868746523911	0.195079023108519	4.00037854440982	0.20927422897917	4.58432982358132	0.226178261197181	5.14658002359738	0.255438998720729	6.84714344644342	0.298108881532461	8.64765009317591	0.298460585770906	10.3738445711645	0.341543364236448	11.5310331728354	0.384186008023882	14.4747711711439	0.438501351137655	17.240988506715	0.474611164268916	22.9920931990463	0.57477470074178	28.7312522373569	0.539468217945803	34.2485948539446	0.668466876953115	40.1896395585868	0.735003940877514	45.9260471462204	0.822110763009991	57.6656808120492	0.890961873560461	68.8720514546967	1.09927565437776	100.395830294181	1.18360994402961	114.75191356221	1.32116615013708	144.277313929034	1.44047288215322	165.053456850954	1.50017901415606	204.197322324034	1.66616205561979	229.351364575318	1.78116331706593	258.109823178959	1.86125403336306	290.122455692331	
0.0136284766035848	0.0916910969058555	0.0172165994499878	0.130955967667051	0.0254970701701897	0.183490039869335	0.0340031819688029	0.241981403962894	0.0438422600453695	0.344929609115203	0.0482431381008604	0.4170836192254	0.0452768497060992	0.459998789417135	0.0568600914239318	0.524491746645202	0.0894608514012094	1.10734522210805	0.107754011625993	1.68107877376073	0.135405285102768	2.23112627780362	0.179138619269348	3.38791873998101	0.194804817946594	3.97756626468943	0.209124594108356	4.55727490407378	0.22594838191422	5.11706641260964	0.255387486512345	6.80747376326189	0.297793311462945	8.59738195959865	0.298248062112029	10.314020137103	0.341265347811551	11.4644790021694	0.383682710866753	14.3918350371685	0.437975661161552	17.1409644669522	0.473995186352513	22.8581690191777	0.574120810869005	28.5649012696254	0.538837444145535	34.0466245247163	0.667814098357798	39.9576061380778	0.73448152925312	45.6590891308221	0.821291301826783	57.3337798139625	0.890083752000367	68.4719180427442	1.09828208356831	99.8132321720766	1.18246246098272	114.084989772914	1.31991866290026	143.441731354777	1.43919145228902	164.052530999944	1.49873231355705	203.030114423159	1.6644432320693	228.017740514134	1.77944653851375	256.610229992282	1.85949017815447	288.456982787122	
0.013606679873969	0.0913796641068879	0.0169843532979758	0.129658518966915	0.0256274929825922	0.182113079508169	0.0341436103347164	0.240593325939021	0.0435734683734327	0.343015741315272	0.0481556648094377	0.41415414420609	0.0451546860529441	0.457228075785425	0.0568991193754599	0.520747480827125	0.0893876636929932	1.10025785765186	0.10756784511194	1.67145856126785	0.135144221455367	2.21787053139808	0.179029128767167	3.36869275049447	0.194618842059736	3.95467109726383	0.209060372251343	4.53101486834592	0.225664913037972	5.08684685914387	0.255082224676164	6.7678101336768	0.297504030871904	8.54797250539439	0.297979154717509	10.2541463429474	0.340751384379911	11.3972561419266	0.38335047219534	14.3081640897166	0.437439815179687	17.0401823306496	0.473473578942471	22.7241405311856	0.573593940793771	28.3970974387466	0.538466542810734	33.844810657673	0.667202344254243	39.7246004168471	0.733734570170392	45.3934275163862	0.820319178153627	57.0005526125925	0.889165717726483	68.0707340989775	1.09732174880363	99.2302391692192	1.18127653675246	113.41594256825	1.31862097017043	142.60798162326	1.43781536345002	163.052320404636	1.4973356187755	201.86307043505	1.6629894293675	226.685085028383	1.77778195457916	255.111650084518	1.85760795329571	286.797410741467	
0.0136338741105027	0.0900119733152812	0.0169062253789569	0.128772263715857	0.0257745079659047	0.180797193532314	0.0338478858237557	0.239706910616902	0.04343197788069	0.34138266725825	0.0481111788041205	0.411088055813104	0.0450752937864051	0.453069138610697	0.0569407967068874	0.51779425708329	0.0894089707441196	1.09409739194403	0.107623093997565	1.66125592294754	0.134941990066335	2.20291628552777	0.178860610376491	3.34857408836257	0.194347864087703	3.9314192333091	0.208783003991989	4.50345377504312	0.225558679912185	5.0577844739221	0.254630601434119	6.72747408922477	0.297122426882645	8.4986599087333	0.297783550494841	10.1933840670979	0.340178709831687	11.3305203633671	0.382873990510215	14.2253741733785	0.437092696799497	16.9393256885447	0.472855208638811	22.5914028562207	0.573005730620926	28.2310593953854	0.537966753887681	33.6449376667831	0.666687137405294	39.4901865359504	0.733004256677201	45.1272927901048	0.819418482597297	56.6669975856919	0.888171679550047	67.6701611027906	1.0962836514967	98.647253616942	1.18010622395077	112.749942650905	1.31735923675408	141.773889165052	1.43629534198965	162.054434390365	1.49586826232067	200.697784783878	1.66147895311993	225.350730810336	1.77603532661452	253.610417770187	1.8557503545675	285.13259348732	
0.0133665462521007	0.0893761274095788	0.0168927526861166	0.127074986611898	0.0254783505325546	0.179692528595967	0.0336915181047727	0.236779472865627	0.0435432099997713	0.338645015576369	0.0479104150310252	0.408742490916513	0.0449091157074816	0.450474619560203	0.0568558797125853	0.514312915257071	0.0893622778855586	1.08808873180865	0.107357029338551	1.65139868887068	0.134946076302365	2.18933876718799	0.178736618599711	3.32884169225014	0.194039581116733	3.90832453003137	0.208416360105012	4.47734414790391	0.225367488007723	5.02793232719456	0.254187158475571	6.68718973317318	0.29679462594581	8.44791866331061	0.297650904659176	10.1328630037836	0.339799166562451	11.2651480409922	0.382487113052423	14.1423942672442	0.436847804931372	16.8393854678096	0.472325258755443	22.4589445780149	0.572514106204142	28.0655019144499	0.537268563857956	33.4441035510419	0.666003470635239	39.2578066634601	0.732267782729637	44.8590979783862	0.818701429720323	56.3341950673957	0.887342269600802	67.2694912490607	1.09533251226191	98.0632547857518	1.17906314205999	112.084926210152	1.31612922091343	140.940944096201	1.43477367886371	161.054775137996	1.49411406608495	199.531441150311	1.65994685787766	224.018835283769	1.77439759959579	252.111569641534	1.85408133837583	283.460057432041	
0.0131558636087055	0.0884485847389998	0.0169647236897897	0.125865766169601	0.0251044094741336	0.178806142377678	0.0337241457819938	0.235647057428258	0.0434948558130696	0.335607216105244	0.0479480166998611	0.405618631422815	0.0448011437500257	0.44789549643529	0.0567682151478784	0.511022436341922	0.0891360062188172	1.08047924465887	0.106868263106919	1.6414320243965	0.134747945290895	2.17658174399748	0.178488470248596	3.30921476841428	0.193917781766435	3.88485776340275	0.208258458337702	4.45110366994919	0.225100012169475	4.99694396697996	0.253997922360175	6.64687464347809	0.296564098753399	8.39759930699417	0.297346967469314	10.0731317019752	0.33949751491678	11.1984774550098	0.381968860455419	14.0589459058771	0.436316560756966	16.7403337287685	0.471849931080914	22.3259610339019	0.572084022064026	27.8984505921756	0.53677975927934	33.243526480319	0.665235987542825	39.0245811501122	0.731590478967926	44.5926466024445	0.818069045905035	56.0005320070815	0.886663802989878	66.8691492208614	1.09431853444603	97.4800904195488	1.17810699886983	111.419090205572	1.31493651521727	140.107790411103	1.43340853525359	160.054251618318	1.49254910137209	198.364531272646	1.65822166067559	222.689830582336	1.77269682362766	250.611112187549	1.85227090347019	281.791991724908	
0.0131054769261648	0.087545849444728	0.0167715341216495	0.125085201473826	0.0253222317953872	0.176549009465729	0.0337545683143635	0.233828722947263	0.0432294500807765	0.333940003256718	0.0478413856577406	0.403272775487933	0.0447506706982329	0.444445848678934	0.0566054628109972	0.508276548276413	0.0889873886068919	1.07394718126141	0.10699457979376	1.63109411147865	0.134331746672546	2.16398723658852	0.178238597670147	3.28864022390376	0.193679555499051	3.86150694642916	0.207996936805571	4.42423687759279	0.224814166738453	4.96775259358773	0.253725831236492	6.60746945589518	0.296106122634104	8.34803245928229	0.296868237943991	10.0128201862303	0.339012176819593	11.1314920820123	0.381687479167891	13.9760181538044	0.43577774811397	16.6396596258795	0.471225127873192	22.1916140336044	0.571613673039217	27.7315967102778	0.536264551414627	33.0432288063552	0.664732545265442	38.7907558650548	0.731075281833874	44.3263032599163	0.81732112534242	55.6671781458474	0.885884680751959	66.4703718145131	1.09324080184884	96.8978275735552	1.17701729481368	110.751905645968	1.31372034892332	139.272774080945	1.43210236872832	159.055128807727	1.49118797549359	197.201048661893	1.65661302333691	221.359380468337	1.77106863289228	249.11239816934	1.85031532369298	280.124730680442	
0.0131634343204759	0.0877747801642271	0.0166081313956443	0.124295731006355	0.0254547516275468	0.174665482407608	0.0336567638252135	0.23189307093127	0.0430978236008868	0.331437481409929	0.0476497149195646	0.400946331807044	0.0446057181855246	0.441053186219904	0.0565371526748537	0.504709408362083	0.0888917633572802	1.06727215985555	0.106918906257532	1.62158018616955	0.134264701269564	2.15004650246189	0.178049637534711	3.26830270097722	0.193478271195241	3.83708184891678	0.207751341395913	4.39727043372563	0.224457033214957	4.93748880230176	0.253597084667988	6.56707287547869	0.295790093626284	8.29780623521889	0.296426460524927	9.95360669974875	0.338743293153433	11.0645597943989	0.381481687454965	13.8920752601737	0.435398242647739	16.5398032241721	0.470645897879303	22.058555983689	0.571212476718091	27.5644317666548	0.535876209492965	32.8430168140642	0.663942677479822	38.5585510812002	0.730432492304787	44.0603175452397	0.81635950779702	55.3334815579222	0.884908278629528	66.0707897454987	1.09203759921562	96.3151623962285	1.17584026510984	110.084862647389	1.31240128008771	138.439054151749	1.43084822519536	158.054188055556	1.48972170760933	196.038519725411	1.65507911778399	220.022850680859	1.76944187967657	247.617498848216	1.84851653638479	278.458423310246	
0.0132255598191493	0.087249928986657	0.0166829650855568	0.12401822599613	0.0251294200575423	0.174263878670211	0.033519080491853	0.230841927936591	0.0431763409888259	0.32842904770234	0.0477578567386241	0.397279365758989	0.0444699750561174	0.438789897848106	0.0566227572762642	0.50131467953119	0.0887700787575457	1.06084778062567	0.106500060388224	1.61158395220504	0.134241517938162	2.13631624722713	0.177974269521775	3.24891233306407	0.193312310129054	3.81412730967988	0.207668544094734	4.3703184253577	0.224181744016844	4.90732699083288	0.25348240132069	6.52701576212451	0.29549726753676	8.24747197774197	0.296205790342997	9.89339297286956	0.338651304996497	10.9976396139785	0.380994902111616	13.8077300352098	0.435116211011855	16.4406415890724	0.470318445981896	21.924743562524	0.57066267611895	27.398559498704	0.535447155017308	32.6429314816374	0.663125429354683	38.3250275446426	0.729577583625074	43.7941269396065	0.815638797569721	55.0008727547123	0.883926875031284	65.6712002259039	1.0909704383113	95.7317745126182	1.1745763086263	109.418520003353	1.31113437755748	137.606630623515	1.42939407180365	157.052457541879	1.48810904657858	194.871088307129	1.65341511276514	218.686738125874	1.76770868104588	246.118397399835	1.84666275742955	276.79178811452	
0.0131917725245415	0.0863360978575507	0.0165859721552652	0.123061932380405	0.0251541269934075	0.172758090209647	0.0333782444234776	0.229485820468956	0.0433052336556976	0.326437385367293	0.0477833299914452	0.394931618075217	0.0444733384155578	0.435851749887732	0.0563786897740263	0.49772268494683	0.0883569827312147	1.05474400917687	0.106354986720643	1.60144476023211	0.133970844921873	2.12365724573294	0.177792997180636	3.22900391699341	0.19301580146197	3.79152387903692	0.207503810965726	4.34417946155879	0.223803666270953	4.87732164154909	0.253200815683476	6.48705876594235	0.295178984908748	8.19704458801202	0.295878295232136	9.83277225804459	0.338396014111406	10.9312037212738	0.38060305456358	13.7244288228025	0.434651659595155	16.3408671437478	0.46985309220173	21.792065492201	0.56988620538524	27.2324730265712	0.534737193841459	32.4438482522532	0.662632443286164	38.0912320619061	0.728816299124735	43.5262003487766	0.814991856251231	54.66726557375	0.883177897993879	65.2711040668527	1.08990230830763	95.1489826754273	1.17350048418111	108.75351101318	1.31001125416665	136.773417333775	1.42795942214607	156.055778521607	1.48657610491523	193.702271080922	1.65174526930834	217.354440267974	1.76602998329017	244.615436550888	1.84487024419709	275.126404616275	
0.0130114810479506	0.0861776129563262	0.0164376939165538	0.121094215220729	0.0251695161007322	0.171207379988906	0.0331892322299976	0.227858770904553	0.0433874938224348	0.324654688525	0.0476191882260526	0.392437594546517	0.0445913160414914	0.432734264132601	0.0561470494531732	0.494914398271786	0.0882692498016145	1.04758970591381	0.106433767687431	1.59125306495152	0.133749337448877	2.11046995153339	0.177478926482225	3.20921680568232	0.192856265369054	3.7679842364203	0.207136727046294	4.31792268545978	0.223550639203994	4.84736472103689	0.252665505005385	6.44686195420862	0.294958892411649	8.14697016952107	0.295504701696802	9.77384096228973	0.337936995667545	10.8647752791494	0.380232988881106	13.6415876837252	0.43421584331584	16.240232156405	0.469194791861679	21.6584505114125	0.56938732760413	27.0644158759641	0.534193316031943	32.2437591945362	0.662063081269187	37.8572205123426	0.728248109395538	43.2600022925632	0.814138870423845	54.3340979770219	0.88234161393523	64.8709632043199	1.08869153392872	94.5692753784571	1.17248390057133	108.087265226687	1.30869302330017	135.940412660282	1.4266214367172	155.056521600571	1.48526002707485	192.533960494171	1.6501137348977	216.021039724198	1.76435613874371	243.113965817989	1.84323563733619	273.464478187262	
0.012912451794669	0.085120918406251	0.0163784407287587	0.120180798821187	0.0250395492231208	0.170298729341375	0.0329193214939495	0.225766860430259	0.0433143058959347	0.32211698014886	0.0475169082531632	0.389782044766455	0.0445186529283595	0.430632763946628	0.0561092458590595	0.49096256394475	0.0883293567189999	1.04110269524376	0.106010343378127	1.58156649572836	0.133466957463325	2.09664633121496	0.177226692180314	3.18952212813237	0.192701742463331	3.74433493057573	0.206988533065385	4.29010128750974	0.223455839023266	4.81765972326915	0.252389893901457	6.40627678097972	0.294746454530479	8.09765664153745	0.295107118310521	9.71379207949842	0.337557635589461	10.7975710453572	0.379778436210512	13.5577863511191	0.433830267119435	16.1396921639604	0.468576317863982	21.5244760401272	0.568912386402316	26.8980090288809	0.533681915032664	32.0440463911216	0.661463414105777	37.6238534379701	0.727484375697262	42.9938303133806	0.813395024333475	54.0009266550038	0.881323833529055	64.4713438824042	1.08776659793193	93.986997631303	1.17121743539581	107.418724661479	1.3072815766771	135.107333480987	1.42529551462819	154.054865592697	1.48402377615217	191.367736069889	1.64845988657437	214.687952104793	1.76258937076536	241.614044805781	1.84144877478705	271.797157538154	
0.0128816002954869	0.0844077108848903	0.0163418738735432	0.119777732616378	0.0250571880128895	0.168988562267933	0.0329216156383186	0.223289047734354	0.043117418045843	0.319665710145071	0.0473886481318596	0.387721988433083	0.04438585284087	0.427360765962941	0.0558435166667953	0.48798247736668	0.0880497278341389	1.0338741190089	0.105756285756148	1.57101007126182	0.13315995029368	2.08353098168089	0.177076833867744	3.16924909929106	0.192581253804041	3.72140367440208	0.206808386116992	4.26348641789781	0.223194660730075	4.78736054172703	0.252137350022124	6.36694051126406	0.294391695256755	8.04819782723909	0.294719133885598	9.65325052708854	0.337251876502726	10.7310476083346	0.379299683582596	13.474968495105	0.433373196496037	16.0401430986881	0.468072940525857	21.3923195104212	0.568239186717151	26.7314885604489	0.533034969892686	31.8446278856265	0.660752071449714	37.390836540869	0.726721396018119	42.7269393532045	0.812646551048372	53.6685525450716	0.880352468645226	64.0714116361183	1.08683171758117	93.399571533201	1.17010560816184	106.749945677703	1.3061164794392	134.275491098012	1.42381560481213	153.056040805315	1.48247021886614	190.200438762051	1.6468964688991	213.355505235288	1.76091268150573	240.113736363401	1.83967171227181	270.127333494083	
0.0127584770184606	0.0832751572043327	0.0162528019472694	0.119192185403274	0.0250157174714589	0.167600149550026	0.0331461402050338	0.22222156293965	0.0428686325740228	0.317778676075547	0.047184044760252	0.385118883753013	0.0441074226787553	0.424061119341634	0.0557078273649234	0.485180913676151	0.087864190149086	1.02706056337664	0.105912794713125	1.56115644605976	0.133135685763706	2.06924402840359	0.176810570570734	3.14887269364887	0.192519921858442	3.69807683898365	0.206453584380753	4.23718959493	0.223046276264598	4.75689651609704	0.251792519112719	6.32733741764344	0.293952431579178	7.99795297672509	0.294446597546091	9.59328639464749	0.336902382600908	10.6653148641404	0.378916474651001	13.3916831151807	0.432878359676943	15.940815688178	0.467616135544802	21.2582817092039	0.567736405958116	26.5638076641441	0.532343815408401	31.6439241550394	0.660075016025128	37.158281579743	0.726127568942887	42.4601825034728	0.811889139650952	53.3346100879983	0.879531802458743	63.6697061517346	1.08564127320579	92.816653036146	1.16904657882129	106.08524216132	1.30483828273097	133.442322511754	1.42241213278434	152.056813686599	1.48079524403711	189.033141454214	1.64528087001729	212.021910976425	1.7592417206774	238.61526076376	1.83794208828438	268.460608891394	
0.0126866866786368	0.0826777392669444	0.0162558943864254	0.117826371808642	0.0245357865413976	0.167051149470281	0.0330958186153931	0.220667898680258	0.042836602711313	0.315206683388757	0.0472132314464811	0.382016590196659	0.043899635378648	0.420328116705409	0.0556548554538769	0.480571885784788	0.0877885683114437	1.02044025716944	0.105837143319091	1.55142109881907	0.133140864187915	2.05611331204776	0.176696650430622	3.12846834833078	0.192148471357435	3.67455861678523	0.206183453382579	4.21001546613857	0.222761468990496	4.72641852062909	0.251455964599303	6.28682488757191	0.293695502963316	7.94789439071716	0.294163012935586	9.53239187099859	0.336457525772483	10.598241946825	0.378464136578183	13.3084731723814	0.432413767468313	15.8414491621216	0.467024231670908	21.1246332008042	0.567251919290693	26.3996322658437	0.531786975436706	31.4438537237731	0.659420155918033	36.9243259095313	0.725453894219295	42.193820534494	0.811329472571151	53.0013754360481	0.878655480516548	63.2697664548684	1.0846358432024	92.2344125418931	1.16785528803677	105.419838290395	1.30362280241431	132.609541355668	1.42095436972602	151.054800050874	1.47913550263028	187.86812402393	1.64361467049976	210.689553513884	1.75739403151225	237.115101332984	1.8361810628878	266.794122707273	
0.0126055464178418	0.0823563238546043	0.0162255982949242	0.116106561065022	0.0243203578152136	0.165835962743024	0.0328051549054958	0.21919568148653	0.0427260776668894	0.313147325547283	0.0473104176756891	0.378766158150316	0.0439525054670425	0.416860424575026	0.055749567461678	0.477052563461627	0.0877968381285166	1.01391226830805	0.105520773912822	1.54097864494718	0.132992759320007	2.04331694048034	0.176542670194921	3.10848728910274	0.191813417501529	3.65087182520881	0.206017875066692	4.18323342413243	0.222391169540173	4.69593726553228	0.25108295839962	6.24703133849383	0.293293936284167	7.898119858081	0.293763134671522	9.47255439842167	0.336110458530594	10.5309799710359	0.378137794441789	13.224954030502	0.432016206777247	15.7402460680353	0.466235667579619	20.9930783054528	0.566742847208996	26.2357474401727	0.531349904954123	31.2443476739601	0.658604673883179	36.6913313641709	0.72483418417043	41.92668743046	0.81064341776498	52.6678204091474	0.877732259247389	62.8704302550019	1.0836806172019	91.650354106061	1.16670729883352	104.753428591136	1.3023694648186	131.777892687779	1.41956454309903	150.055543129837	1.47773330766713	186.701512169475	1.64215655278256	209.354573447096	1.75549782620339	235.618071145911	1.83430989028437	265.128619999744	
0.01255721709454	0.0813436270181323	0.0161099979113461	0.114778385997341	0.0248112526617347	0.163611426119639	0.0325021989439355	0.217864195858292	0.0423986553068056	0.31091625511427	0.0471713346896442	0.375795384797549	0.0440584593939989	0.414608748631029	0.0557902826961379	0.474625362324482	0.0877344362576943	1.00696902601344	0.105459914380585	1.53111756916489	0.132759851684507	2.03044443329606	0.176329509077706	3.08914348731611	0.191549209959411	3.62812776486376	0.205843656038888	4.15645650440021	0.222199978660166	4.66607487425691	0.250885905804428	6.20757399684922	0.292977934657232	7.84761982519367	0.293382989022836	9.4132058701732	0.335815055535545	10.4654875080545	0.377865988180629	13.1417729587011	0.431678386875916	15.6396278444981	0.465579830352041	20.8598433042567	0.566022273388247	26.0677573447878	0.530910444374758	31.043731487691	0.657947006315817	36.458165455465	0.724076108233529	41.6585075199019	0.809628602602502	52.3340455901296	0.877099210374726	62.4706581961912	1.08265501637549	91.0651855337726	1.16549660292447	104.086534604162	1.30100955365793	130.943323392435	1.41825103952137	149.057031266826	1.47636739563459	185.535868890451	1.64048406279803	208.021456025369	1.75392578423095	234.121756214541	1.8323183258617	263.461955001697	
0.0123861060996938	0.0803297951323264	0.0159974905795575	0.114352007625444	0.0248228393870684	0.163704747547566	0.0325562815852195	0.215913395299266	0.0422954631471077	0.308287626376102	0.04687935847266	0.373805817938196	0.0439452162817241	0.412445228185298	0.0554666006090153	0.471371350507163	0.0877060850827878	1.00057933854782	0.105357654899711	1.521435889385	0.132633214750784	2.01669997539271	0.176094143594623	3.06901714177334	0.191287779888975	3.60489382886774	0.205580268299295	4.13006189256671	0.222009711477533	4.63607045629565	0.25088216116012	6.16771339254895	0.292701767419857	7.79895356636866	0.292904200917323	9.35348015629993	0.335426065110533	10.3990897995736	0.377516933542946	13.0580051537061	0.431366399656797	15.5398887894296	0.465042798412404	20.7254460125426	0.565571838679852	25.8995753969617	0.530400243946324	30.8433816596655	0.657297813041758	36.224384873889	0.723379668202657	41.3924249476822	0.808692401734983	52.0008407405004	0.8763984309687	62.0706179164918	1.08149053432242	90.481849804224	1.16421088934855	103.419484155002	1.29983641401883	130.110050498054	1.41701959163275	148.056507747148	1.4748608027575	184.371864739081	1.63886234209427	206.689962830136	1.75212924134595	232.619451016655	1.83027711053116	261.796124468637	
0.0122119680288937	0.0800281448579064	0.0159955371959371	0.113422213046091	0.0242707792696529	0.161399331383183	0.0327302492607348	0.213371525075568	0.0424162250157264	0.305749423234867	0.0465810357579755	0.371616598811392	0.0436080855735371	0.409526958140181	0.0552926047639098	0.467373706753165	0.0874679194444823	0.99481212377844	0.105183358534279	1.51134850222783	0.132574535514553	2.00322583385381	0.175812875963302	3.04861745306789	0.191276055032523	3.58117071571263	0.205381010693113	4.10355971298095	0.221690682574894	4.6067482320879	0.25052101736744	6.12753008499191	0.292442601761345	7.74852803928377	0.292597535988406	9.29374140391123	0.335006247978074	10.3317309662413	0.377041408011788	12.9747486447802	0.430994603195735	15.4402493858718	0.46474131815054	20.5911232266309	0.565331654958843	25.7320900783883	0.529743969035048	30.6440376599728	0.656725604448965	35.991554241294	0.722541027609604	41.1272625221225	0.807881529714986	51.6694501071603	0.87552153581492	61.6718628618843	1.08044188841943	89.899758321576	1.16296777599234	102.753894019571	1.29873384664604	129.275913336364	1.41567349525736	147.056505768088	1.47339829828374	183.212628959067	1.63717610389093	205.357903390803	1.75028630529035	231.117235225732	1.82845768200638	260.127045482591	
0.0124214705385203	0.0791146047670908	0.0157923267205596	0.112806303263304	0.0239993515473709	0.15856112597185	0.0324271978371546	0.212994659592884	0.0424303280480641	0.303417042372847	0.0465749438198421	0.368871351030123	0.0434138029441055	0.406034585962743	0.0554592142809354	0.463380108431408	0.0873890366957973	0.987831744997925	0.104985322341632	1.50105389580764	0.132547852892817	1.9903824304986	0.175620711618359	3.02848971054132	0.191046830556637	3.55875145410006	0.205062130924319	4.07729362365664	0.22140490140513	4.57691424614971	0.250187659449966	6.08688391013727	0.292182478784713	7.69858074631822	0.292508628972511	9.23238960089992	0.334605911127871	10.2651106716756	0.376582683825135	12.8917352110348	0.430530986605713	15.3402216208189	0.464324243399349	20.4576870597682	0.564652108741052	25.5653703069348	0.529081810161609	30.4444161261661	0.656204847872062	35.7580679576376	0.72188245603365	40.8599357030023	0.807190054075908	51.3355337271178	0.874545632025739	61.2718449339256	1.07941525888902	89.3157818421265	1.16186485297054	102.087022384337	1.29749575413154	128.441880482798	1.41420535373815	146.058232323644	1.47186795248417	182.045137936143	1.63536428985332	204.026499602533	1.74863227591228	229.617701643697	1.82672795967128	258.461304356494	
0.0125183513277527	0.0789185722883817	0.0156398497515247	0.111898627594047	0.0243341749591759	0.157267518977152	0.0322934290344845	0.211451734646421	0.0423755699854595	0.300753372624473	0.046734161467408	0.366036870908911	0.043416142459893	0.401966190800265	0.0555533226927518	0.461349272342428	0.0873612019450816	0.98082528918656	0.104791824111373	1.49085440070086	0.132260902732757	1.97678582004695	0.175408940680536	3.00888653542998	0.190608107692229	3.5349307849099	0.204588522735986	4.05217073273837	0.221046311298943	4.54757386115262	0.250011549214525	6.04718675294109	0.291917362993568	7.6485393897771	0.292096401283764	9.17326459005874	0.334224677857404	10.1984484675961	0.376320407234932	12.8087543735779	0.430099303975461	15.241451141182	0.463631241499867	20.3232059490264	0.56383112212694	25.3987902338609	0.528412251333668	30.2437608243507	0.655576586014713	35.5241569909073	0.721171848799407	40.5945534853254	0.806381627901085	51.0024220097416	0.873717080907249	60.8716817196521	1.07833385106011	88.733891525145	1.16094973687985	101.420188002005	1.2961064500578	127.610202012588	1.41277169702177	145.060718838385	1.47041486131845	180.873623599888	1.6337819977968	202.691802657794	1.74687837795048	228.116409724724	1.82487543766974	256.795742044323	
0.0123130930555637	0.078316999779393	0.015693446894349	0.110255338093021	0.0244499475814075	0.156873307612339	0.0322802589967446	0.209001643347709	0.0423801573865278	0.298080360546966	0.0467638019056381	0.362944530862101	0.0433499776718698	0.399682937201722	0.0553065016218097	0.45800812366086	0.0870312252058251	0.974579432844224	0.104452385248243	1.48145910259907	0.131838280872818	1.96248536259296	0.175277156312384	2.98977300313899	0.190432240951058	3.51098857812952	0.204472991727967	4.0251376993103	0.220934728446728	4.51743905803711	0.249785384593165	6.00781136767915	0.291504903658692	7.59855204994275	0.291554395286944	9.11361896992308	0.333977700574637	10.1307310750896	0.375724801115085	12.7257707421535	0.429544479807711	15.1417307125641	0.462865496732567	20.1908314898483	0.56328553886493	25.2316718563645	0.527811280193464	30.0438971466861	0.654986624393797	35.2915051722381	0.720429938503681	40.3284262096243	0.805470904061151	50.6691054014087	0.872841256925774	60.4713098891319	1.07721634880028	88.1491476359305	1.15997370401549	100.753159904586	1.29475646138248	126.776452281071	1.41144169289933	144.063503376335	1.469009664918	179.705193803853	1.63219815970406	201.358923654635	1.74517344518119	226.61659302064	1.82296609907129	255.129911511263	
0.0122194930269155	0.0775377411179479	0.0156590308660526	0.108807633599331	0.0239346151884477	0.155636001974986	0.0323017413809814	0.207909056500428	0.0422957240687828	0.296583463306183	0.0466226821316692	0.359878005911679	0.0430988802223122	0.397041444571103	0.0549792212447648	0.454357222926454	0.0867349408710493	0.9679225722277	0.104256253128596	1.47145052861103	0.131496277621708	1.94917536665004	0.175184145982299	2.96945433949369	0.190317210680259	3.48804311928728	0.204492121070447	3.99755332294424	0.220998771484054	4.48637013842363	0.249510235873434	5.96714982600276	0.291088458932576	7.54749136089214	0.291376733095585	9.05306158503018	0.333535507875934	10.0643017016427	0.375325311430842	12.6415838420198	0.42898752327797	15.040596536345	0.46237166890257	20.0586768227874	0.562817451469687	25.0649390463956	0.527248719372024	29.8441917938516	0.654264520669153	35.0592333331614	0.719812530503782	40.0610099835411	0.804744304470017	50.3362730807916	0.871885708361486	60.0723760205985	1.07627206057809	87.5648507815306	1.1587439914191	100.085438903205	1.29350023857854	125.941823381085	1.40990937213691	143.061281124362	1.46745732286241	178.539386612064	1.63052573826488	200.025120779526	1.74345519360848	225.118087618678	1.82119144019485	253.463335920179	
0.012016770580576	0.0765890144977814	0.0155499297781951	0.108424867315302	0.0238497935368376	0.153474969906641	0.0322289159557863	0.206293808538714	0.0419842328428515	0.294202624568754	0.0464694695618644	0.357231391007142	0.0430318332375244	0.393348343284539	0.0550770515679356	0.451487061510797	0.0867443883367902	0.960986780513327	0.104234909937808	1.46091936626812	0.13138001142472	1.93631543231992	0.174843306215031	2.94905697909457	0.190186336569337	3.4643744885002	0.204228256045494	3.97138409116309	0.220740180346773	4.45748423882136	0.249112188161707	5.92766035373085	0.290594151081364	7.49744395075458	0.291081070709728	8.99471050321175	0.333131537144734	9.99764042888567	0.375058850379197	12.5595203572553	0.428624189282415	14.9404607378786	0.461913013080875	19.9249575338754	0.562386628025336	24.898459556155	0.526782341527094	29.6444473254709	0.65350629446331	34.828935897849	0.719199314826269	39.7948715319695	0.803987292313122	50.0028856919464	0.871034422483098	59.6721867292942	1.07531480995216	86.9828487058455	1.15749891751245	99.4212643780192	1.29221292308142	125.108893213395	1.40840153024546	142.059833732735	1.46573821071814	177.372357525115	1.62903659788995	198.691139090491	1.74175520047519	223.618896763334	1.8192770606325	251.797892817291	
0.012084144253684	0.0758783644754006	0.0154292499227188	0.1078692024587	0.0241024510535785	0.153021343074773	0.0321045849927583	0.203595694408631	0.0419176839919503	0.291212526273482	0.0463309977271559	0.354970314526354	0.0432658975611319	0.390106496867773	0.055101918165962	0.448384651539127	0.0868727724098637	0.953849241055811	0.104305334780121	1.45129752396082	0.131443634313306	1.92309041955789	0.17452836092323	2.92892085466523	0.189910363105236	3.44105533649265	0.203855793342368	3.94434546979983	0.220408492418724	4.42742301018576	0.248796471047984	5.88795760859948	0.290459131682788	7.44701609536335	0.290730099672088	8.9346541698402	0.332895802724086	9.93118125311775	0.374588360223995	12.4759322975087	0.428091398009496	14.8409638266679	0.461196002834958	19.7918175275773	0.561847120708907	24.7319726153341	0.52632400241336	29.4438963317788	0.652772358366817	34.5967534657351	0.718632435563982	39.5269374905594	0.803104172833623	49.6709213639277	0.870196781632975	59.2719713609591	1.07423306733024	86.3997588454449	1.15635222177074	98.7555624838838	1.29092543920117	124.277646876839	1.40702006639462	141.058803573601	1.46404701101582	176.20359990355	1.62734651011131	197.361195615948	1.74026146296416	222.121702663495	1.81724637899686	250.131317226207	
0.0122385770426966	0.0754177345346618	0.0153045838458161	0.106248490253078	0.0242772686628079	0.151075082713082	0.0319928666796409	0.202100339670789	0.0420108557319054	0.289453461740397	0.0462603434724574	0.35210699251053	0.0432082173677118	0.388242425719388	0.0549187978421586	0.444682324338746	0.0866649073952563	0.947482778445791	0.104095016183092	1.44104517630045	0.131251158772737	1.91062210635179	0.174248899103102	2.90865294809783	0.189684030630427	3.41700090534736	0.203576039401281	3.91790382617855	0.22020189302787	4.39703162771313	0.24846084698403	5.84723553095862	0.290340377763168	7.39764249707652	0.290445758155351	8.87450749818319	0.332717794395057	9.86499029823858	0.374172454186537	12.3921998827698	0.427623562647528	14.739922782702	0.460740739550745	19.6582789152363	0.561337164892309	24.5655564550256	0.525753655752638	29.2447423218824	0.65195940599617	34.3611996460613	0.717868939670196	39.2606612032534	0.802347224751723	49.3368932251816	0.86926129783153	58.8724786989075	1.07319447504283	85.8171756245009	1.15514336496767	98.0884673312429	1.2896732040702	123.444068508667	1.40556199041191	140.059919181577	1.46274523028085	175.037837415242	1.62551484838468	196.032727356293	1.73854130150495	220.624106232323	1.81538727148532	248.467945384627	
0.0120647173038337	0.0746065016789999	0.015364308255189	0.104723427781709	0.0241677955559653	0.149865032811657	0.0321010921154593	0.199870942707948	0.0418812225326228	0.287481764632096	0.0462079725205832	0.350583319746999	0.0431343996168573	0.385181750638611	0.0547993891765209	0.440509708364353	0.0863394832401528	0.941185815779601	0.103830954860059	1.43161821323262	0.13083504442744	1.89718486846815	0.174124451857194	2.88892776973502	0.189442553028613	3.39433111797412	0.203454140416933	3.89088592674159	0.220037955603414	4.3674830921305	0.248153381260284	5.80687340947574	0.289977820729233	7.34885423500003	0.290131216265972	8.81395756387054	0.332422913854512	9.79882076377761	0.373726042171663	12.3088465163008	0.427481404658546	14.6403727861071	0.460458478204187	19.5250346008148	0.560518449220989	24.3990043216276	0.525207862654958	29.0456162516618	0.651325567457812	34.1262120704859	0.716965791635851	38.994831950762	0.80166714685371	49.0026862725096	0.868407186238952	58.4732617083249	1.07216316020316	85.2345775023963	1.15395865820302	97.4208878908862	1.28834093787563	122.610445437014	1.40412040454317	139.059842696714	1.46139750218193	173.872253740861	1.6240703417956	194.698060213876	1.7366001951556	219.121339098462	1.81365955913643	246.804841763937	
0.011932687822473	0.0738602576736611	0.0153993271380498	0.104690060241675	0.0240373492902433	0.149202789732984	0.0322288336778118	0.198021641752819	0.0417439349531516	0.284746819606318	0.0460791002409505	0.347823636466508	0.0430039932321187	0.380710092820478	0.0545326752241356	0.438282275909975	0.0863653619078838	0.933647050934466	0.103879021998606	1.42161033773648	0.13067481736592	1.88282864807766	0.174054563862718	2.8693068994956	0.189197025331923	3.37123501771259	0.203240361885246	3.86407384958384	0.219670240142505	4.33844678393958	0.247920445533798	5.76699697269246	0.289672788033344	7.29780425615852	0.289670025713009	8.75333405507798	0.331894360602777	9.73197695180464	0.373316129899302	12.2242936064126	0.427083176319785	14.5412986953253	0.459805504074668	19.3927271968589	0.559840497971692	24.232251022563	0.524582667770873	28.8447001795379	0.65069139239477	33.8923160049162	0.716150705759467	38.7283172448882	0.800976508438702	48.6694925987508	0.86749134747073	58.0728600754837	1.07102239057751	84.6505861217864	1.15285294709247	96.7546123020721	1.28697129448134	121.77770153383	1.40255987901411	138.057724752865	1.45986153848159	172.706372043269	1.62236260950538	193.362662914595	1.7348085650845	217.619927970206	1.81171782741581	245.135524359323	
0.011811098275842	0.0733065573255211	0.0152716177579883	0.103943801684421	0.0239840387910495	0.147979643108475	0.031952502096872	0.196473550876695	0.0416630291593665	0.282080734240131	0.0460947055577245	0.344110831887661	0.042833383738475	0.378091854149289	0.0543042568661254	0.435086675477608	0.0863181186478663	0.927458063474141	0.103760924428527	1.4111479768455	0.13054858488813	1.86958710434072	0.173886920763925	2.84953026556298	0.189069812762279	3.34733076232533	0.203089334855982	3.83729809400479	0.219295877814903	4.30766703997178	0.2477161031974	5.72767746678234	0.289223401636054	7.2487421852581	0.28925611491482	8.69285024466498	0.331584580501713	9.66473639643373	0.372912138748876	12.1396466329489	0.426548193359626	14.4409812889654	0.459148774116194	19.2593245576072	0.559275299665047	24.0657417300014	0.524034908217586	28.6447750345863	0.65023293844027	33.658807369519	0.71563580938731	38.4612400202061	0.800200820347936	48.3364181342758	0.866483213989026	57.6722684528463	1.06985374501775	84.0679581973609	1.15179908463063	96.0882622074556	1.28570268099512	120.944197671461	1.40119001954735	137.058885064322	1.45833367678708	171.541324810665	1.62068108715869	192.028919644128	1.73301854538655	216.120603004417	1.80974819368405	243.467831181202	
0.011788396902767	0.0729466120814651	0.0151769264270094	0.102708882561052	0.0237617732054548	0.146920947670151	0.0315817579734535	0.195450129279209	0.0418135539729657	0.279772596867729	0.0459442017250824	0.341661686463394	0.042697253587784	0.376288173446234	0.0541893270035188	0.431600764350225	0.0858291005007487	0.921147422008286	0.103393169952454	1.40182858152994	0.130367296245926	1.856662908756	0.173470179818986	2.82871660399278	0.188843767396755	3.32495271173472	0.202899202162146	3.81049626139488	0.21896787405927	4.27714387536111	0.247418639493959	5.68733955968526	0.288852713818419	7.19940723685627	0.288840118637998	8.63275758971474	0.33134116687822	9.59776219930651	0.372517047992201	12.0569451922512	0.426147764299795	14.3411770413197	0.458584610948361	19.1256648733372	0.558811104444387	23.8987406991438	0.523278726296777	28.4463306924579	0.649653595078348	33.424564851968	0.715122765532174	38.193827519413	0.799252315597409	48.0034703296649	0.865829577543953	57.2691883364077	1.06869601190434	83.4853451740958	1.15062958521115	95.4232234149618	1.284495350368	120.111774143227	1.39978377880232	136.06006027694	1.45665862324382	170.379362118281	1.61918649428588	190.694893251611	1.7312391323992	214.619802823741	1.80803955513004	241.800436026291	
0.011621351731963	0.0722018014397082	0.0149421330873765	0.101872205682822	0.0234117984486188	0.145113905474838	0.0315871103032224	0.194222777151399	0.0418317563118478	0.277374412248172	0.0458657741050045	0.339224968374142	0.0425292147161662	0.372974818921432	0.0543757204809004	0.427582660604388	0.0855549219557131	0.91512199806736	0.103326208025074	1.39160056467067	0.130214910742969	1.84347188926633	0.173262090748555	2.80867454313901	0.188573247897364	3.30166359487877	0.202668116152877	3.78395496626284	0.218609842682603	4.24676366875884	0.247134337153865	5.64726475120301	0.288568643878245	7.14791348282903	0.28847162641626	8.57283536678755	0.330864463206521	9.53083456830581	0.372286637244254	11.9736290786834	0.425661708496365	14.2404414711437	0.458072289723719	18.991997738487	0.558380782499782	23.731793684993	0.522682178819489	28.2454313841395	0.649019515886233	33.1919838138111	0.71449958266582	37.9273165388293	0.798376098912049	47.6706901631095	0.864881192806057	56.8713757802009	1.06751887068616	82.9012718371032	1.14930460615571	94.7577450382337	1.28320807015054	119.283038652213	1.39832133863038	135.059343042177	1.45503268662301	169.212809868468	1.61758409201798	189.361209585786	1.72964377884059	213.120135131261	1.80621181300294	240.132638540047	
0.0114370062518509	0.0716560900926491	0.014728020825672	0.101134794689607	0.023559544144716	0.143312101968758	0.0316190908189373	0.192740766519188	0.0416923535503739	0.275327656364687	0.0459936107190136	0.336425150913358	0.0424551927815678	0.36968224453059	0.0545332127573507	0.42381199761334	0.0856497500979898	0.907030726131077	0.103205775134528	1.38175404080291	0.130242184239433	1.82994291611345	0.173036685911771	2.78898615201614	0.188342716316062	3.27867296689381	0.202379786576038	3.75686768329737	0.218443683675451	4.2166935925592	0.24683136595795	5.60743208657865	0.288233040338323	7.09789121839979	0.288121469692156	8.51373084504205	0.330419949739266	9.46487551273671	0.37186103911318	11.8913206560934	0.4252939935856	14.1409138262896	0.457330962042869	18.8587422481951	0.557884033914167	23.565181946953	0.52218945319529	28.0454112442898	0.648376841942972	32.9589482902594	0.713635563392846	37.6612823953812	0.797660439334396	47.3375970721839	0.86390104131863	56.4729075729327	1.06655494935168	82.317764744209	1.14804462467916	94.0925795858758	1.28181129390697	118.448774830659	1.39694973020967	134.059802999091	1.45356487068855	168.043024066829	1.61571277760283	188.029090541812	1.72794659316757	211.620154514411	1.80444383675597	238.467448756888	
0.0113331930884397	0.0706900248663116	0.0146631297551494	0.0997567865905936	0.0235072889504158	0.142904590154058	0.0314954132296284	0.190330125460786	0.0414078609584945	0.273535151531996	0.0458542854785038	0.333603185438649	0.0424094022508886	0.36715585754396	0.0544293766404782	0.42080173036452	0.0855990771640021	0.901032426958848	0.103075581974645	1.37173952963374	0.130035647317022	1.81711674222506	0.172972819831617	2.76826329439265	0.188062685422919	3.25500084364725	0.202269204656937	3.73036596937288	0.218155162985403	4.18696996834086	0.246622980907407	5.56761246046972	0.287880573334679	7.04824707091788	0.287828872687624	8.45428452792789	0.330023720516392	9.39810620656617	0.371452297367777	11.8087048970685	0.424732208788578	14.0425875874997	0.45672695390623	18.7256283189279	0.557262874861132	23.3989408752802	0.521634340067367	27.8439885327094	0.647724220554908	32.7253427973191	0.712876176616506	37.3948421953098	0.796900242083393	47.0042283097893	0.863167579335374	56.072274972104	1.06560684832395	81.7397636301144	1.14686088924904	93.424381747359	1.28049742473262	117.613080497699	1.3955043946034	133.060844101265	1.45209588746929	166.875816165955	1.61410762449907	186.695630393394	1.72610154754991	210.120844449783	1.80263132805106	236.801931148198	
0.0113542300687459	0.0695040038137658	0.0148020022310109	0.098011451788875	0.0232443748436203	0.141332226684486	0.0314205088610653	0.189040680313646	0.0411982584452	0.270901255000765	0.0456724157521182	0.331037304555964	0.0422868321743823	0.363901903934299	0.0543009520941743	0.418112187312098	0.0854655721249884	0.894578128992681	0.1030613693664	1.36152524978179	0.12983580371975	1.80329568304359	0.172794715844063	2.74850365709621	0.187949577308788	3.23102371227198	0.202025816417758	3.70406518828431	0.217968120524655	4.15655064619232	0.246209525150494	5.52758934038791	0.287639564322031	6.99815402597633	0.287453604611015	8.39390875092841	0.329640687348631	9.3312530813679	0.371166333589	11.7261273222673	0.424275499090515	13.9417030057188	0.456200712782196	18.592462235599	0.556676054634846	23.2326457869006	0.521066443722167	27.6430687352953	0.646878007311004	32.4927058798104	0.712286812078174	37.1289347117258	0.796235113105996	46.6705987770862	0.862396737172166	55.6725513420649	1.06457293192197	81.1604437633168	1.14573944675557	92.7562584146446	1.27917841848189	116.778734719762	1.39408723545157	132.062064017365	1.45053314284902	165.709442730067	1.61256017960554	185.362617279791	1.72426860997558	208.618688263503	1.80082205499361	235.14043685284	
0.0112692289781937	0.069137361051044	0.0150385481218295	0.0972387742307794	0.0233010208120553	0.138759259019422	0.0314984418761005	0.187328502049201	0.0412674362509404	0.268065436103416	0.0456621949728726	0.328653206189679	0.0422933988090952	0.360763317903089	0.0541577844786465	0.415060447106847	0.0854708196154903	0.887577959608396	0.10290569714603	1.35050595801765	0.129589789261483	1.78961467148762	0.172624817192583	2.72854518243954	0.187753090358165	3.2086472914958	0.201578315186141	3.67707872098275	0.217849198291739	4.12705007372	0.245830233792344	5.48698274674081	0.287456744018029	6.94825050516971	0.287042115853974	8.3342156333437	0.329362613554263	9.2652726053806	0.370755908547889	11.6421546263156	0.423937465785346	13.840945083802	0.455562141425364	18.4593725207176	0.556152381388386	23.0647059829323	0.52045237742692	27.4445536126547	0.64608778238064	32.259525069944	0.71164436354412	36.8618127835622	0.795481674852924	46.3378521381419	0.861447121557609	55.2734051319946	1.063491714566	80.5721012438449	1.14462780604805	92.0901616397563	1.27783611580807	115.94543202306	1.39268468781965	131.062687887045	1.44893500840155	164.542264631514	1.61095037796229	184.034715264234	1.72249672503742	207.119914640652	1.7989453375051	233.475813313779	
0.011274541804969	0.0683050388332391	0.0148462341089609	0.0967976038377555	0.0233421144967191	0.137095029313377	0.0312564318269586	0.185899343970589	0.0413923092451698	0.265343238554774	0.0456399465292543	0.326037703278423	0.0422368873498398	0.358580588930169	0.0540626411026086	0.411524768431746	0.0854534291134185	0.881857776626802	0.10249826617304	1.3411844672264	0.129494955387232	1.77616276527413	0.1724171167456	2.70916436058233	0.187513944817189	3.18539426338791	0.201305813756639	3.65087153780849	0.21761660551896	4.09738651980486	0.245515047375331	5.44652050808592	0.286951909643098	6.89887644122162	0.286607911149751	8.27430831157701	0.328890415632832	9.19876220687351	0.370214903868386	11.5588534139083	0.423441312128515	13.741143630124	0.45506832203257	18.3248597450097	0.555450771914647	22.8980663052165	0.519965028677202	27.2453344101811	0.645705586896987	32.0251335407881	0.710935021700774	36.5951453407935	0.794513229281121	46.0087711846772	0.860409775094368	54.8739050193628	1.06232918412268	79.987439311013	1.14346532378912	91.4231633446586	1.27647108768758	115.112010117073	1.39124126209987	130.062820018429	1.44746556149425	163.375146137602	1.60914535708469	182.708139451961	1.72058878421426	205.62200528511	1.79699927884815	231.804290537414	
0.0111648119048429	0.0673891849880121	0.0145046508668572	0.0952036744308392	0.0232300990218494	0.13629755529291	0.0310134871781482	0.184721235521573	0.0412060718603695	0.263252943342994	0.0455231212855041	0.323315709456583	0.0419445698758922	0.355456118256061	0.053972132057564	0.40712051508175	0.08525730395977	0.875190147593521	0.102194115491971	1.33133654637484	0.129340423951165	1.76396744598475	0.172103040808499	2.68942963616357	0.187412140054579	3.1620704547677	0.200978705508405	3.62503571949322	0.217338102728267	4.06752831948088	0.245074316416485	5.40640099612221	0.28661907137453	6.84848630439287	0.286385429615258	8.21401821625033	0.328382353951616	9.13163899814143	0.369817191822829	11.475080020978	0.422819424367873	13.6413067861898	0.454460412408122	18.1921071688843	0.555025854597938	22.7316426943277	0.51936334486859	27.0457762063064	0.645096547866499	31.7922619300017	0.710128786633949	36.3287982729751	0.79369246457809	45.6762629643007	0.859475761705755	54.4733506496266	1.06108422296417	79.4039918227608	1.14219957960862	90.7565077762521	1.27512466472045	114.278983091839	1.38979794515858	129.061864365097	1.44589537551345	162.210426730528	1.60752974900025	181.370089746113	1.71882980058508	204.121547831124	1.79500173565468	230.138296091589	
0.011155494419	0.0673408362519623	0.0144020267702743	0.0937156247540954	0.0231212201453761	0.135966411925701	0.0310298583272963	0.182445054153495	0.0410510099575026	0.260909764960387	0.0453664552435267	0.321097764850483	0.041792950154368	0.351660309556693	0.0540188256990284	0.404026399701366	0.0849907976530357	0.867475653828434	0.102117102037214	1.32044251749104	0.129241132231551	1.74961925825108	0.171848211900098	2.66839618247621	0.18716351706656	3.13809495320686	0.200646804400616	3.59710628812965	0.217113285550221	4.0374158681061	0.244845022394105	5.36648730643771	0.286321651059092	6.79861957082621	0.285999954217013	8.15339750142536	0.32813750158026	9.06540985903851	0.369557342451349	11.3905643639911	0.422334443965532	13.5411858888838	0.453882067135757	18.059296850762	0.554544015258597	22.5660051196546	0.51884110984034	26.8452643281607	0.64429018983595	31.5589768120119	0.70933174039148	36.0615124320462	0.792862487319442	45.3403833563642	0.858632299664611	54.0722300357919	1.06008490956733	78.8197024189411	1.14102022252384	90.0900012194504	1.27397836188065	113.445643142236	1.38829272595299	128.061474955864	1.44425769443763	161.043084719209	1.60594717504985	180.033664266759	1.71713084658659	202.621060574818	1.7931521865163	228.470289989098	
0.0111234967262069	0.0667208810369345	0.0145990730856344	0.0923085055500502	0.023208722626491	0.134056516798439	0.0310718737331837	0.180658559261508	0.0410566865199517	0.258713822849067	0.0451280018498243	0.318208103869347	0.0417403045903925	0.348335284396433	0.0539674941642699	0.401203502904126	0.0847564579999269	0.860965243679812	0.10191130458056	1.31045350127613	0.128943931326937	1.73621193910373	0.171556866881191	2.64872595214268	0.186874821200548	3.11467056175338	0.200657575274306	3.57125207619441	0.21686435242015	4.007446840401	0.244714392248973	5.32673659819603	0.285914640403668	6.74871511869706	0.285671097192403	8.09275350353713	0.327696352021052	8.99764403776047	0.369207257060761	11.3080091409306	0.422138984944832	13.4403180709084	0.453428300844901	17.9267044621118	0.553942201967004	22.3995740581855	0.518233501091371	26.6458383720853	0.643597544720443	31.3254309237136	0.708514972747338	35.7958992463818	0.792085094605681	45.0061652278219	0.857757816083334	53.6720966238394	1.0591383543139	78.235338509319	1.14006684507069	89.4237926858585	1.27255888552238	112.61100679167	1.38689112357856	127.061741197692	1.44272140712016	159.875891719495	1.60426386351608	178.699622973082	1.71535211510618	201.122540271696	1.79135437724815	226.80329716552	
0.0111251627626173	0.0659766742996309	0.0145485718067597	0.092551733525582	0.0231058530696566	0.132749332867478	0.0310995892862619	0.178625176587483	0.041123268645268	0.256823703773661	0.0450005680852242	0.314705690870878	0.0418120664946862	0.345806452688161	0.0537809253945256	0.39787958368937	0.0847469509281024	0.853717808163711	0.101591118742426	1.30179557778777	0.128699217000808	1.72317202669461	0.171413796670383	2.62878400846092	0.186653419746998	3.09132812668257	0.200381779483272	3.54615619362952	0.216442499206944	3.97863870623002	0.244362241982303	5.28756750087457	0.28562272921052	6.69832684451338	0.285342804103984	8.03329135393996	0.327409267843735	8.93081792091558	0.368768389952016	11.2265137629097	0.421659504817216	13.3397641086258	0.452789038053815	17.7937078794834	0.553346491684647	22.2312300602391	0.517536153128595	26.445678533856	0.642909376856732	31.0925872526031	0.707823552073674	35.5296453108165	0.791337159514434	44.6729566529025	0.856844996261272	53.2733378439418	1.05805259645186	77.6514737885731	1.13893391617424	88.7568465448225	1.27129375355279	111.779067551151	1.38554679999897	126.062201154607	1.44119815846429	158.710188835829	1.60262871943883	177.365939307257	1.71362122150469	199.623125898945	1.78927759625672	225.138420306731	
0.0109587203219567	0.0660257724592794	0.0142875863846188	0.0921561542808031	0.0229817771725972	0.132048032450187	0.0308323654740555	0.176948868792372	0.0408843108763611	0.2544303212859	0.0448593569339578	0.312552938841905	0.0417803812722617	0.343198662291609	0.0536600333444791	0.394898391165795	0.0846975595390918	0.847409611419498	0.101454109215139	1.29173263784701	0.12855269887083	1.71042443314472	0.171437609121866	2.60893822383042	0.186359253082621	3.06804203662484	0.200057498299646	3.51933457041584	0.216183973727905	3.94909622424384	0.244228061635509	5.24693902114801	0.285475412727589	6.64808804759582	0.285018368917477	7.97390371014522	0.326901189398712	8.86386235023897	0.368357518172928	11.1424609732204	0.421090781518567	13.240337046605	0.452056447430203	17.6594838137599	0.552630476830519	22.0653987704796	0.516991098031297	26.2459936701173	0.64235312893848	30.8593114478386	0.70717566806748	35.2668558950643	0.790395976542611	44.3395506376067	0.855871807917687	52.8734503011373	1.05681113692654	77.0693897565054	1.13761680714964	88.089974909589	1.2701915068169	110.946271493905	1.38417990147445	125.061036885029	1.43970145502807	157.542787219868	1.60094220679219	176.032076827506	1.71183763681501	198.123115479774	1.78721774522544	223.472500366708	
0.0106980435226563	0.0648177016182311	0.0141995189515907	0.0906206217069245	0.0226977440610803	0.130208197515464	0.0308254133125458	0.175984644383223	0.0406069332077103	0.251974423773288	0.0449480212850987	0.310393027270979	0.041486138726899	0.339998143312129	0.0533888993729804	0.391396414724762	0.0844869495385	0.84120816752033	0.101417965338273	1.28141544685546	0.128403785533436	1.69661780946247	0.171226298333065	2.58928103201232	0.186161539562702	3.04428888831813	0.199775456791657	3.49303122819032	0.216017347866207	3.91914721997314	0.244057368135156	5.20764419528495	0.284970174082991	6.59820920683626	0.28469436286695	7.91477218004633	0.326401617415455	8.79824415871598	0.367971211505282	11.0583206392132	0.420723131614119	13.1401593386247	0.451430854440562	17.5262134223076	0.552238493865367	21.8993234742172	0.516544584397627	26.0454221873296	0.64176578223562	30.6255215530373	0.706244069135403	34.9990447882282	0.7895475594229	44.0061706993417	0.855210623568785	52.4730896464874	1.05571527180474	76.486553215833	1.13641391943161	87.4223060622694	1.26891970041346	110.112864489079	1.38265370726625	124.061213719894	1.4381596123947	156.376577696746	1.59925315814835	174.700836952	1.71004725650896	196.627396594823	1.78553944685596	221.810931565547	
0.0106829569567474	0.0633429978661073	0.013984289243948	0.0896889863103819	0.0227376715516167	0.128837225267129	0.0309847314483607	0.174419018450081	0.0403635839181585	0.250295249251013	0.0448500456785225	0.307894812790893	0.0414037407127849	0.336338103975394	0.0532551267358832	0.387618097426669	0.084191669770456	0.834737454994566	0.101260379447913	1.27134296085877	0.128388536985989	1.68312050127562	0.170966270322197	2.57021639415418	0.185942400716607	3.0210577462897	0.199563009440074	3.46654977053086	0.215767045464938	3.88922848368468	0.243759897726193	5.16737334341005	0.284640489476395	6.54811476491091	0.284304274336942	7.85480804760528	0.32615459896823	8.73093841076795	0.367601111084475	10.9758268834397	0.420247591289501	13.041134607937	0.45093477410796	17.3938464137098	0.551706555072827	21.7321846076251	0.51607697953229	25.8465792391582	0.641109420423256	30.3929405148804	0.705571569892247	34.7300229621026	0.788821047376088	43.6724629355461	0.854272821699626	52.0740402939603	1.05476551543846	75.9023681201368	1.13540461475969	86.7560304734553	1.26762648437663	109.279822562685	1.38102560196749	123.061867391895	1.43650205680778	155.212439434932	1.59745516534524	173.367645024471	1.70834335121548	195.130947553008	1.78380075027323	220.143983445451	
0.0109638191384463	0.0627860797258652	0.0139900954886989	0.0884699578776871	0.0227124195388423	0.12897257262424	0.0310038520174617	0.171933478687557	0.0403984685261354	0.247057157228198	0.0446022818559293	0.304886233564158	0.0414595769806398	0.333904063438417	0.0533520429426612	0.384794152891582	0.0840610703254607	0.827648926385211	0.101104834297777	1.26132670345985	0.128226595595344	1.66999141473422	0.170595450361495	2.54948771576487	0.185918778738104	2.99807154208676	0.199402084489085	3.43870881480768	0.215425792964618	3.85931603382331	0.243382331061039	5.12770971382496	0.284353483553437	6.49869599748136	0.283932068475162	7.79336870027611	0.325903037704098	8.6635860966934	0.367179292493251	10.8921028506036	0.419722316852069	12.9415026549594	0.450391605314244	17.259426770255	0.550956304582492	21.5653754292087	0.515403023490994	25.646695072398	0.640530915589257	30.1594076650975	0.704990282269338	34.4629271109698	0.788054008425707	43.3392990641082	0.853215022781414	51.6744284226249	1.05375744635792	75.3192335562547	1.13414686008125	86.0913344076527	1.26643468444989	108.446706130489	1.37960763390379	122.062081479662	1.43491256106989	154.045276237538	1.59571900030061	172.034631910868	1.70653958601703	193.628105913345	1.78181724885145	218.473995488615	
0.0110188308991448	0.062912768693826	0.013948569996325	0.0876310545565328	0.0225536476266328	0.127349699459309	0.0308984845967231	0.170593829435263	0.0404506951230137	0.245476906620946	0.0444669054609817	0.301229337440963	0.0413326390478132	0.331127674560037	0.0531732003231521	0.381515781169328	0.0839465485902387	0.821218609974202	0.10105374903964	1.25149356735346	0.128095582251685	1.6568100577158	0.170413828954834	2.52852248145286	0.185785091835093	2.9752459910203	0.199126039679859	3.41155564077318	0.215099166280011	3.82866457953407	0.242946132907383	5.08773688515978	0.284049211107808	6.44913846299477	0.283565414055548	7.73325835019779	0.32541709817625	8.59806755668116	0.366790599585076	10.8090875542132	0.419299313071393	12.8423456764724	0.449611917606051	17.1255100409666	0.550359055528226	21.3987767296842	0.514753926990044	25.4460528090979	0.63980757428243	29.9258692273794	0.70421414024896	34.1957828310655	0.787175518748646	43.0065114469725	0.852228254974674	51.2739113057899	1.05253081441936	74.734392809497	1.13307577533456	85.4244031677772	1.26502276668819	107.613790863959	1.37810952897824	121.063308846342	1.43350623761778	152.879022010935	1.59401556391622	170.706297761657	1.70477116445216	192.126530872323	1.77989799819845	216.807241083605	
0.0106143736436796	0.0625076270222068	0.0139816589605292	0.0864332428152332	0.0223438147798022	0.124745401522247	0.0304804674255102	0.169363639684119	0.0402459933484439	0.24385783150571	0.0445035124598416	0.298957230608955	0.0411652094750743	0.327405673171203	0.0529723288978996	0.377973001159933	0.0837891709450578	0.814748013863754	0.100955408741704	1.24127358315102	0.127909141198292	1.64311402858403	0.170232992501763	2.50880265819459	0.185309072912447	2.95149307554423	0.198823164637164	3.38440386372248	0.214770275590965	3.79791580204041	0.242675632011182	5.04607184345691	0.283836895974954	6.39859745191611	0.283180401684692	7.67482857162554	0.325122695666122	8.5316651915876	0.366213226013885	10.7256773770698	0.418856423062412	12.7419621462129	0.449108435642567	16.9921260281655	0.549867105259137	21.2319302983666	0.514085001668092	25.2458836576434	0.638938085477068	29.694066774858	0.703432312024036	33.9286571776118	0.78634673734893	42.672315670171	0.851311102255816	50.8730067587822	1.05152183807929	74.1512358938743	1.13204478509583	84.7567045181366	1.26351966375581	106.778685126837	1.37661786576648	120.063783704417	1.43189164285868	151.71273798201	1.5921309455988	169.375341008201	1.70299175444504	190.625700889326	1.77794431042634	215.139249882275	
0.0104680705060496	0.0612525298503423	0.0140784103617719	0.0852573535331839	0.0224370106686613	0.122744847967418	0.0302929073312758	0.166858018279533	0.0401607778128679	0.241088165611847	0.044426500639256	0.296004938187651	0.0410026378991739	0.325125912032149	0.0529824363351943	0.374669309106384	0.0837192630537327	0.807831663507203	0.100758818766416	1.23129609205243	0.127615837881575	1.62938435542586	0.169893882619615	2.48929634062641	0.185059889308981	2.9285762548698	0.198634420749018	3.35735639479519	0.214550896708126	3.76799008083297	0.242401268547722	5.00665268603604	0.283442127036758	6.3490576125576	0.282937427462093	7.61482904892834	0.324891079117352	8.46495455873647	0.365845985486807	10.641869525206	0.418335012449523	12.6400717360992	0.448784368459532	16.858572514664	0.549239364104161	21.065571880055	0.513346484913853	25.0458653804387	0.638313382808644	29.4609437069884	0.702717630317548	33.663092420719	0.785648003261084	42.3382242014928	0.850406200893372	50.4723704326633	1.05048179363296	73.5695318413989	1.13068804227109	84.0905406880262	1.26223838737919	105.944480909925	1.37521772400852	119.067633675342	1.43046458133243	150.544680714988	1.59040611619349	168.03811086618	1.70113648656675	189.12402154018	1.77607862608357	213.473434250376	
0.0105644971754815	0.061050221858489	0.0137406136968218	0.0844511774678237	0.0227162756159515	0.122244116588193	0.0304363090230971	0.165295259073555	0.0400999352263279	0.237878842724072	0.0444321567009667	0.294014003448331	0.0408516877272765	0.322592685645686	0.0528693131103301	0.371306914629593	0.0835900162558273	0.800859084552881	0.100676720408258	1.22236575672393	0.12737385585798	1.61630625879299	0.169672577144673	2.46954159277326	0.184914502444909	2.9045160029587	0.198424242989809	3.33091638098833	0.214370662163028	3.73770370497565	0.242146882256217	4.96755064393677	0.282918289664929	6.29871962979056	0.282629019958787	7.55432614640346	0.324397097002052	8.39800736996264	0.365499139207039	10.5587555086272	0.417891115902025	12.5406586439163	0.44804342567684	16.7260155162699	0.548691226832592	20.8989824937558	0.51289904576673	24.8454540851262	0.637712914929009	29.2264888479004	0.702108568088436	33.3963467468577	0.784771743362355	42.0058761685915	0.849477494716312	50.073313629556	1.04925805882356	72.9875521174545	1.12942441909044	83.4254124885695	1.26103808535043	105.114530974332	1.37392605575434	118.069047306528	1.42896078846503	149.379961307914	1.58881023387047	166.702892380825	1.69926633298718	187.625680050984	1.77417753850256	211.806948066254	
0.0106280095087875	0.0602994449317719	0.0136029417496077	0.0832861730178483	0.0222845676084996	0.121498083585615	0.0305128172324589	0.164188716940233	0.040148215921499	0.234830347595762	0.0443381881097771	0.292372896734485	0.0406894323062883	0.319425112200718	0.0526769422504062	0.369160478131528	0.0834531063975148	0.794346928174515	0.100245745658731	1.21201340830686	0.127086165520569	1.60329021152372	0.169440844215452	2.44946949676787	0.184591222008133	2.88132933158109	0.19820003053115	3.30385168259422	0.214190499818715	3.70669532132665	0.241858868362822	4.92821158025352	0.282459489080683	6.24830248460844	0.282153025110872	7.49395269771031	0.323961769285791	8.33114027492641	0.365117758205549	10.47538072174	0.417562363790946	12.4425857248546	0.447521026622233	16.5930822635736	0.54819790710604	20.7321882164999	0.512405127767323	24.6459890135046	0.636925853113541	28.9935092037006	0.701426786516134	33.1291987416632	0.784012851121291	41.6730997273262	0.848689765433789	49.6742046723869	1.04815443840986	72.4049614459303	1.1284156503772	82.7583247865089	1.25966257121875	104.281377289234	1.37241103550786	117.066623888889	1.42722251285698	148.213572970866	1.58703672291856	165.37044551132	1.69735452742562	186.125490817887	1.77216779610674	210.140163858923	
0.0105487982549745	0.0588778538487195	0.013805885931486	0.0820175443844535	0.0216621344244954	0.120338674346779	0.0301982687742758	0.162821622777122	0.0401354572402097	0.23281416528472	0.0441175408703308	0.288773160531592	0.0405794125931312	0.315723046934799	0.0525738025299909	0.366007456601098	0.0833470037980161	0.787853514662073	0.0999211086501987	1.20125558534312	0.126874753724008	1.58919057049035	0.169171840373701	2.42921369739337	0.184478082089335	2.85767024684995	0.197904860628636	3.27695555357811	0.214050705238224	3.67673444269369	0.241534500711731	4.88861221192302	0.282327647418768	6.19792957724651	0.28178564382018	7.43428984810784	0.323583705463215	8.26461590658137	0.364607596159109	10.3928813780314	0.417158718996493	12.3431065087721	0.447012481901908	16.4603036104173	0.547541676813807	20.5665040757002	0.511655441204488	24.4462557209943	0.636342620743533	28.7595032420722	0.700625356471356	32.862549925345	0.783151654882123	41.3401817250363	0.847722032568312	49.274332030743	1.04711697391916	71.820195204975	1.1273226170582	82.0926005406327	1.25830627270492	103.447061313619	1.37095134989707	116.065645883816	1.42568429032104	147.04754226167	1.5853489130851	164.035912479347	1.69559805323347	184.627223834494	1.77021092510317	208.472172657593	
0.0104578598203765	0.0587674957668481	0.0135385879139696	0.0810832896432942	0.0216996726600764	0.117849147359672	0.0298135661001252	0.160412029456567	0.0400728851643596	0.230983578091685	0.0441345412646695	0.284752000883701	0.0403658425117826	0.311837569338054	0.0524971822781642	0.361413213454904	0.0831339952430671	0.780626510033982	0.0998881955793728	1.19159951693283	0.12694159336003	1.5756303980327	0.169098358009589	2.40915673537911	0.184325760347061	2.83474667408717	0.197589988067313	3.25154465116733	0.213691205264804	3.64739778298672	0.241366170727636	4.84841959114068	0.282094340240104	6.14812524228938	0.281321924356803	7.3739443390906	0.323133311945352	8.19834020135193	0.364223524485204	10.3091284741968	0.416723345171072	12.2425944560033	0.446365825489314	16.3262099298481	0.547063130043203	20.3997731283764	0.511021749861622	24.2461759765026	0.635729602421968	28.5254972804438	0.699835291757618	32.595934636638	0.78224088410353	41.0073345032588	0.846732409990118	48.8750777872592	1.04585526831996	71.2359356034763	1.12598351352963	81.4319426893219	1.25705996866104	102.613289230361	1.36954176323598	115.063900468979	1.42423334649414	145.881839378005	1.58371093323537	162.703301697077	1.69379961886723	183.134738501368	1.76832019687347	206.806684851224	
0.0104698012712014	0.0575872991180958	0.013465929923838	0.0800674277654104	0.0222707576954001	0.116351799009538	0.0299048989800318	0.158851671316488	0.039912306110911	0.229242223238593	0.0440546889218647	0.282920089466444	0.040331202991535	0.309214179289119	0.0523840768881276	0.357872470713544	0.0829742542678931	0.775051846197759	0.0997729957874765	1.18171795205486	0.126824126894876	1.56340446151513	0.168959417964117	2.38884040004013	0.183987436879521	2.81192368415768	0.197281173741894	3.22466854558562	0.213169359974481	3.61806624555366	0.241079666781716	4.80762347335865	0.281678230726086	6.0982599057065	0.281028009024418	7.31403887996897	0.322648380818667	8.13183259681243	0.363783939454811	10.2257173657309	0.41615062497935	12.1422090630987	0.445786903521638	16.1923453546214	0.546524954055311	20.2313415861121	0.51034616942204	24.046619635273	0.634979159130474	28.2924040148953	0.69907817014987	32.3295801182394	0.781463377395884	40.6742563134936	0.845927493067947	48.4750412328498	1.04477474912413	70.6542539027416	1.12466697648842	80.7684461669384	1.25576573807632	101.781297835781	1.36801914293161	114.064718053745	1.42265470833021	144.719787278658	1.5821357979272	161.369796845178	1.69190535771754	181.636456616814	1.76657770584974	205.141301352979	
0.0104152825672275	0.057077516448029	0.0135266450057729	0.0800043233880199	0.0222062477002469	0.115710510687799	0.0300451452680166	0.157010635848816	0.0398180067837928	0.226361002367888	0.0439296348232349	0.280632121047591	0.0403745195656577	0.306921554257614	0.052195662530984	0.3548145313927	0.0829502636355146	0.768257731923321	0.099514173865529	1.17105605531175	0.126641118926423	1.54948363440759	0.168860942702999	2.36860136447118	0.183725939404612	2.78936379284302	0.197020481610725	3.19860269060534	0.212839524493604	3.58767043929902	0.240719926672603	4.76704575070999	0.281324032230791	6.0477407807073	0.280847370299909	7.25368824867781	0.32233362652954	8.06431171335988	0.36338256270148	10.1422112623669	0.415488242073237	12.0425985305394	0.445212402553875	16.059745515391	0.545835920672705	20.0662702555374	0.509679045208103	23.8466292977442	0.634247929966709	28.0581633599893	0.698394996023305	32.0627152350942	0.780506262620521	40.3410067603829	0.845068950603437	48.0746582264592	1.0437484335251	70.0716855829581	1.12338139527091	80.0955246605475	1.254499773353	100.948591185498	1.366524780293	113.064902339191	1.42105406470763	143.554963563461	1.58023633387971	160.037230766389	1.69007456099771	180.131081779868	1.76460882217026	203.47520259903	
0.0102245247332665	0.0569907142778147	0.0134678174687752	0.0793818725196489	0.0216527404734379	0.114233767848651	0.0300239189392836	0.155542667814134	0.0396905046281007	0.223542500248838	0.0439696727533509	0.278156753073328	0.0404235093625634	0.30360325208187	0.0521435201082104	0.351005567762591	0.0827007310232593	0.761336550331143	0.0994943703110308	1.16104468735612	0.126393878611902	1.53669250152941	0.16847273514769	2.34894463831435	0.183708198524454	2.76668376092194	0.196701257060493	3.17123694220329	0.212670726269611	3.556707690454	0.240375930100171	4.72819423437139	0.280977015676113	5.99816182580252	0.280546174120448	7.19383168398902	0.321964232429579	7.9974921157727	0.362870651514826	10.0590134267605	0.41491616060291	11.942647133934	0.444682221199012	15.9273282153765	0.545183155988945	19.8977623448257	0.509114048655072	23.6462701564935	0.633469988057727	27.8249341213513	0.697775236055549	31.7960813199365	0.779624189726411	40.0076715255994	0.844118130189251	47.6739175922169	1.04253484248331	69.4883126005082	1.12217538094583	79.4272895691295	1.25320220355775	100.113612108241	1.36483968453686	112.062478921552	1.41940676513016	142.383762151576	1.57837730807387	158.705007414291	1.6883143084939	178.629670651611	1.76255495587024	201.808552502143	
0.0100711229689157	0.0562360447139588	0.0133722469641906	0.0778437424290254	0.021628112333287	0.11267786259442	0.0299262897876152	0.154127377710076	0.0395913168236988	0.221797580176684	0.0438305609195888	0.275474456874346	0.0402862151677916	0.300934460059578	0.0520977259526504	0.347378561271855	0.0825194479296945	0.754041209912386	0.0992988934553972	1.15130468350277	0.126326451945828	1.52429066146892	0.168233212933294	2.32945834418057	0.183273920106006	2.74389336728101	0.196507587087095	3.14342811710741	0.212419978923159	3.52669093246922	0.240050215110528	4.68842583100163	0.280690994033062	5.94799520638107	0.280052403473573	7.13386475758038	0.321635288119677	7.93089976088294	0.362321901601706	9.97585750066793	0.414505543127291	11.8424088899892	0.443916185597135	15.7933146285449	0.544480887863507	19.7308879738322	0.508676416005811	23.4455645632614	0.63280861992667	27.5923940613857	0.697124699057672	31.5302632433154	0.778910512305883	39.6729467576006	0.843130336658748	47.2745627658999	1.04154420158558	68.9082476756863	1.12113530842605	78.7594642596248	1.251837596657	99.2805254783651	1.3634624969584	111.064160773626	1.41771312628818	141.216658558825	1.57679507860223	157.369684620813	1.68652027653605	177.129541023157	1.76066098778468	200.143630939873	
0.00995725586323679	0.0557649846884755	0.0131963383513104	0.0770576189018974	0.0218494837320676	0.111309742521335	0.0297054451630778	0.152501492298836	0.0396276399889062	0.220090073076804	0.0434529680842275	0.272452315263263	0.039915674993834	0.297871543983962	0.0520479560101121	0.344855899575346	0.0824495012546044	0.74751269718208	0.0990320179243745	1.1415980908452	0.126161201603903	1.51014503638561	0.168115660425585	2.30899788668002	0.182751014568949	2.72061682327922	0.196345552197499	3.11759160030024	0.212087315190239	3.49729280547524	0.239827784347644	4.64809164919467	0.280409494764388	5.89807957838156	0.279481066179414	7.07422006876726	0.321215796560127	7.86483267190031	0.361936917639129	9.8921325365093	0.41404518753417	11.7416034706233	0.443230890933309	15.6590682110808	0.543854464943253	19.5649896288505	0.508039368950537	23.247209628096	0.632112971455923	27.3593231475779	0.696205600834899	31.2625005652509	0.777902592859492	39.3384268805585	0.842234021479283	46.8744666068486	1.04046461226295	68.3309096632334	1.11992464902484	78.0922051942186	1.25049420567454	98.4490109209208	1.36201705480883	110.066267308775	1.41617761137473	140.050836465875	1.57533397461083	156.037282454789	1.6847241973391	175.627146418308	1.75877179963075	198.476384796567	
0.010041025760441	0.0548011404480942	0.0130689094557785	0.0757802518438231	0.021808230791974	0.110019053185501	0.0296454198921333	0.150213960437419	0.0396044822004684	0.217473071318351	0.0432922986706633	0.269340824896922	0.0398626819315771	0.294610896493614	0.0519165456145221	0.342466271481536	0.0821981112358843	0.740975686133684	0.0990485570957669	1.13082047727769	0.125945013958973	1.49605540706944	0.167856686450687	2.28848783625473	0.182744334657794	2.6964664659133	0.196077563666166	3.09173017061538	0.211694230106521	3.46729420827981	0.239454333412326	4.60819798294457	0.280050591588319	5.84913252581364	0.279257601715432	7.01466432125578	0.32084088029936	7.7986650000844	0.361686904605666	9.80929791668971	0.413624749125189	11.6418038795904	0.44265870719507	15.5260334442286	0.543258990919968	19.3988305135603	0.507308141937505	23.0470535151568	0.631326025441685	27.1274592277694	0.695365909800201	30.9964738723831	0.776917068799049	39.0073268198479	0.841251253266454	46.474880812544	1.03916080663993	67.7447352626122	1.11874172176153	77.4250206346148	1.24904277704729	97.6155741137738	1.36042280868532	109.064842268888	1.41479496458725	138.884284216062	1.57362683442057	154.705059102692	1.68288543324775	174.128685719828	1.7568512192703	196.813832518814	
0.00999881640662991	0.0539796412167263	0.0130765528827425	0.0743792953755844	0.0214147819961978	0.108668679172194	0.0296679233886314	0.148005198089392	0.039439463107381	0.214657377718807	0.0432893324286306	0.267170930712623	0.0400058635562402	0.291838203801528	0.0516857908737581	0.33762339432356	0.0822490701019257	0.733882850157626	0.0989560906667855	1.12097895926854	0.125674086514087	1.48366695477032	0.167687237983077	2.26857499640204	0.182630726859996	2.67293869765895	0.195808304607113	3.06493159763432	0.211508922490185	3.43771633603747	0.239061384918719	4.56773853825727	0.279757776022741	5.79869302889079	0.278994408092606	6.95449622918058	0.320325086888705	7.73155203590015	0.361381048358724	9.72555618872552	0.413219228344385	11.5428946328964	0.442061813207498	15.3922638639	0.542603644417936	19.2334034177791	0.506635429866687	22.8460983274866	0.630618139211832	26.8939841199834	0.694582191991617	30.7300541614074	0.776121756909215	38.6749489846256	0.840337074417742	46.0760698785846	1.03813631274861	67.1575922865594	1.11757775828643	76.7591920806153	1.24766966927271	96.7810942253929	1.35880919942247	108.066054734407	1.41329156213028	137.715660704941	1.57166274558514	153.37299966336	1.68099174009423	172.629271347077	1.75479700726334	195.15063949116	
0.00984330071374241	0.0539006261397787	0.0131817017911965	0.0733565940978681	0.0213062601778881	0.107040691009303	0.0295997916284067	0.147201772335879	0.039428563689381	0.212238456621034	0.0432875516787486	0.264514798855979	0.0397045536986057	0.288824967962141	0.0516006636333841	0.333970776463239	0.0823102575135708	0.727959580656751	0.0987036597786742	1.11120822177169	0.125371660252442	1.47021726044784	0.167531404531863	2.24893619820392	0.18214606582845	2.64920487429474	0.195593207049081	3.03766736338808	0.211400951190508	3.40784579568996	0.238738023899277	4.52716780052759	0.279288913441014	5.74885144103244	0.278715270093384	6.89461032783208	0.319767156704825	7.66516550328961	0.361011443477199	9.64265451368375	0.412701276710111	11.4427942246861	0.441641887410142	15.2600533174873	0.54185023640064	19.0663371943443	0.506175406377492	22.6464749310348	0.629941622353632	26.66059096858	0.693949768388404	30.4627273422871	0.775408511511769	38.3404514593242	0.839350816492652	45.6750014188117	1.03715886671274	66.5729080019868	1.11630283049697	76.0934231312577	1.24627179354463	95.9487303018009	1.35736757928106	107.066320976236	1.41145716942806	136.550926396707	1.56987380302559	152.040254770645	1.6790533416293	171.131257683411	1.75283031361219	193.480830348251	
0.00961215706157872	0.052946862738193	0.013232231904692	0.0728250199357819	0.0213763954137944	0.10599925414162	0.0294050844555761	0.145681097266743	0.03928340132059	0.210944354861242	0.0432039487776915	0.261534945108541	0.0394657729930393	0.285797820492457	0.0514697997960911	0.330663038977449	0.0819416899812425	0.72222327415385	0.0986765458541737	1.10154097749103	0.125184291753103	1.4567007437338	0.167373762894581	2.22918936659227	0.181947008951386	2.62524287691059	0.195264780170315	3.01137542986356	0.211101161561307	3.37712472504158	0.238505109453513	4.48707855654612	0.279001445878916	5.69950159147013	0.278381333594693	6.8347388619828	0.31953443667559	7.59812099131134	0.360659575232519	9.55973793748148	0.412316664397649	11.3417103398837	0.441239737365181	15.1274367144513	0.541260410452975	18.8982670052218	0.505658730893916	22.4472110250798	0.629477660580694	26.4275908352845	0.693342474484752	30.1964883078823	0.77454272123295	38.0079991182995	0.838403092138136	45.2751325024578	1.03603071825424	65.9900342084133	1.1150539633775	75.4262534728144	1.24498392569754	95.1167761601223	1.35597533336905	106.063972064399	1.40984622158847	135.38455296082	1.56821010076224	150.70566213403	1.6772597795819	169.6355238973	1.75085702998069	191.813256379414	
0.00945948910447723	0.0516753309978481	0.0129123568481644	0.0724279636716774	0.0214806161254228	0.105163574069536	0.029372806620954	0.143315086930227	0.0392129963518419	0.207861910116316	0.043059389495568	0.258757450284657	0.0395507018413399	0.282339412483549	0.051373894406099	0.327926289514269	0.0815387228562786	0.714874906558519	0.0984784303870578	1.09090224739586	0.125040158559803	1.44284115108263	0.166943234079777	2.20983019798389	0.181790187326175	2.6018433983348	0.195097371549451	2.98470654354486	0.210819013993143	3.34733451126231	0.238377634739865	4.44760584807976	0.278714554741467	5.64893496902188	0.277814198317409	6.77400126618027	0.319362678635729	7.5308180373309	0.360203670147666	9.475818326914	0.411916239621902	11.2418632514017	0.440539467610573	14.9928745786493	0.540812429488529	18.7328324588603	0.504930862145695	22.2475783154027	0.628698998552723	26.1947415762389	0.692529181707008	29.9302325096719	0.773697471325955	37.6747793675098	0.837622658557284	44.8758261049123	1.03475768420437	65.4053722755815	1.11378419427111	74.7589199016058	1.24366747284228	94.2841812685428	1.35459921770796	105.06402968998	1.40830895027048	134.21810501913	1.56647016660858	149.37396032255	1.67541713585099	168.13493233287	1.74884637063958	190.146546677885	
0.009463428630811	0.0509335926290478	0.0126890416700303	0.0704965098830283	0.0213775183370768	0.103864968492195	0.029379782097545	0.141772423918225	0.0390206720391305	0.205250001527951	0.042983630522126	0.256919106921174	0.0394758782810199	0.279105016647026	0.0511554705625168	0.324829962242875	0.081495339464138	0.707603896940867	0.0981642699207803	1.08110776117449	0.125004861978393	1.42973534760449	0.166756538135044	2.18958813561671	0.181602491752179	2.57795520826118	0.194766385407886	2.95672239698263	0.210571459959723	3.31721693761361	0.238211112476175	4.40752591732359	0.278514513037374	5.59844145539227	0.27741077204029	6.71326413603901	0.319019400005352	7.46432347130683	0.359565372538496	9.39228707784168	0.411422067042443	11.1427146548174	0.43977498329816	14.8592642544734	0.540299484100265	18.5667534373077	0.504233112893483	22.046883898041	0.627770482985187	25.9597614512437	0.691595413849795	29.6636470232858	0.772996834429668	37.3415260891089	0.836727796916243	44.4793844554703	1.03351003404983	64.8215299065763	1.11242020827128	74.0924282459646	1.24224245186086	93.4549689403936	1.35303731925807	104.066546007042	1.40663196124683	133.052759763316	1.5648085905605	148.040842900823	1.67366340925253	166.631926780441	1.74698135264065	188.478615081197	
0.0096954167191595	0.0502642045603372	0.0127533753345358	0.0683536313280683	0.0213091886293315	0.102767281198868	0.0295629295883242	0.14065560813324	0.03879902079611	0.20259535396659	0.0430205608237989	0.253687708779046	0.0393945289419471	0.276326910642732	0.0511645216355377	0.3207212291733	0.0813744041861767	0.700507510297662	0.0980201826358573	1.07133655801637	0.124893338043951	1.41720125974469	0.166697640934413	2.1691986914591	0.181395182181287	2.55466562574397	0.194406545292174	2.93078715998724	0.210218424121688	3.28690355340291	0.237910426937949	4.36757404341535	0.278020173567761	5.54871022925377	0.277158673906518	6.65355425464875	0.318668140385778	7.39805801062523	0.359173073689001	9.30895140650075	0.410883598971337	11.0431423064818	0.439056144377081	14.7262211057185	0.539669078536171	18.3997542690952	0.503563907857526	21.8472381498485	0.627153244905053	25.7270258135468	0.690921397441413	29.3961544287551	0.772242479231311	37.0088539559671	0.835761701246006	44.0813297554056	1.03238546545561	64.2392372582618	1.11119843376795	73.427180837224	1.24099026143338	92.6209435374074	1.35141834466913	103.066842051191	1.40509604821044	131.886371426268	1.56322890926892	146.707323147763	1.67193077265756	165.131752448505	1.7452062613686	186.811815972705	
0.00966019098337016	0.0500923646395462	0.0129953380543031	0.0679823465046092	0.0212379284074143	0.101416157761962	0.0294484867535813	0.139120628532113	0.0387478140323817	0.200798483559538	0.04308537609922	0.251276194605773	0.039191481047845	0.274085188208278	0.051139753108696	0.31829545412378	0.0814257849297034	0.69374337296717	0.0980716578344161	1.06021726549553	0.124761715420332	1.4032914920922	0.166353601544403	2.14896524382533	0.181041872470377	2.53163844334969	0.194157708024295	2.90440698365296	0.210064998226658	3.2568316145582	0.237536461278105	4.32828014887482	0.277544507191486	5.49869448408224	0.276758060110076	6.59425089554301	0.318323051008196	7.33148102255721	0.358860321539707	9.22595659920593	0.410338600114166	10.9429394527932	0.438412722735922	14.5938857620867	0.539163499630095	18.2327700020431	0.502919028079612	21.6476296545572	0.626498058890352	25.4940554825723	0.690268616322834	29.1300401915694	0.771347180293501	36.6759024260661	0.834770662009761	43.6780521985906	1.03116360178969	63.6567359937004	1.11001902974451	72.7611436669777	1.23966630213561	91.7861060211748	1.3499813830149	102.065998156563	1.40363050776479	130.721115577417	1.56159290513273	145.37769259759	1.66995904922401	163.630475430693	1.7432849428768	185.147550061496	
0.00949331775472215	0.0499018691643185	0.0126021560831703	0.068511199458677	0.0211803992912511	0.0991781824455016	0.0292487952543689	0.137421008569914	0.0387438642991552	0.199368554229456	0.0427923592485832	0.248324280534246	0.0390675812144118	0.270486383327915	0.0509099540736959	0.315264203014196	0.08134658726884	0.687638379157555	0.0976861378621389	1.05120136490956	0.124494044280809	1.39017230085268	0.166047711664999	2.12922446581013	0.180750441042201	2.50828483240851	0.193997533824076	2.87815346718281	0.209634095305407	3.22757109046809	0.237172606696442	4.287919890037	0.277177556259125	5.44837047115316	0.27640976423833	6.5347277443201	0.317831981816714	7.26496317346988	0.358305199482591	9.14285748378771	0.409817193823194	10.8432795601397	0.437699408769617	14.4601627478846	0.538588308430106	18.0661452254877	0.502302144824607	21.4499992883204	0.625887958614878	25.2604276378913	0.689393389671132	28.8623929974987	0.770421039374553	36.3421425082087	0.833754864133241	43.2767974743115	1.03005008049731	63.0731096915223	1.10893699231835	72.0945998572748	1.23840367114548	90.9518943536825	1.34862513467626	101.067471392391	1.40207508976609	129.554235502073	1.55983134155354	144.048553785713	1.66810443752068	162.13132927883	1.74119719605678	183.487739597273	
0.00927306246146926	0.0492038811265743	0.012242116323883	0.0673097642906577	0.0211586990597523	0.0979017685378295	0.0290605033705084	0.135412073112311	0.0387986814978395	0.196893389981996	0.0427597013688665	0.245211247664963	0.0390873734970123	0.266968050534943	0.0510240210950472	0.311462369822211	0.0810478761737281	0.6813748858948	0.0972910209584976	1.04152096569815	0.124174797966717	1.37666661076306	0.165857799287152	2.10931441992503	0.180524466527043	2.48519827820292	0.193913304992783	2.85187433934308	0.209405709904606	3.19676107851806	0.236836935135036	4.24767278688663	0.27679370735754	5.39876963016891	0.275907115633844	6.47486466037359	0.317307716860157	7.19843740814104	0.357828797425548	9.0592712866861	0.409234247217721	10.7428401505284	0.437240806964631	14.325903291905	0.538062615959881	17.9002077649598	0.501639430993505	21.2513798575564	0.62508254826326	25.026760677664	0.688506084274924	28.595025200187	0.769608635957563	36.0078759508949	0.832743013696565	42.8769956131798	1.02904161180372	62.4894237847023	1.10772992842765	71.4277654749425	1.236933741673	90.1170195845487	1.34724583354853	100.067551369714	1.40042640236663	128.387817362704	1.55805584445729	142.713230992235	1.66636937072676	160.632719568745	1.73922129298158	181.823622697669	
0.00936595367351237	0.0479763589232631	0.0122502435365465	0.0656184243678294	0.0210579878146119	0.0977488351920009	0.0288193976239475	0.134034836264768	0.0385088454703248	0.193965559329029	0.0427546826839598	0.243102151379602	0.0390293214206674	0.264275335165153	0.0510316020520962	0.308412375846703	0.0807555133094513	0.674156845246064	0.0971619475655833	1.03167746862862	0.12399630424685	1.36307803296824	0.165685666806084	2.08895687356409	0.180245757430929	2.46195060519957	0.19362098900025	2.82372395170918	0.209395104899533	3.16638692551224	0.236688187645851	4.20719657839378	0.276658685910054	5.34836226387336	0.275403872732049	6.41412333928094	0.316874638852533	7.13181059431765	0.357524319669896	8.97538706637478	0.4088575629022	10.6420570829033	0.436775470972727	14.1930473389787	0.537512904581445	17.7334432900249	0.500960464963528	21.0492996322695	0.624442641733394	24.7933358612946	0.687837127401586	28.3292332005968	0.768900653068184	35.6753230270369	0.831704329440829	42.4772310049494	1.02785220395545	61.9052349637159	1.10638099304887	70.760834235067	1.2355013044011	89.2846631115369	1.3457911590993	99.0664839576784	1.39868776886878	127.220460450225	1.55623841970756	141.378817169546	1.66447797664198	159.133051876266	1.73717885768831	180.151801898094	
0.00948926783665339	0.0472000515719851	0.0122392567808605	0.0640728800767492	0.020954464870234	0.0961543164325458	0.0287972018888192	0.133165985103496	0.0384424488630155	0.191726761829397	0.0426710545236876	0.2403748897647	0.0387568832104778	0.262447061726529	0.0508092941742725	0.305502866054138	0.0806014676061225	0.667336013656535	0.0969799051167032	1.02174386610427	0.12385091080821	1.35045220983919	0.165488916011772	2.06921888951648	0.180040707766656	2.43879932407812	0.193300837120487	2.79653655157169	0.209118338163972	3.13735806790156	0.236361442322398	4.16863656600719	0.276490875202335	5.29842940640703	0.275154641011264	6.3530341692232	0.316379301435874	7.0647739985809	0.357203035261201	8.89131285626725	0.408418861583446	10.5429876487341	0.436103051671814	14.0596502876622	0.536772756880519	17.5656506350164	0.500316390800017	20.8484562033029	0.623779990385347	24.5599855507276	0.687133418304869	28.0630817105099	0.767836161665856	35.3426359927345	0.830676210544965	42.0764046890343	1.02663622704565	61.3229832935927	1.10513838882925	70.0947002072775	1.23416311606014	88.4511443480073	1.34424625989997	98.0672642895435	1.39710735913723	126.053386659794	1.55446116173643	140.042913230808	1.66269364488025	157.631417230602	1.73487405280637	178.48433223738	
0.00928785842845443	0.0467633640781333	0.0123118858876251	0.0631038389838887	0.0208027918443144	0.0940284199618507	0.0288092011886013	0.13140729892019	0.03839882409243	0.189143273130123	0.0426313521491029	0.237220966015568	0.0385134544529184	0.259288830610694	0.0508224066752021	0.301707115562429	0.0804098272305219	0.661295339309174	0.0967560706032784	1.01136334518065	0.123663035267755	1.33745863072596	0.165279875420705	2.04959708795454	0.179805721494848	2.41488086602227	0.193077061690768	2.76964903728899	0.208835289552857	3.10748333660266	0.235912552221079	4.12825395542865	0.276144800738652	5.24852448861662	0.274946032484072	6.29271194326921	0.315924787904091	6.99877117085287	0.356680671590974	8.80804796543862	0.407893351856096	10.4434348581717	0.435514384301037	13.9254690627752	0.536349895985178	17.3991264412944	0.499853518555131	20.6477617859412	0.623020208568123	24.3270543352993	0.686384454768574	27.7970010009353	0.766882663635153	35.0095987811607	0.829819452797191	41.6763644093349	1.02559267873096	60.7399381366735	1.1039935858377	69.428260705698	1.23288999756871	87.6172158025643	1.34276100338428	97.0673368162856	1.3954574728986	124.885314491611	1.55267510982172	138.703999257652	1.66085641341408	156.131272700987	1.73299179911155	176.815953605877	
0.00904958386687336	0.0466328552326065	0.0119997246042009	0.0628761015213817	0.0207153086728664	0.0934714818127262	0.0284731383537977	0.129178978799025	0.0383853700173104	0.187259818831574	0.0424455789442067	0.235036345293758	0.0384829027082775	0.256714946175015	0.0507848339530448	0.297720298432846	0.0802010529540409	0.654926548392828	0.0966047919830216	1.00074591908837	0.123424472207921	1.324296947896	0.165166900025858	2.02884023705869	0.17958018484682	2.39196311402531	0.193015474184435	2.74433033580871	0.208676379052605	3.07768776771885	0.235686440685106	4.0883477163244	0.275612801896043	5.19794669029801	0.274474495795841	6.2332316328827	0.315726001034954	6.93118183519433	0.35628959905466	8.72609158276518	0.407424318996647	10.343000105173	0.435086121766724	13.7924976258551	0.535796374333246	17.2340849130407	0.499228614319358	20.4484867041158	0.622232879332108	24.0944751597875	0.685578871275395	27.5309594069069	0.766164272220627	34.6765392178462	0.829087737160182	41.2764582400798	1.02448220097166	60.157708818291	1.10293406524196	68.7639222677471	1.23154546586162	86.7834660710471	1.34136853991531	96.0671634738796	1.39375178412782	123.720475875254	1.55074053933103	137.372342149653	1.65874382585169	154.633467653568	1.73122589368362	175.148245526596	
0.00892850114926391	0.0455583382252019	0.0117049196906117	0.061888659532589	0.0205688397574534	0.0916004257453636	0.0282147987885404	0.127335935167146	0.0385207006755958	0.184552871689367	0.0422167116363272	0.231782770033875	0.0385050453944032	0.253566814087869	0.0505698152634549	0.294678482633309	0.0801446577878781	0.647033415324883	0.096449449573079	0.990975996498737	0.123127994309397	1.31048077815781	0.164981576379122	2.00851761529264	0.179477059591032	2.36820181664646	0.192618864609374	2.71774433719522	0.208412550273568	3.04660860355754	0.235391650517745	4.04855928952024	0.275339985900727	5.14760032562819	0.274090298445747	6.1734728570596	0.315550527949334	6.86464955060778	0.355746321197191	8.64278478242268	0.406937144485628	10.2420829271035	0.434426804736738	13.659954597299	0.535036155722747	17.0669125188375	0.498540606558692	20.2481480519607	0.621513604115623	23.8612030803131	0.684819602777023	27.2633364272219	0.76508077158154	34.3429506633345	0.828135105952226	40.8756356494549	1.023131693724	59.5747083648534	1.10167647798038	68.1066469798666	1.23018905484402	85.9502751330482	1.34001643422174	95.0681375208311	1.39214529062949	122.555033761897	1.54901271795298	136.042294366987	1.65686252114528	153.13295059494	1.72918469176412	173.482280883092	
0.00885607242846804	0.0445235197501494	0.0120022405455882	0.0604540553999617	0.0203946359014484	0.0896828908629693	0.0281474537659741	0.125486343173726	0.0383733765805032	0.182138665411904	0.0420591879757688	0.229046064226439	0.0383901162623028	0.250073597899387	0.0505232917338869	0.291524005911424	0.0799853017908986	0.641019574707928	0.0963861706190378	0.980298034441981	0.122900434395075	1.29642700475906	0.164629680974672	1.98953726212349	0.179263371892396	2.34502888227618	0.192293745270354	2.69020932092327	0.208130857802002	3.01681489731878	0.235067371109468	4.00807749309221	0.27520491369616	5.09770053011169	0.274024162642295	6.11405634226641	0.315037152435441	6.79836872310442	0.355109400309799	8.5591287361313	0.406413929822325	10.1423168636816	0.433751443641008	13.5264169162805	0.534314145203045	16.8996469923812	0.497969746532594	20.0473064856392	0.620782264683263	23.6280651112831	0.684085647393461	26.9972408164868	0.764173263010567	34.0093136800511	0.827154641278479	40.4757518319405	1.02203102009643	58.9899346733179	1.10024336218741	67.4402372806081	1.22879300704604	85.1178218024933	1.33832503633959	94.0696182072391	1.39060669381247	121.388198390034	1.5472451053056	134.709981607926	1.65510760491029	151.632746460683	1.727242131277	171.81670366976	
0.00892250985954168	0.0440803430119087	0.0120099078264159	0.0588145603106508	0.0203392578188394	0.088671947532199	0.028150128600087	0.123749106512447	0.0382626133023091	0.180187908508621	0.0421128095716318	0.22715824435353	0.0381651465015735	0.246498076082284	0.0503945123507722	0.287835357510709	0.0798435379811777	0.635298460403804	0.0962799102651393	0.970834691587815	0.122739043352045	1.28234191564022	0.164382917005466	1.96970893979044	0.178892770745936	2.32211206160175	0.192222280471094	2.66361913135839	0.207905054667668	2.98746706174145	0.23481954187606	3.96706949943451	0.274797382262614	5.04845638565659	0.27367082385088	6.05494017898928	0.314421331883373	6.73108299859079	0.354588865500999	8.47576512511445	0.405880057560382	10.0422611589528	0.433097159844937	13.3935637573218	0.53367366031887	16.7333966074831	0.497192465798574	19.8483927569555	0.620048266802249	23.3942267877102	0.683143222759017	26.7308211055111	0.763565406122495	33.6759449176565	0.826316040269703	40.0760431030619	1.02092290808856	58.4067852082754	1.0988103973793	66.767770259612	1.22738199505376	84.2849437888645	1.33658564933173	93.0735054310655	1.38894373788174	120.223493884121	1.54542144995545	133.378756633581	1.65315261325145	150.132408215982	1.72526685457443	170.155417990648	
0.00896280033350607	0.0436270099468157	0.0117926133889885	0.0580665919034393	0.020370732383377	0.0877019751168082	0.0278821141852337	0.123157614842254	0.0381137174257451	0.177575359636016	0.0422267863667419	0.224258673518593	0.0379483070210487	0.243474275552944	0.0502993394867328	0.28459455883179	0.07985955543439	0.627464291693563	0.0961494040790058	0.961676706108297	0.122353265250623	1.27022296479834	0.164120326972755	1.94897967932455	0.178816991495881	2.29773911815107	0.191887523474262	2.63696374921638	0.20757558729786	2.95793761827069	0.234607022934891	3.92766151788401	0.274408201609127	4.99760338153024	0.273079062926185	5.99489548714935	0.313993505728907	6.66423359868264	0.35425929971374	8.39265017721321	0.405439627776775	9.94228647928406	0.432524058788884	13.2606072215622	0.533181794241343	16.565708260598	0.496533933914344	19.6488811192074	0.619386574867797	23.160377288267	0.682367715548479	26.4641499374522	0.762628076713199	33.3449305386187	0.825348721173385	39.6765802433313	1.01960058884373	57.8238480847698	1.09754668378469	66.0989987264164	1.22599828056859	83.4519391153717	1.33503436131773	92.074509280338	1.38739562143458	119.060905342997	1.54371332278445	132.047308141829	1.6511646249734	148.634618069723	1.72316833511706	168.48964706223	
0.00885832764018774	0.0424350335232455	0.011656687303442	0.0576328648147012	0.0203928839134269	0.0867391404154979	0.0275980597893576	0.12153062348551	0.0378672205729287	0.17553950313652	0.0421317669133579	0.221757504999856	0.0378948517259345	0.240288483110975	0.0502659831383665	0.281645002170418	0.0798197306199943	0.620987292740719	0.0959145678752614	0.952173723838932	0.122163821424067	1.25699608939125	0.163918995119102	1.92957755346446	0.178620521565179	2.27519249818247	0.191539508070272	2.6110157065362	0.207272114730245	2.92766614357385	0.234218957103618	3.88839765849509	0.274088013471838	4.94804119043101	0.272693814948182	5.93427430666312	0.313790754181724	6.59763751850276	0.353931184315877	8.30867375597138	0.404934666803151	9.84188245992885	0.431814098710173	13.1274513827811	0.532680396295517	16.4001153894063	0.495892962143497	19.4488460781972	0.618866390888386	22.9279862399063	0.681755196148098	26.1978699248561	0.761532712299224	33.0162928946785	0.824273596407253	39.2774228573907	1.01846933762003	57.24016962853	1.09633164305792	65.430078181616	1.22461630162632	82.619768906866	1.33343661356103	91.0717207842667	1.38575813433579	117.896171034763	1.54201575464033	130.714861272324	1.64922227087299	147.135233499293	1.72121394199616	166.819614401913	
0.00884976407015843	0.0416687369796745	0.0115212705502094	0.0566532881357159	0.0202711518096864	0.0853372744526006	0.0277674974827549	0.118813839249075	0.0377235154460303	0.17331540307057	0.041943307775605	0.219147371745064	0.0378968809774239	0.238185862427582	0.0501223402601966	0.278798414856311	0.0796215479623152	0.614431073165135	0.0956227355243421	0.941924286561467	0.122246593957934	1.24326851170876	0.163699124445544	1.90911721237923	0.17842226966514	2.25227567750804	0.19129797467642	2.58435636627344	0.20690351065954	2.89842098630548	0.233706354107221	3.84849770581791	0.273746835104817	4.89919751466396	0.272283557123103	5.87364055332273	0.313416728556379	6.53165843949925	0.353420574413872	8.22610549439548	0.404397289406825	9.74277204756834	0.431235446584483	12.9931621244806	0.531948831238544	16.2328982917217	0.495356675768406	19.2478759893665	0.618166411328187	22.695025222157	0.681018659801921	25.9302990992329	0.760932684091272	32.6819443809819	0.823238158712917	38.8770249498396	1.0172056073954	56.6579663871784	1.09518793657065	64.7617685843956	1.2230493306638	81.786697178151	1.33187827310682	90.0704894594662	1.38397190584794	116.727279302754	1.54019045315424	129.381907763363	1.64736990459421	145.63637046948	1.71941571076322	165.152293752805	
0.00900575988793796	0.0414939766715348	0.0115687139449092	0.0551565873457797	0.0200766724041616	0.0838126630905822	0.0279145723966764	0.116898647224921	0.0375568978832586	0.170568248988496	0.0417650697954503	0.216643816712343	0.0377437046957306	0.235176366430232	0.0499417162417872	0.275144138077733	0.0793907357735022	0.607888939842822	0.0953759897741224	0.931008720844148	0.121979550037971	1.23069833510091	0.163390559144132	1.88884581335234	0.178382371544037	2.22834185263043	0.191020958905199	2.55781786510899	0.206627332153141	2.86805731067814	0.23334019892014	3.80840613353011	0.273499566871038	4.84803205182868	0.27175991810262	5.81449784735347	0.312936077296402	6.46555316629288	0.352914154561247	8.14256400077533	0.403941688675297	9.64444022084323	0.430609396053522	12.8599196727042	0.531107299595996	16.0671321945393	0.494679678373909	19.0488467766891	0.617209317588956	22.4616097190129	0.680197042301281	25.6631622699088	0.759959512453212	32.3455544082988	0.822296850367691	38.4766605698995	1.01593252379917	56.0737999179327	1.09392754057989	64.0962008007046	1.22168153632316	80.9582001057051	1.33039673056586	89.0698020270235	1.38224744104358	115.559207134571	1.53842023123204	128.048402911463	1.64544618049599	144.141679764602	1.71735419571461	163.484824092091	
0.00897267492292112	0.0403780599220192	0.0116520402140624	0.0540815501074304	0.0199572009782922	0.0825413860087416	0.0277848542258489	0.115776665510275	0.0375251183673339	0.167766525226908	0.0416814481544363	0.213851362520314	0.0375249093199232	0.232384756249247	0.0498836716087486	0.271240121341867	0.0791553213421261	0.600757628604727	0.095215094095746	0.921064931979622	0.121779074797356	1.21637249910797	0.163214294448818	1.86888314774428	0.178246560009012	2.20402525419284	0.190819010230791	2.53094152669665	0.206332940842125	2.83792274039326	0.233120895462799	3.76863121090264	0.273202143761631	4.79819325793792	0.271187483288461	5.75445967477126	0.312507548950907	6.39890446639002	0.352606937797539	8.05878501990993	0.403511801713556	9.54362921354224	0.430076114354905	12.7266734956376	0.53054998877376	15.9013288444558	0.493936175790075	18.8486645867191	0.616427263023502	22.2285797833964	0.67930797951392	25.3974522267012	0.758941008647969	32.0122862287375	0.821542425675286	38.0764712785952	1.01479468233319	55.4878117818175	1.09261718198505	63.4300369705941	1.22031756622586	80.1278403881985	1.32876494631008	88.0708654809379	1.38055608264389	114.392036486597	1.53671226052324	126.71538979786	1.64341485386689	142.64071567116	1.71517744481153	161.819202175278	
0.00860048455617569	0.0401746509868817	0.0113271505991845	0.0538078686127509	0.0199011472713581	0.0814654756555201	0.0274826698439444	0.113550593659905	0.0375673706303803	0.165885195507882	0.0417801637593789	0.211223330410642	0.0373553878511566	0.229118084266281	0.0497397895058224	0.268512044819751	0.0790024300626083	0.593761242718222	0.0950184267275513	0.911861369903774	0.121677622406452	1.20316739336503	0.163034782447046	1.84956123203712	0.177926395515643	2.18151146334344	0.190561523054185	2.50465844073616	0.205846194940224	2.80775277985223	0.23283844589584	3.7282185651725	0.272690545359626	4.74824736195617	0.270887361439068	5.69522849316162	0.311947831256322	6.33220314676421	0.352190036304302	7.97591221586659	0.403178083013428	9.44292623965478	0.429276283932167	12.5940950768254	0.530104983466441	15.7334225680986	0.493324165412703	18.6477801795612	0.615684660836552	21.996656258946	0.678599288499164	25.1310977083027	0.758165408474054	31.6783325957938	0.82050292319446	37.675793974285	1.01369319595786	54.9066180940888	1.09146693618138	62.76345590799	1.21901031385395	79.2896426602762	1.32718518430155	87.0701184438532	1.378831894518	113.225745007093	1.53467836113279	125.381124986776	1.64155923554938	141.137993240781	1.71327591738434	160.152566979552	
0.00825670578694297	0.0400723619416212	0.0111944220452694	0.0532311398598558	0.0199045116523416	0.0796539805743582	0.0274045732893959	0.11235069371887	0.037312966186774	0.163344460333518	0.0414675681725916	0.208517416454366	0.0372574871854899	0.225870460739444	0.0495236888609609	0.264921097973238	0.0788775324640111	0.587634537452117	0.0947642923471282	0.90207252982524	0.121482039933021	1.18993609417592	0.162809932009132	1.82887632580674	0.17757804893334	2.15887520358128	0.190263988494542	2.47867151534034	0.205633700294921	2.77719678612236	0.232481919425875	3.68733676571767	0.272299022843131	4.69807562026081	0.270546640610471	5.63498822359031	0.311504983957173	6.26549856750953	0.351688139245148	7.89261752271699	0.402735845975078	9.34283421334724	0.428550018607025	12.4602826556604	0.529526069313183	15.5653737993943	0.492749514670884	18.4484659821895	0.61486384856901	21.7669418315377	0.677818014990338	24.8652461040705	0.75722241545352	31.3448371735351	0.819424605883638	37.2767297205974	1.01265414855057	54.3240385984349	1.09022035881741	62.0961260620715	1.21777458075788	78.4547529899819	1.32559637726487	86.0688722178922	1.37713157304655	112.057255606416	1.53267166537212	124.047672288938	1.63982067382778	139.637953019289	1.711316605751	158.486244708196	
0.00825341008186252	0.0389233614144053	0.0110945364055902	0.05164336227481	0.0198134449109614	0.0785529536166455	0.0276019094439844	0.110318919031401	0.0372932201850921	0.160715642420461	0.0412554796959497	0.205732049044718	0.0370625798976327	0.222940330883979	0.0495118376356546	0.260651566248027	0.0788185337710312	0.580765568129299	0.0947070374101589	0.891408421191124	0.121360276348408	1.17748035382398	0.162607752430745	1.80885650027838	0.17738851213461	2.1352093667618	0.189954731831644	2.45167131103146	0.205551244602867	2.746828686713	0.232153549596453	3.64683191905701	0.272020302117159	4.64765940640121	0.270227302267211	5.5746543561047	0.311223161598165	6.19835021306913	0.351307168939451	7.80968325138665	0.402209250695222	9.24276826407056	0.428321716626654	12.326320291568	0.528731291431877	15.4004598623272	0.492005488980621	18.2489673829568	0.614169156959454	21.5311235162652	0.677020967257753	24.597975164302	0.756218408056715	31.0121240622019	0.818421876098506	36.8766708144474	1.01144358204287	53.7422525895769	1.08893695176081	61.4287477873814	1.21620819120259	77.6204146626255	1.32392362998463	85.0702932996583	1.37552511084066	110.891500568689	1.53101312950436	122.715985378618	1.63799945537648	138.136839914243	1.70919374749358	156.818298210347	
0.00827147608339393	0.0378885502153101	0.0111026391724905	0.050196479964292	0.0196701927764534	0.0763464031596281	0.0275204794385513	0.108347476581604	0.0373843709346831	0.158702850705506	0.0413803153441428	0.203383311830757	0.0368641188865483	0.220304513500029	0.0495338282659085	0.256750256168266	0.0789562944507405	0.574222037823191	0.0944784644249594	0.88180101438304	0.121077651375541	1.16383286987911	0.16232548345303	1.78937532841852	0.176976519433059	2.11238800664673	0.189819193779497	2.42461988398341	0.205361505509239	2.71609085225907	0.231924167307976	3.60780089030068	0.271531715200092	4.59951981046713	0.269932918031371	5.51489045800769	0.310909780212395	6.13074271662126	0.350873451759341	7.72671079583256	0.401658080152508	9.14289137326755	0.427811346025134	12.1936105562789	0.528122154871464	15.2345019127036	0.491477031471915	18.047015680179	0.613394196295534	21.2953666682797	0.676283691979871	24.3309724454223	0.755600576156693	30.6784610018877	0.817433175681003	36.4772899110994	1.01018491513386	53.1594384006453	1.08776929107478	60.7635115545112	1.21466310473738	76.786776689812	1.3225011695817	84.0699560444869	1.37396003362403	109.725715728641	1.52914375775826	121.382629538324	1.63607814035366	136.636248349813	1.7071152369197	155.152527281929	
0.0083574575636721	0.0375462428011679	0.0112125790862241	0.0490121978655334	0.0194558694646845	0.0754457560650925	0.0273961781570626	0.107626283697141	0.0373188557557986	0.156744715981553	0.0412504426960048	0.201532366509285	0.0368829522474101	0.216143582713009	0.0492891835561293	0.254382863399869	0.0786960368702974	0.567684910359479	0.0943228489817972	0.87135081889262	0.120835492898333	1.15024557265276	0.161988748076745	1.76886131987247	0.176617333187283	2.0890090171666	0.189591725329797	2.39828278131616	0.205131556679764	2.68727270637089	0.231632150421344	3.56756449735941	0.271043770831576	4.54950220265054	0.269192006261636	5.45478290189696	0.310482103759301	6.06467003970344	0.350326061012568	7.6436056268179	0.401007172045671	9.04449342264277	0.426909489269387	12.0603876622757	0.527510569913473	15.0680168345279	0.490835058750486	17.8478951978937	0.612622945453235	21.06116512892	0.67561482116074	24.064319903814	0.754821311181871	30.3447755898328	0.81651860355223	36.0778643042701	1.00897642168037	52.5751117439244	1.0863593755924	60.09701989887	1.2133021455012	75.9535932023933	1.32100677118031	83.0704979577843	1.37230956448806	108.558925060259	1.52717280971458	120.050950078584	1.63410569842221	135.137608837407	1.70508540368401	153.486562638425	
0.00833820306636373	0.0368235913146462	0.0109891292428453	0.0484273964380488	0.0192188151615987	0.0744813461190335	0.0273406667825493	0.105674522711755	0.0370790368743964	0.15386751143926	0.0408683523569456	0.19801052670491	0.036784480231348	0.214061989546123	0.0491416622025499	0.251667505251058	0.0783024461831674	0.560932239937642	0.0942011051455843	0.862108199478154	0.120775043066543	1.13628749264401	0.161849324401279	1.74883381093323	0.176491941795656	2.06508287569987	0.189172376547772	2.37171517632264	0.204821680885262	2.65736887124291	0.23128374015988	3.52737513620592	0.270798733028056	4.49876980479189	0.268904474714779	5.39470421678467	0.310229141093341	5.99768932331851	0.349890555111034	7.56033049144144	0.400509998215181	8.94352502183415	0.426468106303356	11.9267438104887	0.526887677273311	14.9009217400947	0.490048711195366	17.6487002098059	0.611898831314559	20.8285337993465	0.674724959892327	23.7974997241503	0.75382558888892	30.011065963392	0.815421678852879	35.6784275215703	1.0078532992846	51.9919995317831	1.0852104929132	59.4304500121363	1.21195208530031	75.1205587265794	1.319296243362	82.0722841179823	1.37059529512224	107.393490397483	1.52529112726935	118.722466917768	1.63221072894349	133.637315296187	1.7028954904397	151.820687401884	
0.0080151931338639	0.0359429801600652	0.0108814696407942	0.0472721927025141	0.0193092489670641	0.0728167853569323	0.0272751008705941	0.104223718660269	0.0369173702879269	0.151632803027613	0.0407827053861862	0.195007739140161	0.0367007526640327	0.211191929993868	0.0492366234671974	0.247929351237087	0.0782819148539127	0.554788014166434	0.0938287623967869	0.852059927867251	0.120592265940943	1.12233197377221	0.161776217144796	1.72957324609776	0.176262350675535	2.04178258297356	0.188882668898737	2.34476619475293	0.204526792149036	2.62766107950759	0.230956566957732	3.48854643726932	0.270513577107548	4.44904090695972	0.268932818661827	5.33409095253995	0.30981310297977	5.93119382597191	0.349475211994048	7.47551634558352	0.400009801471676	8.84322717324741	0.425942546648424	11.7935842464175	0.52617360425004	14.7338620359176	0.489387540792786	17.4482889144934	0.611263895526863	20.5954237699924	0.673840021868631	23.5314693059923	0.752870774113613	29.6775537773278	0.814350342194765	35.2777688437107	1.00683117773964	51.4084179330864	1.08394476698661	58.7636119045138	1.21043477791165	74.286525873013	1.31757940123482	81.0735487375632	1.36889848422468	106.226275046028	1.52372143253812	117.389125978634	1.63021450901951	132.139987085903	1.70094445962613	150.153411456257	
0.00796806889745804	0.0342480982102891	0.0108612752975104	0.0468530539080995	0.0194541481484626	0.0721952876389635	0.0271863672356062	0.102528995417311	0.0368623202207685	0.149615442011494	0.0408132635613253	0.191832977049412	0.0365872438323321	0.207138130401671	0.0492330850802376	0.244659696111641	0.0782286289198138	0.547634875056534	0.0936400848580786	0.841401989244898	0.120175384712621	1.10974235580653	0.161521301029677	1.70941185954478	0.176023333517377	2.01724572675754	0.188768113812006	2.31706889553006	0.204215112662098	2.597604274654	0.230530384840787	3.44845765894911	0.270302602980253	4.39873226085238	0.26856089501989	5.27437688019831	0.309293152814519	5.8647211460273	0.349029693641394	7.39232130394467	0.399493575880816	8.74405622492242	0.425314668187358	11.660431201604	0.52545920476037	14.5677932589129	0.488813193234303	17.248216620582	0.610498174426915	20.3627682260331	0.67304726368851	23.2645038400138	0.752063655370169	29.3450101666951	0.81328214071187	34.8775907282768	1.00566710759308	50.8255106119018	1.08261130605632	58.0965502794841	1.20904569959051	73.4525898769898	1.31611403465526	80.0793582110924	1.36719040597121	105.05804641566	1.5221020188368	116.052752653342	1.62824707377927	130.641302870016	1.69891227665775	148.488206771937	
0.00810880737509778	0.0343063763542739	0.0107604303722934	0.0457631846308581	0.0192430595702968	0.0707796191851277	0.0269964499741151	0.100857678928886	0.0367688725139315	0.147312965333847	0.0406159353979265	0.189237366605328	0.0366106135621464	0.204225113597702	0.0490587667981588	0.241612685278614	0.077998397481932	0.540969574329579	0.0936381955800217	0.830736192588695	0.119776926956994	1.09709068847727	0.161284085392803	1.68959715780373	0.175753698576528	1.9942059715091	0.188446487817404	2.29098022314779	0.203681518632694	2.56752581655158	0.230220230540102	3.40769646576196	0.26989419204059	4.34918823054249	0.26811441022795	5.21448865054348	0.308848056365526	5.7977706976246	0.348374504535691	7.30944849990134	0.398915627770926	8.64365406821227	0.424573567228258	11.5271822305698	0.525013220388549	14.4005826804859	0.488166749035277	17.0483361791118	0.609659758198163	20.1294682068828	0.672198074554691	22.9979611944641	0.751179633101488	29.0129787834541	0.812272112617363	34.477755339534	1.00441938256021	50.2424170262111	1.08126855981664	57.4313922777064	1.20766274856866	72.6210455172245	1.31453684615876	79.0801608946983	1.36548101961697	103.893803845722	1.52023277822092	114.718085510924	1.6262592956076	129.141411660129	1.69674279426172	146.822659360926	
0.00806083435061995	0.0342781647394596	0.0104611535856583	0.0440197379400508	0.0189918282205629	0.0683402599233871	0.0265785219792222	0.0987357260270305	0.0366881642434783	0.144945383390561	0.0405427121451965	0.187052920506492	0.0364710662419475	0.201350208257906	0.0488396464126	0.238660567480284	0.077772929831791	0.534414868153106	0.0935728594551875	0.821303175924425	0.119648165196259	1.08413086980577	0.160945002961387	1.66981633291972	0.175447640133561	1.97160335577336	0.188219055596152	2.26428083601622	0.203512110060627	2.5381190748242	0.230117335070716	3.36799488478376	0.269407647863183	4.29881113222917	0.267643051786129	5.15549961279174	0.308441914855277	5.73007984781026	0.347945844571052	7.22592609839306	0.398229236108018	8.54311500709015	0.423861314041277	11.3942201068751	0.524509563289895	14.2325702333603	0.48748664570909	16.8485339687342	0.608940793988122	19.8953597997761	0.671355169927413	22.7322381127411	0.750283474774129	28.6795262020318	0.811569485164664	34.078005632464	1.00328407437313	49.6583809421197	1.07991417231252	56.7644126090593	1.2060930975508	71.7874895007937	1.31271412139738	78.0761430528869	1.36382182310951	102.727884895229	1.51828192176218	113.385579036777	1.62413654091888	127.640685985255	1.69470853898419	145.15998787389	
0.00803350181440403	0.0324813790290977	0.0104499442053136	0.0424267034758785	0.0189839913731824	0.0671279471992512	0.0267269640717766	0.0967911682393406	0.0366099060091487	0.143088544543701	0.0405209839412806	0.183782494129576	0.0365131881125585	0.198499066194549	0.0486476259948118	0.23528344646598	0.0777812676354128	0.527207013844546	0.0932251129007237	0.810856531101152	0.119775132531251	1.06956021240265	0.160730589640224	1.64935215012905	0.175122965081971	1.94872041195597	0.187883366496762	2.23785153241846	0.203313761500956	2.50707390393525	0.229589222445123	3.32857712434669	0.269024286118976	4.24888619100436	0.267047881001352	5.09544747037157	0.308084922977256	5.66429355257054	0.347593082198492	7.14285585397328	0.397878374788955	8.44330796547692	0.423298253655418	11.2609012866512	0.523764443487649	14.0667501194712	0.486908868919015	16.6486479393289	0.608357762728494	19.6616164711013	0.670473575584596	22.4691506737791	0.749299949820883	28.3466249635475	0.810655447131928	33.6777865388388	1.00206557051743	49.0741138900407	1.07876485761023	56.0976154796282	1.20435237882713	70.9547604987698	1.31112084735345	77.0740921642597	1.36218945446066	101.561988296477	1.51634173161869	112.051001301323	1.62223426120986	126.140735170726	1.69276254045574	143.496958759001	
0.00799033479854828	0.0321415531711314	0.010485622356511	0.0426218628397154	0.0190168394991866	0.0660647806851856	0.0272352939354118	0.0952941909630282	0.0364494373203372	0.140243543388279	0.0404268819803333	0.181201348288542	0.0365673359158648	0.195896645454462	0.0485486535063716	0.231385366911246	0.0777003740899789	0.521007840044046	0.0929170502602873	0.801474678968394	0.119616175881036	1.05614229946152	0.160377859561199	1.62962359572206	0.174863347179005	1.9255546953353	0.187465793071682	2.21172025203043	0.20301844621317	2.47708415430385	0.229126733020195	3.28776354426721	0.268609135133797	4.19853051310924	0.266663944971641	5.03534922748615	0.307692440828906	5.59870702601358	0.34727483196308	7.06027222557563	0.397461501343099	8.34423853130774	0.422653610730221	11.1271363629352	0.523085707113045	13.9010268631253	0.486110240577687	16.4494790282719	0.607618395927073	19.4291714060339	0.669681861513125	22.2031128050409	0.748274113433594	28.0139230280846	0.809613960258802	33.2787632633425	1.00075776295473	48.4915790978682	1.07745838360843	55.4289855074573	1.20274176851009	70.1215248572894	1.30971715154631	76.0725553656692	1.36050248036677	100.396449325577	1.51450353999949	110.719619864793	1.6203311845099	124.63965931858	1.69077129938828	141.827060209128	
0.00791991216189694	0.0315095240734505	0.0102180594730356	0.0420625309006495	0.0190164814151158	0.0650981479341811	0.0269530417978794	0.0938345102436747	0.0363785593925154	0.137343215853787	0.0405766603519827	0.179536420090599	0.0364114223141361	0.192975508682182	0.0484573229009348	0.228375507116032	0.0774362160985689	0.514821297305364	0.0927893976479848	0.792202664686563	0.119390515367092	1.04355815301571	0.160181526726997	1.61025348407395	0.174701595347441	1.90143507161288	0.187428048610758	2.1844397196399	0.202811300153425	2.4476119871687	0.228937897472459	3.24799025145417	0.268235779181752	4.14859206770773	0.266468508890533	4.97517927276589	0.307123221496174	5.53152514396209	0.346942135098422	6.97663573705738	0.396928573686722	8.24383171798494	0.422009162396145	10.99369926475	0.522604496119587	13.7336533032555	0.485371617838938	16.2505205961068	0.606847778031969	19.1954616049702	0.668999656168681	21.9333813111471	0.747441289226601	27.6792280624068	0.808605723959084	32.8791998207786	0.999464014189451	47.9094280105783	1.07617765623464	54.7620952457731	1.20146683624466	69.2875441577847	1.30804441693205	75.0738497875711	1.35892493546496	99.2280120789622	1.51264907060787	109.387307105733	1.61836199212007	123.140356704533	1.68847470976099	140.159292525205	
0.00779958602387104	0.0319641581706526	0.0100989027410666	0.0399180516350904	0.0189770718250645	0.0635638522730382	0.0265582347525257	0.0924242114463031	0.0363156022729879	0.134815591954421	0.0405139566264117	0.176748593407393	0.036225775393672	0.189528043713005	0.0484624818532148	0.224534456514368	0.0771870407707569	0.508874744741229	0.0927048437370733	0.781679884246432	0.119117738324302	1.02920204904053	0.160121319545492	1.58932142812708	0.174471141368594	1.87766841912948	0.18732844060528	2.15733823400585	0.202462376832163	2.41710069692029	0.228627166723842	3.2084460639836	0.267948370432676	4.09865408796749	0.266047338851952	4.91452828995868	0.306602564436713	5.46530019581056	0.346390760077997	6.89244604295609	0.396397959348315	8.14302909258673	0.42110060321158	10.8615622928171	0.522028009595414	13.5663393480277	0.484674294276813	16.0501167513746	0.60607284413484	18.9617108257151	0.668228564611686	21.6657546061721	0.746405071508783	27.3457475413085	0.807538910560103	32.4787832867769	0.998086691749181	47.3262785455358	1.07475889677919	54.0976413238284	1.20011928771598	68.4566778008215	1.30617576965557	74.0743097444858	1.35720619462154	98.0618174570005	1.51075969444863	108.053906561957	1.61637828208765	121.640711363794	1.68653734968018	138.491733457529	
0.0075349896705136	0.0312981029451183	0.0102126767596007	0.0390462464351675	0.0186138381550261	0.0624692099678286	0.0263931415778197	0.0903493339879754	0.0363760893984453	0.132484578972367	0.0403614311951353	0.174051803501533	0.0361881965873575	0.186738936461321	0.0483891356207949	0.22130607061855	0.0769341119422956	0.501809673818108	0.0924584461617977	0.771830042542158	0.118938763943032	1.01587261173979	0.159834970426105	1.5697144113103	0.174240547668076	1.85529898327228	0.186848161917945	2.13070823040279	0.202095730704197	2.3864660064366	0.228282393765986	3.16826345491846	0.26759905774293	4.04929911613126	0.265577056797843	4.8538703222325	0.306246733789891	5.39699653577123	0.345605520167966	6.80950385538424	0.395879142494992	8.04475966447115	0.420474500395589	10.7265689546836	0.521219894487959	13.3983734670286	0.483935920946253	15.8486642374731	0.605302325835954	18.7292787991631	0.66735525002635	21.3994503791902	0.74549560201484	27.0135298935615	0.80648573287616	32.0784338079974	0.996895378112228	46.7429577171477	1.07331523239015	53.4321256941991	1.1987513272274	67.6298422077699	1.30443926658703	73.0720949430933	1.35556145019158	96.8968968842605	1.50892987454628	106.720662480366	1.61441318391411	120.141393848586	1.68458047867661	136.823742256199	
0.00746125215275628	0.0297088335614588	0.0103147827130506	0.0388945172602668	0.0186967293361008	0.0611975800020606	0.026471098647171	0.0883966125762302	0.0364901301710489	0.131218969861239	0.040164103330051	0.171453209914969	0.0359911278846085	0.183822456301692	0.0480792206263107	0.219079074721607	0.0767731963801793	0.494338458960254	0.0922036539387622	0.761798418321486	0.118855956391468	1.00266552693647	0.159478632263719	1.54968690237106	0.173919065522064	1.83231929832705	0.186525183439235	2.10450197855106	0.201790809772813	2.35703574881533	0.227860753604475	3.12822985745818	0.267096094930567	3.99939932061477	0.265123038453177	4.79428430673879	0.305724490423238	5.33071850223546	0.345192338749632	6.72581009053037	0.395550465783211	7.94365901586321	0.419751134117558	10.5933246402621	0.520508071266458	13.2315531127418	0.483248134226269	15.6483889152501	0.604406229336656	18.4952523484391	0.666404009041284	21.1325184408227	0.744676868456502	26.6789001204607	0.805405879214868	31.6810906383459	0.995747753376155	46.1593053379387	1.07207581438223	52.7659618640886	1.19723154195607	66.7978508131901	1.30291440309328	72.0726070540697	1.35390143508651	95.7300689629782	1.50719028088415	105.385555753714	1.61239994760324	118.645972986844	1.68249972863865	135.15762860109	
0.00738900634412347	0.0291186301904496	0.0102563899327112	0.0384719733178505	0.0187670827099463	0.0602485004979665	0.0263358884860244	0.0876248517887504	0.0363429881742579	0.129257517300771	0.0400334211064805	0.168603071933715	0.0358902914980941	0.18037346338149	0.0479173238052614	0.214599238727505	0.0767290723013715	0.487653105695066	0.091987545625049	0.751462950125277	0.118662385403091	0.989783008034985	0.159214273439889	1.5284556590613	0.173653086196952	1.80910317387442	0.18622674639309	2.07844497113482	0.201500479942092	2.3272136372394	0.227557361561349	3.08805819143276	0.26667004947358	3.9488489963108	0.264766278299846	4.73527571121391	0.305370118725245	5.26374151114065	0.34482404688742	6.6434206428803	0.395190749743036	7.84372345174078	0.418960127682287	10.4611820803941	0.519697629747217	13.0663877185916	0.482777679115126	15.4484898473293	0.603651985326458	18.2615127450545	0.665574790047935	20.8663632254457	0.743697564938205	26.3447117942394	0.804445987957429	31.2846564394841	0.994490023901534	45.5762117522481	1.07082420723024	52.0989076896391	1.19579964857656	65.9600554166009	1.30122755640994	71.0740504875764	1.35209168665815	94.5644554862755	1.50546348671998	104.054330779369	1.61054161894494	117.147616596488	1.68045487383917	133.49181296919	
0.0072009956467381	0.028845303398687	0.0100649229086154	0.0363821255774427	0.018454829694524	0.0586643463396405	0.0262194006247904	0.0860765062541218	0.0362225898808831	0.125886231604197	0.0398384469845874	0.165204414085897	0.0357454277651642	0.178366739814897	0.0479283541279325	0.211161639956385	0.0767051864267756	0.480948281968228	0.0916977282050766	0.741527834201816	0.118384025686809	0.97668395664519	0.159068468493466	1.50857623040439	0.173506843936377	1.78450193998849	0.185762362000278	2.05203359549578	0.201257442997793	2.29739990756624	0.227325395632706	3.04757872331106	0.266196618836103	3.89921323073166	0.264469199573167	4.6751718803933	0.304988288447902	5.19850190222627	0.34437403107327	6.55972548104264	0.394667717843057	7.74440349181093	0.418383604472694	10.3283410286283	0.518990764881294	12.9000060172167	0.482185138309799	15.248451081029	0.603190707706677	18.0289559212834	0.664791035358977	20.600312318192	0.742747677505435	26.0119483914896	0.803555913436678	30.8812708492556	0.99317813739624	44.9935391243411	1.06952298940351	51.4322856488437	1.19431065398797	65.1248379207759	1.29950357914111	70.0739069474915	1.35029947593614	93.4008164133372	1.50366450619107	102.721921162766	1.60863507786469	115.644804759145	1.67814885547883	131.827383145216	
0.00717874440351027	0.0285315331984468	0.00971737471893735	0.0353205161182326	0.0183110113708221	0.0575722142396887	0.0261805290714344	0.0837093172125284	0.036107953990246	0.124008074202541	0.0395594477174383	0.163048344220409	0.0355397408186564	0.175230700368731	0.0480255319563199	0.207995216112666	0.0765789613733647	0.474453704302623	0.091615689399177	0.732001976322798	0.118231404113951	0.963579899396794	0.158725184720385	1.48988156042144	0.173383248344226	1.76080769783182	0.185533535431967	2.02563525837215	0.200949414435056	2.26721364888093	0.22708519035143	3.00763825810382	0.266004329839491	3.84849969215425	0.264049154295772	4.61464196951505	0.304581361300119	5.13184621740444	0.344152295868704	6.47605593057456	0.394160524250565	7.64358829355856	0.417788826604268	10.1938738877244	0.51859340830129	12.7330971872895	0.48132580883382	15.0492058015245	0.602530858417227	17.7948698659174	0.663884447344997	20.332503074001	0.742021551474369	25.6789279437213	0.80231862528751	30.4802992470257	0.991917522602783	44.4120138857916	1.06823582590386	50.7660920164122	1.19271977960123	64.2897843377162	1.29782458833252	69.0740986835174	1.3485935837645	92.2380118053862	1.50166503870432	101.388945302064	1.60663967776651	114.143825764543	1.67587931823454	130.161940042329	
0.00719725884641213	0.0275597818115038	0.00957033657006942	0.0345943210131474	0.0182650512419351	0.0556049409134062	0.026045812931804	0.0825448148036045	0.035918088278915	0.121821256141636	0.0394112071921985	0.16070349236763	0.0353024789124936	0.171794847827355	0.0478818768501752	0.205270908536415	0.0765577822656025	0.467966053348337	0.0914836847644947	0.721912319066952	0.117993050371776	0.950598776722408	0.158595782948964	1.46967942850775	0.173032656069614	1.73789099357271	0.185403500052701	1.99812678479232	0.200640389019557	2.23790097072912	0.226647566092616	2.96828406042944	0.26570550109074	3.79907487112824	0.26369022196641	4.55461776677079	0.304139148158885	5.06562126925291	0.343541643272198	6.39347043953185	0.393623117191615	7.54477450742397	0.416987025162443	10.0605420289851	0.518020474446783	12.5666363234995	0.480602964527249	14.847077147466	0.601437236723048	17.5624918560722	0.662950488621953	20.065552509183	0.74110120194412	25.3463712945732	0.801262762332823	30.0795176345921	0.990716232463763	43.8284136606443	1.0666680665242	50.1000660220362	1.1915148307443	63.456280475347	1.29628561873016	68.0747002014567	1.34674826792321	91.0688220501669	1.49949680705085	100.056498432559	1.60468381312082	112.64312244141	1.6737077230343	128.494783305985	
0.00698676831835688	0.026984822480467	0.00959906730331741	0.033777820364423	0.0183131680257862	0.0541955588866505	0.025690336132913	0.0811885108851231	0.0358102961787657	0.119717296682105	0.0396072199599607	0.158263165403573	0.0353074173639676	0.167885068533333	0.0476193555126714	0.202044589012461	0.0764426973756255	0.461482942591388	0.0912804476445722	0.711331039930381	0.117710866822528	0.937084530107038	0.158345050282473	1.44861081739486	0.172646108218453	1.71527964668825	0.184997866066644	1.97083542577738	0.200469261505411	2.20749375577347	0.226298684436409	2.92826117317826	0.265287985215602	3.74963072515974	0.263163900050056	4.49501917842292	0.303816829443688	4.99871133338029	0.342951588789516	6.30954011875526	0.393028753520133	7.44481891986714	0.416347965437513	9.92778852153712	0.517205725586817	12.4013433381626	0.479930724191687	14.648225817392	0.600417837008652	17.3291322322799	0.662141634408287	19.798112068714	0.740008897751362	25.0144162797798	0.800331447439735	29.6792631507107	0.989531232763145	43.2456180981634	1.06529917776875	49.4325797139326	1.19004282002197	62.6240283104587	1.29474754845362	67.0799508814677	1.34499661364516	89.8997962077129	1.497641716502	98.7213022989442	1.60261515325042	111.142597932202	1.67168387900022	126.828043802136	
0.00683858009997499	0.0263906387060845	0.00968604666272313	0.0325516687695623	0.0181766644838633	0.0527151853448251	0.025634404898537	0.0788878750246655	0.0356857229372625	0.117168230536669	0.039668927090346	0.155100786992095	0.0353273528839795	0.165208098335072	0.0473693882943667	0.198332599340827	0.0762448737471654	0.454747035975098	0.0912011909786074	0.701268623858548	0.117497411549982	0.922956018075224	0.157924049555377	1.42946771561353	0.172514737334247	1.692031275193	0.184779496731653	1.94445664642689	0.200443217861205	2.17689189440898	0.226043494820974	2.88809742339436	0.264922388839542	3.69940356977381	0.262658172894764	4.43410928795227	0.303498412449131	4.93143771605955	0.342424599181841	6.22705986715848	0.392590749092604	7.34332804711898	0.415757417796302	9.79422010687508	0.516584425307445	12.2342407931492	0.479202079910782	14.4495272242128	0.599834832198585	17.0951244080065	0.66142811397083	19.5323033053182	0.739205866704943	24.6819229605637	0.799359656307026	29.2790459197305	0.988269884570617	42.6668793766247	1.06391393673509	48.764907141323	1.18842683804585	61.7899395775405	1.29294701269711	66.0814166667152	1.34330204966226	88.7328490771467	1.49589866095669	97.3889820893035	1.6005590623931	109.643712550648	1.66948449205744	125.16140860641	
0.00684711704304877	0.0251494681711794	0.00938512697431295	0.0313210824787464	0.0179244466183195	0.051046037091666	0.0257914659660838	0.0771555641864578	0.0355614110903587	0.114278955181267	0.0394727992998867	0.151870130997608	0.035238561379663	0.162955200030253	0.0472492007738429	0.195127321885294	0.0761586341423858	0.447438773456231	0.0911804247567061	0.6917889828601	0.117259294151284	0.909885197399631	0.157803258204605	1.40956337407894	0.172207324975264	1.6693253990717	0.184608065024266	1.9170913636861	0.200072310111719	2.14794615733414	0.225669533212384	2.84876301632376	0.26439666847316	3.64970563841577	0.262399225517901	4.37467973464366	0.302898499299951	4.86423953586378	0.341971842124458	6.14349229650748	0.392020058686424	7.24310842962478	0.415049580821656	9.66029685832896	0.516005030516068	12.0664509321083	0.478378056311993	14.2496523706779	0.599226904331973	16.8625098422386	0.660691931602902	19.2657401706729	0.738272899174044	24.3482170594131	0.798202237171338	28.879739522185	0.986947232395431	42.0827240832494	1.0625557644757	48.0993952369837	1.18706696004026	60.9550387313757	1.29129332803587	65.0786579729649	1.34150461666532	87.5668630714319	1.49396006628518	96.0566395279221	1.59853638788462	108.142629247922	1.66721423083792	123.494110309042	
0.00703362362009454	0.0245478410925112	0.00917234040081974	0.0309692099092799	0.0179859847118363	0.0495740272627208	0.0257306745528065	0.0757082453185036	0.035315599727339	0.112209410999618	0.0392408896259921	0.149481637953132	0.035061291929878	0.159861288376673	0.0471301630423448	0.191792837980584	0.0759685970211394	0.441281712896401	0.0908004164620345	0.682225988495184	0.117027951472407	0.897279281289672	0.157584776383302	1.38885693101505	0.171774000487248	1.64609064816847	0.184298257908979	1.89104820969251	0.199591856353204	2.11851939217235	0.22523514184781	2.80891219091006	0.263965706197583	3.59830129135145	0.262003643232426	4.31508347460211	0.302510946272384	4.79711027353525	0.341692012787055	6.05868746387487	0.391355998296637	7.14435657643847	0.414505122236391	9.52740644646904	0.515335775104249	11.9014149917898	0.477690324726306	14.0488257055168	0.598426217418545	16.629356972048	0.659866015422837	18.9983891371668	0.73704560374934	24.0155747285922	0.797112189002828	28.4797495339022	0.985676669522714	41.4960877466531	1.06138144276688	47.4325571293613	1.18565906757698	60.1227977423578	1.28946216077713	64.0772105813373	1.33966329073218	86.3987014962861	1.4919223068886	94.7245949897504	1.59649174617738	106.642939203702	1.66524131776221	121.827378255773	
0.00708272614186166	0.0246497636114243	0.00932344852339349	0.0296491930086864	0.0179898978648243	0.0490960223360247	0.0256249278029284	0.0736144139914912	0.0352275598578215	0.110398243336533	0.0390922274648289	0.146805671836974	0.0346899209477872	0.157148374949505	0.0469276813239766	0.188436831794274	0.075677482955663	0.43521810473173	0.0904715820917876	0.671377652623026	0.116974516248762	0.883660959381532	0.157484966659167	1.36832010506701	0.171388111890238	1.6214342334226	0.18409901209567	1.86442810139134	0.199212517532516	2.08748237035554	0.224858106484725	2.768483014205	0.26382925380206	3.54856098481828	0.26152074633543	4.25551841386533	0.30204326662751	4.73089184464143	0.34126198713681	5.97517949786582	0.390739158251975	7.04406478144817	0.413900361757002	9.39499473438972	0.514712417844716	11.7344186175448	0.47728573757322	13.849630717429	0.597396755706668	16.3965729055795	0.659003089059818	18.732794577953	0.736213697605218	23.6807940812416	0.796042329835597	28.0779583678456	0.984485847140958	40.9124018398331	1.06008200891183	46.7662852658373	1.18423161091927	59.2906573361731	1.28772238507015	63.075889849574	1.33786220112996	85.2329017550773	1.4900361365745	93.3955157825154	1.59448808239577	105.142742520025	1.66324904378233	120.163261356169	
0.00685947394814349	0.0243622023187603	0.00921345060081636	0.0291398268871732	0.0177385111519291	0.0482102945918683	0.0253587956957771	0.072389739415956	0.0351257033733145	0.108055283232644	0.0391597810439949	0.144295961344403	0.0346289812068403	0.153773727760673	0.04673525032681	0.184618031069938	0.0753530234397487	0.427232828940935	0.090292847085155	0.661338810652744	0.11663319504301	0.870351720138162	0.157402748436895	1.34921972770676	0.171364030356429	1.59849610874529	0.183745199703404	1.83733278576904	0.198837124009631	2.05791963210432	0.224602526825576	2.72767222809311	0.263544949098745	3.49941486205949	0.261040809626873	4.19591004663088	0.301425970912865	4.66471532526148	0.340629049638314	5.8926168242251	0.390258940272407	6.94179439174207	0.413210901444448	9.26147754246685	0.513974126703331	11.5685239978533	0.476574698667976	13.6499560982381	0.596547631494725	16.1634870906112	0.65805576111096	18.46538580245	0.735310299455544	23.3469801466775	0.795000392499202	27.678892251513	0.983309550224906	40.3289804286117	1.05872386459212	46.100493964739	1.1826710336143	58.4573136612792	1.28593193682935	62.0765248951244	1.33612246367725	84.0674894440412	1.4882061043306	92.0643951162938	1.59255653121815	103.644468086051	1.66107468236194	118.501029453366	
0.00667167884584382	0.0219329248053099	0.00928589479402982	0.0277461845749788	0.0176820414781334	0.0467465793542093	0.0251954484300323	0.0710456663816432	0.0349715788582631	0.105433173752188	0.0390418476835392	0.141286450795138	0.0346577496273692	0.150306617706871	0.0465526063890571	0.18069931690039	0.0751972291739156	0.420844596666768	0.0900609668206895	0.651835013476164	0.116284822255607	0.857072457838738	0.156939465076907	1.32998791745441	0.171271288538287	1.57549232582959	0.183293057237365	1.81128392742495	0.198526828508789	2.02766538687429	0.224179528312624	2.68757972448278	0.263152017566861	3.4496908536706	0.260583304596745	4.13481109768657	0.30095847794287	4.59890388431344	0.3399520310299	5.80976031832604	0.389700655114966	6.8425778086131	0.412768400609018	9.12764370088365	0.513156846985907	11.4012547461069	0.475828967143998	13.449325942131	0.595889593371572	15.9294792663378	0.657142845694301	18.1994596924155	0.734227948854317	23.0155336339856	0.793966131292289	27.2803718901831	0.982092810596847	39.7452609941806	1.05719756247236	45.4337154617584	1.18099635011422	57.6236160838237	1.28426897728955	61.0755655165027	1.33454388858133	82.9002591914258	1.48621105888569	90.7281260991243	1.5904399947258	102.145225076645	1.65881567359716	116.834893446516	
0.00686275339341935	0.0211263276439228	0.00905182228934079	0.0265223685624013	0.0174730528173745	0.0447953677035973	0.0251820001203819	0.0691045573976986	0.03490706703612	0.102536418712714	0.0388255827970287	0.13933792033478	0.0344611800582234	0.148083143373247	0.0464407969096475	0.177841888409953	0.0750920062406046	0.414649468298509	0.0898787379239404	0.641492152907371	0.116144772486891	0.843305881025293	0.156607290026395	1.30934538639917	0.170952611093499	1.55175046980856	0.183096108595221	1.78442947509207	0.198437943466249	1.99792616300356	0.223721016758507	2.6479146979139	0.262711321637396	3.40012610143441	0.260157962390179	4.07495453299778	0.300593414746094	4.53197625331274	0.33947439912065	5.7248302228131	0.389097679454136	6.74461385428748	0.412132361748193	8.99424013030948	0.51248741650291	11.2334220442297	0.475277088973775	13.2496597048428	0.595164254502963	15.6954528156138	0.656265461107069	17.9329282227361	0.733398966847717	22.6833439259145	0.792884735989455	26.8802552420362	0.980754286595294	39.1606623912808	1.05559713653421	44.7669369587779	1.17948746462324	56.7917662502685	1.2826478552512	60.0745986873009	1.33268823004193	81.7344519996368	1.48435548453222	89.3932205381393	1.58832303477854	100.645669142869	1.65665471938018	115.165918768594	
0.00694916449198328	0.0210353108754606	0.00861466966041869	0.0256528680219432	0.0174904645277798	0.043482257505441	0.0251535376655188	0.0672382743583042	0.0347539910622325	0.100797581340837	0.03880128342248	0.136768095883256	0.0342615219018145	0.146050095393257	0.0463087138954301	0.175357236314215	0.0749559655259911	0.407403953635126	0.0898086487099335	0.63184155601694	0.115922572456234	0.830222953156805	0.156367322564137	1.2897640973673	0.170729361174182	1.52870279831861	0.182805886629112	1.75807619069586	0.198159910975995	1.967912431817	0.223499972589421	2.60735699869964	0.262359902592842	3.34909731018046	0.259903707586896	4.01407397918683	0.300322056884722	4.46477481348811	0.339169920806205	5.64095159043695	0.388787361988715	6.64409341961598	0.411362615058676	8.86095763166427	0.512109050533212	11.067600999018	0.474534351529645	13.0509210647949	0.594383221656586	15.4613006363482	0.65563456485833	17.6662440161618	0.732375054689288	22.3495895959923	0.79200841982146	26.4802578031731	0.979463744158281	38.5782803360033	1.05434227984059	44.10054588597	1.17787592916528	55.9586870709732	1.28084083084223	59.0772863677082	1.33066571599411	80.5728245833641	1.48235821776655	88.060974834301	1.58633348232094	99.1453308981674	1.65436212115117	113.499164363584	
0.00691217997569965	0.0202613818527148	0.00861452591005239	0.0248166349771064	0.0174873236734943	0.0430584857452356	0.0251732187583874	0.0659687071264218	0.0346071173998488	0.0984265214899764	0.0389239159354412	0.133713343431695	0.0339730963157772	0.142660270557562	0.0462102248259812	0.171172440387354	0.0748600844333363	0.401013625885266	0.0896418401794774	0.62077226387445	0.115704442223746	0.817369305253765	0.156017328408163	1.26996115357319	0.170392464696557	1.50525232983428	0.182531563206687	1.7318990426732	0.197954802021409	1.93625910731571	0.223005097917815	2.56752526539782	0.262031178563993	3.2984920378472	0.259679369810091	3.9541564128723	0.299899367332244	4.39885533912655	0.338688285560288	5.55967507321068	0.388356742148865	6.54378998309405	0.410379632094191	8.72727280168593	0.511506409051377	10.90035689298	0.473796749578648	12.850849702206	0.593429623645379	15.2270339044113	0.654834441313608	17.4001726198125	0.731269531958711	22.0156694906597	0.791160324625117	26.0799940060664	0.978316008781085	37.9957343679605	1.05310195569073	43.4343485282485	1.17644424242879	55.123372717605	1.27900133358988	58.0772843886479	1.32887230743992	79.4120688849799	1.48032335523721	86.7272464649944	1.58419200624981	97.6453726330583	1.65217155843742	111.830688874537	
0.00681579807578142	0.0200159947368636	0.00871469672652889	0.0235526447664703	0.0171526989549978	0.0423651597771112	0.0249767660207484	0.0637137861054828	0.0346508372723001	0.0955115183496732	0.0388177623969587	0.131139924657281	0.0340436206044174	0.138865174902007	0.0461389681860203	0.167511760766379	0.0746294744026403	0.394723648138053	0.0892926654418409	0.610965030175941	0.115453393984413	0.804003895620281	0.155912063089505	1.24941059061783	0.170025979570971	1.48210256211194	0.182169067226741	1.70523760693474	0.197628102332752	1.90633769347498	0.222681248413861	2.52729189925477	0.261471760373998	3.24925930209309	0.259336491534908	3.89502697824911	0.299284394807589	4.33218428748297	0.338013993759604	5.47683533111717	0.387634487462496	6.44490448512462	0.409482719444787	8.59463105294161	0.510556190835915	10.7346103535708	0.473075417632257	12.6495136036208	0.592591202332186	14.9960584662968	0.653767904552201	17.1334139074357	0.730288338484225	21.6821908322065	0.790256249497138	25.6801902822897	0.976903138561315	37.4133597632633	1.05172271827671	42.7703043882171	1.17508923849408	54.289753371242	1.27733250778305	57.0758705246314	1.32709215905077	78.2414933218354	1.47829450053593	85.3925569708364	1.58218066987774	96.1445948041225	1.65013409880487	110.163681149799	
0.0063244224786379	0.0202268274221516	0.00868934738981932	0.0223874947973495	0.0169792382094628	0.0398377305096022	0.0247927124484195	0.0625227337284857	0.0347438500311269	0.0930685283852555	0.038566302888473	0.128708416153433	0.0341006266061535	0.136102479375208	0.0459352319455808	0.165332291422316	0.0744606884880841	0.387512039435543	0.0890732025027499	0.601206632702619	0.115214949813728	0.78965332137263	0.155702116659176	1.22975223464657	0.16977322963068	1.45846932158101	0.181756535673594	1.6787098159794	0.197288143782917	1.87712815929341	0.222447363588178	2.48781150737753	0.261096172734408	3.19890036456911	0.258816552449477	3.83526470996652	0.298860507766364	4.26459728013076	0.337606731181464	5.39307032008973	0.387063528471615	6.34509697785012	0.409003029947162	8.46206474132226	0.509841761264525	10.5688423937434	0.472239064539088	12.4501519088001	0.59191483526849	14.7634411065613	0.652877179423891	16.8661373797321	0.729506142424797	21.3482576883585	0.788933849646126	25.279958150149	0.975558176198731	36.8294801413569	1.05036472025032	42.1075976273394	1.17341348680194	53.4576427673783	1.27568837047043	56.0776827618602	1.32529143750724	77.0720129939866	1.47622537921829	84.0603559704796	1.58020767485127	94.6469387683085	1.64803286576455	108.497761209776	
0.00614470625517551	0.0188632848356827	0.00850930908635925	0.0219710153653165	0.0170239927018064	0.0379452121872866	0.0247501540887499	0.0606438196272731	0.0345989724265832	0.0912005209439885	0.0383917572472697	0.12566125980126	0.0339360916159973	0.132993230003705	0.0459915993889039	0.160997101458713	0.0742266505703929	0.381394880225374	0.088834730491335	0.591681938976765	0.114872261746575	0.776370275575426	0.155355337830372	1.20962833382543	0.169496344215512	1.4351747332052	0.181590106932137	1.65133708265837	0.197137411016665	1.8474097737643	0.222094756292416	2.44866522745807	0.26072139717318	3.14951559041192	0.258355990536343	3.77517601313703	0.29841241904487	4.19801097883744	0.337300054846786	5.30843452249639	0.38662226383881	6.24437584317331	0.408364635262224	8.3272083076007	0.509255573985435	10.4030390436598	0.47142337330004	12.2510817179314	0.590952191204678	14.528685430296	0.652076394806031	16.5998555044909	0.728599685226791	21.0154756591581	0.787680251128253	24.8783811882744	0.974508469664842	36.2443525472599	1.04898706511844	41.4368256133486	1.17169048050072	52.6251410080519	1.27399935659364	55.0780607623923	1.32364292594148	75.9038365176803	1.47407303988028	82.7281475195425	1.57804112758799	93.1521288541473	1.64582933394154	106.831647554667	
0.00624959382614683	0.0181802216052857	0.00818680771107978	0.0205523055613425	0.016876786477408	0.0366260356597576	0.0245008644520005	0.0592509612994743	0.0342556140385378	0.0891681569039812	0.0382569874663712	0.12275943341957	0.0336339221490788	0.130618008305287	0.0459326038056645	0.157507639664183	0.074178791106614	0.374546720140344	0.0884855532740523	0.581899501740627	0.114745368218931	0.762918020115985	0.15522412442699	1.18935262743184	0.169209495476491	1.41146896593222	0.181465918832566	1.62447296785424	0.196551965998599	1.81742922094288	0.221809542944219	2.40860555296693	0.260221119468579	3.10004955836395	0.257860780047301	3.71596508779243	0.298094121344002	4.13181816131321	0.336858184391535	5.22514029500805	0.385896682925128	6.14464656699136	0.407620144093949	8.19375537693242	0.508452011287511	10.2350238025666	0.470687452651141	12.0501134917457	0.590108052449801	14.2957672533831	0.65129954738156	16.3329440552191	0.727787150493316	20.682522266612	0.786698030236242	24.4778696593746	0.973360780481247	35.661344643242	1.04750360349961	40.7691046119674	1.17011173863364	51.7915440134297	1.27201186167151	54.0755591136603	1.32174313902754	74.7382081398171	1.47212703961103	81.3971013591234	1.57603680789335	91.6539438271361	1.64346629383139	105.164453565423	
0.00606598741707537	0.0170650101688779	0.00807350643443516	0.0189704287776415	0.0167029470019055	0.0356121692131547	0.0242973611484339	0.0570158599861349	0.0340532551950857	0.0868571382525013	0.0382162642865712	0.120718614717217	0.0333392496091708	0.128306829582747	0.045516083048645	0.154955728619454	0.0742003858578371	0.36778299026346	0.0883790820643583	0.571134111781332	0.114619313393832	0.750173686194948	0.154975527184214	1.16966714669188	0.169089920630913	1.38849451967623	0.18114333844187	1.59883330934693	0.196001996908495	1.78739232310838	0.221483846231782	2.36865437755059	0.259824655639709	3.04926873173371	0.257299898519629	3.65635462508229	0.297807018773064	4.06517598066807	0.336245133587006	5.14379951652719	0.385241464878597	6.04387327825286	0.406767053189857	8.06172736973563	0.507810117792493	10.0669433688963	0.469809951069342	11.850690329638	0.589396196931855	14.063331501541	0.650270621712806	16.0652409817966	0.726863901860655	20.3516718003396	0.785692834303103	24.0797348655723	0.971905100307922	35.0796070631555	1.04600818135895	40.1027545173508	1.16868115946671	50.9587963849552	1.27031466308744	53.0759296636121	1.31986412568859	73.5694803205729	1.47022325958188	80.0713153083558	1.57391062309702	90.1511394403741	1.64134279009175	103.498414416116	
0.00584188979100531	0.0161368253950699	0.00807243665529687	0.0182995364047656	0.0166551262713172	0.034061018796999	0.0243118484917599	0.0553878427194152	0.0340108198813198	0.0837477651897249	0.0380721281850569	0.118256787299431	0.033141824065812	0.124411282061142	0.0452405820430089	0.15192309507799	0.0740410022078542	0.360908811355237	0.088368371710671	0.56114020612314	0.114224546440474	0.736993784367984	0.154620975088983	1.14996886026713	0.16880204411922	1.36597153201683	0.180547056490267	1.57263020070874	0.195894944952257	1.75742329540328	0.220988956589165	2.32897235434552	0.259439884647282	2.9997938521217	0.256870354328205	3.59531691059435	0.297177297227451	3.99820224920212	0.335646405935815	5.06019888392636	0.384847674545119	5.94362013314757	0.406016896492398	7.92808631191621	0.507178527396906	9.90042383178685	0.469106084427694	11.6497789141267	0.58864032153845	13.8299895728768	0.64929743407338	15.7972231213587	0.72570023040427	20.0217098157611	0.784641790471268	23.6807842332334	0.970431753160681	34.4971877549768	1.04463019355864	39.4353091874386	1.16722875168181	50.1260562070609	1.2688001049283	52.0779803194087	1.3181447758708	72.4048279687215	1.46822886509652	78.7376316425306	1.57203304354121	88.6497506638583	1.6393357024193	101.832367816229	
0.00601492592020478	0.0160892078927256	0.00798334032673395	0.0179580120655244	0.0167270861405922	0.0329631423287836	0.0243010943648101	0.0537897478269626	0.0339769401122023	0.0814849424791922	0.0380112466481324	0.115436968232116	0.0329248971413748	0.11998818398182	0.0452352719472698	0.148180633697316	0.0737448458062415	0.354109487495394	0.0882363647898816	0.552210278248249	0.114023784564962	0.723260560542658	0.154395172851036	1.12970700729618	0.168383784128954	1.34215842982223	0.180294786262597	1.54419983423914	0.19557596506047	1.72761096271392	0.220599643024292	2.28854341047109	0.259186148645959	2.94964143536884	0.256385839901426	3.53601099035164	0.296726061223544	3.93125645741208	0.335149948242889	4.97708021073501	0.384434844930996	5.84503964330684	0.405377414243878	7.79501056687274	0.506427869415106	9.73541583114424	0.468448477311859	11.4501145394836	0.587733161625429	13.597457894814	0.648696020872261	15.5312942173566	0.724561173902554	19.6866143813952	0.783627235578602	23.2807420908889	0.969225029895295	33.9133491112618	1.0431893574915	38.7687951800567	1.16557318098157	49.2922245191611	1.26671361653386	51.078611639669	1.31617756542815	71.2495037433345	1.46612581031901	77.3991572536092	1.57010627229523	87.1491516488483	1.63725679446754	100.166023193132	
0.00589488501058763	0.0159652947024628	0.00783886618386312	0.0166028613862701	0.016583652091862	0.0325757339840173	0.0242891728057286	0.0524972904335132	0.0338386277148252	0.0799032294045298	0.0379153964026242	0.112148773967549	0.0329222562277818	0.116838742222365	0.0451937330089289	0.145202453420049	0.0736472357932578	0.347955337318472	0.0878705458465971	0.541725449201231	0.113889580952532	0.710149576582943	0.154067912244242	1.10994224772583	0.168188754680702	1.31884940594719	0.180179232309118	1.51739625539949	0.195158298043295	1.69786812996839	0.220297191372498	2.24806277819623	0.258841032268736	2.8992506000482	0.255962188985391	3.47515767772471	0.29627094477972	3.86446153987195	0.334638098896056	4.89326397696839	0.383876200253936	5.74487078289055	0.404527644406993	7.66160420233098	0.505607093131466	9.56900619009341	0.467720089648159	11.2511235110299	0.586873611193209	13.36404239167	0.647818655601239	15.2668433222101	0.723705500624548	19.3507627131346	0.782404799678767	22.8813146214145	0.968000537583038	33.3298494689479	1.04163161149428	38.1026797787178	1.16396894867586	48.4588733936869	1.26488413005625	50.0785463306765	1.31419369346745	70.0834432318172	1.46413147618336	76.0648700907843	1.56781297766374	85.6485228315174	1.63512688179667	98.5004087268996	
0.00564805639429299	0.0149733361631956	0.0075923110298891	0.0151500164287705	0.0163084867108708	0.0307343274425243	0.0240528356315778	0.0511828014414545	0.0337583951042815	0.07732652189743	0.0375643612986553	0.109576519346297	0.0328529107861651	0.115666578230438	0.044968521171268	0.14177396414743	0.0735153830863881	0.340893875270156	0.0877574232896751	0.530398297133142	0.113483485985066	0.696562977848494	0.153701172669684	1.0893369695718	0.168080591930199	1.29544084697672	0.179872633454589	1.49110280847585	0.194875711734887	1.66791784512921	0.21987328296903	2.20797423270665	0.258549095394366	2.84911913805227	0.255501214909631	3.41464313366821	0.295841568080848	3.79720142672791	0.334284083201959	4.80908452741493	0.383285089476848	5.644218566081	0.403951961113574	7.53173267245328	0.505019809272431	9.40052621905754	0.467016308539757	11.0516304997324	0.585938609674057	13.1302571534813	0.646768123007138	14.9992045100421	0.722534466335601	19.0171220045612	0.781273372667719	22.4812929681657	0.966665528998249	32.7464764864981	1.0401521461166	37.435923627478	1.16225008725488	47.6258500937434	1.26334975747377	49.0786523850297	1.31237046403421	68.9116681252536	1.46204523688899	74.7310448639345	1.56563730240895	84.1494958889386	1.6329042163122	96.8346377984816	
0.00550190562267242	0.0144683156071612	0.00750321627793572	0.0147927259996229	0.0161056538589693	0.0286159197508479	0.0240009782691811	0.0490707074616979	0.0337909852870402	0.0742953144435901	0.037402691655556	0.107372377231136	0.0325993840944435	0.112306402920613	0.0448393088468463	0.137867255307374	0.0733689021714711	0.334595340997196	0.087647598626031	0.521335131928749	0.113153779113998	0.683070966558536	0.153369858126308	1.06918431416754	0.16787465987271	1.27201855099893	0.179566555797278	1.46414486292679	0.194511728071902	1.63794334590425	0.219508987120909	2.16747916493256	0.258191656833645	2.79916835262723	0.254925356661363	3.35473325076456	0.295501554932268	3.7321580940368	0.333742183137289	4.72564221964427	0.382597112289637	5.54589232729106	0.403198719896111	7.39937823670959	0.504606392980462	9.23277919885308	0.466215381184995	10.8504406187845	0.585028620656252	12.8964579454547	0.645907550288356	14.7328108760973	0.721518460660562	18.6838836273208	0.780382563071517	22.0807106587535	0.965517845030058	32.1634164284185	1.03876227714314	36.7690557175345	1.16064348509992	46.7934600931206	1.26157437736288	48.07867275771	1.31059992446097	67.7450488202181	1.46013454050333	73.3971153289613	1.56347580776857	82.6496344813727	1.63050106083246	95.168419835249	
0.0053185123562315	0.0134954146189698	0.00775321903702555	0.0136018346031804	0.0163985374722766	0.0260789971780927	0.0238815420545815	0.047447317703801	0.0335933581974698	0.0724152289132572	0.0374378247709558	0.103922947753497	0.0325439263750261	0.108681222695151	0.0449619994510539	0.134231590427489	0.0734004163026724	0.328682228732668	0.0873093166605378	0.511739541275269	0.113113478879807	0.6699794821643	0.153187252358248	1.04896774675463	0.16745270380074	1.24878647764797	0.179309099622074	1.437551762979	0.194246864162745	1.60812053583642	0.219186414757066	2.12811681818605	0.257718296930119	2.74882524758627	0.254598263049485	3.29464501959634	0.294940270651246	3.66520648148094	0.333134822969821	4.64196475293468	0.382044664024735	5.44515023785732	0.402439048391023	7.26311457464463	0.503900527985367	9.06776747292034	0.465531377954248	10.6509839290657	0.584375270208501	12.6633218390697	0.64491462038563	14.4666742871708	0.720695691131433	18.3509600370957	0.779210715513939	21.6801693275327	0.964117279810886	31.5807736028325	1.03733889581896	36.1007982743758	1.15907696553199	45.9604218920166	1.25958890062259	47.0787266580015	1.30875721890148	66.5815885612056	1.4581562315654	72.0662852353692	1.56160066910446	81.1511216288307	1.62836631384071	93.5056738424098	
0.00530224276617688	0.0124822684921364	0.00791594600537579	0.0120539347209345	0.0165145846806916	0.0252126607695518	0.0238178524265638	0.0454235683971997	0.033492778033801	0.0709514809337905	0.0374369210911999	0.101591061656571	0.0325220183305371	0.106072333629052	0.045002537454828	0.131302959419221	0.073187122023777	0.322038726773689	0.0871409683671883	0.501288589085293	0.113024118696841	0.656360345348946	0.152881339940837	1.02945234879178	0.167072222066799	1.22463111442345	0.178987507050312	1.41112886222364	0.19399705626466	1.5778042412428	0.218858001202049	2.08804922745341	0.257296684347409	2.69942091565594	0.254058462057818	3.2356867154881	0.294385779361429	3.59853705965179	0.332670618019652	4.55918927209577	0.381652682389551	5.34500000389164	0.401810358550088	7.12898038154538	0.503051929784336	8.90218112098636	0.464826028047517	10.4512627437482	0.583631703540982	12.4296744366156	0.643978051401142	14.2008152323584	0.719677580047458	18.0183121183397	0.777885975802263	21.2805984343886	0.962560344087491	30.9975049285061	1.03613319915055	35.4339340897225	1.15756603578213	45.1262772797466	1.25764967288417	46.080132838607	1.30683511185246	65.4117878584064	1.45608317722594	70.7370346647886	1.55971167966546	79.6592397927051	1.62604103813927	91.8428235414471	
0.00539487285910702	0.0115922006394693	0.00763810165498065	0.0119911177438561	0.0163042310615561	0.0255423489453063	0.0235976976803165	0.0437201103675406	0.0335473574505514	0.0685803992550584	0.0372795501420772	0.0996009782042515	0.032389226090168	0.102721864446224	0.0447750504586846	0.127888687367105	0.0729106753779393	0.314820074944543	0.0869220671393023	0.491597421457133	0.112932645927935	0.64340343706035	0.152526354926127	1.00953578364897	0.166870389417718	1.2011419960541	0.17886372620064	1.38473972191	0.193499402899002	1.54756955378591	0.218530473555992	2.04821749415159	0.256857413126119	2.6492515022669	0.25347830440835	3.17556984615207	0.293882869812006	3.53218847843435	0.332276006038453	4.47624755018519	0.381185875210617	5.24504581331861	0.400985214826276	6.99487645642837	0.502354696941723	8.73497613049459	0.46414794575244	10.2517138530989	0.582699393253039	12.1962617274391	0.643016006879186	13.9350530350892	0.718675045112394	17.6845168102262	0.776716277370482	20.8813032127135	0.961114334494231	30.4145584917752	1.03473079197332	34.7696664322838	1.15597761122779	44.2940102136978	1.25597161913743	45.080048903164	1.30501022536934	64.2429408298782	1.45412025269508	69.4024271270133	1.55752340559526	78.1588717456826	1.62363997657536	90.1738563141048	
0.00550411390728696	0.0105753637833115	0.00738408654841237	0.0101044856709708	0.0159316716965758	0.0244814488919299	0.0234686662012738	0.042552421089333	0.0334387072967193	0.0659620296166385	0.0370228551549762	0.0972283103668349	0.0322973521693299	0.0994608167782265	0.0444287810051019	0.125408400845728	0.0728446372832616	0.307859283040995	0.0865889027287961	0.481985358036397	0.11256086403615	0.630020332298789	0.152329652455815	0.989314559623414	0.166563888520856	1.17841644574435	0.178472534990482	1.35853975648535	0.192965314843715	1.51788388096068	0.218247041664902	2.00853314264019	0.256426317531713	2.59918034340481	0.253245591803495	3.11527230024514	0.293240904081163	3.46487481424481	0.331794979394378	4.39343248813873	0.38050487173776	5.14519453388518	0.400240055739642	6.86128149907421	0.501468512755917	8.56780932422655	0.463213674139857	10.0515568088372	0.581805190566186	11.9637607830198	0.642155866331918	13.6666114229	0.717508287896188	17.3513063726617	0.775589295201206	20.4823078768931	0.959772917985191	29.8361475957672	1.0332754166569	34.1030257650378	1.1542304940037	43.4616015866243	1.25412714611377	44.079782428505	1.30313109505627	63.0753827517321	1.45220580210154	68.069659882558	1.55537244662303	76.6536980744034	1.62137584835365	88.5043451944049	
0.00539699167017507	0.0108677208413102	0.00741626429041797	0.00892394887121618	0.015934560978262	0.0228734732495065	0.0234765497410247	0.0410240735232572	0.0331938140838832	0.0638059306473215	0.0369629541559346	0.0936980595558567	0.0322801387516943	0.0965172627816014	0.0441574637078475	0.121465945227612	0.0726510305742908	0.301018311601747	0.0866190896845858	0.471154106111906	0.112270447193687	0.616984494425744	0.152032855055447	0.969598461655269	0.166308745739287	1.15597425031447	0.178066423777274	1.33147319544618	0.192796947210894	1.48716269389699	0.217970460856265	1.96855006942718	0.255850925535529	2.550524096297	0.252770050026551	3.05491561535754	0.29276543457777	3.3969741840305	0.331114397592351	4.30982813024778	0.379816560362905	5.04566269807967	0.3997123565981	6.72677943357546	0.500551757865775	8.401668835387	0.462144327103765	9.85155436411553	0.58097747952666	11.7302744993634	0.641231139218771	13.4005679662266	0.716266063667434	17.0178854562054	0.774575672527516	20.0820384918512	0.958451029273326	29.2534526161196	1.03181819366634	33.4366719451311	1.15258935004896	42.6290215962053	1.25216525886631	43.0804100234751	1.30120901695392	61.9098400555417	1.45016593686819	66.7404838177799	1.5533647459946	75.1529425972082	1.6190974068972	86.8369947429753	
0.00499497148944239	0.0111029361689	0.00721421153931695	0.00809948013978806	0.0158661866436121	0.02222205497626	0.0232796173409715	0.0390183031070666	0.0331345165142039	0.0610625964428136	0.0369222894653755	0.0910723484765528	0.0320487726405837	0.0943774837844378	0.0443043209382159	0.11718011535812	0.0723370746788354	0.293725590527606	0.0865494678489936	0.461377198603293	0.112178815124965	0.603346847575098	0.151720655942888	0.94928538594515	0.166052799552297	1.13247116210716	0.177791724350822	1.30450861422409	0.19262125294485	1.45694826270513	0.217428812062376	1.92806978639827	0.255458036308972	2.50037703464869	0.252461901748154	2.99409420052727	0.292492584696883	3.33105051871755	0.330505127631523	4.22705870300532	0.37926699964328	4.94560373372196	0.398924549971836	6.59447109829702	0.499817325930154	8.23583568298247	0.46136531455213	9.65176891754347	0.580282121014466	11.4965777368152	0.640167101332625	13.1338316055906	0.715453440886142	16.6835388051539	0.773558914864872	19.6812866817386	0.957086017718451	28.665428608953	1.03027916458118	32.7698338375087	1.15105434018553	41.7992094963466	1.25025278410815	42.0825873391359	1.29923666529633	60.742263350945	1.44802066535468	65.4058092247824	1.55118873147645	73.6527608146918	1.61679805451313	85.1695697857434	
0.00462854408745953	0.0101132986600015	0.00714206204144503	0.00654616921907096	0.015569390441664	0.0206838657684837	0.0231604495291737	0.0369846221187937	0.033030877953405	0.058350505198817	0.0369432017099392	0.0888599481498914	0.0318896106460976	0.0909710915940429	0.0443533087305953	0.113881858444651	0.0722315206006856	0.287431305413691	0.0863014974852539	0.451339084228737	0.112000266573481	0.590306585920033	0.151577175007182	0.928903217744808	0.165714087286685	1.10898867941085	0.177414654942059	1.27806231399015	0.192236717280152	1.42785747214618	0.217025816460807	1.8880370038452	0.255085728083187	2.44905627378147	0.252005140623574	2.93465114304197	0.291986910877277	3.26505979818241	0.329995944882416	4.14386133306015	0.378742895881238	4.84563371066591	0.397952059016835	6.46273180108464	0.499087767655055	8.06901439737321	0.460619342988489	9.45126542130048	0.579405446124102	11.2638765580519	0.639178354960019	12.866786977197	0.714447194770306	16.3504755165493	0.772363853958185	19.2809576920547	0.955540401877553	28.0826479476325	1.02885796535162	32.1024928157198	1.149532480853	40.9652213462616	1.2482959686339	41.0870668840917	1.29744438278681	59.5747946797618	1.44579321272044	64.0698531319831	1.54879604785742	72.1546726452237	1.61454174070484	83.5037690550045	
0.00479880035119138	0.00830575806161513	0.00716807581956323	0.00561437875368909	0.0152949722700988	0.018191575281856	0.0230009383592956	0.035933115326251	0.0328193740337463	0.0565407781752714	0.0366214829912339	0.0864358829503294	0.0318982626219278	0.0874427252559973	0.0440318023759926	0.111607888967582	0.0722320403718218	0.28223359437164	0.0860481815642085	0.441323729048517	0.111660281478023	0.577278664288496	0.151380421110402	0.909196258378992	0.165444008623015	1.08583867885787	0.176908408705357	1.25190181335773	0.191951391183703	1.39802022657913	0.216655968009274	1.8484982878945	0.254716431329698	2.3994531044909	0.251294097544675	2.87598993082093	0.291360154223282	3.19799572843101	0.329457764706384	4.05959992712401	0.378203180355929	4.74489348387723	0.397301993722048	6.32862089104865	0.498356162737476	7.90219590573153	0.459774206513517	9.25106181091228	0.578373102128921	11.0303567467844	0.63835063888266	12.5992450225722	0.713478883923049	16.0177735810865	0.771092233818754	18.8822454782836	0.954093091744702	27.4990644862909	1.02731242414468	31.4371112965348	1.14778384862319	40.1297728824491	1.24621794955892	40.0848595332794	1.29557223338839	58.410187031392	1.44378841343523	62.7356255738002	1.5465734899696	70.6742721532526	1.61217580596262	81.8382365451543	
0.0047265403701299	0.0078572789695149	0.00696117042376998	0.00556788493199545	0.0152539338099115	0.017029823639527	0.0226959440291099	0.0345216851175242	0.0328722114803754	0.0533995036778509	0.0363792283920654	0.0829047517485217	0.0318342582025138	0.0851562847881707	0.0438053977760448	0.108738338732336	0.071983668135111	0.275077341152029	0.0856765646314743	0.431975375423024	0.111143844072294	0.564354119457831	0.150988661188106	0.888683413986107	0.165129443706642	1.06189880038382	0.176588708441374	1.22474572894032	0.191687520227395	1.36736283510876	0.216218828148793	1.80884758040951	0.254377125712682	2.35007182279319	0.250776932089219	2.81577620394174	0.290887309291684	3.13113422132996	0.328998563141241	3.97681280475347	0.377753231844406	4.64460913946717	0.396767458701895	6.19426550884844	0.497728272672753	7.73505284818802	0.458974482561401	9.05148032397437	0.577414150005336	10.7973351930707	0.63748845284833	12.3330683867769	0.712404385471273	15.685112623815	0.769852109041454	18.4869027894274	0.95274811466722	26.9153320133443	1.02582245208045	30.7708301197855	1.14605914961991	39.2960082497714	1.24448506770538	39.0828123699423	1.29353570684734	57.2431653950234	1.4417079685098	61.4029738133387	1.54435503147273	69.1801625936343	1.6096564972	80.1784931361529	
0.00444922527944245	0.00704933848451705	0.00661152298002491	0.00503518527026925	0.0152208439156605	0.0159631992267695	0.0226033814574341	0.0324628038512515	0.0327421747390209	0.0509157538008146	0.0364224686428478	0.0802384917593599	0.0316934911298638	0.0819733517974088	0.043913149210874	0.104427741504301	0.0716155722580065	0.268035087630902	0.0853915987560237	0.421273286291966	0.11086174336419	0.550011461451687	0.150743265192066	0.868817780544178	0.164698762288816	1.03951818865626	0.17637805326875	1.1985323757543	0.191322159970688	1.33751185253439	0.21592185242928	1.7681773075844	0.253959308036644	2.29909821239916	0.250396004630155	2.75515083250412	0.290555782031374	3.06536026611377	0.328505727361816	3.8938547846986	0.377138546513477	4.5455075746707	0.396078600882289	6.06154459768904	0.497010545884748	7.56815100317988	0.458170687210402	8.851685564177	0.576710514398663	10.5645548518923	0.636441144408587	12.0672940823148	0.711261060037154	15.3517792516765	0.768671997055383	18.0871512197124	0.951456791071756	26.33166659562	1.02435463877057	30.1057876020016	1.14459464843092	38.4614203279769	1.2426938153956	38.0823931583883	1.2916786483031	56.077715831086	1.43963727705214	60.0682843191807	1.54215690517383	67.6691774697655	1.60727024139496	78.5160824194246	
0.00431170997722877	0.00659162074567503	0.00649094238259537	0.00348694000742675	0.0150008915838798	0.0145093332762504	0.0227363393440795	0.0307462054427653	0.0323196454176068	0.0493323308761941	0.0364708022909842	0.0766604670129561	0.0314950404113504	0.0780977403987195	0.0439010095222233	0.100769106427319	0.0713153344981819	0.261122084214694	0.0851972404246257	0.411716723873274	0.110897673754301	0.536315548735235	0.150562320536773	0.850179979443238	0.164461040745881	1.01566760072981	0.176155635049602	1.17171517632264	0.19108091043232	1.30801395761435	0.215557948708709	1.72830843779668	0.253572774213561	2.24906174530133	0.250046190856861	2.69489053949841	0.290104717591637	2.99897256935006	0.327959290440702	3.81030630615948	0.376577169114788	4.44538108942954	0.395201958716155	5.92856058791481	0.496190638676412	7.40214555610723	0.45742635615693	8.65069312360556	0.575743081741913	10.3322103696581	0.635506259427032	11.8005111555523	0.710378171656622	15.0197776707565	0.767609033231711	17.6846187209216	0.950067122652696	25.7491951333796	1.02273417273216	29.4438687399846	1.14308268140889	37.6285534902185	1.24069339793033	37.0817876823282	1.28987312596631	54.9107687005199	1.43754992784244	58.7364632984163	1.53991053445622	66.1676992862868	1.60493053320875	76.8429428671463	
0.00451395383399673	0.00550503292516183	0.00649094238259537	0.00348694000742675	0.0148887367689118	0.0128315235359755	0.0225431883177787	0.0295802223765372	0.0321063881584152	0.0468661051422391	0.0364842345767986	0.0742143411109557	0.0312725562276137	0.0758144213165612	0.0436691250362396	0.0981287342941186	0.0711525464305331	0.25418603056586	0.0851103752912199	0.401568800751621	0.110656999709236	0.523800087326039	0.150042752772518	0.829905495410472	0.164270646711285	0.991479175555461	0.17575090639058	1.14446549399093	0.190778376754278	1.27744853424386	0.215033036613897	1.68871768419959	0.253147955069755	2.19989070966486	0.249481016400681	2.63500836344003	0.289596962609499	2.93105610665273	0.327619693040363	3.72746307160648	0.375966199993773	4.34549721370755	0.394360568643332	5.79548484287134	0.495525269813408	7.23462391595513	0.456546068776847	8.44956936655734	0.574676438501193	10.098348763022	0.634561768126671	11.5342944728882	0.709263494188094	14.6864554744885	0.766405883730236	17.2833211558062	0.948681609358418	25.1660996850438	1.02125986808646	28.7755274777981	1.14132966401762	36.7960293791513	1.23864136751663	36.083447182662	1.28802597064651	53.7417838362572	1.4353311782547	57.4044262108248	1.53756135853763	64.6619966238103	1.6024539373908	75.1744375757791	
0.00453350651603403	0.00551957392576312	0.00649094238259537	0.00348694000742675	0.0149375485171067	0.0112937083578776	0.0223619866177996	0.0271552877000815	0.0320511547727772	0.0444081921894636	0.0362656461430489	0.0727639154092479	0.0311637259407163	0.0727236456005633	0.043369777381415	0.0948202328328154	0.0710573399137382	0.247871154492874	0.0849802684809462	0.39182766184894	0.110304259295434	0.5109960905554	0.149752823887796	0.809716343804551	0.163847189585971	0.969615215001627	0.175602118464517	1.11803607397786	0.190391199521148	1.24748858693343	0.214603670543712	1.64863612362899	0.252601832074161	2.14958276204942	0.249026133218229	2.574975778793	0.289126359633278	2.86451241336518	0.326993644552433	3.64422239516364	0.37505823177118	4.24610414495907	0.393360181506697	5.66303774053587	0.494662022429202	7.06773650644621	0.455650193140659	8.2497140707955	0.573943140436336	9.86433348816836	0.633604248540229	11.2687576556713	0.707984700609198	14.3526564410848	0.765184916566851	16.8828487424526	0.94721427190189	24.5827006255632	1.0197134364944	28.1054073895786	1.13965504198484	35.9617171288258	1.23670743182667	35.081955087553	1.28605743008315	52.5770234509924	1.43300930756135	56.0713236902586	1.53523200374789	63.1581715075551	1.60000720812165	73.5074000487198	
0.0039332093601033	0.00582608635862786	0.00649094238259537	0.00348694000742675	0.015019062118226	0.0101554573754051	0.0222507507083131	0.0253833701884822	0.0321329881125592	0.0423462914009245	0.0360271795871393	0.0700058764951001	0.0310073119604667	0.0702588204883826	0.0433471917197172	0.0910294372680061	0.070987924817202	0.241711198102052	0.0846533437847315	0.38234621641309	0.110152612561201	0.497238594136626	0.149538378238098	0.789575446347237	0.163510806721107	0.945576092470432	0.17538419440067	1.09175205669484	0.19003223945289	1.21730034918774	0.214232937545278	1.60884792965546	0.252249428004641	2.09930927336761	0.248466634279668	2.51518184554438	0.288508875753637	2.79794380719994	0.326363539822896	3.56061687311953	0.374353157655141	4.14594320078429	0.39249842130782	5.5290269476719	0.493793199993802	6.89975618994789	0.454776436118813	8.05149883400966	0.573081381739334	9.63026326528541	0.632552278315851	11.0018527256573	0.70715946731567	14.0193593905251	0.764100798367841	16.4826762149539	0.945773848730693	23.998459650515	1.01805794868749	27.4390032782553	1.13790449130037	35.1272633174756	1.23495039434677	34.0804480912836	1.28410024404748	51.4124046267521	1.43073941962716	54.7368055594462	1.53300421918466	61.6572781946255	1.59773576248099	71.8428510154617	
0.00327371343144625	0.00467503173772561	0.00649094238259537	0.00348694000742675	0.014800453355769	0.00890831873655039	0.022114647522684	0.0244469071942919	0.0319450889514218	0.0409576021966406	0.0360099386809358	0.0673372081640824	0.0307286877369194	0.0677629197627078	0.0434648580663594	0.0876141393059144	0.0706026052364365	0.23523885576186	0.0843492616548253	0.371812783971517	0.109818773283801	0.484143384452269	0.149362559919874	0.769696483351591	0.163089769980936	0.922245648177198	0.174998551172237	1.06464195632738	0.189826533549634	1.18706903777502	0.213872190571686	1.56924390471232	0.25171503370141	2.0499487135962	0.247731990601913	2.45605799885637	0.287960110482407	2.73085761853844	0.325897220485262	3.47624789943114	0.373806672654521	4.04468562432998	0.391921621978548	5.39439961929281	0.493066275999535	6.7338769370781	0.453852830300508	7.85154947467225	0.571960905923263	9.39812553665301	0.631379364387945	10.7347568745245	0.705972087360891	13.6854662935459	0.762832913809833	16.0829879751709	0.944228817090988	23.4143844508773	1.01651207417766	26.7724073144907	1.13614277000694	34.2953762310192	1.23284459496705	33.0831953763329	1.28213831730632	50.2451706488466	1.42849637296262	53.4021756699301	1.53067827215079	60.1557553076653	1.59523496376622	70.1890010154326	
0.00313122245742044	0.00395182341309917	0.00649094238259537	0.00348694000742675	0.0143012621876009	0.00769407515525438	0.0220912377871143	0.0220756399786494	0.0318792803837357	0.0373858820672101	0.035849263849693	0.0642798945755629	0.0305576289565313	0.0639532067090001	0.0432627530315931	0.085038770574952	0.0704441318524092	0.228356964338933	0.0841965678957331	0.361704325642089	0.109457932889791	0.470484666429373	0.149023943685259	0.749801164004006	0.16263500228535	0.899711717478072	0.174727920269207	1.03791940254787	0.189441659238585	1.15681723726664	0.213398259063096	1.5291643232021	0.251280350163492	1.99937720170467	0.247182497432232	2.39625079426169	0.287477616065202	2.6649940235287	0.325209840336923	3.39241490185898	0.373178596723925	3.94533958736928	0.391149033649225	5.26224867752201	0.492391395431368	6.56824914129152	0.452901073126916	7.65117030998707	0.570928178706305	9.16389046968219	0.630237186046306	10.4672596233812	0.704825933473914	13.3508588721859	0.761581909479356	15.6827539803852	0.942936963869835	22.8314678164674	1.01499362104085	26.1044460318966	1.1344688514603	33.4631240661309	1.23075228277389	32.0829475281245	1.28011163017666	49.0797993160018	1.42642027285491	52.0715504672947	1.52840761914694	58.6560838898956	1.59273904653219	68.5227159969779	
0.00318535382633615	0.00378748318526275	0.00649094238259537	0.00348694000742675	0.0141545366474793	0.00611552939574048	0.0219012487630342	0.0211219493366364	0.0317170902309959	0.0358393627978559	0.0357010048784456	0.0621195027914574	0.0306673255698838	0.0606544550304368	0.0430454611603986	0.0819914032200185	0.0704112623616556	0.22167570016173	0.0842080740573104	0.35123460148236	0.109214886224794	0.456684300070373	0.148671715804472	0.729598100767788	0.162516912311387	0.875530975714601	0.174304017040384	1.01142153032881	0.188926721154542	1.12662573989209	0.213279055937483	1.48883025781045	0.250809715228337	1.94906925408923	0.246849347688661	2.33533298754953	0.287009739431051	2.59847175065935	0.324554170174005	3.30980519643047	0.372552589973817	3.84576537638864	0.390355205187221	5.12876780717782	0.491581104926084	6.40157360765827	0.452055523246581	7.4528270163533	0.56997780015501	8.92926145328102	0.629273257211395	10.1998769249091	0.703828702118245	13.0185974522799	0.760372836713904	15.2815718992635	0.941692820005098	22.2489423375202	1.01345727629511	25.4380493711536	1.13273814202126	32.6303466353354	1.22869768480862	31.0829977031258	1.27802188776461	47.9128819877566	1.42421745320806	50.7393755439688	1.52605782259497	57.1565875607615	1.59031062636641	66.8544863770797	
0.00292054537540344	0.00296866696313767	0.00649094238259537	0.00348694000742675	0.0143627827502	0.00412363786803975	0.0217281480977289	0.0195411912313655	0.0315024340248852	0.0337201856736983	0.0355294143343289	0.0590799534526091	0.0304828061234471	0.0573009335835341	0.0428568297112351	0.0788306473470114	0.0703051060859629	0.214582180245689	0.0838673124629184	0.341424195466482	0.10898959205823	0.442710416682431	0.148346759964942	0.709523036171839	0.162357832892495	0.851972066363133	0.173794623055609	0.984906195812308	0.188683602323704	1.09763087555377	0.212890657397041	1.44834601666078	0.250214892356559	1.89918040161247	0.24665665790321	2.27498491739533	0.286537991646925	2.53200745261751	0.323921268089052	3.22688838739758	0.371913480510404	3.74534156642966	0.389583209580692	4.99523711107826	0.4905679359139	6.23550995292747	0.451084222041701	7.25234680317357	0.569027748666742	8.69590928006899	0.628395104169531	9.93420879121539	0.702484791378627	12.6856813126351	0.758954393343207	14.8822580511378	0.940206248676802	21.6668881077734	1.01184578517373	24.7727833359624	1.1309439177096	31.7960716379111	1.22666625418512	30.0832956099202	1.27592220759352	46.7452978325796	1.42202328344666	49.4071037630996	1.52361524715238	55.6571955397509	1.58785273479454	65.1853850392931	
0.00259651424822258	0.000931318892401398	0.00649094238259537	0.00348694000742675	0.0143844205725382	0.00375040672601131	0.0215976095335759	0.0175281957896073	0.0313286503052313	0.0298750241561781	0.0355369081385014	0.0569014881906484	0.0304244154313114	0.0534469026741035	0.0426584306658446	0.0755751730622816	0.0700756787083384	0.207834355611393	0.0835999923767054	0.331615681199494	0.108889502253374	0.429521871018232	0.148065964490885	0.688949248360872	0.162121895344522	0.828471422877472	0.173465320139902	0.958279684668743	0.188224969825696	1.06827023429164	0.212382624842907	1.40821637656455	0.249777513734087	1.84827489417848	0.246225103335586	2.21586107070732	0.286117990400724	2.46421601996988	0.323462943142924	3.14443002188026	0.371312960939297	3.64555408258956	0.38876340990224	4.86226241452933	0.489777822107703	6.06943000005239	0.450084926400654	7.0521413301403	0.568051667987193	8.4636430289274	0.627244251076135	9.66705706073081	0.701439547390075	12.3537877651286	0.757650568750095	14.4827197542822	0.938650159490704	21.0842490074776	1.01014941331851	24.105947090985	1.12934142280944	30.9635363509735	1.22477106168898	29.0854542991303	1.27370805279611	45.5810440867713	1.41970786936826	48.073099722324	1.52144524120735	54.1560451818029	1.58540284959915	63.5135269868166	
0.00255906875745817	0.000219661149938853	0.00649094238259537	0.00348694000742675	0.0139616173496088	0.00263226216932957	0.0216380256563267	0.0158183749353167	0.0311208475560818	0.0274333802438552	0.0353708620021559	0.0552612800575252	0.0303275026438747	0.0516891805551352	0.0424791532969533	0.0720968216545003	0.0697015085125557	0.201281264697434	0.0833127130799646	0.322447305652997	0.108524696057911	0.41686764255201	0.147699579924851	0.669341358429226	0.162026909446424	0.805171071943501	0.173276516792629	0.931826806969436	0.187750518225822	1.03793903853754	0.212010023471685	1.36892201636275	0.24941774601127	1.79887836207433	0.245619655007449	2.15626620764956	0.285719498616961	2.3973349550957	0.322838740582908	3.06091996039551	0.370736462092482	3.5465754523671	0.387908997745363	4.72753077802684	0.489070569503088	5.90237821211686	0.44912692857708	6.8527777726745	0.567224239959134	8.23187410401702	0.626147398606516	9.39877470469436	0.700435066805732	12.0212590556564	0.756508727346567	14.0822501348962	0.9370000301762	20.5006841725865	1.00856547116133	23.4380398250976	1.12758749424708	30.1310290037119	1.2225218613625	28.0897568928054	1.27163732297358	44.4149947511244	1.41737333652957	46.7392893966347	1.5191178114672	52.6557069371014	1.58280839263317	61.845837533986	
0.00272461535165658	3.40805838460943E-5	0.00649094238259537	0.00348694000742675	0.013692057462601	0.00157933474613021	0.0214866621090798	0.0151451651700508	0.030971892235853	0.0254152679851477	0.0352452548136052	0.051683000652617	0.0299968414592816	0.0488771722279476	0.0423319888458317	0.0680861757648632	0.0695949459153737	0.194840354492642	0.083094793204141	0.31203756448499	0.108137940385016	0.403155722729567	0.14748239605872	0.649297784176335	0.161764075965996	0.782328815279161	0.172962222233382	0.905183357397349	0.187362498599782	1.00730807334398	0.211568894296768	1.3282371916231	0.24875415224896	1.75002991327932	0.244951750863077	2.09595189793709	0.285058068427612	2.33139825126733	0.322164996731685	2.97714819727972	0.370054259678594	3.44734489940016	0.387229485017311	4.59458215850877	0.488381432473012	5.73606961956057	0.448131882022531	6.65328243307065	0.566384150717057	7.99938806075825	0.625325839817032	9.13332450047279	0.699227869764617	11.6877217238838	0.755405478652597	13.6823886691226	0.935452317922364	19.9161302731682	1.0071010673943	22.7707341935649	1.12572097579919	29.3011945521124	1.22031550052997	27.0885795847116	1.26961438073857	43.2485542600148	1.41489886433043	45.4087983044437	1.51669780538161	51.1579950219356	1.58028442523205	60.1781108282542	
0.00272461535165658	3.40805838460943E-5	0.00649094238259537	0.00348694000742675	0.013692057462601	0.00157933474613021	0.0212422315993095	0.0129095090649696	0.0306885778759914	0.0232091268007267	0.035284742552541	0.0478883342785408	0.0299221349971323	0.0456086630657712	0.0421552513864213	0.0642198339357341	0.0693125829118988	0.187668123270869	0.0829098962079079	0.301090857670562	0.107836373547846	0.390206730682479	0.147136492853581	0.629512593717968	0.161225741591978	0.758726541222372	0.172467836977596	0.878647359162205	0.187034437660943	0.977356740766956	0.211236855196092	1.28804526933265	0.248216625331647	1.70016317971265	0.244627030383363	2.03486971279832	0.284305783809326	2.2645111327967	0.321725455031075	2.89330379100657	0.369214022696588	3.34593924266353	0.386376623163276	4.46253738750642	0.487540926181699	5.56914495715043	0.447262187095073	6.45309977743938	0.565397763352485	7.76559676897316	0.624284115788275	8.86854950508575	0.698107330871933	11.3538966134493	0.754134750405874	13.2838524753098	0.934029926692938	19.3334688211316	1.00553419646145	22.1049186780808	1.12388361929636	28.470778955254	1.21841991672701	26.0855563953627	1.26768263894793	42.0841515026016	1.41246153772855	44.0751965950012	1.51431987856881	49.6578579429006	1.57791997654888	58.5113601485343	
0.00272461535165658	3.40805838460943E-5	0.00649094238259537	0.00348694000742675	0.013692057462601	0.00157933474613021	0.0212449994418084	0.010242188605036	0.0306032052199283	0.0220106656802409	0.0351501888417544	0.0450995435309973	0.0298806856287398	0.0428716516681296	0.0419583306704647	0.0620972225597458	0.0690281972969745	0.181395244023238	0.0826449700791028	0.291217005307302	0.107605476282722	0.377694150552362	0.146725961234167	0.610270306087153	0.161002941338483	0.735729685017989	0.172290518647956	0.851031143207137	0.186655868165089	0.947721417566023	0.210768741153233	1.24890818622318	0.247966496214608	1.65032170826962	0.24404882657008	1.97567811239622	0.283781010018858	2.19852623302737	0.32106851231481	2.8097771985469	0.368652273484823	3.24498341470907	0.385452116677383	4.32843811900206	0.486734628340706	5.40119630561814	0.446386145541859	6.25271875010914	0.564486955411097	7.53089184978576	0.623248928561349	8.60207112079064	0.697029806340645	11.0219378733657	0.752769106529316	12.8840506141781	0.932380531784492	18.7516548725976	1.0037962887427	21.4396209779236	1.12215474497606	27.633292757745	1.21628863558743	25.0839152886489	1.26546103459435	40.9216337419899	1.41003178238923	42.7431893097307	1.51190647885485	48.1577469408965	1.57537900915214	56.8453768785794	
0.00272461535165658	3.40805838460943E-5	0.00649094238259537	0.00348694000742675	0.013692057462601	0.00157933474613021	0.021277428641274	0.00882081398171232	0.0305029612407919	0.0194588092051919	0.0351324592298488	0.0427704586776195	0.0296282479488777	0.0399900415337107	0.0418399299454189	0.0592138843854756	0.0688281736648533	0.175058874772481	0.0824995150625746	0.281480697640247	0.107388058971847	0.364532496826227	0.14643059564913	0.589878475415559	0.160761053675339	0.712613037453135	0.171793365594603	0.82488827949513	0.186375553212746	0.917794939659031	0.210263902307943	1.20867377234228	0.247491767715093	1.60002214255696	0.2433849062337	1.91645298438303	0.283292881946983	2.13215576573047	0.320514266853428	2.72700707281254	0.368084490088562	3.14525227588206	0.384839075480089	4.19470532591341	0.48589166172215	5.23613754789763	0.445362194870174	6.05350001329681	0.563426454426126	7.29699857818359	0.622107829998014	8.33514477035842	0.695841072667756	10.6879395369406	0.751426686153281	12.4839348973537	0.930821811716889	18.1680397462899	1.00203075040021	20.7732336304058	1.12047599892467	26.7992934317896	1.21394924433532	24.0851799082298	1.26315756353455	39.7546903367138	1.40771495366676	41.4142367623598	1.50940486709529	46.6575465319295	1.57277617823413	55.1795724225503	
0.00272461535165658	3.40805838460943E-5	0.00649094238259537	0.00348694000742675	0.013692057462601	0.00157933474613021	0.0211199866823511	0.00754082848851592	0.030315179459588	0.0168963207375842	0.0351226815247727	0.0405030921317725	0.0293493671179479	0.037786477857152	0.0419361117497775	0.0546390171134881	0.0686806841785187	0.167477370954349	0.0822057120956552	0.271610657878596	0.107111140689713	0.350661524577893	0.146098788552525	0.570103878750974	0.160403738206329	0.688716174438456	0.171473150221922	0.79833580849273	0.186187112964867	0.887711068244405	0.209933656771567	1.16873610110263	0.246879713512996	1.549642599522	0.242824095672808	1.85613285390474	0.282739188029365	2.06433383226998	0.319905580558281	2.6429484623574	0.367396567360438	3.04638144624249	0.383945346388112	4.06206031754024	0.484971289668252	5.06978890847253	0.444331814786887	5.8526370265571	0.562432391342435	7.06493116440223	0.620860253499077	8.06888897214807	0.694672126185747	10.3538843898411	0.750139369555529	12.0830256937334	0.929480503165604	17.5840017995534	1.00030892722191	20.1062520991137	1.11857628961862	25.9648545216	1.21180364735328	23.0857255468173	1.26113447612382	38.5851541295132	1.40534886332925	40.0822257517992	1.50680524698152	45.15972285806	1.57005860170987	53.5107132286216	
0.00272461535165658	3.40805838460943E-5	0.00649094238259537	0.00348694000742675	0.013692057462601	0.00157933474613021	0.0208946281580177	0.0055792058525472	0.0299195071465302	0.0150437519681464	0.0347819618617172	0.0370945826378124	0.0290845649550822	0.0346310443468868	0.0418627986819006	0.0510789858094095	0.0684786383773281	0.160899061572497	0.0818369541369693	0.260957404972724	0.106726554625892	0.337990881552072	0.145647377593796	0.550382367470621	0.160049567866047	0.665200338754019	0.171170285598399	0.771079839733944	0.185744384394751	0.858472721272047	0.209437843454861	1.12919587175281	0.246505900392161	1.49972836850628	0.242240041238711	1.79633030592272	0.282141928974906	1.99787954594534	0.319276769499832	2.56004864996068	0.366639550508823	2.94723587645645	0.383023985647948	3.92833590635436	0.484237488546518	4.90219509082432	0.443426360678439	5.65306950945714	0.561492334749854	6.83167445174957	0.619675235820653	7.80232257787384	0.693612795273831	10.0218883968563	0.748913393186351	11.6826231295697	0.927999039000769	17.0054456172307	0.998757165583423	19.4394102662011	1.11670148338351	25.1314959455456	1.20965453029787	22.0850921310813	1.25895984236085	37.4167727622502	1.40294452813117	38.7461280979753	1.5043959127991	43.6598838022348	1.56732835734173	51.84575068816	
0.00272461535165658	3.40805838460943E-5	0.00649094238259537	0.00348694000742675	0.013692057462601	0.00157933474613021	0.0208946281580177	0.0055792058525472	0.029811359345732	0.0119493255405891	0.0344158685591592	0.0350376877078741	0.0289838149232719	0.0303185044382612	0.0416764802211062	0.0475257138696335	0.0683687937950195	0.154308819620725	0.0816634156047256	0.251249764577308	0.106558557557574	0.324027679269401	0.145302407061652	0.530365394117505	0.159626696897702	0.642022282109818	0.170822776356588	0.744617648809333	0.185100289576052	0.828366090663084	0.208888442675266	1.08892839592209	0.246015202777995	1.44995837606746	0.24186245458216	1.73640296072162	0.281579189741007	1.93183504153407	0.318838511272328	2.477011933152	0.366063525580055	2.84579180266544	0.382227562221475	3.79579357629016	0.483359463782582	4.73528858920353	0.442377652772196	5.45358581138492	0.560460384314132	6.59876651938454	0.618780857113874	7.53520204669404	0.692399794774657	9.68954222660009	0.747705018691642	11.2835532879469	0.926182858543695	16.422564373077	0.996931913963054	18.7744366662844	1.1147528924071	24.2992940720739	1.20737714152036	21.0847884035211	1.25676761192136	36.2515541663004	1.40057640284802	37.4117291764468	1.50196867285166	42.1617509292853	1.56473961576852	50.1800244632235	
0.00272461535165658	3.40805838460943E-5	0.00649094238259537	0.00348694000742675	0.013692057462601	0.00157933474613021	0.0208946281580177	0.0055792058525472	0.0296773711531123	0.0103265633340066	0.0344174691439669	0.0326742603361885	0.0289683914439644	0.0276654612254778	0.0414421254063524	0.0445775250882283	0.0681992410221765	0.147944583453629	0.0815496677869273	0.241627747647028	0.10642815017313	0.309334203707595	0.144998403063901	0.509955693694859	0.159241122127295	0.618775074767737	0.170389338439307	0.717969717247569	0.184742240806935	0.798159808543371	0.208414952561191	1.04898234277966	0.245467745610422	1.39934972769002	0.241451909150115	1.67637154022775	0.280973125604929	1.86475583779155	0.318156154928262	2.39296310158342	0.365332491679553	2.74602271244532	0.381531947266583	3.66243191522986	0.482593326937249	4.56818138757744	0.441357522618554	5.25254168241305	0.559323871184404	6.36556661740624	0.617823866501193	7.26892296542043	0.691031249874761	9.35513038297146	0.746292093104533	10.8836312862088	0.924553942277852	15.8360528336998	0.995083176785451	18.1078500157452	1.11283811348102	23.4654847359148	1.20508234233084	20.0857848022133	1.25449054675536	35.0843052872344	1.39821823097013	36.0778406196649	1.49936647501744	40.666967092155	1.5621759497472	48.513653763096	
0.00272461535165658	3.40805838460943E-5	0.00649094238259537	0.00348694000742675	0.013692057462601	0.00157933474613021	0.0208946281580177	0.0055792058525472	0.029427730777462	0.00789362055708221	0.0343207041410542	0.0294386930705456	0.0286132284620386	0.025444724470776	0.0411497587403827	0.0419449746090919	0.0678477232588321	0.141103975812244	0.0812239646119501	0.231299773686806	0.106254320158751	0.296857042937461	0.144830828408586	0.489494625013897	0.158885046516388	0.596122051200038	0.169985897327926	0.691486979019632	0.184360536409438	0.768041187156829	0.207927407724229	1.00861183939401	0.244996145848358	1.34959510207295	0.240872696420535	1.61590041908422	0.280436130004255	1.79820725506072	0.317331261194652	2.31092895347869	0.364615985503211	2.64649553325246	0.380567530945264	3.52952706787071	0.481758628053381	4.40229980640133	0.440282553033815	5.0519213051925	0.558302762004136	6.13111175831825	0.616687939278179	7.00257915723096	0.689693916952999	9.02237443080186	0.744784547099381	10.4840389726465	0.923010168709427	15.2530393417467	0.993397781637817	17.4403860593823	1.11095612032271	22.6312358155213	1.20293953287877	19.0857399823165	1.25217617181739	33.9172612991251	1.39577959749567	34.7436652155437	1.49684082199793	39.1661631861883	1.55943272147924	46.8466534889379	
0.00272461535165658	3.40805838460943E-5	0.00649094238259537	0.00348694000742675	0.013692057462601	0.00157933474613021	0.0208946281580177	0.0055792058525472	0.0292847963452808	0.00478378365202996	0.0339890159723213	0.0266647107150331	0.0282403669067137	0.0217213861247931	0.0408365461076415	0.0385883099486492	0.0675688487641739	0.135426444492159	0.080809460162498	0.221090339622404	0.106032184595989	0.283129436151147	0.144534099943552	0.469089173750296	0.158647785692912	0.572211742216326	0.169544614816551	0.665977938497206	0.184078468626516	0.737453121007318	0.207473017738175	0.968658393878999	0.244589071362414	1.30032895512306	0.240281852999918	1.55577563350669	0.279804011950282	1.73246123952044	0.316714266954965	2.22809526498163	0.363759239012448	2.54647591727166	0.379510942984744	3.39520148799147	0.480751103336226	4.23663662035859	0.439119195709472	4.8529684609626	0.557253265750833	5.89858427120688	0.615556366939909	6.7358875000764	0.688401019035006	8.68864710923307	0.74342658624409	10.0847139486504	0.921505127455816	14.6692379509329	0.991681440835373	16.7776979249552	1.10912002367814	21.7973165833036	1.20076483169367	18.0862893461941	1.24992796871058	32.7524301333479	1.39303557709089	33.4120043822545	1.4942594734727	37.6629750945438	1.55663155328798	45.1815233104209	
0.00272461535165658	3.40805838460943E-5	0.00649094238259537	0.00348694000742675	0.013692057462601	0.00157933474613021	0.0208946281580177	0.0055792058525472	0.0292847963452808	0.00478378365202996	0.0336574245485401	0.0251970155287482	0.028141665942096	0.0185186734441966	0.0408632669991141	0.0351328596163708	0.0672798364667445	0.128808786733398	0.0804404101687	0.211083701038992	0.105648883684567	0.268975953033987	0.144246892421236	0.448971239214121	0.158170275262978	0.549731478978013	0.169240378995156	0.638791527889908	0.183784551777787	0.707121401384295	0.206920383965387	0.928888535317788	0.244138883631898	1.25018526951892	0.23959342281445	1.49608542630488	0.279041070455131	1.66527726199325	0.316136567252071	2.14339893142381	0.362986863638726	2.44630146892019	0.378781875787269	3.26212294898041	0.479764920693741	4.06901020642182	0.438074473101336	4.65455904342917	0.556187112554591	5.66436969333173	0.614335134774348	6.46994183226867	0.68723872351751	8.35629441971913	0.741990939401261	9.68463082811453	0.919733099494537	14.0859366803179	0.989937603519651	16.1125790387238	1.10736646641663	20.9656437010292	1.19836225086246	17.0873509374634	1.24766714369156	31.5864888311146	1.39051126894755	32.0796506450027	1.49172596420591	36.1634266113481	1.5540041779339	43.5155996451079	
0.00272461535165658	3.40805838460943E-5	0.00649094238259537	0.00348694000742675	0.013692057462601	0.00157933474613021	0.0208946281580177	0.0055792058525472	0.0292847963452808	0.00478378365202996	0.0337891583793703	0.0220785547953433	0.0279925828662372	0.0166412490952347	0.0407974070249678	0.0320752040578596	0.0671240177973506	0.121527721742801	0.0802712636213061	0.201794078940571	0.105318881785057	0.256160489354692	0.143808635826382	0.429582821257524	0.157656522944652	0.525872218110498	0.169237223208636	0.61123223902451	0.183389658735014	0.677012500676664	0.206615592586806	0.889067803263354	0.243493559589656	1.20053856090005	0.239184291799466	1.43555225579777	0.27862443734576	1.59791051241948	0.315439174047253	2.05965208118571	0.362380590644866	2.347204793567	0.377977305046119	3.12919924234002	0.47876084877064	3.90292513127282	0.436969947220455	4.45391584880663	0.55501375585552	5.43126012963887	0.613134691736872	6.20074119221726	0.685818275672794	8.02250004292815	0.740470684964036	9.28479357672671	0.918053444384707	13.5020440198962	0.988157367434253	15.4431024943728	1.10533792558795	20.1325850108295	1.19591133828942	16.0896977538247	1.24535135645529	30.4199254054309	1.38805343643278	30.746471755989	1.48912571362168	34.6628126951776	1.55128514168954	41.8522427046887	
0.00272461535165658	3.40805838460943E-5	0.00649094238259537	0.00348694000742675	0.013692057462601	0.00157933474613021	0.0208946281580177	0.0055792058525472	0.0292847963452808	0.00478378365202996	0.0337899370412642	0.0188394095777136	0.0276600135648475	0.0135836462874137	0.0403857976021069	0.0281584234739553	0.067021573456945	0.114831505473412	0.0801971062360332	0.19189793304424	0.104937262263041	0.24338300617234	0.143401334118067	0.409873737312186	0.157303250556495	0.502471808212169	0.168795509390133	0.585488796262719	0.183104801879624	0.647030318040823	0.206331739214044	0.849050794985643	0.242998814558166	1.1503154800502	0.238579305983584	1.37587974372405	0.278146746425562	1.53176041931633	0.314708933863487	1.97695692691505	0.36160837617167	2.24769507667159	0.37686695570986	2.99588554439003	0.477979950517758	3.7356391157209	0.435781536006211	4.25311712332151	0.55396870681886	5.19973521123145	0.611997853715303	5.93441042254321	0.684431835252419	7.68969193669684	0.739125629608678	8.88374281208182	0.916356554789702	12.9176922174669	0.986328188024946	14.7764795222548	1.10327632808721	19.2981274741893	1.1934062198844	15.0929535409756	1.24309274873489	29.2545484846509	1.38554394142322	29.4160533069553	1.48651637032559	33.1621764272663	1.54826673416605	40.1903609791576	
0.00272461535165658	3.40805838460943E-5	0.00649094238259537	0.00348694000742675	0.013692057462601	0.00157933474613021	0.0208946281580177	0.0055792058525472	0.0292847963452808	0.00478378365202996	0.0336003769016013	0.0158706116473451	0.027357648927825	0.00974952057808063	0.0401781057980341	0.0246073288643919	0.0668352239707435	0.108177882657872	0.0799712597296933	0.18117371045117	0.104561571851961	0.23043156940361	0.14323643009718	0.389991165441735	0.15710453489856	0.479645092992555	0.168066027413473	0.558876196749452	0.182562540432628	0.617224038947908	0.205682189574994	0.809827739165081	0.242618270844737	1.09949507221242	0.237787910168079	1.31584308454095	0.277441771911523	1.46470950449567	0.314188773312484	1.89439821139508	0.360898535031544	2.14745590140425	0.375695021867843	2.86223424202279	0.477069840058321	3.56899268591671	0.434453529872447	4.05446695891398	0.552947067360978	4.9660356547156	0.61083561702821	5.66968152762143	0.683346630549131	7.35495413018259	0.737710907849565	8.48359263632379	0.914623501455907	12.3357273946831	0.984315747667944	14.1098341983961	1.10139636708059	18.4662944044396	1.1910062587763	14.0905552690445	1.2407110066307	28.092697550971	1.38280685573948	28.0878048394174	1.48380638481354	31.6629706707618	1.54517223988724	38.5208237824268	
0.00272461535165658	3.40805838460943E-5	0.00649094238259537	0.00348694000742675	0.013692057462601	0.00157933474613021	0.0208946281580177	0.0055792058525472	0.0292847963452808	0.00478378365202996	0.0334564109394426	0.0139811273992105	0.0270779813070329	0.00745577686814568	0.039942342347878	0.0221030735207833	0.0664739190788635	0.10143787967764	0.0795866485012426	0.171028450329877	0.10440151125853	0.216684404844158	0.142840543307011	0.369819738067721	0.156735788271465	0.456372972772786	0.167582995556155	0.532493051824606	0.181929727195785	0.587988427735483	0.205151843742635	0.770004678804322	0.241963383813474	1.04998130988477	0.237282631636694	1.25499442852667	0.276929688447637	1.39687686082607	0.313650951119387	1.81110444956801	0.360263752932291	2.0469594482879	0.374892969350182	2.72913940486744	0.476024597527677	3.40306733258168	0.433121786978557	3.85453087092263	0.55182094595476	4.73123667195263	0.6098303493045	5.40186762681775	0.682079525834008	7.02022703387744	0.736045978748076	8.08440544806218	0.912995957330895	11.7536843408066	0.982439372788558	13.4422286810086	1.09931732079735	17.6335206989343	1.18839695807598	13.0897150997068	1.23824242502921	26.9261266747071	1.38007493220217	26.753409643179	1.48098870408655	30.1629658395261	1.54218228944314	36.8517671481216	
0.00272461535165658	3.40805838460943E-5	0.00649094238259537	0.00348694000742675	0.013692057462601	0.00157933474613021	0.0208946281580177	0.0055792058525472	0.0292847963452808	0.00478378365202996	0.0334478002573166	0.0114122151708293	0.0269110428956303	0.00450650396910745	0.0398206045599801	0.018484312508622	0.0661760688168518	0.0945241341137913	0.0792308265607624	0.161754878993191	0.104180949462121	0.203135291841556	0.142283605543325	0.350352419630504	0.156319794078434	0.432639265823897	0.167385231529454	0.504697498074782	0.18166670388272	0.557949550840606	0.204702557130729	0.729039700606	0.241501295142481	1.00061271745653	0.236670893330496	1.19463471684084	0.276275900767024	1.33182211943397	0.312889883995342	1.72745049875232	0.359506813589998	1.94703878532596	0.374073123687677	2.59662454881789	0.47512341629516	3.23580436726238	0.431843068298214	3.65413331261747	0.550749165218561	4.49872781129187	0.608482372119394	5.13690077898945	0.680626505570057	6.68928622931955	0.73459032623482	7.68429019689905	0.911395987688329	11.1687448738607	0.980813998703457	12.7748206039976	1.09723503335439	16.8013262760428	1.1859959663081	12.0885284783878	1.23594688546754	25.7571753380555	1.37736409915147	25.4172933629045	1.47829656723199	28.6671724487729	1.53923031351414	35.1849531384696	
0.00272461535165658	3.40805838460943E-5	0.00649094238259537	0.00348694000742675	0.013692057462601	0.00157933474613021	0.0208946281580177	0.0055792058525472	0.0292847963452808	0.00478378365202996	0.0330815357402891	0.00879372820759849	0.0269110428956303	0.00450650396910745	0.0396646356557006	0.0138424645930091	0.0659311726798133	0.0878498039238655	0.0790670009386487	0.151551949634587	0.103701279017177	0.190886494266255	0.141763165979648	0.329700982803566	0.156044706185689	0.409559347291336	0.167036293359413	0.478882168855178	0.181288657598069	0.527629589164528	0.204219978129031	0.689033053291439	0.241007463092334	0.950354770219449	0.235943719887173	1.13584183889706	0.275621111411145	1.2654154469737	0.312110613717511	1.64392914498189	0.358622891176289	1.84592998764589	0.373031279649122	2.46265263866956	0.474069347239195	3.06946853352208	0.430376647242279	3.45492668299804	0.549557592129281	4.26588320885891	0.607041159535528	4.86978211045471	0.679407443514235	6.35616473305677	0.733023675553627	7.28457308611765	0.90971588500233	10.5847805016041	0.979024815454446	12.1084136987067	1.09517470089239	15.9724082458133	1.1834624531641	11.0892408237082	1.23358122671055	24.5891050325177	1.37449023483568	24.0834942130856	1.47559208421238	27.1720589234668	1.53623970939219	33.5178858090894	
0.00272461535165658	3.40805838460943E-5	0.00649094238259537	0.00348694000742675	0.013692057462601	0.00157933474613021	0.0208946281580177	0.0055792058525472	0.0292847963452808	0.00478378365202996	0.0330815357402891	0.00879372820759849	0.0269110428956303	0.00450650396910745	0.0394134143205038	0.0113029599649182	0.0655560889358905	0.0813372473678497	0.0787124749408109	0.141824504083485	0.10339911378779	0.177100214160526	0.141542830343292	0.309342796158382	0.155693769109267	0.385543187681281	0.166548729508903	0.452344220663486	0.180713162277443	0.498196479368005	0.203862912539707	0.648994973841478	0.240523564255215	0.900809110095129	0.235386646971164	1.07679878443856	0.274943180569337	1.19850248430285	0.311615966399259	1.56089661912459	0.357875716364135	1.74613470397959	0.372107628594657	2.32909400289409	0.473184231679106	2.90298415383818	0.428963708942384	3.25522063167169	0.548407830650678	4.03329006350915	0.605964235483128	4.6023044170845	0.678071676503702	6.02366582590555	0.731590743131938	6.8846305952839	0.907828809406881	10.0014447720555	0.977038249875438	11.442226585533	1.0930767426956	15.1377597880543	1.18043601288948	10.0897631792324	1.2311107696815	23.4230985377072	1.37188147276616	22.7498496628067	1.47275294683766	25.6683418406251	1.53328986526638	31.8524911349737	
0.00272461535165658	3.40805838460943E-5	0.00649094238259537	0.00348694000742675	0.013692057462601	0.00157933474613021	0.0208946281580177	0.0055792058525472	0.0292847963452808	0.00478378365202996	0.0330815357402891	0.00879372820759849	0.0269110428956303	0.00450650396910745	0.0392569989819237	0.00885171815546334	0.0653762907052061	0.0751094353995403	0.0783692292631791	0.131843826115608	0.103149992943814	0.16265074510168	0.141198327250682	0.289198901006672	0.1551030740221	0.362588590236713	0.166158530055427	0.425321635510048	0.180294239072005	0.467373108760427	0.203144279720205	0.609387747477135	0.23987103991948	0.850405760127987	0.234773634237332	1.0155409285875	0.274187213559789	1.1320594902639	0.310898037549081	1.47786991403311	0.35718091604579	1.64782767371685	0.371174778820531	2.19657309324809	0.472452644130692	2.7359919705446	0.427534160932154	3.05562890018594	0.547351087310742	3.80047386641336	0.604781830432286	4.33689658803806	0.676550812093767	5.69131918998805	0.730307357675884	6.48533723625383	0.905904784723238	9.41925456921931	0.975119130421341	10.7746043043399	1.09096107300768	14.3028747743726	1.17764042400654	9.0873406929156	1.22862675162948	22.2562780670052	1.36924731413534	21.4155122085652	1.46977311930517	24.1663570176899	1.53013593476068	30.1861446492319	
0.00272461535165658	3.40805838460943E-5	0.00649094238259537	0.00348694000742675	0.013692057462601	0.00157933474613021	0.0208946281580177	0.0055792058525472	0.0292847963452808	0.00478378365202996	0.0330815357402891	0.00879372820759849	0.0269110428956303	0.00450650396910745	0.0392569989819237	0.00885171815546334	0.0653896405107705	0.0678037703974186	0.0781542650341409	0.121436194975209	0.102787033278714	0.149721107100927	0.140712822499084	0.269354804398258	0.154575564334723	0.339878814202319	0.165595897478289	0.399137822710533	0.17985568681717	0.437298870713224	0.202464846163194	0.568870619000609	0.239297262167259	0.799249494102691	0.234265503629506	0.955928195778693	0.273528828483856	1.06523023020547	0.310161566863842	1.3938151452834	0.35606244436299	1.54798896713758	0.370080571990814	2.06326963984594	0.471359979734183	2.56907429305344	0.425792763456941	2.8549649836371	0.546080031759238	3.56664602021895	0.603523642388611	4.0698906095295	0.675257154196178	5.35837045405466	0.728850323644538	6.08539474542008	0.904088130612963	8.83656238353921	0.973313678620009	10.1071738755881	1.08881615178147	13.469466838224	1.17499827439479	8.08757154448782	1.22592534031507	21.089697877516	1.36637872145458	20.0835663905817	1.466877201172	22.6665608027011	1.52698204512258	28.5239369608152	
0.00272461535165658	3.40805838460943E-5	0.00649094238259537	0.00348694000742675	0.013692057462601	0.00157933474613021	0.0208946281580177	0.0055792058525472	0.0292847963452808	0.00478378365202996	0.0330815357402891	0.00879372820759849	0.0269110428956303	0.00450650396910745	0.0392569989819237	0.00885171815546334	0.06519823338964	0.0605674198022162	0.0778298019850242	0.111212514586475	0.102486737212281	0.137706828180306	0.140456093638782	0.249130975579996	0.154083113270033	0.316738272393796	0.16508932903017	0.371651962805889	0.179254722818848	0.407894020734732	0.20221465213296	0.528773225946995	0.238781982543965	0.749736022813327	0.233584951161201	0.897041603505294	0.272884330536403	0.998227627741071	0.309402810845876	1.3097875013024	0.355078241135971	1.44697039132764	0.368905235157219	1.92954220186183	0.470194211692952	2.40332356269285	0.424339852582494	2.65480700805288	0.544951561388678	3.3325993132299	0.602282008432028	3.80332654356159	0.674022005047508	5.02468457633847	0.727109314755175	5.68302988468481	0.902396535470391	8.25383573892548	0.971207408223508	9.44204940142155	1.08663401121472	12.6353594788552	1.17205437080239	7.09036725830871	1.22333062196118	19.9248443599981	1.36336743552162	18.7506464092314	1.46397100322246	21.1649708605187	1.52389647375805	26.8606675647138	
0.00272461535165658	3.40805838460943E-5	0.00649094238259537	0.00348694000742675	0.013692057462601	0.00157933474613021	0.0208946281580177	0.0055792058525472	0.0292847963452808	0.00478378365202996	0.0330815357402891	0.00879372820759849	0.0269110428956303	0.00450650396910745	0.0392569989819237	0.00885171815546334	0.0645843908447799	0.0553561427378379	0.0773243687194249	0.101933406246307	0.102095202357175	0.124038258511269	0.140188840542323	0.229557617341546	0.153729880928748	0.292937393807404	0.164552682104982	0.344817621218903	0.178908067361193	0.377441462013391	0.201683819259638	0.489273101673645	0.23820574467405	0.700443566001955	0.23271980257205	0.837841970446371	0.272292771761102	0.931613968848425	0.308532976775779	1.22695683960356	0.354419989757254	1.34697184651909	0.367872654649643	1.7961581890608	0.46913355569217	2.2369188110853	0.422911473687689	2.454892806141	0.543646951032692	3.1000802080213	0.600831838309036	3.5371075325912	0.672402703249246	4.69218380654219	0.725337111146243	5.28338402007698	0.900266534264399	7.67140525487642	0.969239925548876	8.77602713233569	1.08434271116691	11.8014532851529	1.16905304729068	6.08983302842222	1.22091479608167	18.7582231923175	1.36037656013411	17.4182572817235	1.4609790525592	19.6659830334863	1.52069835389365	25.1905622612395	
0.00272461535165658	3.40805838460943E-5	0.00649094238259537	0.00348694000742675	0.013692057462601	0.00157933474613021	0.0208946281580177	0.0055792058525472	0.0292847963452808	0.00478378365202996	0.0330815357402891	0.00879372820759849	0.0269110428956303	0.00450650396910745	0.0392569989819237	0.00885171815546334	0.0639802424017005	0.0487007918824473	0.076995731315899	0.0913891399043619	0.101709191496415	0.109699427658649	0.139756519401585	0.209931814003104	0.153346667745013	0.268811687384712	0.163942344030597	0.318204061279276	0.178473541845411	0.348027095082792	0.201132600791577	0.448992616431323	0.237605506388497	0.650139169053666	0.232260683760712	0.776964676264285	0.271695964962706	0.865184595401479	0.307831336652697	1.14475191022982	0.353688078585808	1.24688051870345	0.366863201879346	1.6634179529589	0.468107300194975	2.06984327442524	0.4210350672854	2.2537185248455	0.542425966537782	2.8657638831597	0.599344770003363	3.26925125661239	0.670729627464557	4.35854728892011	0.72379211073473	4.88544294136102	0.898189932213694	7.08703761996416	0.967124602673645	8.11047797509527	1.08209314906216	10.9685352246554	1.16600929639526	5.09065759810755	1.21821649684568	17.5923545332415	1.35736768063392	16.0885578136833	1.4582185973554	18.1667046338244	1.51731630245362	23.5225934116498	
0.00272461535165658	3.40805838460943E-5	0.00649094238259537	0.00348694000742675	0.013692057462601	0.00157933474613021	0.0208946281580177	0.0055792058525472	0.0292847963452808	0.00478378365202996	0.0330815357402891	0.00879372820759849	0.0269110428956303	0.00450650396910745	0.0392569989819237	0.00885171815546334	0.0637778581997221	0.0420958852387998	0.0767147605458196	0.0816632586840733	0.101252516607885	0.0971424787411081	0.139211042999938	0.189537713232842	0.152786400053464	0.246263859607203	0.163621208898291	0.291754239482022	0.177822639533067	0.317783298127401	0.200573215855608	0.40852228691195	0.236961140770321	0.600003166860401	0.231793428566097	0.715596691524004	0.271024803054878	0.798794395708466	0.307101608143376	1.06148748506246	0.352758969465864	1.14743890476808	0.36582208539872	1.52899167383106	0.467029382246645	1.90325400454136	0.419108290019227	2.0537570583152	0.541144443834373	2.63201566504164	0.597909973242523	3.00163898713654	0.669242065223301	4.02514453325316	0.722140397665224	4.48597216538891	0.896259628425182	6.50397383659444	0.964888073805347	7.44281331872709	1.07953309165292	10.1346457947586	1.16265177550801	4.09142535711854	1.2152221403197	16.426653512221	1.35433371487162	14.7596099229251	1.45510111816906	16.6678993460079	1.51397793227763	21.8543693796868	
0.00272461535165658	3.40805838460943E-5	0.00649094238259537	0.00348694000742675	0.013692057462601	0.00157933474613021	0.0208946281580177	0.0055792058525472	0.0292847963452808	0.00478378365202996	0.0330815357402891	0.00879372820759849	0.0269110428956303	0.00450650396910745	0.0392569989819237	0.00885171815546334	0.0633487875773979	0.0354396321647079	0.0763642672111203	0.0713995750822765	0.100826622037482	0.0837368112360571	0.138767437163234	0.169072031594971	0.152158428107855	0.223185017916317	0.163316934153434	0.264957063484764	0.17713438634833	0.288155396402883	0.200004192251925	0.368941690551209	0.236456319724944	0.550495807375143	0.231088013970119	0.655220332447946	0.27019813332693	0.73224645326187	0.306169653524441	0.976858439557459	0.351758032476342	1.0477751704092	0.364711534172098	1.3954231427537	0.465976944608811	1.73652014683464	0.41737791671704	1.85426451267894	0.539724465486713	2.39811820248808	0.596606270160659	2.735036038453	0.667936913480889	3.69117367084268	0.720302775537048	4.08567530633235	0.894351108830538	5.92134684349147	0.962644587101745	6.77651491251098	1.0771777340683	9.30012120289618	1.15890883806456	3.09010113289565	1.21234742517069	15.2650717307523	1.35107486693076	13.423936952175	1.45173405307698	15.1729376262742	1.51073393460161	20.1882948401239	
0.00272461535165658	3.40805838460943E-5	0.00649094238259537	0.00348694000742675	0.013692057462601	0.00157933474613021	0.0208946281580177	0.0055792058525472	0.0292847963452808	0.00478378365202996	0.0330815357402891	0.00879372820759849	0.0269110428956303	0.00450650396910745	0.0392569989819237	0.00885171815546334	0.0631763078958029	0.0276490373435596	0.0760787875046308	0.0612883227852568	0.100362974408852	0.0704214238087948	0.138457000194481	0.149327411874333	0.151795627429718	0.199570563907061	0.162785303239967	0.23798481340371	0.176537617102565	0.25773028259236	0.199536630099184	0.328833179834888	0.235963819000419	0.500567024444888	0.230272917572458	0.595720871741899	0.269343109689764	0.665020508013157	0.305308030913863	0.893767706042013	0.350782400088762	0.947450197053756	0.363733601359582	1.26353273846077	0.464780252176035	1.57078513254175	0.415659126014719	1.65490654314832	0.538354610597093	2.16548198347129	0.595191927592286	2.46979188934128	0.666249836632045	3.35884985232717	0.718500536437406	3.68625109648676	0.89230210219957	5.33842089585624	0.960325126996405	6.1105224457461	1.07497080971556	8.46828813314653	1.15434816024807	2.08982324953565	1.20961920928074	14.0982363588898	1.34766635179052	12.088817187008	1.44835742024031	13.6736089351957	1.50714096316735	18.5240456927206	
0.00272461535165658	3.40805838460943E-5	0.00649094238259537	0.00348694000742675	0.013692057462601	0.00157933474613021	0.0208946281580177	0.0055792058525472	0.0292847963452808	0.00478378365202996	0.0330815357402891	0.00879372820759849	0.0269110428956303	0.00450650396910745	0.0392569989819237	0.00885171815546334	0.0628872554289933	0.0214330733621675	0.0757615635542361	0.0514332314778139	0.0996027765266474	0.0576558368165766	0.138022387691702	0.129877861324766	0.151441942098952	0.175752106607908	0.162266770519982	0.211907360547548	0.176096785557959	0.227711574651031	0.198820264325472	0.289292863173586	0.235178888533917	0.450910187693504	0.229384834882542	0.536214833570481	0.268613807758178	0.597953935332456	0.304454583610026	0.810778428474721	0.349888551979542	0.847827673716851	0.362595863476523	1.12898236060576	0.463555303401723	1.40339643868085	0.413582627870059	1.45603507322451	0.537056644741661	1.93245623880617	0.593644593821751	2.204323757161	0.664578320937818	3.02552858738163	0.716928423875261	3.28658311296884	0.890006165707538	4.75551543731668	0.957928285801074	5.44527038039287	1.07234916336804	7.63637916061064	1.15434816024807	2.08982324953565	1.20680078691209	12.9285185437957	1.34416571831183	10.756291155088	1.4448800982665	12.1716324941632	1.50347356646306	16.8582635884323	
0.00272461535165658	3.40805838460943E-5	0.00649094238259537	0.00348694000742675	0.013692057462601	0.00157933474613021	0.0208946281580177	0.0055792058525472	0.0292847963452808	0.00478378365202996	0.0330815357402891	0.00879372820759849	0.0269110428956303	0.00450650396910745	0.0392569989819237	0.00885171815546334	0.0628872554289933	0.0214330733621675	0.0751762360843353	0.0418776949690976	0.0991753493718121	0.0436598563464101	0.137559138219488	0.110307173362633	0.150943147480414	0.152382474008825	0.16174422523742	0.185028271823361	0.175591742349923	0.198615734577735	0.19798426950318	0.250057496433326	0.234276233861634	0.400699767009296	0.22874258977238	0.476242435641975	0.267742811868967	0.531288937285323	0.303722101895798	0.727761211231517	0.348932607113863	0.748442579417534	0.361338728208464	0.994694033627728	0.462409527407418	1.23554033732502	0.411400227318047	1.25662634661598	0.535677822080006	1.70082200641675	0.592192840185532	1.93802372113046	0.663007930370668	2.6927689099219	0.714983888132962	2.88676611784606	0.887727793109479	4.16977503299465	0.955491094560333	4.77879362591219	1.06954481191525	6.80343688572731	1.15434816024807	2.08982324953565	1.2036810080338	11.7619383543065	1.34070983270599	9.42193879968606	1.44154407009884	10.670982256414	1.49990217535615	15.1964898963147	
0.00272461535165658	3.40805838460943E-5	0.00649094238259537	0.00348694000742675	0.013692057462601	0.00157933474613021	0.0208946281580177	0.0055792058525472	0.0292847963452808	0.00478378365202996	0.0330815357402891	0.00879372820759849	0.0269110428956303	0.00450650396910745	0.0392569989819237	0.00885171815546334	0.0628872554289933	0.0214330733621675	0.074517143222459	0.0321484995502731	0.098854091830236	0.0298028102802873	0.13687894907026	0.0909883863170967	0.150459765351216	0.129502047672654	0.161073425772644	0.158214637610762	0.175188688942314	0.168255958863484	0.197405842329617	0.209015655022419	0.233476842155762	0.350136171359271	0.228001213878039	0.416228652068526	0.266966832192432	0.464883778224166	0.302927392000946	0.644021927988978	0.347947537916916	0.649262492490217	0.360274908699844	0.862198095067076	0.46120984003623	1.07019612924894	0.409248847619317	1.05623728662892	0.534092260550268	1.46747600321649	0.590773157483353	1.67161122790437	0.661134753038531	2.35925951782522	0.712911636208308	2.48627088709053	0.885561628857374	3.58517712858676	0.952884960076997	4.11008914793884	1.06697115324991	5.96913581127215	1.15434816024807	2.08982324953565	1.20054071579205	10.5958554910485	1.33705143663448	8.08906538446231	1.43807207014461	9.17035530172813	1.49606571303347	13.5297038263386	
0.00272461535165658	3.40805838460943E-5	0.00649094238259537	0.00348694000742675	0.013692057462601	0.00157933474613021	0.0208946281580177	0.0055792058525472	0.0292847963452808	0.00478378365202996	0.0330815357402891	0.00879372820759849	0.0269110428956303	0.00450650396910745	0.0392569989819237	0.00885171815546334	0.0628872554289933	0.0214330733621675	0.0740396160405273	0.0223413076885186	0.098854091830236	0.0298028102802873	0.135932851408424	0.0704827160180781	0.150003808545149	0.105216801334934	0.160438957960477	0.131882358903181	0.174321694659501	0.138881944391896	0.196805490108377	0.168945561360476	0.232916561214725	0.300435999006395	0.227069069004425	0.356239519438302	0.266148757151602	0.398790961456635	0.301817942531785	0.560826711727155	0.346762381861222	0.552336380709395	0.359041125091028	0.728588061929456	0.459837236962037	0.903695276797787	0.406988601916735	0.85766209368508	0.532498073279624	1.23398541219339	0.589025439642846	1.40454797306019	0.659320975524379	2.02747097693405	0.710782520934347	2.0859749593565	0.883197213671446	3.00493758079041	0.950034122949794	3.44187035466508	1.06434405012043	5.1372249760912	1.15434816024807	2.08982324953565	1.19739596492496	9.42888414609657	1.33322191450979	6.75760245721082	1.43434220324951	7.66998026978668	1.49223230441275	11.8596655780864	
0.00272461535165658	3.40805838460943E-5	0.00649094238259537	0.00348694000742675	0.013692057462601	0.00157933474613021	0.0208946281580177	0.0055792058525472	0.0292847963452808	0.00478378365202996	0.0330815357402891	0.00879372820759849	0.0269110428956303	0.00450650396910745	0.0392569989819237	0.00885171815546334	0.0628872554289933	0.0214330733621675	0.0740396160405273	0.0223413076885186	0.098854091830236	0.0298028102802873	0.135467077593642	0.0488706127250963	0.149426775785199	0.0820631373374769	0.160097335096447	0.105673545914492	0.173296998356212	0.108554823173866	0.196064542524899	0.129659772236344	0.232158532393761	0.250063644617218	0.226008554718799	0.297556974110543	0.265350062991806	0.332156958987466	0.301036753036772	0.478307635622388	0.345381739572631	0.45258524755181	0.357614904655542	0.595764996330007	0.45838724108647	0.738051939566481	0.404413531700317	0.658206626327062	0.530889793160076	1.00045163108795	0.58713763673066	1.13771359072784	0.657658551959942	1.69417788449505	0.708527284856886	1.68723690138517	0.880670169249108	2.42299487691663	0.94702873079785	2.77760828516165	1.0615028377757	4.30454626548396	1.15434816024807	2.08982324953565	1.19394288222154	8.26204411762138	1.32885272848987	5.42492741368605	1.4302642802865	6.17134867362209	1.4884457779652	10.193742844096	
0.00272461535165658	3.40805838460943E-5	0.00649094238259537	0.00348694000742675	0.013692057462601	0.00157933474613021	0.0208946281580177	0.0055792058525472	0.0292847963452808	0.00478378365202996	0.0330815357402891	0.00879372820759849	0.0269110428956303	0.00450650396910745	0.0392569989819237	0.00885171815546334	0.0628872554289933	0.0214330733621675	0.0740396160405273	0.0223413076885186	0.098854091830236	0.0298028102802873	0.135467077593642	0.0488706127250963	0.148947068280543	0.0588162537754942	0.159411907497111	0.0796221046055645	0.172777116654769	0.0777772910970805	0.195329998165399	0.0900063726471737	0.231273081116484	0.200623267594574	0.225061193847446	0.237387455947717	0.264341028856751	0.265716205943351	0.300124717061989	0.394580983441667	0.344166264965287	0.34961645325942	0.356231315522657	0.46409141556368	0.457135347098183	0.574088184311057	0.401600372333362	0.459040276407068	0.529076177661012	0.767087350683032	0.58539963197054	0.871290212669683	0.65557683948585	1.36100330284804	0.705994257053486	1.28790978191337	0.878003177148456	1.83990711199175	0.943701036138555	2.1122125633081	1.05820710401779	3.46960816641802	1.15434816024807	2.08982324953565	1.19043552006508	7.09684927039611	1.32388951823633	4.09349428875553	1.42616282361689	4.6715855205831	1.48421832158168	8.52607015507102	
0.00272461535165658	3.40805838460943E-5	0.00649094238259537	0.00348694000742675	0.013692057462601	0.00157933474613021	0.0208946281580177	0.0055792058525472	0.0292847963452808	0.00478378365202996	0.0330815357402891	0.00879372820759849	0.0269110428956303	0.00450650396910745	0.0392569989819237	0.00885171815546334	0.0628872554289933	0.0214330733621675	0.0740396160405273	0.0223413076885186	0.098854091830236	0.0298028102802873	0.135467077593642	0.0488706127250963	0.148947068280543	0.0588162537754942	0.159411907497111	0.0796221046055645	0.172777116654769	0.0777772910970805	0.195329998165399	0.0900063726471737	0.23033033865195	0.151113099589811	0.224220022709558	0.177155670142585	0.263399573167173	0.19879081593749	0.298779676683091	0.311703580993337	0.342991695361012	0.249143981698226	0.354833768440033	0.33102565313358	0.45558739499919	0.408026537744465	0.401600372333362	0.459040276407068	0.527103584685017	0.534155844216453	0.583236020307356	0.604500650234111	0.653272295442514	1.02788238866185	0.703462687654675	0.887641037155694	0.875192931878651	1.25689687966753	0.939819850528766	1.44745107209775	1.05467348982746	2.63514574033447	1.15434816024807	2.08982324953565	1.186721743589	5.93124464125747	1.31822397899522	2.75950445064849	1.4212431672634	3.17291434321098	1.47966822506309	6.86064009069917	
0.00272461535165658	3.40805838460943E-5	0.00649094238259537	0.00348694000742675	0.013692057462601	0.00157933474613021	0.0208946281580177	0.0055792058525472	0.0292847963452808	0.00478378365202996	0.0330815357402891	0.00879372820759849	0.0269110428956303	0.00450650396910745	0.0392569989819237	0.00885171815546334	0.0628872554289933	0.0214330733621675	0.0740396160405273	0.0223413076885186	0.098854091830236	0.0298028102802873	0.135467077593642	0.0488706127250963	0.148947068280543	0.0588162537754942	0.159411907497111	0.0796221046055645	0.172777116654769	0.0777772910970805	0.195329998165399	0.0900063726471737	0.23033033865195	0.151113099589811	0.224220022709558	0.177155670142585	0.263399573167173	0.19879081593749	0.297669340417303	0.228281383968563	0.342991695361012	0.249143981698226	0.354833768440033	0.33102565313358	0.45558739499919	0.408026537744465	0.401600372333362	0.459040276407068	0.527103584685017	0.534155844216453	0.583236020307356	0.604500650234111	0.650956519002797	0.693398600367756	0.703462687654675	0.887641037155694	0.875192931878651	1.25689687966753	0.939819850528766	1.44745107209775	1.0504468650791	1.80498672283318	1.15434816024807	2.08982324953565	1.18242951232269	4.76580159657786	1.31822397899522	2.75950445064849	1.4212431672634	3.17291434321098	1.47493571706777	5.19578791195742	
0.00272461535165658	3.40805838460943E-5	0.00649094238259537	0.00348694000742675	0.013692057462601	0.00157933474613021	0.0208946281580177	0.0055792058525472	0.0292847963452808	0.00478378365202996	0.0330815357402891	0.00879372820759849	0.0269110428956303	0.00450650396910745	0.0392569989819237	0.00885171815546334	0.0628872554289933	0.0214330733621675	0.0740396160405273	0.0223413076885186	0.098854091830236	0.0298028102802873	0.135467077593642	0.0488706127250963	0.148947068280543	0.0588162537754942	0.159411907497111	0.0796221046055645	0.172777116654769	0.0777772910970805	0.195329998165399	0.0900063726471737	0.23033033865195	0.151113099589811	0.224220022709558	0.177155670142585	0.263399573167173	0.19879081593749	0.297669340417303	0.228281383968563	0.342991695361012	0.249143981698226	0.354833768440033	0.33102565313358	0.45558739499919	0.408026537744465	0.401600372333362	0.459040276407068	0.527103584685017	0.534155844216453	0.583236020307356	0.604500650234111	0.650956519002797	0.693398600367756	0.703462687654675	0.887641037155694	0.875192931878651	1.25689687966753	0.939819850528766	1.44745107209775	1.0504468650791	1.80498672283318	1.15434816024807	2.08982324953565	1.17725541301791	3.60148778046633	1.31822397899522	2.75950445064849	1.4212431672634	3.17291434321098	1.46992506537061	3.52931895730294	
0.00272461535165658	3.40805838460943E-5	0.00649094238259537	0.00348694000742675	0.013692057462601	0.00157933474613021	0.0208946281580177	0.0055792058525472	0.0292847963452808	0.00478378365202996	0.0330815357402891	0.00879372820759849	0.0269110428956303	0.00450650396910745	0.0392569989819237	0.00885171815546334	0.0628872554289933	0.0214330733621675	0.0740396160405273	0.0223413076885186	0.098854091830236	0.0298028102802873	0.135467077593642	0.0488706127250963	0.148947068280543	0.0588162537754942	0.159411907497111	0.0796221046055645	0.172777116654769	0.0777772910970805	0.195329998165399	0.0900063726471737	0.23033033865195	0.151113099589811	0.224220022709558	0.177155670142585	0.263399573167173	0.19879081593749	0.297669340417303	0.228281383968563	0.342991695361012	0.249143981698226	0.354833768440033	0.33102565313358	0.45558739499919	0.408026537744465	0.401600372333362	0.459040276407068	0.527103584685017	0.534155844216453	0.583236020307356	0.604500650234111	0.650956519002797	0.693398600367756	0.703462687654675	0.887641037155694	0.875192931878651	1.25689687966753	0.939819850528766	1.44745107209775	1.0504468650791	1.80498672283318	1.15434816024807	2.08982324953565	1.17144731671288	2.43341840625104	1.31822397899522	2.75950445064849	1.4212431672634	3.17291434321098	1.46992506537061	3.52931895730294	
