X_ZT2:(Ti36.1Zr33.2Ni5.8Be24.9)_93Cu_7_Pd_[¦Ìm]	Y_ZT2:(Ti36.1Zr33.2Ni5.8Be24.9)_93Cu_7_Fn_[mN]	X_ZT2:(Ti36.1Zr33.2Ni5.8Be24.9)_93Cu_7_Pd_[¦Ìm]	Y_ZT2:(Ti36.1Zr33.2Ni5.8Be24.9)_93Cu_7_Fn_[mN]	X_ZT2:(Ti36.1Zr33.2Ni5.8Be24.9)_93Cu_7_Pd_[¦Ìm]	Y_ZT2:(Ti36.1Zr33.2Ni5.8Be24.9)_93Cu_7_Fn_[mN]	X_ZT2:(Ti36.1Zr33.2Ni5.8Be24.9)_93Cu_7_Pd_[¦Ìm]	Y_ZT2:(Ti36.1Zr33.2Ni5.8Be24.9)_93Cu_7_Fn_[mN]	X_ZT2:(Ti36.1Zr33.2Ni5.8Be24.9)_93Cu_7_Pd_[¦Ìm]	Y_ZT2:(Ti36.1Zr33.2Ni5.8Be24.9)_93Cu_7_Fn_[mN]	X_ZT2:(Ti36.1Zr33.2Ni5.8Be24.9)_93Cu_7_Pd_[¦Ìm]	Y_ZT2:(Ti36.1Zr33.2Ni5.8Be24.9)_93Cu_7_Fn_[mN]	X_ZT2:(Ti36.1Zr33.2Ni5.8Be24.9)_93Cu_7_Pd_[¦Ìm]	Y_ZT2:(Ti36.1Zr33.2Ni5.8Be24.9)_93Cu_7_Fn_[mN]	X_ZT2:(Ti36.1Zr33.2Ni5.8Be24.9)_93Cu_7_Pd_[¦Ìm]	Y_ZT2:(Ti36.1Zr33.2Ni5.8Be24.9)_93Cu_7_Fn_[mN]	X_ZT2:(Ti36.1Zr33.2Ni5.8Be24.9)_93Cu_7_Pd_[¦Ìm]	Y_ZT2:(Ti36.1Zr33.2Ni5.8Be24.9)_93Cu_7_Fn_[mN]	X_ZT2:(Ti36.1Zr33.2Ni5.8Be24.9)_93Cu_7_Pd_[¦Ìm]	Y_ZT2:(Ti36.1Zr33.2Ni5.8Be24.9)_93Cu_7_Fn_[mN]	X_ZT2:(Ti36.1Zr33.2Ni5.8Be24.9)_93Cu_7_Pd_[¦Ìm]	Y_ZT2:(Ti36.1Zr33.2Ni5.8Be24.9)_93Cu_7_Fn_[mN]	X_ZT2:(Ti36.1Zr33.2Ni5.8Be24.9)_93Cu_7_Pd_[¦Ìm]	Y_ZT2:(Ti36.1Zr33.2Ni5.8Be24.9)_93Cu_7_Fn_[mN]	X_ZT2:(Ti36.1Zr33.2Ni5.8Be24.9)_93Cu_7_Pd_[¦Ìm]	Y_ZT2:(Ti36.1Zr33.2Ni5.8Be24.9)_93Cu_7_Fn_[mN]	X_ZT2:(Ti36.1Zr33.2Ni5.8Be24.9)_93Cu_7_Pd_[¦Ìm]	Y_ZT2:(Ti36.1Zr33.2Ni5.8Be24.9)_93Cu_7_Fn_[mN]	X_ZT2:(Ti36.1Zr33.2Ni5.8Be24.9)_93Cu_7_Pd_[¦Ìm]	Y_ZT2:(Ti36.1Zr33.2Ni5.8Be24.9)_93Cu_7_Fn_[mN]	X_ZT2:(Ti36.1Zr33.2Ni5.8Be24.9)_93Cu_7_Pd_[¦Ìm]	Y_ZT2:(Ti36.1Zr33.2Ni5.8Be24.9)_93Cu_7_Fn_[mN]	X_ZT2:(Ti36.1Zr33.2Ni5.8Be24.9)_93Cu_7_Pd_[¦Ìm]	Y_ZT2:(Ti36.1Zr33.2Ni5.8Be24.9)_93Cu_7_Fn_[mN]	X_ZT2:(Ti36.1Zr33.2Ni5.8Be24.9)_93Cu_7_Pd_[¦Ìm]	Y_ZT2:(Ti36.1Zr33.2Ni5.8Be24.9)_93Cu_7_Fn_[mN]	X_ZT2:(Ti36.1Zr33.2Ni5.8Be24.9)_93Cu_7_Pd_[¦Ìm]	Y_ZT2:(Ti36.1Zr33.2Ni5.8Be24.9)_93Cu_7_Fn_[mN]	X_ZT2:(Ti36.1Zr33.2Ni5.8Be24.9)_93Cu_7_Pd_[¦Ìm]	Y_ZT2:(Ti36.1Zr33.2Ni5.8Be24.9)_93Cu_7_Fn_[mN]	X_ZT2:(Ti36.1Zr33.2Ni5.8Be24.9)_93Cu_7_Pd_[¦Ìm]	Y_ZT2:(Ti36.1Zr33.2Ni5.8Be24.9)_93Cu_7_Fn_[mN]	X_ZT2:(Ti36.1Zr33.2Ni5.8Be24.9)_93Cu_7_Pd_[¦Ìm]	Y_ZT2:(Ti36.1Zr33.2Ni5.8Be24.9)_93Cu_7_Fn_[mN]	X_ZT2:(Ti36.1Zr33.2Ni5.8Be24.9)_93Cu_7_Pd_[¦Ìm]	Y_ZT2:(Ti36.1Zr33.2Ni5.8Be24.9)_93Cu_7_Fn_[mN]	X_ZT2:(Ti36.1Zr33.2Ni5.8Be24.9)_93Cu_7_Pd_[¦Ìm]	Y_ZT2:(Ti36.1Zr33.2Ni5.8Be24.9)_93Cu_7_Fn_[mN]	X_ZT2:(Ti36.1Zr33.2Ni5.8Be24.9)_93Cu_7_Pd_[¦Ìm]	Y_ZT2:(Ti36.1Zr33.2Ni5.8Be24.9)_93Cu_7_Fn_[mN]	X_ZT2:(Ti36.1Zr33.2Ni5.8Be24.9)_93Cu_7_Pd_[¦Ìm]	Y_ZT2:(Ti36.1Zr33.2Ni5.8Be24.9)_93Cu_7_Fn_[mN]	X_ZT2:(Ti36.1Zr33.2Ni5.8Be24.9)_93Cu_7_Pd_[¦Ìm]	Y_ZT2:(Ti36.1Zr33.2Ni5.8Be24.9)_93Cu_7_Fn_[mN]	X_ZT2:(Ti36.1Zr33.2Ni5.8Be24.9)_93Cu_7_Pd_[¦Ìm]	Y_ZT2:(Ti36.1Zr33.2Ni5.8Be24.9)_93Cu_7_Fn_[mN]	X_ZT2:(Ti36.1Zr33.2Ni5.8Be24.9)_93Cu_7_Pd_[¦Ìm]	Y_ZT2:(Ti36.1Zr33.2Ni5.8Be24.9)_93Cu_7_Fn_[mN]	X_ZT2:(Ti36.1Zr33.2Ni5.8Be24.9)_93Cu_7_Pd_[¦Ìm]	Y_ZT2:(Ti36.1Zr33.2Ni5.8Be24.9)_93Cu_7_Fn_[mN]	X_ZT2:(Ti36.1Zr33.2Ni5.8Be24.9)_93Cu_7_Pd_[¦Ìm]	Y_ZT2:(Ti36.1Zr33.2Ni5.8Be24.9)_93Cu_7_Fn_[mN]	X_ZT2:(Ti36.1Zr33.2Ni5.8Be24.9)_93Cu_7_Pd_[¦Ìm]	Y_ZT2:(Ti36.1Zr33.2Ni5.8Be24.9)_93Cu_7_Fn_[mN]	X_ZT2:(Ti36.1Zr33.2Ni5.8Be24.9)_93Cu_7_Pd_[¦Ìm]	Y_ZT2:(Ti36.1Zr33.2Ni5.8Be24.9)_93Cu_7_Fn_[mN]	X_ZT2:(Ti36.1Zr33.2Ni5.8Be24.9)_93Cu_7_Pd_[¦Ìm]	Y_ZT2:(Ti36.1Zr33.2Ni5.8Be24.9)_93Cu_7_Fn_[mN]	
0	0	0	0	0	0	0	0	0	0	0	0	0	0	0	0	0	0	0	0	0	0	0	0	0	0	0	0	0	0	0	0	0	0	0	0	0	0	0	0	0	0	0	0	0	0	0	0	0	0	0	0	0	0	0	0	0	0	0	0	0	0	0	0	0	0	0	0	
0.00425970011650596	-0.000816699927530556	0.000342941782625205	0.00392468136400334	0.00122710392651296	0.00259176612384873	0.00142717815418394	0.00273783835565985	0.00170873972274713	0.00200826186312091	0.00215796853739197	0.00262395348087616	0.00128024134355669	0.00327199752893939	0.000472679971772385	0.00484647989369244	0.0014091486346001	0.00340783010145013	0.00224620444367488	0.00247475361062104	0.000916891052603521	0.00334356429938061	0.00170551817955695	0.00239137909840121	0.00290553176406764	0.000764417527606437	0.000506862609588217	0.00408061581483154	0.00119833936930426	0.00374650635816802	0.00118790018624905	0.00354644595498976	0.00248646304267017	0.000954782490350626	0.00110245306100909	0.00309267655983427	0.0018949332483838	0.00226341206307149	0.00109219917970023	0.00331333542541358	0.00124868122699121	0.0028237535412084	0.00342721069674948	-7.27814005577458E-5	0.000715251231287602	0.00293727120752369	0.00329279683905098	0.00028737029878573	0.000912558220151003	0.0034708903683497	0.0129570403789209	0.141730896392115	0.001412210390406	0.00234884999129796	0.00118801776688525	0.00237063966432808	0.016252618248848	0.236989737116754	0.000690757521589801	0.00458453474546082	0.0147913191487761	0.338992728117268	0.000795229759208218	0.00350733154558213	0.00100453061130406	0.00233663002106535	0.000461189159682759	0.00379402608983654	
0.00508853086619898	0.00319376724640615	0.00137529510003103	0.00770387177696921	0.00290111720896264	0.00625644331490867	0.00233564532425171	0.00619196787432035	0.00353500726836962	0.00426019996895349	0.00345789136175914	0.0068962409749026	0.00226757546173392	0.00704330171372077	0.00165676244777279	0.00791650344269194	0.00259456248117555	0.00680656843954582	0.00327030729105859	0.00690412083662449	0.00125775560089286	0.00757695816382778	0.00325720379274504	0.00606237193405713	0.00608096894873524	0.00140016338889642	0.00195270799007413	0.0065926055010166	0.00180912535856775	0.00769102482385635	0.00239924641464438	0.00682735675895685	0.00305652554270953	0.00513531311463649	0.00216610362768417	0.00540131051631939	0.00246720141807589	0.00712461371942861	0.00276312675629256	0.00600275660555057	0.00172164371794676	0.0071187784016992	0.00471747377841166	0.00302625252693996	0.00134305454404905	0.00723881168774851	0.00778516519141067	-0.00117898247338309	0.00175946585561711	0.0063377039341683	0.0391131591836969	0.505922651044507	0.00109883819717736	0.00740899996623956	0.00259225948119812	0.0048254639732431	0.0507524332757362	0.849100713509474	0.00165507444410915	0.00888038269861763	0.0467462781527656	1.20666061501047	0.00139958186944074	0.00812601099426247	0.00369014011284984	0.0331788017022248	0.00154041650008994	0.00722275910702467	
0.00544599830906889	0.00738099879996273	0.00307208193310192	0.0110067187962933	0.00398846256853964	0.0103595079590241	0.00357565332998447	0.00934593709818526	0.00465195302148574	0.00794510807288559	0.00497693323273189	0.00958656255475158	0.00355148394691812	0.0100236711446303	0.00336389211117896	0.0101092013865646	0.00351414671738823	0.0105031377429297	0.00398050237998772	0.0103806068708611	0.00280958032088811	0.00985688301192035	0.00417112214508221	0.00957436100178581	0.00917156468663734	0.00234656534071562	0.00356277478995668	0.00852834210001298	0.00292024107428051	0.0105591512452146	0.00378658229933409	0.0100839569980739	0.00382307372506824	0.00896758135165967	0.00368039167643195	0.00788138239695644	0.00376887386414625	0.00981684160008196	0.00397451642777204	0.00884923659928742	0.00300795564211136	0.0110758623319036	0.00531023904362132	0.007552807442664	0.00207283085868586	0.0127181386558804	0.00864877995746213	0.00287304542321915	0.00320063704031966	0.010116916175006	0.0631577987708508	0.964210228307898	0.00179067508775458	0.0125685286035343	0.00377164317001915	0.00940862401752749	0.084151071684333	1.6090636235897	0.00330872441383721	0.0115418787547577	0.0786477929048545	2.27225796819184	0.00324077483290397	0.0111903968132471	0.0260274520300812	0.46396890663317	0.00338966033359427	0.00935923118160964	
0.00739847061471386	0.00950923858364561	0.00384262696206543	0.0157977826120046	0.00448574220639188	0.0147728971828658	0.00455992584596947	0.0141746852566405	0.00545378010702678	0.0136912789548538	0.00571206600469737	0.0137972617989833	0.00483669086830496	0.0136620990692886	0.00452520904008864	0.0134610198047191	0.00447543253281201	0.0155514787255375	0.00488372631897583	0.0139711016985286	0.00425429402893714	0.0123169132682611	0.00506178625242556	0.0137076504271423	0.0113770751842612	0.00476189939155535	0.00447400279010916	0.0139327485361502	0.0041658625113501	0.0144222260558433	0.00469703162813935	0.014180129946414	0.00551163749070103	0.0103728427423345	0.00436321857496012	0.0121913611686235	0.00515671796119828	0.0125387917661775	0.00468700898463398	0.0120884109207462	0.00466820036212185	0.0137282216047036	0.00691619991993074	0.00962051808308212	0.00316219494866945	0.0170975300598899	0.00865074160128986	0.008267711171563	0.00416653845740969	0.0144839757409398	0.0818699288289446	1.44210848947053	0.00382607274168695	0.0153572029357614	0.00485386023706718	0.0147724051462555	0.111390535457514	2.40389757751368	0.0041437489901305	0.0150049724801468	0.106227440476633	3.38281351954351	0.0046944008465394	0.0154768415011289	0.0724324886401939	1.5769428697656	0.00442279443837793	0.0144254947796462	
0.00922333967573618	0.0121036021105524	0.00428341319835739	0.021258470851351	0.00532179576125426	0.0193148889514298	0.00496274273441578	0.0196148130049878	0.00635599964553705	0.0182308314587436	0.00627077343554888	0.0178416463024749	0.00560928894828805	0.0183862835363422	0.00517097926857041	0.017718607136579	0.00542384374742281	0.0197428325636341	0.00607675444743585	0.0185340709613926	0.00494825816287166	0.0166676392196216	0.00609708540917181	0.0175870253147288	0.0135923866190966	0.00693854202622022	0.00530861853261501	0.0192104432669601	0.00513078714613398	0.0194621616025034	0.00555968846843773	0.0187164682961804	0.00662705610509838	0.0134129807516006	0.00525276120584826	0.0161707313559416	0.00582060988648239	0.0174783518443388	0.00571731738705335	0.0158531203597583	0.00553512323835199	0.0188051990498182	0.00851847196721024	0.0121967308250877	0.00417785581755165	0.0218184221562794	0.00994526857711482	0.0119288018841237	0.00509897214149545	0.0192890615768629	0.0979396817287107	1.93205212699514	0.00481924200444424	0.0198942170400591	0.00584039627300382	0.0197033213871816	0.134832636045538	3.21914938093245	0.0049566571612425	0.0190796522507155	0.130131682302665	4.52430411289492	0.00533029158465992	0.0207586516952689	0.114774703782702	2.94793531615781	0.00507569652987907	0.0201240281503876	
0.00995591577132208	0.0168699607544187	0.00491110700368032	0.0266550856467482	0.00634574039630553	0.023052642787751	0.00557757171213971	0.0240567085199131	0.00701036995271239	0.0228896287168136	0.00728746123927737	0.0213881370500766	0.00659381281122955	0.0229752989072385	0.00610229817271938	0.0223028085522475	0.00631219443002176	0.0242730018111313	0.00689600026231695	0.0228969423044237	0.0056048594414561	0.0217540899610998	0.00692532840641463	0.0229275433890798	0.0156466543025297	0.00974707244583341	0.00647515373627435	0.0226754596640574	0.00600474127153343	0.0247124869105529	0.00634526752295152	0.0232339027994682	0.0072069728288462	0.0190956916437668	0.00656293399533097	0.0202615219148923	0.00664944773127745	0.0236916046221537	0.00680422241526708	0.0220857617447047	0.00619372199358846	0.024380514084216	0.00909423403611525	0.0162249918072721	0.00468068426194637	0.0275871648766842	0.0116297570666253	0.0154332994443497	0.006278331088786	0.0241196369100872	0.112169435834461	2.42745331454778	0.00506214685958099	0.0260177354368805	0.00653331648982552	0.0253982713489683	0.155688372768596	4.04337913354408	0.00578550453572278	0.0251976081782051	0.152029540839739	5.67754310713643	0.00608779545442816	0.0263583120826875	0.149587446395922	4.37342992118101	0.00561237152391778	0.0262140516779231	
0.0115696293172744	0.0209917614432482	0.00614200121309151	0.0322712842850382	0.00712420000703814	0.02827867549347	0.006423958216687	0.0298610943359874	0.00762811693614612	0.0277100449947016	0.00838175372772076	0.0265057525355256	0.0074745056657458	0.0267766991797668	0.00706947166594475	0.027591527267814	0.00747869769340647	0.0303311575553249	0.00771197642882048	0.0281239827302244	0.00660081573795738	0.0257056077839937	0.00823544922300334	0.0275380628516834	0.0172265325296428	0.0134352842891128	0.00754589248684917	0.026861830835667	0.00713587981642467	0.0297148930696216	0.00693205406847187	0.0284304988010678	0.00810346045806384	0.0241109180395428	0.00734235092163572	0.0250093459671115	0.00798246503265725	0.0289846889120814	0.00758793219841145	0.0271060158269533	0.00668388750283745	0.029449349733147	0.00972742255669453	0.0212441363060372	0.00511381607134784	0.0322850722240622	0.0124371989424621	0.0196012497111445	0.00701001963677563	0.0286665244883983	0.125143565763246	2.92579561865136	0.00586896702975683	0.0318552686952812	0.0077853694423285	0.0308845577702276	0.174364817903711	4.87357912923672	0.00631091441867296	0.0302519046455241	0.173390031069488	6.83844642014171	0.00692874061714608	0.0297326973370578	0.180239540245425	5.83695671154671	0.00667469286281001	0.0281725429237823	
0.0135574986628091	0.0238525368740285	0.00773747761543632	0.0391393168283578	0.00805475203516504	0.0337104267960118	0.00708414664824617	0.0377295400809203	0.00874444135935825	0.0330607785130577	0.00910099629615806	0.0327306504829489	0.00825070569400221	0.0318611890507612	0.00813620861871961	0.0331423514300457	0.0082911807184879	0.0363835607458031	0.00903566331861849	0.0334979756649788	0.00799183598369002	0.030772122402556	0.0100288776959338	0.0330363709733397	0.0190566628986549	0.017986250041473	0.00893335384869818	0.0334111327948785	0.0081317678762658	0.034348777450004	0.00812500920488814	0.0337233884591385	0.00916370153590974	0.0286821255050242	0.00832708768237163	0.0297431201458451	0.00868563731680026	0.034477119879254	0.00843732051005677	0.032450908570612	0.00782665249906401	0.0341478173292347	0.010545185709306	0.026791209712297	0.00600474919048004	0.0450969270285514	0.0129631230280708	0.0240609931492497	0.00834025338740458	0.0413314849915919	0.13783433663614	3.42465247845298	0.00754578724272484	0.0370092184923402	0.00894442032912183	0.0341594297570354	0.191374276071951	5.70488460477291	0.00861537053024071	0.0527502195338207	0.194132448299778	8.00233695016318	0.0100689170069689	0.0601057698632178	0.207906246250554	7.31838817755897	0.010799184854387	0.0606697693288715	
0.0144645339484021	0.027983090539452	0.00863375927066105	0.0439405464069286	0.0092918397296164	0.0387826675929445	0.00864487376906115	0.0464824002597226	0.0105336101743706	0.037954667407444	0.00994399931396872	0.0382638522766761	0.00974720581185543	0.0371428391738412	0.0094513914907441	0.0394282619171449	0.00915431964309169	0.0429202662039934	0.0104804167788573	0.0401079572888212	0.0101644093761593	0.0419616242730591	0.0120813412452683	0.0470650314055782	0.0215224460379502	0.0301987042102181	0.0132165540831494	0.0477042961017022	0.00945579360013352	0.0408819031372182	0.00972418313849263	0.0377221599865133	0.0102009488734185	0.0358170601698383	0.00985022434187782	0.0369602913176875	0.00944924878656469	0.042665409429757	0.0096087588216749	0.0369070540478479	0.00921886644677397	0.0386459960116113	0.0114677832743777	0.0321868049641819	0.0116473730525776	0.139406684611118	0.0142793680694946	0.028820156780872	0.0173641229060665	0.156387667023237	0.149574961453415	3.92529771034356	0.00901187706709924	0.0417130775727639	0.010402239321057	0.0510857729132991	0.207407018270316	6.53765039403674	0.0287217989588033	0.336950976728142	0.213938505993897	9.16657486348849	0.0360901332336699	0.452282245878461	0.232460007199905	8.81090890094046	0.0394478745613222	0.532994225218235	
0.0157682028366622	0.0334482639517072	0.00878356852583522	0.0465142562196338	0.0101467415294868	0.0458360969844359	0.0100242687890935	0.0518405970912469	0.0119190709420018	0.0440462807316426	0.0111669509599718	0.0437248984021707	0.011172716806332	0.0429098538543947	0.0107767820893071	0.0505025344523853	0.0107618047928594	0.0547563460171701	0.0121267317569134	0.0524547401806591	0.0128799327184222	0.0601562213509183	0.0147603907328735	0.0684740299893858	0.0240291438391394	0.0539058393631617	0.0198986097497892	0.0727346404814908	0.0118544793518873	0.0601370983162271	0.0108350011997318	0.0435668309589945	0.0131076639650123	0.0588542524623295	0.0135356986617712	0.066774814070188	0.0141497399792293	0.0859145216174511	0.0108894467401768	0.0448082488764467	0.0103827675574944	0.0479883105925714	0.0129338887176814	0.0412819480007707	0.0238322748237739	0.36276813903423	0.0154196315380086	0.0335227971384533	0.0372085923213177	0.447655019453727	0.160512901393576	4.42422721330255	0.0106977975825635	0.0581821559185256	0.0222548889973651	0.243206456888207	0.222134866146346	7.3726578766312	0.0692564985705984	1.07479270661318	0.232987715827674	10.3322954422822	0.0854641507705096	1.45676219828788	0.254480090229839	10.3062338364609	0.0947199147906498	1.76762621020997	
0.0173076035803263	0.039459903591588	0.00898049639660454	0.0485653194698214	0.0109271400435896	0.054410463379525	0.0105699185830159	0.0545846188737167	0.0128670338483411	0.0527207170050254	0.0123699887879604	0.0527827630716938	0.012144096836615	0.0516079369889004	0.0118447601312723	0.0618323604347705	0.0124890803159186	0.0692217021287123	0.0140713255956349	0.0697030189802077	0.0149446111268675	0.0816392855417416	0.0172427073995747	0.0927026766555131	0.0262763324052136	0.0806454188826807	0.0249127431553914	0.10367593252852	0.014477421332295	0.0923768722493244	0.0129559616048305	0.0661166450728382	0.0179850962875093	0.108480475623506	0.019827983695432	0.126432730573631	0.0229566191460334	0.185813196636529	0.0154666982237458	0.0971840744793179	0.0154583111994453	0.110568477089757	0.0195443409812575	0.111593975973043	0.0363041127487721	0.633972315782948	0.0172659534087629	0.0444152653294233	0.0571945913171244	0.81519787629723	0.170562820003356	4.9244279715155	0.0230920398329645	0.227680695488383	0.0485561750340359	0.733699196355968	0.236035966953834	8.20555544803308	0.105636524475666	1.99100487818374	0.250745289792842	11.4995499092834	0.126909153572749	2.68674112129486	0.275450071751297	11.8024574982232	0.142398048026975	3.29410609626266	
0.0173380000676725	0.0424494925698516	0.00906471724292659	0.049913194191807	0.0114762181490566	0.0592511577503206	0.0108128864203011	0.0578045792110185	0.0134729131969958	0.0579831695148523	0.0129776070661137	0.0588458146256345	0.013353258101452	0.0608223256891641	0.0128686257159453	0.0731818278638022	0.0137685424101734	0.0848336654322763	0.0157874458900205	0.0888550338091906	0.016921000075708	0.103807082795155	0.0195113250833272	0.118882334883428	0.0287316908383399	0.108429200133645	0.0292682914499887	0.13572667709178	0.0177006396093691	0.126792462995937	0.0174998174906152	0.109114198313928	0.0228020105657227	0.167568109872193	0.0267146239794812	0.199728453998779	0.0315422692004793	0.306120757171038	0.0263707325102805	0.218943057521681	0.0280309255135593	0.258492369994651	0.0338108633869462	0.284786919225815	0.047951158201007	0.917626674052248	0.0267163319204751	0.139448049337684	0.0735770565698303	1.19754040857483	0.179932361928988	5.42537518473655	0.0498221018481324	0.657290290904413	0.0746608241449677	1.34428693654259	0.249412495829124	9.03866163568176	0.134195211032868	2.94499323781626	0.267630446423088	12.6666497767445	0.159778675304966	3.96074983032468	0.295570711395897	13.3019668658727	0.179375811639034	4.88134744325772	
0.0171092237420008	0.0428335685261888	0.00945813978886625	0.0515260665534722	0.0116727427094933	0.0607878508393835	0.0109076319069584	0.0607716782053648	0.0136863790495255	0.0606371986198455	0.0135518892030518	0.0640309746413972	0.0145365630219335	0.069394167327081	0.0137320934105083	0.0855257804082627	0.0149658991868054	0.100679834524359	0.0170049826282757	0.107537894913495	0.0192995899584398	0.126205869863975	0.0215243704696968	0.145104848499654	0.0309183687208613	0.13773537357966	0.033281678378896	0.169690991140722	0.0217450043680904	0.162480414942022	0.0230774477327072	0.162144183406947	0.0275723010247415	0.231325373460335	0.0335326218009207	0.279601511827505	0.0401096072135159	0.432197264152756	0.0385899752532633	0.369469473030064	0.0415847977573093	0.439117136072625	0.0487378585023704	0.497111575931599	0.058944585348105	1.20956584472118	0.0473811564871887	0.383057648828251	0.0879572777589399	1.58889261321899	0.189231507049493	5.92543205361857	0.0750866045481487	1.19285150295084	0.0967787284332316	1.97963365336874	0.261991346439939	9.87228191336721	0.159324428999928	3.92390704799061	0.284154303991667	13.8360462855656	0.18903094700798	5.26621302649554	0.31430706079909	14.80186925163	0.211623484888607	6.50987385236326	
0.0175016298843184	0.0432417933847006	0.0098946683900048	0.0540883713031589	0.0117127082980301	0.0635833718474005	0.0109898247521643	0.0642096698781772	0.0141741971489433	0.064169028313551	0.0137679601321721	0.0701928155051522	0.0153307516381639	0.0787654547698847	0.0147340169872453	0.0980165981501897	0.0164558620600763	0.116764247561245	0.0184580256736144	0.126748968687627	0.0215137884551328	0.148606839719975	0.0239299090690428	0.170864880444017	0.0328038545740582	0.166260633083952	0.03676621444895	0.203452189566554	0.025562490162794	0.202316193676087	0.0281192987904668	0.220589678046894	0.0322107248012208	0.297255878173118	0.0400162861982785	0.362689509583018	0.0483991523568244	0.564517357378141	0.0494865138249195	0.527532077694709	0.0526150405720281	0.628926837775839	0.0612947534810078	0.718100558968141	0.0696230110679063	1.5046676120803	0.0665716341529498	0.688617993580568	0.100566591367143	1.98600621186671	0.198693440033928	6.42560580347814	0.0962154514978897	1.7484359165698	0.11677675752907	2.63160063565673	0.274099572750078	10.7055101042674	0.181871714649163	4.91295807107752	0.299544357033536	15.0020891019548	0.214856740286249	6.58716365068537	0.331869332502108	16.298698273037	0.240640186505274	8.15878085806237	
0.0175762736175286	0.0448638552803959	0.00993045798631331	0.0577165528609937	0.0119923794038241	0.0658422655410082	0.0112185828195447	0.0662819134399736	0.0145684193426345	0.0668803701339489	0.0140499029243559	0.0770196861392141	0.01614927358293	0.0880932901958804	0.0161624693410656	0.110749807132563	0.0178377619369225	0.133453663720971	0.0203678449004686	0.146135378480018	0.0234108614280256	0.172674003790483	0.0261705333330798	0.197309114306089	0.0350197726953073	0.196476461259602	0.0396794676620374	0.236141479415662	0.028891997611656	0.242496343467675	0.0325463911173193	0.280712018902791	0.0366756069560728	0.363741451114007	0.0455776283258725	0.446723905652371	0.0549344662715177	0.697270631995469	0.0591907182796847	0.69000775416956	0.0622602728691852	0.82405858207891	0.0724803485325446	0.946003622262567	0.0799075804844574	1.80249407991737	0.0810079644045648	1.00773298106301	0.112111246918273	2.38406487005213	0.20773850975873	6.92665266820995	0.114988868338178	2.3183247457635	0.135449922182469	3.29224288731521	0.28619611104337	11.5373841522084	0.2023432310211	5.90730645671722	0.314151560832497	16.1681486821495	0.237833661695963	7.91600630199763	0.34875762238051	17.7982635200383	0.267221189566403	9.81522645398364	
0.0174500279695112	0.0453964335245852	0.0100807479592793	0.0600305582929324	0.0124584683680011	0.0683867187295364	0.0114308137587084	0.0699163923388244	0.0142906143780848	0.0709711679688569	0.0147577697422189	0.0833152518216087	0.0172783142316701	0.0981585002353044	0.0175997957584042	0.1234181145761	0.0193970343187662	0.149932702852233	0.0222576112082826	0.165962143758218	0.025059920836897	0.196230002759043	0.0275045182800466	0.224758056003552	0.037262790502019	0.226270109290699	0.0426644063789506	0.268202810496747	0.031847263857203	0.282517819183149	0.036914189668902	0.34032681808346	0.0410295305329285	0.430229265049736	0.0500217833670652	0.529486726325636	0.061034051742141	0.828554978151756	0.0683911877653896	0.853506197405743	0.0712782105075883	1.01889719261554	0.0830875865361469	1.17763832031325	0.089069251190773	2.10159552829853	0.0937682449398254	1.33445268266727	0.122910808982645	2.7842967693622	0.216054147975797	7.4255933470393	0.131725933113511	2.89724274688924	0.151939667140232	3.95693546065832	0.297452477098915	12.3717969853672	0.221435450740301	6.90668165571465	0.328695723729275	17.3347922015708	0.258645050828015	9.24737656265734	0.364926790230167	19.2972196821047	0.29227916745278	11.4769824509731	
0.0175393246952271	0.0460077230745061	0.0103183737604592	0.0621011975061511	0.0126898850652065	0.0711575051208187	0.0118288521972705	0.0731188103431516	0.01438244179173	0.0735604192262878	0.0154056014011081	0.0896959025483022	0.0182607031005344	0.10818129871981	0.0189082725970933	0.137647202165238	0.0211777932508776	0.166165843731646	0.0237168800388176	0.186579994766404	0.0265420991434427	0.219674243023958	0.0291429113969605	0.250385083449045	0.0393623151959588	0.256266989360222	0.0456348008785596	0.302460898596366	0.0350110101642491	0.322755288966098	0.0412012799020077	0.399848252180459	0.0447298806216446	0.497732511581869	0.0538974605595578	0.612686133538845	0.067272859737126	0.961414714575838	0.0766737681553787	1.01682029698857	0.080056631295402	1.21920697377221	0.0930526666915311	1.40981888978205	0.0973351300796991	2.40009231552683	0.10537359260932	1.66446577356959	0.132679674089719	3.18464950777058	0.224136715322694	7.92466254837784	0.147109150542296	3.47907927999455	0.16687888913813	4.62224666499223	0.307982312827143	13.2069241429068	0.239280749634631	7.9060927106295	0.343029557221305	18.5015232653099	0.278390125537058	10.580339384844	0.380615935741906	20.796540922603	0.315886756209524	13.1430104244095	
0.0175770264757787	0.0464302197232002	0.0103599491709937	0.0647146558734146	0.0125849975069657	0.0741141776683991	0.0120303915467025	0.0768035588307711	0.0154446171945556	0.0769782710493808	0.0158869577902153	0.0964539426266031	0.019474891441643	0.117147133443821	0.0202195310423894	0.151345064838238	0.0227602811646179	0.182410713454176	0.0251719123033238	0.206362507672497	0.0279935677734082	0.243260786461132	0.0314878842439424	0.2769886607753	0.0415029117423215	0.287091698743937	0.0483422576739871	0.335382597072548	0.0382912359819155	0.362350873798812	0.0452419250885682	0.459089503714958	0.0480212909045644	0.564181384594296	0.057613225267996	0.696573438856056	0.0733459577679241	1.09609373135536	0.0840106231840676	1.1854642972051	0.0879853828057283	1.42152899367108	0.103008070236537	1.64326861902913	0.105011820831207	2.70149226791297	0.115958451635592	1.99710845363644	0.141773425704656	3.58541272658422	0.231816786978651	8.42417459357958	0.160754771694551	4.06325599378808	0.181054010694252	5.28880677283938	0.318970765785546	14.0397323073457	0.256071528861105	8.90510935045274	0.356835411156229	19.6684331429749	0.297011493648457	11.9135611146941	0.396416502792097	22.2935040544544	0.338091154676942	14.8097117440353	
0.017697117961303	0.0483221104942014	0.0103820169092925	0.0668634752474844	0.0128205492589509	0.0764616779696237	0.0118641212406438	0.0796787843126869	0.0158035349567898	0.0803047295732229	0.016560878519331	0.103423618473976	0.0206573720128576	0.127141257380731	0.0214546360874882	0.164875114832796	0.024006197758886	0.199238372802006	0.0267468346006441	0.225503965087483	0.0297363519794145	0.26634835930074	0.0331856630023657	0.304478304177724	0.0440481941796606	0.316035194823942	0.0509940208350704	0.368175132755297	0.0410383018013874	0.401633737988122	0.0484734054388754	0.520023724986714	0.0514860618036584	0.629611507173803	0.0614812567474185	0.781196663595242	0.0794614434382355	1.2298113904529	0.0905018363844582	1.35449956929971	0.095341109669046	1.62200711137512	0.111656171329691	1.87803023247557	0.112418388023448	3.00292854187779	0.126087549262524	2.33079665965895	0.150918617135156	3.98564229758796	0.239428985888287	8.92484054739646	0.173343653598597	4.64649672843857	0.194410795763935	5.9555531451926	0.329660522004295	14.8718177655011	0.271238118446106	9.90699446366954	0.370241288531741	20.8356056535934	0.314798707129065	13.248262716045	0.412018150230498	23.7924173756845	0.358442894978607	16.4743138626777	
0.0179648940910908	0.0490227160575729	0.0105446589906785	0.0684381815752971	0.0131554118590585	0.0793236612093107	0.0121955572561532	0.0827005621259066	0.0154534600143763	0.0840470163309225	0.0169247079589618	0.109929248318672	0.0215733360866227	0.137480872872583	0.02265427115345	0.178402021613813	0.0252130247262487	0.215879578468871	0.0283027974389401	0.245519861598924	0.0314081243726979	0.290148190149285	0.0343210175146619	0.330985664245058	0.0468080812929619	0.345339432865324	0.053218519152637	0.401264731221409	0.0434750063773389	0.440878359746028	0.0515714589667064	0.580542692825237	0.0548844704656076	0.697006603877096	0.0654135154389925	0.864741533259565	0.0847251707057192	1.36369517420679	0.0964793298162211	1.52208744976679	0.102076928137669	1.8233627677334	0.119286471896727	2.11127763190292	0.119954898539575	3.30096153048597	0.135215338971497	2.66402735348841	0.159755299484091	4.38550190071651	0.246353359125138	9.42570952952496	0.185010675587973	5.23060778399371	0.206546183407464	6.62403364009739	0.33929678231444	15.7046398997781	0.28587674827334	10.9065866608166	0.383262171292578	22.0010142393394	0.331856798757963	14.5800353080378	0.426705795220952	25.2886596638973	0.378028536159127	18.1396880476977	
0.0179698689318065	0.0492965176055474	0.0108290757899979	0.0709886119627215	0.0132647892805089	0.0814905649751715	0.0125213251267716	0.0855603698543703	0.0157762488234499	0.0871388616126388	0.0174948227053089	0.115861052517423	0.0223988206251664	0.14766861003241	0.0237612181021772	0.191125502641318	0.0265770023944055	0.232165877492088	0.0298296400903526	0.265699321629762	0.0329397132767907	0.312887331947215	0.0359195554153108	0.357260921275525	0.0491258346572893	0.375836898794927	0.0552322932516225	0.433842538853248	0.0454065704321961	0.481558848015148	0.0548235237462154	0.640268930567432	0.0581843535604428	0.765129354514906	0.0687104268580888	0.948938619733444	0.0900806214396114	1.49666020828446	0.102339685618266	1.69007719590573	0.107652531555361	2.02399024628824	0.126837376349692	2.34495204271045	0.126986688892874	3.6007742764497	0.14290552871403	2.99869391382909	0.16766831205591	4.78614055514172	0.252795355690074	9.9254758257775	0.196070684088792	5.81397657549213	0.218331199438687	7.29240191063727	0.348822504372839	16.5378084860363	0.300077974384721	11.9055464899654	0.396215386049631	23.1678030450754	0.347396685711581	15.9121143051432	0.441172065236496	26.7840320968669	0.397257279961684	19.806543035541	
0.0178906109488802	0.0506159542485488	0.0109872717643205	0.0738233903981811	0.0135653104898198	0.084432205395035	0.0125196849105496	0.0883201113425189	0.0164768665807157	0.0908917203362496	0.0180365689395882	0.123534619022874	0.0232175408164948	0.157287716579782	0.0247316380054523	0.20487738202108	0.0280291072792247	0.249389872784253	0.0310627329227948	0.285709077233268	0.0346963284321509	0.336363353593479	0.0380075450999718	0.384373582779948	0.050860272810194	0.405077952423388	0.0573757490659766	0.467906882762719	0.0470146068917908	0.521987879201065	0.0579895112984809	0.701294945316088	0.0613506475120086	0.832186322932013	0.0719485910864059	1.03170979320565	0.0958085970075187	1.62875771542509	0.106911784151362	1.8576471484141	0.112833341826232	2.22534217735641	0.133779775457568	2.57916033415852	0.134227049196309	3.89990413016804	0.149600347065194	3.3349285884803	0.175241742163378	5.1856411334348	0.259452655382161	10.4254395624065	0.206788585955859	6.39871161714262	0.230047586253919	7.95812010291696	0.358553886600773	17.3698334082272	0.313876919597249	12.907348715477	0.408354924856328	24.3336474897656	0.362326606057522	17.2456973881351	0.454741636265334	28.2855978246634	0.415026105819308	21.4729137356685	
0.0180615603829067	0.0509716576095172	0.0111305581103813	0.0756878253444293	0.0139902687099724	0.0867377452506916	0.0125288780357204	0.0918858033413524	0.0167578091681083	0.0940782185460731	0.0184380662745445	0.130801597760198	0.0240241661514358	0.167347338684024	0.0255109910095473	0.219359374608917	0.0294337434206375	0.266090319295198	0.0324911657122838	0.305459139369943	0.0363369883387436	0.359786115232537	0.0397079314015411	0.410798899153122	0.0526162628181777	0.434805447450999	0.0593491114543513	0.502150389843971	0.0488245763941582	0.562164725708053	0.06090885905301	0.761714552682151	0.0642723577263181	0.89853991000805	0.0752668163552784	1.11422590071985	0.101209621944774	1.76300180458292	0.111657842565968	2.02275317075304	0.118217562837395	2.42530736917683	0.140162367164044	2.81350273605097	0.141543319827659	4.19935878261884	0.156084331851778	3.66719745896651	0.182642998942529	5.58565626742592	0.26574594825913	10.9252188971744	0.217349630301024	6.98314351330947	0.241075441573179	8.62427834509225	0.367899128349654	18.2024581021277	0.326796605309815	13.9092058890179	0.420712337936069	25.4989890202894	0.377332759914865	18.5786471718063	0.467766852548309	29.7873852072222	0.431815454868219	23.1387945601451	
0.0182838252972943	0.0520370651184215	0.0112958884747581	0.0776645428632463	0.014260266414813	0.090233704475063	0.0125858843757819	0.0948040661105119	0.0168204964034488	0.0970309475248139	0.0188726425823592	0.136970678201436	0.0246145233504211	0.177764661399504	0.0265238852861177	0.231282558544535	0.030709675595687	0.282895423175495	0.0340886798333134	0.326056035621195	0.0378664820784481	0.383013270036386	0.0409463092189348	0.437075960620991	0.0546505053617806	0.465061380703114	0.0612381393615881	0.536182370295512	0.0508345818730432	0.602870155958689	0.0636824249840861	0.822487131287227	0.0666983179770923	0.965646995218823	0.0787143855226289	1.19705923997097	0.105403817110492	1.89882262278469	0.116740155113399	2.19044826972643	0.123438808844088	2.62475334868657	0.146409924821017	3.04758599744934	0.148257962739066	4.49878316708741	0.162678487329099	4.00052175071028	0.189888873074223	5.98653566872523	0.271629558289136	11.4245530597729	0.227890395556917	7.56572999388237	0.2518399066266	9.2913520773149	0.376686917031131	19.0366846707804	0.339634126348228	14.9073433603725	0.432983808850718	26.6620059697774	0.391635940248302	19.9132118687452	0.480766128729743	31.2870938778931	0.44771511903508	24.8043922625724	
0.0183918856299876	0.0537324359215766	0.0112648800451711	0.080794375917862	0.0145119617312648	0.0925808700822532	0.012796238041481	0.0967476489199278	0.0170966285140079	0.100573742086123	0.01933270735702	0.142913607338851	0.0250174811228649	0.188617159119219	0.0277096946530564	0.244368513211247	0.0320690623615872	0.299616009536161	0.035443438173385	0.345859881634	0.0397063747744172	0.405901539854492	0.0422953926467393	0.463606720166902	0.0566594458529378	0.495953057997528	0.0632868493233015	0.569557011663578	0.0528660014964128	0.643165396842351	0.0666644232944033	0.881678789896984	0.0693099690660162	1.03121489532517	0.0821693654361811	1.28081843023259	0.109213952849101	2.03262258751085	0.121432317017358	2.3579175229862	0.128394641109111	2.82488594573184	0.15285348172993	3.28163782671231	0.154998998459189	4.79803292858153	0.168881472609196	4.33472078714071	0.196918214543791	6.38814429556583	0.277965183648039	11.9239226126275	0.237778563065516	8.14866944569429	0.262045650203656	9.95906935340605	0.385555690788143	19.8705107707451	0.351694375383536	15.9065686164425	0.444233814842876	27.8305940906421	0.405670046494961	21.2464131094997	0.493661694575236	32.7870819453232	0.463348542707764	26.4653016873818	
0.0184063081554415	0.0550263339545652	0.0115052277955617	0.0829303641412886	0.0146553717780628	0.0954820343518315	0.013016876517036	0.100435024028121	0.017188101248728	0.104436045758968	0.0198106201547046	0.150001510215881	0.0257197641918477	0.198454267898273	0.0287958527661936	0.258070304901172	0.0332870303262083	0.316260343864651	0.0370646703214079	0.365745131056725	0.041622930542685	0.428408374888751	0.0438595950501163	0.489902699123669	0.0585290516943137	0.526390599143067	0.0656520644955896	0.602921117445519	0.0545879140504047	0.683975600877655	0.0696204418783115	0.941461721898216	0.0717686060092254	1.09897314960765	0.0854408053981658	1.36507157068127	0.113798836185672	2.16556771456943	0.125966620015188	2.52372878931127	0.133362027498811	3.0254378707464	0.159258083173322	3.51416158853356	0.161422766689938	5.09809480332214	0.174430255356785	4.66713075299027	0.203919233210315	6.78876385787916	0.284485541895417	12.4245112666743	0.247311511843979	8.73221937942487	0.271281260061208	10.6260890689219	0.3939789820134	20.7026381384143	0.363728186115019	16.9064234465431	0.455179744371632	28.9999607971422	0.419047730154365	22.5795621961924	0.506040226334076	34.2846597500447	0.479239119750694	28.1308211587166	
0.0184257377006258	0.0562722434113888	0.0118481507801164	0.0847692895813531	0.0146680296247648	0.0985065624768988	0.0133976377991153	0.103605013090902	0.0174240788355921	0.107072670774175	0.0203383859499882	0.156507787620774	0.0265355227570083	0.20813105823487	0.0298120552126056	0.271017841756806	0.034430615302837	0.333222637525779	0.038779793641522	0.385771941504068	0.0435012796986305	0.450993557430877	0.0450090956480446	0.515920882031922	0.0603698336345334	0.55630258334318	0.0677825939687604	0.63664587787735	0.0563367879448025	0.723473338637021	0.0720801576568727	1.0007053599467	0.0742892382209265	1.16523511782976	0.0884272624618588	1.44788779688088	0.118041222891341	2.29923158979084	0.130719397404137	2.68985717095793	0.137999747506676	3.22573531187954	0.164717093648177	3.74839758682691	0.167177572834542	5.39844399106338	0.1800139940924	5.00013629959802	0.210781487539902	7.18777362919874	0.290983401790402	12.9249835054049	0.256274601747507	9.31637374147767	0.280091700516117	11.2929150693515	0.40281931064688	21.5344246420375	0.376060176868019	17.9053469541133	0.465824293193841	30.1681596251892	0.432247151920449	23.9127205961104	0.518719264508752	35.7830533933027	0.494658185705049	29.8002689484845	
0.0186776522744254	0.0564268356754746	0.0119713612514899	0.0873036364652352	0.0147536891771106	0.101383534188559	0.0135173735925373	0.106780088047814	0.018293868360187	0.11076800577962	0.0207005570817312	0.163680338984666	0.027119147982424	0.217656013895187	0.0307548852084088	0.283272911207273	0.0356631293939713	0.349924859370298	0.040091268610578	0.406399513191165	0.0449220603139966	0.474505784240509	0.0461890030608161	0.542551642334532	0.0622494374507828	0.586804793196922	0.0695836873674383	0.670086817768048	0.0582895799378375	0.763331963876909	0.0743744818991676	1.0608577359542	0.0769188311083282	1.23101023719912	0.0915159977958693	1.53110286195414	0.121922798330099	2.43258789574659	0.135720270416814	2.85567612069387	0.142587457832106	3.42590749013235	0.16999063055662	3.98200005296897	0.172556080388216	5.69874475003303	0.185744052836591	5.33422823393745	0.217471732678043	7.58793032421447	0.297250047802587	13.4252042870522	0.265164255727882	9.90047036153359	0.289086119150612	11.9594123129279	0.410695346906276	22.368491023215	0.387010890737838	18.9063622120867	0.476274417834317	31.3342816039935	0.445482873808782	25.2444019184953	0.531816504340914	37.2808323636908	0.508926217435097	31.4681297646606	
0.018815960891943	0.0580463473481473	0.0120402242963863	0.0898891624325446	0.015048623605655	0.103349563326149	0.0135439509006188	0.109307944777813	0.0188219069595014	0.114546243042184	0.0211285625769821	0.169619179034096	0.0275995028170417	0.227608388389289	0.0315669547495389	0.298007626894878	0.0367855893464784	0.366679875560758	0.0412483823485739	0.42677213533557	0.0458199242338714	0.497590417593381	0.0476051663563757	0.569036068584556	0.0639148709744723	0.61714990058132	0.0712833044460266	0.704204363477066	0.0603108078916109	0.80322574654232	0.0768498457742182	1.12050824553314	0.0796019784548732	1.29784264047109	0.0947878025598194	1.61398171959392	0.1256738849577	2.56570741294899	0.139777299272861	3.02392908186296	0.146923499142213	3.62574322812105	0.175093009220147	4.21506118789025	0.177741687008076	5.99992607445516	0.191039204179053	5.66773576338907	0.224200455376437	7.98757292919344	0.303351993185983	13.9239722055522	0.273708196350293	10.4833469490747	0.297820988843638	12.6270653277644	0.418698300145201	23.2021327213186	0.397525203370333	19.9080890004734	0.48633209768986	32.5026555206762	0.459000135958595	26.5732929985792	0.54332625940665	38.7759552022221	0.523202323845394	33.1348245650287	
0.0189256695229892	0.0591748919762499	0.0123660022529373	0.092648110841351	0.0154108237815713	0.105684199734922	0.0139427204535977	0.112020428923502	0.0185713255208532	0.116976456425638	0.0215687351846987	0.176668679408663	0.0283568027675424	0.237520977949047	0.0326838583151405	0.311209356593647	0.0379212260698991	0.383543914694931	0.0424074172828112	0.446122689210541	0.0470047191518606	0.520820861129915	0.0489018731279521	0.596373935518357	0.0654688853724199	0.647555252891902	0.0731822490265881	0.736840291455567	0.0619013280187153	0.843740372089544	0.079236645246504	1.18131918298494	0.0821770786600332	1.36512149648106	0.0981443669827677	1.69736779876681	0.129472983123878	2.69847000079162	0.143206179226163	3.19133640217446	0.151163620938237	3.82525719417551	0.180210592816137	4.44841336110227	0.182709340527168	6.30012485360774	0.196351167203702	6.00138299122025	0.230531500211627	8.38722857268783	0.309389134091482	14.4227699263731	0.281721354984473	11.0671418206308	0.306267913869593	13.2956142748752	0.426441078721945	24.0340924509324	0.407818118917739	20.9068932987597	0.496762654224359	33.6689171978601	0.471518209100646	27.9078223052619	0.556153087732069	40.2721024955369	0.536757625527864	34.8018211138967	
0.0191111479526504	0.0597597916291576	0.0125667570540491	0.0950833955670212	0.0156927366244632	0.108263090029203	0.0143485086616089	0.115032202295477	0.0188363429170954	0.120253292920908	0.0220821687302439	0.183252038304859	0.0291190530496951	0.247952459677372	0.0337509675462803	0.324406080433816	0.039235672039472	0.399472585866482	0.0432539684311672	0.46619679338013	0.0484741055158013	0.5448552688408	0.049999209478139	0.6233488777036	0.0670629685272583	0.677450706117101	0.0752122673208981	0.770685192493817	0.0635436905372089	0.884243065066849	0.0814829859946724	1.24154804385525	0.0858277238503599	1.43172537648713	0.100883188210868	1.78044304904519	0.133246730704062	2.8323536681302	0.146850260801186	3.3576824804626	0.155664516126265	4.02501330408787	0.185345673521537	4.68187217074402	0.18772340622458	6.59777041204328	0.204166349333106	6.3344071642786	0.236597434046102	8.78681716096004	0.315723460307777	14.921488484779	0.289935002028771	11.6492146768282	0.314476544632859	13.961955987589	0.435215535858341	24.8652102649787	0.418132490478402	21.904868719994	0.50640563267609	34.8347355655194	0.483543012757889	29.2455851637702	0.568670403880379	41.7756370391627	0.550184257793131	36.4663030919326	
0.0190776003892025	0.0609961222882371	0.0127747792264353	0.0976045438644181	0.0157854791651314	0.110796018101418	0.0143296081276527	0.117591127363013	0.0195854237967047	0.123680858146955	0.0225524616386904	0.189231783786053	0.0297135470773387	0.257928757518974	0.0345290305216332	0.338145939932171	0.0407094975612161	0.415495204198286	0.0441100752256489	0.486211380219262	0.0498130938667164	0.567744906538874	0.0510792250968594	0.650727140752156	0.0686224165521583	0.70808947113686	0.0771272896752612	0.803978692386424	0.0655632507309001	0.922624554565896	0.0839268638149929	1.30228342776677	0.0882698953101792	1.49815568125661	0.102788557860681	1.86478885608564	0.137122508063148	2.96684735172618	0.150537152181333	3.52566675508167	0.160540776056434	4.2250613836135	0.191109491149295	4.91484389870238	0.193091583065107	6.89678641158228	0.212896598525672	6.66627742872181	0.242386286113478	9.18781204625311	0.321834739132462	15.4224189341945	0.298023011212712	12.2325634448922	0.322712834759892	14.6268262107047	0.442298404501708	25.6978852502958	0.428658967164552	22.9054630201836	0.516399409594366	36.0009450886415	0.495668710274444	30.5794010773946	0.578546015416247	43.2776702908695	0.563835701398253	38.1291235905743	
0.0188425739438912	0.0624905020478045	0.0131311448905077	0.0991671429993358	0.0160480080652655	0.113946711325522	0.0144866110486503	0.120987755218753	0.0200719340260045	0.126648968499361	0.0228702893622409	0.196459748840503	0.0304112159711866	0.268432882404669	0.0354204011557391	0.351130118508609	0.0421550238947629	0.432566346180152	0.0447958572041468	0.506445293514299	0.0510937373727536	0.592006382324197	0.0521105877431297	0.678055461630021	0.0700346210690154	0.737781896050436	0.0787460835130777	0.836878359263996	0.0674161017094854	0.963722886509037	0.0860313208165482	1.36253801642198	0.0899435052348714	1.5649710878924	0.105407761990235	1.94804955596288	0.14053959370372	3.09985743853126	0.1539551950323	3.69230573430561	0.165233707890549	4.4257585949428	0.196178278803176	5.14957582624316	0.197786581087719	7.1973297800711	0.218490266359035	7.00003641525663	0.247980782116633	9.58832264383039	0.328291078865439	15.921998965941	0.305950459135827	12.8185404051369	0.331166124720828	15.2931167006793	0.45030185897845	26.526514570541	0.438836535340347	23.9049564971424	0.525775587827044	37.1676724270905	0.507786943016446	31.9128314234916	0.589576408416844	44.7756504269241	0.576927039689347	39.7905098525193	
0.0191296629452461	0.0633300165493694	0.0132464601125702	0.10107319642116	0.0163396739946697	0.116765417171376	0.014973307666156	0.1243657202441	0.0202696456585629	0.129957360821306	0.0233327537622793	0.203417528497742	0.0312633452877704	0.278200040130542	0.0363412783009743	0.364634964587188	0.0430688847438258	0.450295787671851	0.0454777670897051	0.526746611277472	0.0521711346042463	0.616009939976263	0.0535583367885894	0.704731798528962	0.0716574189536327	0.767020883307033	0.0807275450929478	0.869710738088749	0.0691198646490979	1.00413029354995	0.087923914050679	1.4223076188695	0.0926633226308129	1.63117461562573	0.10830304702944	2.03081758622155	0.144722460241242	3.23300396408704	0.157554665740751	3.85683433667571	0.169700717276233	4.62558595102873	0.20099608210935	5.38167211102296	0.202327561784686	7.49645288170108	0.224006960267908	7.33273788505821	0.254099978295106	9.98734219403654	0.33482083719897	16.4218099656749	0.313723031740732	13.4025820771636	0.339703706892497	15.9600414212971	0.458802864075624	27.36139492761	0.448367916655861	24.9043587044933	0.535095670940949	38.3314642369238	0.519323382904369	33.2479716777543	0.60002439549117	46.2769237194461	0.589847877546115	41.458419097467	
0.019416739253692	0.064296460125485	0.0133428265101486	0.103747343548001	0.0165187504183465	0.11997948398329	0.015176488636067	0.127550421292478	0.0203090531866052	0.133786013191783	0.0236920820856993	0.209459585276984	0.0319081405512929	0.287659803213732	0.037519814448951	0.377693532550741	0.043868760318383	0.466462120711623	0.0468368247873211	0.546757880280089	0.053264032809456	0.639617860175892	0.0552187522472863	0.730687873865969	0.0731582709384963	0.79699596460858	0.0828378800904128	0.903017683950388	0.0707598412908631	1.04348064951888	0.0903146998193363	1.48190911760028	0.094968562285113	1.6981334459312	0.111410728558404	2.11329085289935	0.148296341563896	3.36693559453593	0.160913701765662	4.02464375548971	0.174251067337466	4.8241942059224	0.205413762498768	5.61549460211282	0.207347646011641	7.7953040371522	0.230474290198297	7.66557253398163	0.25960257323737	10.3882737493976	0.339838058342182	16.9220959398994	0.321544303345799	13.9839396776576	0.346958658418401	16.6271235354226	0.465942038447633	28.1971730795984	0.457411460474982	25.9004230518952	0.546147959230951	39.4922571882092	0.53045098467528	34.5810406707094	0.609583979093092	47.7764684773517	0.602128302981231	43.1276098422165	
0.0192505093481191	0.0644939441576692	0.0135961037747676	0.106191184799419	0.0167740701286743	0.122462498988642	0.0154145655033281	0.129657873211497	0.0206224285712401	0.137788895635015	0.0242343713705363	0.216250119780447	0.0326824985770094	0.297521897630046	0.0385150162202666	0.391464038381111	0.0445690518806295	0.482571875907676	0.0479601620020368	0.566108958023984	0.0544517668039647	0.663016116390869	0.0563656612800718	0.757610603781853	0.0743209391978339	0.827761738738419	0.0846601151489614	0.936499543824764	0.0725727279021785	1.08404498440617	0.0930250307489657	1.54065915470766	0.0967832983051284	1.76567842735422	0.114453423675604	2.19761326046123	0.151893612837704	3.49888886309966	0.163842996886289	4.19249974043022	0.178061457906224	5.02593170451814	0.209969367207085	5.85023211758878	0.212248028121939	8.0951908232571	0.23686132583548	7.99872103859779	0.264882279354426	10.7875577952023	0.345400103320976	17.422016835692	0.328402640765242	14.5676376916705	0.354658030727579	17.2928794462647	0.47332994831437	29.0307905633162	0.466939340529836	26.8984580777714	0.556131384137893	40.6619424070147	0.54072260180046	35.9156109555835	0.620719030294826	49.2737855117646	0.614233759333327	44.7934403752764	
0.0191137327489615	0.0657441427913026	0.0138320803000695	0.108838425436281	0.0171728979344258	0.124592455443493	0.0157674110256266	0.132315838609372	0.0211324044929557	0.140294968148951	0.0248978546634862	0.22300226633336	0.0335254960079707	0.307658441154531	0.0394867008334094	0.403937502964953	0.0455327790815838	0.49958614900753	0.0487318252109392	0.587003062577744	0.0557114174463765	0.685748709827257	0.0572508139389762	0.785026061523967	0.075646711781604	0.857753525637854	0.086592438124044	0.969590830312962	0.0742839716001682	1.12467812074538	0.0952888163709885	1.60151700753193	0.0981468191856963	1.83200733438321	0.116281671541824	2.28238014170072	0.155766721782985	3.63278184366354	0.1668485038185	4.35993942419966	0.181970051187486	5.22562262185337	0.214379735177591	6.08441922144929	0.216920542693319	8.39546876482476	0.243221715492634	8.33230214252931	0.270948521960172	11.186332407583	0.350959463029027	17.9215055978305	0.335582999380232	15.1507350026514	0.361931660795058	17.9596225589891	0.482049923630074	29.8633034985131	0.476039396106519	27.9023865126199	0.564551216526748	41.8310651070119	0.550727250806593	37.2482217378537	0.631599086696301	50.7699179039189	0.627357272817105	46.4604928034962	
0.0193312640144442	0.066397567409766	0.0138408623780181	0.111967116165605	0.0173618076300342	0.127244483660237	0.0159275488533599	0.136195713719021	0.0214804285015208	0.14341959889412	0.0252600498611869	0.229934158134637	0.0341512932280647	0.318378487348129	0.0404616855619086	0.417515865315774	0.0465033210259474	0.516665090815588	0.0497494589749983	0.606101053424007	0.0568279102608744	0.709879160174087	0.0584103009924815	0.811224106095899	0.0772092696643027	0.886852290645971	0.0883420248905825	1.00423358372146	0.0758560957285948	1.16498005550973	0.0976796303354372	1.66083654836663	0.0999855626441067	1.89822029175716	0.118096714374404	2.36504689063421	0.158753187539931	3.76780707959373	0.169894015208512	4.52523846313302	0.18614106787041	5.42497174381995	0.218451193305285	6.31756324407577	0.22121909145638	8.69510781913658	0.249477263440271	8.66610769519065	0.275976393449466	11.5869361374133	0.356194097178673	18.4213538504657	0.342460022605567	15.7340213721058	0.369350154529987	18.6260993134698	0.488351513915604	30.6984762908567	0.484990431883986	28.9026678884393	0.57311397145942	42.998869054306	0.560691217302619	38.578385004514	0.641483151270952	52.2647278180801	0.63977721490281	48.126043939797	
0.0195383392798824	0.067019101507521	0.0139032845735075	0.113022770253791	0.0175889265136538	0.129792407480383	0.0159101848022943	0.139305967172627	0.0217676794555023	0.147187060463969	0.0255872271626466	0.236889551277891	0.0347253305312058	0.328285721803337	0.0413441182030209	0.431204240140496	0.04740204510081	0.533421911443451	0.0508022232249209	0.626323383395072	0.0580684838196769	0.73238870186445	0.0594521598246385	0.83818245909857	0.0786286819776207	0.917226327236469	0.0897555917810246	1.03849216658617	0.0773666910094311	1.2043878042296	0.100089347947946	1.72211349632957	0.102262017227581	1.96426526182969	0.120607682161482	2.44837231742731	0.162083053843282	3.899895622755	0.172977959548425	4.69046951552165	0.189851203830947	5.62653741340883	0.223349707281526	6.54972937804535	0.225444413974834	8.99486608273229	0.255196594000303	8.99834210674324	0.280849463232867	11.9871421925231	0.361928534244728	18.9208463378943	0.350377149416893	16.3163438227414	0.3775295852571	19.2934030823574	0.494674629187561	31.5298567378566	0.494662587307278	29.9017720725804	0.582233939419833	44.165197786712	0.571181003240346	39.9072332437614	0.651120608559747	53.7654274159234	0.651555477182356	49.791908000468	
0.0196523179259908	0.0686484939301645	0.0141034000187602	0.115030403315043	0.0179067644511989	0.132370759353825	0.0161191441413072	0.141550396263185	0.0222857910270796	0.150191157701026	0.0261695462852764	0.243559377650267	0.0357314444985666	0.337526158430623	0.0420171253170497	0.445036329673187	0.0481911670078917	0.550259291470192	0.0514788022811654	0.647637048748768	0.0592619335241947	0.755473277009663	0.0604407811150818	0.865461827335932	0.0798452281124195	0.948088958909468	0.0912159081806422	1.07137169361402	0.0789408935500805	1.24436924762818	0.101991253130189	1.78198682482391	0.104114486346417	2.03191955723472	0.122798098490635	2.53124349165622	0.166003116039104	4.03264587057411	0.176193316737381	4.85806566147619	0.193464171193382	5.82662973075466	0.22749501319232	6.78336001669396	0.229559109765898	9.29585555471316	0.261716531618944	9.33260680141206	0.286639547256659	12.3871861975127	0.368255478239484	19.4206275353073	0.356446382740777	16.9012162344651	0.384548867944849	19.9615822944237	0.502157290733525	32.36410565825	0.503803480663012	30.9020478604647	0.591166324228496	45.3337989460921	0.58094238577187	41.2441579119923	0.662042573877643	55.2653856810325	0.66283736396974	51.4556858986709	
0.0198850511095066	0.0696231011303354	0.0143866047341223	0.118332989423086	0.0181163549940878	0.135124359934039	0.0166487932527436	0.145139669639526	0.0228261221712774	0.153825731187321	0.0267135236912385	0.249384858285453	0.0366903741309723	0.347946435184754	0.0426954913717823	0.457574957730326	0.0489222898556176	0.567284391194462	0.0523441064274272	0.666627588258089	0.0602486500795288	0.779062628966343	0.0614381768670065	0.891398577730434	0.081045966781064	0.977864678981855	0.0929552304627126	1.10406740085744	0.0810311094653055	1.28332565416677	0.103291140478923	1.84118354749992	0.105986895323189	2.09799037150747	0.124397719289453	2.61490186625394	0.169033503914655	4.1672811151947	0.179592246858367	5.02483805265261	0.1976075579045	6.02488268610298	0.231669707443962	7.01641928897017	0.233795663839636	9.59471136677693	0.267813134936231	9.6665166621968	0.291478184839487	12.7906537441239	0.375432005958105	19.9192520301376	0.362746448457365	17.483333794144	0.391423383505469	20.6267887249729	0.508842743663527	33.1987196570754	0.51261989576432	31.9024838358243	0.599415264986809	46.4997141712947	0.590531370738798	42.5770182887007	0.671589687821137	56.7668452380606	0.673629148595631	53.1183089569362	
0.0198228443791304	0.0709602692812004	0.01471373069643	0.121254300818341	0.0185099516649707	0.137269719590428	0.016932934757838	0.148169305486596	0.022668814562997	0.158023449214291	0.0269713479338797	0.256381127756642	0.0372489285688	0.358068223067899	0.0431187748636523	0.472080306140995	0.0498560476257357	0.583859720344217	0.0532984301283471	0.686727391108751	0.0613930704583234	0.801313321200917	0.0623753047297213	0.917473978766647	0.0824523417832045	1.00673509534705	0.0946716572502475	1.13834437734213	0.0824243266227399	1.32326646861996	0.104909072726909	1.90088900510816	0.107991144198243	2.16442952384098	0.126434870673544	2.69792391473277	0.172024450028779	4.30070377788074	0.183224821899297	5.19028889715842	0.201348976958385	6.22511935844101	0.235943112697772	7.24917029348883	0.238727950814606	9.89387265263067	0.273715736036582	9.99867749926949	0.296271218437005	13.1908663184915	0.380047097821782	20.4208642076453	0.369372389211424	18.0672394930811	0.397500434764244	21.2926433560033	0.514963671583439	34.0306216446923	0.520406694874074	32.903599676631	0.608073849159309	47.6641951598004	0.600565334799423	43.9075168314719	0.6801597785689	58.2682898939282	0.684853708421322	54.7869222817169	
0.019706564273405	0.0718818420288405	0.0147279437878089	0.122368802848916	0.0190223581450711	0.14048131257687	0.0169785469358774	0.15134235045143	0.0228543740162654	0.160071849464118	0.0272374127515134	0.262826170705162	0.0379869140677596	0.367857703430672	0.0436088932941726	0.484441138906319	0.0506951406497686	0.598934281443922	0.0543542414765673	0.706037316038334	0.0626339148340877	0.825662166681122	0.0631392235344579	0.945326284983166	0.083817541756929	1.03808317888901	0.0961696905203888	1.17149550130291	0.0834555492766602	1.36336339601231	0.106846104087648	1.96192974639433	0.109622145209908	2.23214528653302	0.128789507947972	2.78249731371658	0.175711236937858	4.4333529772053	0.18683046863849	5.35672182127251	0.204639161283031	6.42660959090494	0.239967615246619	7.48348033192335	0.243074874943229	10.194063981203	0.28044046754342	10.3313663962169	0.302141693014925	13.5873601219952	0.384277293977242	20.9197233957533	0.375494962831008	18.6507633497809	0.404423587057377	21.9580621280894	0.521064534740507	34.8630824258274	0.530136061160963	33.9013031516864	0.616195025786704	48.8321853716006	0.610283520671888	45.2421243692473	0.690233403257384	59.7660688643162	0.696384008969312	56.4540305892885	
0.0200932508712835	0.0726420922519213	0.0149050907650383	0.124413703363297	0.019156924950035	0.14313916155943	0.0171749659407213	0.153934599403255	0.0236673675909319	0.163292493741403	0.0276700900984136	0.269794966161706	0.0385090626869581	0.378239795961058	0.044381756622819	0.497881520003498	0.0514724241605072	0.615921313359764	0.0552197486016741	0.725271803842957	0.0637138803243753	0.848994240788784	0.0640178850059692	0.971715250673826	0.0850629954663982	1.06863463242155	0.0976123060226656	1.20403253447021	0.0848186818161163	1.40401713786251	0.108726743889634	2.02299935867894	0.111344667855828	2.29868688434488	0.130873055040522	2.86540457669354	0.178732794725778	4.56761336450742	0.18947963929713	5.52457873753556	0.208224542818351	6.6251642947531	0.244019525012376	7.71656661255295	0.246729305002043	10.4933938364347	0.286674274789953	10.6643002309898	0.307341115269589	13.9868537153694	0.390226688760367	21.4183199509077	0.382275119748085	19.2341009419745	0.410807314313322	22.6267014134857	0.527114743617679	35.6973164450604	0.538026578429768	34.9020613646414	0.624680672972564	49.9979962886797	0.620834057738821	46.5750965046592	0.700407748896408	61.263903714056	0.707017762446777	58.1212655567242	
0.0204617627469078	0.0732506242140375	0.0152595164980057	0.127185719391357	0.0191957469017323	0.146002367159938	0.0172872289553085	0.156804149638501	0.0238665540761081	0.167768517133897	0.0283081430026673	0.276192482557348	0.0390044650255989	0.38778375642176	0.0454585934920809	0.511572543276666	0.0522374173739063	0.63302953361987	0.0558819370826505	0.744972069328086	0.0646080137967421	0.873003560999006	0.0650491310710269	0.997935646986488	0.0863487444333192	1.09868491801742	0.099106711558539	1.23708121295264	0.0864260769669848	1.44403804605332	0.110691227357032	2.08236744470054	0.113410104045022	2.36488808377188	0.133043235135792	2.94827551809181	0.181061895370829	4.70064300908563	0.19255025333178	5.69123611037947	0.212133568588354	6.82507779817309	0.248140984068072	7.94992344237762	0.250920621493141	10.7921518596328	0.292195818508757	10.9985258101124	0.312048925927513	14.3866444006307	0.395127882459847	21.919274614709	0.388664281245171	19.8188392432539	0.417653969772325	23.2931129753892	0.533036038195106	36.5292109820971	0.545078368969513	35.9022719599486	0.632906169151838	51.1618886813462	0.630281115338314	47.9084188173426	0.709385889579981	62.7639327596775	0.7168973111079	59.788563854092	
0.0203461391399253	0.0744284197968911	0.0154530021656055	0.129552762913806	0.0194083029430534	0.148659561306343	0.0173510549551441	0.1597379174726	0.0238996203902505	0.17134467923524	0.0286641906855565	0.283208629943795	0.0392221680575124	0.398088199936175	0.046249166664586	0.525265953063818	0.0529101889884666	0.649216617689773	0.0567923525358514	0.765323154638976	0.0654829047680588	0.896170267149868	0.0659034534252501	1.02442595220998	0.0876375280013534	1.12794777041386	0.100559770231164	1.26977843359518	0.0877447494821108	1.48363962627482	0.112395053978713	2.1426016606754	0.115558659092008	2.43208835944335	0.13512708801938	3.03039860749819	0.18323203131553	4.83397766179255	0.195752145191166	5.85706134654249	0.215465634140041	7.02612332412876	0.251188761342551	8.18351310283489	0.255056583176688	11.0919399255495	0.297629668818044	11.3320230950161	0.316514934804759	14.7874707165457	0.399559954346814	22.4207284673865	0.393989539388259	20.4015230470312	0.424778736205917	23.959194849117	0.540828001942767	37.3604461427822	0.553097723907681	36.9015884856266	0.64063063023419	52.3248162238713	0.638692167572788	49.2426501008157	0.717533142403862	64.2646062804899	0.728556900961407	61.4519878497334	
0.0204997957796169	0.0749080727279086	0.0156023040202319	0.13265300465021	0.0197259622223697	0.150750758736824	0.0174744196433486	0.16300383275601	0.0244005028244827	0.173836156178896	0.0290514185681095	0.289924716852485	0.0394673824165573	0.408401520118458	0.0469145279316699	0.538249462252188	0.0537486953782276	0.665610047907813	0.0577358295068885	0.784750891868652	0.0665603656263466	0.91953755689071	0.0671397903656314	1.05064815296005	0.0891349863893548	1.1577527689383	0.102065032042977	1.30340371713923	0.0890478578507449	1.52426857166265	0.114152394718719	2.20202283208124	0.117311249708515	2.49808350376051	0.137157630665705	3.11356966758188	0.185959852395755	4.96793723191735	0.198473487415251	6.02397716138859	0.218596490845391	7.22700028070643	0.254714529027363	8.41659332986804	0.258829393523113	11.3920837566728	0.303025188250386	11.6645676369714	0.320974219236141	15.1873293883517	0.405439090477785	22.919326885186	0.400310829087814	20.9828582957845	0.430943019421334	24.6258448295883	0.547746482584871	38.1930894631333	0.56120227790575	37.899291960682	0.649921260457858	53.4920986305484	0.649127350673187	50.5718298908839	0.728214536555811	65.762388976168	0.737606141438383	63.1209550770757	
0.0208502329839511	0.0766381134674486	0.0158297667772523	0.134035931296337	0.0198138057683575	0.154525161569907	0.017694448996832	0.165961218347403	0.0246343907032001	0.176906231796464	0.0298052922003171	0.295446964692544	0.040026476020309	0.417679122335472	0.047636439841953	0.551886992687517	0.0547648249748376	0.681559819355443	0.0587432805682387	0.805631492245721	0.0679480464436107	0.942082197798936	0.0684424267399992	1.07780714776036	0.0905165781759448	1.18889177057219	0.103699429192308	1.33715810526906	0.0909618038232115	1.56377841661491	0.115901952413412	2.26196740674915	0.118834616134327	2.5643939007542	0.139951831640426	3.19763922107676	0.18907749486782	5.10086769064609	0.200910377300963	6.1909716729885	0.222429412092171	7.4262572017425	0.25889326250069	8.65018764693796	0.262788724882811	11.6914815984492	0.30781440103308	11.998396472696	0.3258761969551	15.5872206564463	0.409911991147805	23.4194917874815	0.406915573984848	21.5672650462431	0.436853956635432	25.2907383357674	0.553194057695444	39.0214375239743	0.568565342373505	38.8949614273311	0.65851385697988	54.6616199365886	0.65713000016649	51.9041836281357	0.737444483089277	67.2613861164258	0.748009392639171	64.7853699998894	
0.0208789641195567	0.0780913258607903	0.015898038793201	0.135710536517447	0.0199729479394981	0.156992918892867	0.0179702209984211	0.168557629146786	0.0246175942001112	0.181162215689241	0.0305257599407015	0.303062563646436	0.0406129370240173	0.428404872879568	0.0481866644346058	0.565726445488965	0.0557275584196769	0.699416706514659	0.0598069618046915	0.825823321403916	0.0688805062148937	0.964816304634436	0.06940972620913	1.1045734736988	0.0916309300340819	1.21851562686446	0.105299579157032	1.37005008873576	0.0930249215838352	1.60314169468395	0.117524389084532	2.32210336819705	0.120811372026394	2.63064073498519	0.142269150295325	3.28250598665764	0.191774239701445	5.23408779068177	0.20375594369012	6.35710610823161	0.22629279573047	7.62557093345293	0.262867374287366	8.88363574637061	0.26698289180598	11.9912938787517	0.312711777561655	12.3328865474171	0.330739998993288	15.9868809565534	0.413279942924175	23.9187849718886	0.412002603319758	22.1516345438004	0.443662117135917	25.953290497105	0.559743014763296	39.8544943515289	0.575797513254023	39.8944418657745	0.66568315724744	55.8305116685982	0.665748839399853	53.2364665848752	0.746346287554033	68.758528062203	0.757849374555376	66.4527055501584	
0.0210650237345225	0.0796855826857838	0.0161601523743979	0.138466945617167	0.0201297735810611	0.159888604366622	0.0180605951704955	0.172036875497312	0.0247398261366729	0.184386963606426	0.0310371796044926	0.309321109258248	0.0410764253390102	0.438765923341533	0.0487222464157274	0.578199124269421	0.0565377619337851	0.716895534934199	0.0605578408098813	0.845375681229689	0.0695831285894124	0.989450251224253	0.0707791075767593	1.13048740669131	0.0927587449953494	1.24765892073106	0.106775437074911	1.40440226951477	0.0945870618993124	1.64323734150782	0.119161199797037	2.38174433172006	0.12309140551955	2.69727639637262	0.143868407756103	3.36525026819178	0.194287218222639	5.36779171277198	0.206499287330333	6.52456022750027	0.229447806572072	7.82592262412346	0.266808245838315	9.11752063607	0.27027788975565	12.2924407442402	0.318420152686083	12.6678096871149	0.334790730219603	16.3886404576439	0.418448881410442	24.4162061980096	0.417646145121193	22.7347132283306	0.449013122096088	26.6218403755383	0.566667261220559	40.6908704125817	0.584118330427295	40.8963847209881	0.673324117187361	56.9962629810354	0.675453439234605	54.5727840308163	0.754695473403228	70.2566758363131	0.766717561994377	68.117761222873	
0.0212554441277572	0.0808730552918046	0.0167676689488561	0.140999560823219	0.0204440475086308	0.161727267872225	0.0180777226452461	0.175839858290546	0.0250788589984646	0.186473591735742	0.031340536289413	0.315740308006551	0.0415874599911333	0.448874585397765	0.0491081407723996	0.591429259305367	0.0573194933218271	0.732604792338359	0.0612849573290665	0.866084277976929	0.0705412378313864	1.01262190502606	0.071823243562466	1.15741159179864	0.0940665359258555	1.27784203620284	0.108321662039251	1.43766864463868	0.0954718254865531	1.68363846212166	0.121188444312913	2.44105327876099	0.12479374447273	2.765566086574	0.145539586963776	3.4472778970388	0.197424910183858	5.50031611487747	0.209127241139358	6.69085438455733	0.232467418000504	8.02512133750139	0.270043207434378	9.35055243433158	0.273723565206341	12.5943000714645	0.323671670261963	13.0010974244494	0.338440726452326	16.7891519865437	0.425164149655248	24.9162872812774	0.424064950001817	23.3163297364881	0.455291651335961	27.2897197017498	0.572722003042618	41.5252497181294	0.590121415962213	41.8994451632383	0.680846841456601	58.1643016216072	0.68228514883102	55.9093398953252	0.762817615899059	71.7560678573237	0.7770133788262	69.783316084464	
0.0212906581648983	0.0811618816915387	0.0169561087078229	0.143803481923903	0.0207118054372438	0.164883621791085	0.0182193076934225	0.178801114691205	0.0251846428455386	0.190470187751894	0.0316556828167556	0.322495394046201	0.0419037092684323	0.458244592272089	0.0497915301075367	0.603757292055324	0.0581460162588446	0.74832470174396	0.0622092042176552	0.886818951755019	0.0714637944277016	1.03661708077535	0.0726824754709643	1.18482856293987	0.0954202264201793	1.30832433903749	0.109813815107444	1.47050463233824	0.0962145947442648	1.7251711396099	0.123184035249501	2.5008486089934	0.126256868446081	2.83176076674329	0.147724475171659	3.53086060168092	0.200154954430027	5.63478139313627	0.211905415234049	6.8578856833972	0.236079657374274	8.22567233119343	0.27313325823807	9.58432184003721	0.277882924920266	12.8920289832665	0.327827758370602	13.3338161237178	0.343023898579395	17.1870464991331	0.429033466478666	25.4177932880167	0.429469199142383	23.9003639579345	0.461900175589393	27.9568409314215	0.578513241870974	42.3593980556896	0.597968943829066	42.8980874114043	0.687336387565128	59.3322620310864	0.690438669633576	57.240468012127	0.772007569997521	73.2548116778532	0.786302664810288	71.4528942593861	
0.0211795154229563	0.0807320254120675	0.0170254217968925	0.146436039678996	0.0208091136595169	0.167234469032653	0.0186281239578229	0.181090902099376	0.0253675316163554	0.194214308050825	0.0319816900554609	0.329782730911963	0.0424673304066694	0.467721584822091	0.0508220000694916	0.617275089337841	0.0591732277646609	0.764868482342998	0.0633718125202042	0.906815610635441	0.0723137223683642	1.05930304987756	0.0734337325087106	1.21196928053552	0.0965969344634095	1.33739021671875	0.111375176432713	1.50247402442328	0.0970502520319706	1.76550811538446	0.125086594403547	2.56100342972255	0.128092425005944	2.89801039494187	0.149266686883601	3.61562818141232	0.202760722226096	5.76827716464094	0.214591282694327	7.02484620172475	0.239499237539007	8.42468664271033	0.277266424644293	9.81656573943807	0.282164336800761	13.190232869559	0.331798070730666	13.6666493756574	0.348493312945877	17.5855445087223	0.432146188685821	25.9137020463484	0.434393527459194	24.4837481162547	0.467266690947101	28.6249009342038	0.585000462822486	43.1913596479484	0.605710876060402	43.8976721579711	0.695768956212237	60.4945301972599	0.701217167875181	58.5743863712298	0.779940542941277	74.7564239717763	0.795358864202323	73.1182107024093	
0.0214356584748304	0.0818028353192437	0.0173513104578674	0.148087943913429	0.0207934211243852	0.169545720514765	0.018774510766963	0.18378302084067	0.0256013291873407	0.198187460932657	0.0325128869449817	0.336084117360172	0.0430558154479134	0.478670590839017	0.0518701839556621	0.631005111741969	0.0598524840298937	0.782147425664455	0.0642036002848625	0.926730662379139	0.0732201785655597	1.08286690687997	0.0740346298650839	1.23976681334572	0.0976942396055555	1.3669509759096	0.113015903455637	1.53659430589223	0.0978024605495912	1.8058714010205	0.126633250145292	2.62179434373994	0.13018604007101	2.96436619390892	0.150681311867029	3.69842298719373	0.206008966082936	5.90031867601443	0.217168933090507	7.19167866320438	0.242320309186834	8.62431097048464	0.280638395895711	10.0505642504862	0.285741558567756	13.4908488812052	0.336131592356118	13.9985475797765	0.353151485548177	17.9860411364616	0.435845868541916	26.415370103208	0.440261361405608	25.0658097965817	0.472523692845505	29.2921544116748	0.591033462080797	44.0248858620583	0.611965153496999	44.8990189667653	0.704949338515244	61.6615294818878	0.708922627811436	59.9091354700297	0.787680184668553	76.2541247110717	0.806514906300071	74.780785331903	
0.021855428158664	0.0836977929062336	0.0176432082007374	0.150862251868029	0.0208811158959579	0.172534130787951	0.0187567005338027	0.18680762172531	0.0258413976297246	0.200842792434001	0.0333833346083177	0.342293011839583	0.0431764348154318	0.488926081712929	0.0527937065488694	0.645340319167869	0.0605881882105372	0.798833931441274	0.0647736023971848	0.947431226469554	0.0741100993952469	1.10580165551311	0.0750777874818735	1.26510600392167	0.0988123477932345	1.397665061639	0.114475403251245	1.57081866265395	0.0986514135322846	1.84512815907513	0.128049833569157	2.68273100973334	0.131743235255658	3.03117577977889	0.15283229178986	3.78002802844259	0.208812360710279	6.03569711601427	0.219753368701349	7.358871080842	0.245790454355461	8.824718540507	0.283512230911052	10.2841678807814	0.288554433109955	13.7906341531542	0.340818804882836	14.3314711700016	0.357527957253317	18.386386889951	0.441004065834607	26.915611373951	0.445874523292874	25.645733160379	0.477742799335938	29.9586479299611	0.595868540584789	44.8595743666861	0.620410416955778	45.8979592381411	0.711091821497085	62.8303988621567	0.715856537580955	61.2423236722688	0.796794061455878	77.7473923551226	0.816773979493464	76.4454312227042	
0.0217780018274948	0.0848906060648896	0.0178864592619494	0.153523709725394	0.0210586055293179	0.17569994345126	0.0188959703577082	0.190183753209425	0.0263119734797942	0.203993121860243	0.0341511011606635	0.349857737300253	0.0434492868122337	0.497985172381252	0.0535794558837023	0.657249897063395	0.0613792926385396	0.81630973306259	0.0653304938916014	0.967361237581396	0.0748496863761213	1.12913489377393	0.0763482385645225	1.29124729602691	0.0999894363341235	1.42747343620761	0.115786756318892	1.60403393145401	0.100196407535554	1.88388293428588	0.129914214015633	2.74268513045719	0.133276320960971	3.09806406240268	0.154813841574649	3.86427430038761	0.211002823707363	6.17039755321199	0.222383646259158	7.52466511770025	0.249854690021314	9.02322155595473	0.287090527689224	10.5171903658177	0.292560028986776	14.0889553860856	0.345246462135092	14.6656138614189	0.361838779060851	18.7861216958605	0.446338568995825	27.4149399486143	0.451407709568056	26.2273310420859	0.483678278750942	30.6236829971647	0.601961670801698	45.692057499562	0.62718981941959	46.8981139540964	0.716763250911304	63.9963476149703	0.724744383714904	62.5743682104405	0.804539685196119	79.2489375938235	0.825199800445985	78.1071862883712	
0.0217101330596667	0.0860047297456858	0.0180217320632689	0.155942805446141	0.0212879940431468	0.178288932774229	0.0193612370186176	0.194130028705107	0.0266133916240507	0.207060359854476	0.0346446847805642	0.357125254458416	0.044149778268327	0.507548515992118	0.054126072084493	0.670793480338472	0.0622182240489999	0.833000429790796	0.0662273230131441	0.987151433898365	0.0760338469964975	1.15188710319112	0.0775065218515821	1.31811432121394	0.101400749621841	1.45698320548991	0.11698021645712	1.63838285260417	0.101765579601332	1.92414691765712	0.131636769190912	2.80208022483217	0.135068128340101	3.16524803992987	0.156853469319279	3.94754384782888	0.213554606255211	6.3025964580931	0.225166235308897	7.69074786454292	0.252792417720683	9.22498606290385	0.290062115038198	10.7509774666514	0.296946632457218	14.3879834928175	0.349037013783667	14.9998021876402	0.366245027907817	19.1888292832869	0.449773810100216	27.9166396704399	0.458004573630904	26.8132390844634	0.489566764402873	31.2902659224138	0.607927657037933	46.5249615902216	0.633318515303015	47.8978998663298	0.724696308911397	65.1628700624626	0.732773026581401	63.9082679430927	0.813136719659008	80.749246036204	0.833899795570692	79.7738736381591	
0.0218409604240415	0.0874034597710003	0.0180583926611939	0.157682181238857	0.0213589030975161	0.180877994856771	0.0196991041541261	0.19650523585161	0.0265518132257275	0.211209154344772	0.0350196600843422	0.363585344086568	0.0448802009361062	0.517932995036487	0.0549684691383507	0.684660057908616	0.0631065165659424	0.849480938665427	0.0670250586150527	1.00652759914292	0.0778351689475697	1.17394757279886	0.0782716311979839	1.34542989461467	0.102782850288908	1.48758087590302	0.118051469197679	1.67153537354874	0.102626482503335	1.96441253084278	0.13328115126784	2.86104085724674	0.136464082759331	3.2323859169918	0.159419912790845	4.03090419921687	0.216909652502975	6.43527033746472	0.229047147852581	7.8557442236539	0.255513142978447	9.42535638002499	0.293259541351267	10.984195529419	0.300366212089232	14.6893212794247	0.352835005116385	15.3323532488532	0.370907855085735	19.5882548901163	0.452863974891658	28.4175701198554	0.462711110134552	27.3985752948072	0.49432586036381	31.9593690064302	0.613072010921532	47.3569045560298	0.640880237811877	48.8965085868847	0.731971760517196	66.3298097424486	0.740290804142219	65.2440079690649	0.822000782459684	82.2486380572146	0.842406265280691	81.443138888711	
0.0219150268991454	0.0879768925152528	0.0179774071549209	0.160360693940059	0.0214584280421445	0.183798986109907	0.0197395642774984	0.19890288205033	0.02680208007961	0.214198525044318	0.0354731168764815	0.369669732385199	0.0452696000750077	0.52794762262098	0.0558338442630404	0.6983933399416	0.0640255143254966	0.865863484051393	0.0680328721151371	1.02605754902031	0.0789443322999518	1.1986130679394	0.0790030112158777	1.37125197592262	0.104136597873306	1.51749227802655	0.118848279012543	1.70471688190707	0.103727774107731	2.00413087562653	0.134658611890798	2.92212280955487	0.137779210567566	3.29833961745636	0.161161600041394	4.11498353159832	0.220229263940671	6.56758938295226	0.23212654759734	8.02322022900202	0.258763825480094	9.62396090962854	0.296564234395235	11.2179500339642	0.303721227058915	14.9882907128372	0.35712333129281	15.6660060646195	0.375274258329437	19.9869671038874	0.457696265295645	28.9163417636455	0.466875390595751	27.9836097566512	0.499766392493102	32.6262257405033	0.619447945935161	48.1898682513314	0.648618196898864	49.8948975153224	0.737893064660662	67.4958479022251	0.749676049871012	66.5747188533732	0.828790428173225	83.7511742230878	0.852705863887538	83.107255788315	
0.0221819813823233	0.0877990171879075	0.0181079517974096	0.162312906034795	0.0218392619557436	0.186242660014307	0.0198238190301445	0.202185430172056	0.0272919412817556	0.217762958302544	0.0358848390841395	0.37700613830678	0.0457617763704489	0.537919700407366	0.0563569019840386	0.711053098135347	0.064739323310261	0.88322321960236	0.0688058889490183	1.04705782434253	0.0798109368461012	1.22278950233616	0.0798716621629435	1.39770176861605	0.105743674878574	1.54705222231018	0.119849934709596	1.73807638928401	0.10476850410415	2.04465132193957	0.135937524632737	2.98188181820861	0.139364435904602	3.36451730098947	0.162519275691155	4.19883748392741	0.222106031591425	6.70148655446753	0.234046958150329	8.19135188541153	0.262205813379533	9.8239978132838	0.298887390390698	11.4513534299154	0.307316344160124	15.2873048497311	0.361224087318169	15.9995275639091	0.379232350232547	20.3851615023317	0.463145899444406	29.4148712635777	0.472183171140638	28.5659918119287	0.505405321500282	33.2918121506449	0.625269879092191	49.0240277647619	0.656068502581186	50.8935434887786	0.74457433582094	68.6610441464342	0.756548591603242	67.9099522398889	0.836955682874625	85.2491804361733	0.861561557212158	84.7767445562743	
0.0221843369255842	0.089254688854806	0.0184859096079037	0.163959033159157	0.0221816576021717	0.188807493159145	0.0197673389157081	0.205373594576094	0.0274823874660747	0.220966256697701	0.0364021759815934	0.383209503058667	0.0461895883776091	0.548067157867754	0.0568518847734953	0.724792550180094	0.0653443465508103	0.899320489255739	0.0694636621373404	1.06771001786902	0.0804618512365423	1.24609130846159	0.0808606199547872	1.42388985967843	0.106798112837391	1.57782230380672	0.121039226867883	1.77090411149611	0.105545249723686	2.08520715850877	0.137004696160571	3.04220404416259	0.141228846499728	3.43099114508724	0.163957550400705	4.28160365154102	0.223461896022443	6.83528500579457	0.23606713057496	8.35776152646237	0.265339198110542	10.0246056176502	0.301568635897766	11.6849971070794	0.310693437138485	15.5883203987428	0.365270338853866	16.3323971374274	0.384150806144541	20.7839798868712	0.467096450696245	29.9157570095117	0.477561789081899	29.1494057725699	0.510157159254015	33.9584639937613	0.630640112638683	49.8549947045583	0.661708752366374	51.8915300858832	0.752291748822829	69.8262403906432	0.763153983291291	69.2427716384059	0.844502754130441	86.749004590838	0.869047827183936	86.4434766095436	
0.0222790043113863	0.0907290597318848	0.0186825429537278	0.166681609057577	0.0221893361239846	0.191603061460884	0.0200360197369739	0.20839596901781	0.0275783459967516	0.223171599345811	0.0370534824792327	0.388947817725774	0.0465632391864275	0.558677249795109	0.0574566999391216	0.738423095696446	0.0659765581416409	0.91638266725825	0.0703564410068457	1.08707547290448	0.0811870840946939	1.26972035804113	0.0817075740340262	1.45130333836017	0.107511942119151	1.60862148913234	0.122202595574928	1.80376035546071	0.106966124649998	2.12369243226229	0.138475230615287	3.10250601385153	0.143564570454911	3.49778769244179	0.165912410977549	4.3644410653282	0.226196665811011	6.96796959537529	0.23879927712756	8.5234996839688	0.267836992671415	10.2260208786504	0.306080243743025	11.9163245851104	0.314819217484295	15.887603687848	0.369480761447963	16.6651940677883	0.388906000437539	21.1851452041874	0.470203230157315	30.4165235461619	0.48366470449878	29.7316965582394	0.516321689269919	34.6226459695271	0.636780621889352	50.6866247459963	0.669358430117363	52.8905225113207	0.759532262499524	70.994677637258	0.772257430072124	70.5697646831728	0.851130805574711	88.2485828763547	0.877226577404117	88.1089346135914	
0.0224905587611161	0.092033486075041	0.0186174598546713	0.169497622799241	0.0221929147455351	0.194470370701292	0.0204063196035129	0.211588222509833	0.0278358674969866	0.226374082833754	0.0373648906544668	0.396706636622541	0.046908942561766	0.569092055029375	0.0583910702080888	0.751147173352447	0.0665425590098696	0.933894674042935	0.0713537835016779	1.10672358432791	0.0822603009945801	1.29232623340572	0.0824229517123347	1.47798724225467	0.108040729380278	1.63901915803205	0.123286999632191	1.83727644143808	0.108244725509491	2.16383289898294	0.140579032329546	3.16249226520268	0.145179221493378	3.56529414039513	0.168542888152808	4.44638440948622	0.230223428147271	7.10010097937295	0.241378497719052	8.69054634963041	0.270248646602352	10.4270962069271	0.31006200316071	12.1506034242401	0.318546166614111	16.1870648595566	0.373584060865804	16.9982927466491	0.392719487656545	21.5855636008341	0.473651456575983	30.9156993839301	0.489585210720668	30.314542412137	0.522686862222721	35.2903818720689	0.641355648106953	51.5184075243294	0.676570716801018	53.8933035568117	0.765834198503247	72.162906267626	0.780002592967959	71.9008406459129	0.860345785285801	89.740360404357	0.885918058727078	89.7698105107897	
0.0225282946990147	0.0921144092717823	0.0186856781696864	0.171709237322518	0.0225121255791606	0.196962182338982	0.0203222981995513	0.215067134166324	0.0281396379641652	0.230929195881757	0.0375458898998283	0.403429853969355	0.0471997137899352	0.57858403605135	0.0591701901065113	0.76341274928521	0.0672303391438715	0.950063189869889	0.0719834169995267	1.1268293243597	0.0831131399265651	1.31546086713695	0.0832143195678283	1.50419745222716	0.108786969229049	1.66858329326706	0.124525754361643	1.87115306565002	0.109336699473067	2.20350444480954	0.142552578217542	3.22218561561802	0.14631077124731	3.63212281837697	0.170129922933173	4.53084744675018	0.232654261907149	7.23443354417117	0.24379983861264	8.85614294611222	0.2737746112532	10.6241007244234	0.31224358710867	12.3877367669255	0.321025856205763	16.4876752832676	0.377414215208348	17.3320843294725	0.396527937264419	21.9863359000425	0.479239812881502	31.4139867400044	0.493337705906199	30.8996923579748	0.52671313431597	35.9594700549247	0.645571823529501	52.3507416456003	0.682231769238834	54.8947211461183	0.772754015197048	73.3277970380451	0.78681965390216	73.233816506615	0.868022029114582	91.2353938359254	0.89616679601812	91.4264023243482	
0.0225304006645592	0.0937921213266466	0.0188966497242592	0.174295141639605	0.0228603017236355	0.198565454075031	0.0203355741941535	0.216457656911839	0.0285292579938723	0.234187442306206	0.0379029958794881	0.408957980782887	0.0474828147675978	0.587471472335792	0.0597449475053533	0.777487710271527	0.0678801317737393	0.966392708079281	0.072449755278009	1.14734426422828	0.0839091488622325	1.33846127400848	0.0847193822628824	1.53071895675542	0.109901797988374	1.69798561121242	0.125603971319973	1.9051492483918	0.110080728359117	2.24380952278742	0.143966315260589	3.28202751197695	0.147610678942525	3.69793728612324	0.171326148930595	4.61484482274895	0.234377957434449	7.36882711059513	0.246334537177001	9.02275747811974	0.277310781028343	10.8236458897826	0.315109423774383	12.6194693702572	0.323346651272222	16.7878889635806	0.380769213888577	17.6653227067129	0.401111131315402	22.3862849101339	0.48452385989297	31.9153809880401	0.498473364392076	31.4820762758973	0.531216249351563	36.6236073272091	0.651639094745599	53.1848825325803	0.689260323946764	55.8930951733955	0.779850578854118	74.4941853750931	0.795851760875915	74.5670754893663	0.874435821802282	92.7402471322542	0.904023696650571	93.0998398998363	
0.0228797522210726	0.0950099565023493	0.0190425889339482	0.176915781376693	0.0229684371965967	0.201783158865579	0.0208493993652122	0.219124760912044	0.0287686136601629	0.237149324439191	0.0382226398188513	0.416213681786445	0.0479729391702272	0.597498847397419	0.0603411362257614	0.790980711091673	0.068377260525405	0.983683642178317	0.0731571054155519	1.16790157927199	0.0846848103873838	1.36257321432002	0.0859998210933189	1.55702718842423	0.110720474020435	1.72850993997626	0.126800797147402	1.93767359228962	0.111043243720197	2.28431087698859	0.145055075273584	3.34246987853735	0.148977825287262	3.76439133961724	0.172439004738275	4.6980827052242	0.236737523451251	7.50188376352673	0.248730025589035	9.1899466361285	0.279784215779104	11.0253694185404	0.319491860181731	12.8510287475982	0.326562879320396	17.085474451713	0.384490321440098	17.998188554941	0.40551703611144	22.7856117967751	0.488072368850805	32.416723082014	0.505875699692034	32.0645738151686	0.537307712323722	37.2885902403511	0.658400069263652	54.0191612552947	0.696164478804351	56.8917336962714	0.786761031503951	75.6594933780058	0.804196157233057	75.9016606754009	0.882939132117052	94.2410175106098	0.911710478298063	94.7691647550302	
0.0229990515967377	0.095727998897315	0.0191588239243673	0.178719098281885	0.0230938637704139	0.204893848876621	0.0212268455289071	0.22361361909316	0.0288433764371334	0.239854685422714	0.0385068969869297	0.422634161103227	0.0483947672959513	0.608367963403536	0.0609623976517002	0.803857700265631	0.0691155051823262	0.999976489563076	0.0739948668753047	1.18719683587172	0.0854860229220581	1.38583357659284	0.0867365058547598	1.58437151640808	0.111511912417789	1.75856220463251	0.128067620539431	1.97053321229839	0.112247770004991	2.3239589069213	0.145963409971658	3.40181840678582	0.150386825338457	3.83067589241071	0.173917059875976	4.78094852434855	0.239478215199945	7.6344659076291	0.251296037607861	9.35492855974027	0.281851999183344	11.2249862957345	0.322623979492702	13.0847543811449	0.331095702225307	17.3843209505514	0.389127916214024	18.3316150593325	0.40891639763532	23.1868125043474	0.490994875479289	32.9162174320877	0.5103379478332	32.6508003698515	0.541935915925608	37.956944541053	0.663300859132543	54.8538460346324	0.702411346917921	57.8944141589292	0.793083343704791	76.8240488723139	0.809420823325595	77.2333326845605	0.891658613571988	95.7401264095712	0.921637316827543	96.434227878325	
0.0230192177900685	0.0964286372024943	0.0193005483915351	0.180286164854565	0.0232869212260796	0.206995538237484	0.0214452978636847	0.22642503442983	0.0290913228469729	0.24331112892316	0.0387213449591298	0.429109413826327	0.0487452796048933	0.618441904591682	0.0614236014440508	0.816600346164581	0.0699528874220809	1.01624273604806	0.0748421717430228	1.20655495674225	0.0865634870807204	1.40916786259151	0.0880080381941892	1.61106892447927	0.112371579530414	1.78844834463241	0.129159442071701	2.00490786123345	0.113771022076062	2.36412801180975	0.147222013603723	3.46230594248894	0.151887892450062	3.89715322896797	0.176799950609483	4.86260408984468	0.24213145911142	7.76841150791595	0.253744887401317	9.52283204212983	0.2840943187715	11.4254711655269	0.324704802274454	13.3176865278957	0.33519299259567	17.6842868990714	0.392838241649075	18.6654364444769	0.412228227054757	23.5856718670783	0.494424198776674	33.4157043315811	0.514265546695332	33.2334171184066	0.546192056451952	38.6192750476284	0.668582285070109	55.6861317271318	0.708652987541151	58.8947998428721	0.799352659081704	77.986518204154	0.815666134701081	78.5630824440173	0.897564633771518	97.2431766654812	0.929341401226155	98.1033292161116	
0.0232610221937265	0.097640513369194	0.0195056266896359	0.182687478135748	0.0234576201077732	0.209856764777615	0.0216284131729001	0.22790377088127	0.0294037823951791	0.247377428609944	0.0389445497908117	0.436691805311245	0.049113114344965	0.628095528280336	0.0620893791287411	0.82996715278186	0.0705905809755061	1.03305497036648	0.0757505865086913	1.22644928655965	0.0876064077515866	1.43232903901485	0.0890521584638271	1.63815027026361	0.113044754326143	1.81879351022447	0.130305743142922	2.03791020642	0.115487813825626	2.40385031471426	0.148709856048247	3.52233200787826	0.153310481021523	3.9639767846759	0.179635669883566	4.94758447677427	0.244651483003508	7.90214756063346	0.255665602534625	9.69019163216165	0.287677756380486	11.6252752385495	0.326644560058551	13.551551859822	0.338034778184623	17.9860000086584	0.395831512783583	19.0007088301236	0.416429058303892	23.9848236650838	0.499490303825414	33.9137309173469	0.518666584489591	33.8155644804064	0.552518303168214	39.2829168563266	0.675926344655229	56.5171470956998	0.714362145333747	59.8926486042422	0.806278100643724	79.1542774479667	0.825723482245985	79.8962147669045	0.902968928053967	98.7430753259483	0.936201843343137	99.768742516678	
0.0234355598306518	0.0984939758808429	0.0198809399951191	0.185767550918604	0.0235976325479292	0.21262794407059	0.0218258854730186	0.231331750836881	0.0295507230924136	0.25135187661217	0.0391073312606221	0.443693837340591	0.0494678889826467	0.638747180475609	0.0627230293306497	0.844011903993598	0.071397046658467	1.0492585854113	0.0766409981017236	1.24675013866156	0.0882977835619789	1.4557417889367	0.0894717070407377	1.66499366314144	0.113826000314663	1.84845170903505	0.131566884102262	2.07075073431689	0.116437386163206	2.44417890858604	0.15018840257505	3.58209404333022	0.154769652377455	4.03104411405616	0.180946234292643	5.03188732656301	0.247533228573983	8.03390827826404	0.257791759777016	9.85631442587313	0.291273355249161	11.8239747630512	0.328849196347412	13.7855354697096	0.340678735505962	18.2855710764255	0.399541396006304	19.3321311284297	0.42071799915314	24.3850893248355	0.505119762984755	34.4125360887481	0.523699858697357	34.3986096373255	0.557728667834196	39.9549740954093	0.681219308294178	57.3522900857224	0.720792570183066	60.8923935382842	0.813219703004042	80.3241377554079	0.834274283367966	81.2335790193698	0.911033898912349	100.238928321344	0.944658764701345	101.433269198195	
0.0235456754489362	0.100100121620013	0.0199996082360275	0.188249467254409	0.023701023706523	0.215540320590319	0.0221122120165828	0.235248369530736	0.0299136635664604	0.253104742029662	0.0394798691535182	0.449516931461792	0.0500185817104185	0.647905282370443	0.0633017225248965	0.857382435900999	0.0720744423274555	1.0669535970732	0.0773126418642658	1.26739453236186	0.0888956712941523	1.47952951259235	0.0900326624165078	1.69203333224255	0.114956762088247	1.87768545760242	0.132849416510919	2.10340802450593	0.117168631878546	2.48498643506907	0.15183551055167	3.641080519945	0.156109456604731	4.09807093090635	0.181973934914448	5.11402578279114	0.250160813625873	8.16751022053717	0.260568930974079	10.022006017253	0.293483174837146	12.0243152778513	0.332492214491674	14.0170855338253	0.343798406986302	18.5846578564768	0.403773471626217	19.6644027928835	0.42404649459591	24.7855449743835	0.509319514481659	34.9134348731975	0.529526268538955	34.9810922754363	0.561831973279049	40.6222517872661	0.68491805078244	58.1884761569791	0.727291606375716	61.8926935405543	0.818127338177884	81.4928208711707	0.839293022187652	82.5690657256138	0.919711692622512	101.736547104256	0.952450723855449	103.096737897318	
0.0234555816122288	0.100638731632778	0.0200185623326684	0.18970238860946	0.0239954644271449	0.21789595541177	0.0222080429502446	0.238729682253125	0.0304480753698785	0.256815567548132	0.0401726542936397	0.456562648338579	0.0504049943917643	0.658225907613824	0.0638563064842818	0.870829219840575	0.0727291772650492	1.08388224670792	0.0780073450719506	1.28709188746408	0.0896343861962074	1.5024885920266	0.0907790855699395	1.71749068436454	0.116245893778839	1.90801455788082	0.133888794515091	2.13698476286309	0.118130393112812	2.52393411045893	0.153402294269781	3.70068050527667	0.157599824813538	4.16467166769888	0.183053409679159	5.19683479124114	0.25243837363969	8.30208166956444	0.263183284589289	10.1901516435005	0.29564418051723	12.2239414682707	0.336087433406892	14.2491431687201	0.347858342508688	18.8852794560582	0.407792567533066	19.9982539803488	0.427160440185605	25.1850916531419	0.512330512069389	35.4147769671715	0.534121006111874	35.5657393071077	0.566220874589613	41.2893841928082	0.689289388929349	59.0198715051394	0.732918108314626	62.8917343947633	0.823380091312262	82.6573093102567	0.845642818296709	83.9021607955997	0.926798033768271	103.232534210096	0.959213934230657	104.761309282317	
0.0235239065025623	0.10178459303918	0.020048926139323	0.193018784484399	0.0239998669795922	0.221618902675049	0.0219958187318749	0.241849205276291	0.0306611303920065	0.261304163794786	0.0408876013051302	0.462542117333397	0.0506675272732942	0.668157996739062	0.0644807406584849	0.883811041006859	0.0733373855938874	1.09996094811835	0.0785521436250117	1.30744326381326	0.090364847810717	1.52612602350891	0.0912536847349692	1.74407249202664	0.11730856107857	1.93834575363492	0.135000228111764	2.17078012918426	0.119098171363222	2.56410251685548	0.154818969289222	3.76070121556144	0.15881894088347	4.2312258383649	0.184202393826637	5.28031342059049	0.2549929149309	8.43625171858111	0.265386147357734	10.3577422015199	0.298715551746201	12.4239541575402	0.338337139547195	14.4849018793507	0.351180692727236	19.1857520440347	0.411521631673132	20.3311347297375	0.431553624273579	25.5797488886157	0.51595839703346	35.9136193914739	0.537825885073249	36.1495667749523	0.571665061834058	41.9560695635357	0.695844105086473	59.8499071224055	0.739996639410208	63.8905666327255	0.830188549425018	83.8239286152922	0.854994573039902	85.2335422321298	0.933143231614517	104.732119946193	0.96744545390109	106.428853448833	
0.023730484902312	0.102827310475342	0.0202619434909099	0.195610349496242	0.0239177206583072	0.224536881681875	0.0221847947856726	0.243837651638225	0.0308738250650577	0.264848777345412	0.0413214268039656	0.469398077244618	0.0511295446399486	0.677312373343774	0.0651733263587794	0.897398629271496	0.0741413040543026	1.11662568423102	0.0791948164451153	1.32675877667802	0.091334558313933	1.54924563966433	0.0917777989046266	1.77117886710399	0.118449749375111	1.96790616357982	0.136058787810355	2.20353381125519	0.119905405660858	2.60445229831483	0.156195316792526	3.82154568062433	0.159917553235763	4.29773670253326	0.18645671894584	5.3630167239333	0.257562215077253	8.56835236893527	0.267505123544264	10.5229159775729	0.302119620954603	12.6234639326433	0.340274142118222	14.7190345008431	0.354114367511452	19.4848891155026	0.414854121104494	20.6643656563976	0.436790943333199	25.9799884713367	0.521295251231213	36.4121749684369	0.542467940081674	36.7317029610818	0.577509321191611	42.6215367643934	0.701570535339112	60.684126240478	0.74661818991206	64.8935413933029	0.836244048126726	84.9917996178085	0.861651079977592	86.5690736418553	0.938199779290099	106.235214905584	0.975502590628005	108.096270955485	
0.0238263677077338	0.103516169005704	0.020448878580384	0.197544808255243	0.0241032084928688	0.227301468957565	0.0226990399191849	0.246852604603527	0.0312421522361295	0.267304354715904	0.0415310725451749	0.476147167895479	0.0516928610552587	0.687562858359085	0.0659550839082577	0.910572535709671	0.0749716683971805	1.13258505994225	0.0800402174333714	1.346965798035	0.0925347981574815	1.57264092728874	0.0924936123080231	1.79805299362532	0.119504008307536	1.99819277226778	0.13711768656275	2.23744442873949	0.121033752800206	2.64418996804109	0.15729334801991	3.88249911042327	0.16098158928278	4.36440263190292	0.188839766148539	5.4477079352172	0.260146712752055	8.70081809772135	0.269443843666287	10.6898508845308	0.304793889059901	12.8245634753057	0.342987642611955	14.950725194661	0.357492818547307	19.7836927735047	0.418037867918604	20.9979989143908	0.44023506668231	26.3837708049632	0.52675879801505	36.9102760600051	0.547334838598414	37.3141297198407	0.582694119775204	43.2877751003063	0.706055082610841	61.5180249836	0.751044822336175	65.892768512018	0.842291791405567	86.1576440624987	0.866407896243436	87.9044411388154	0.943742308571927	107.735195522434	0.982337727342686	109.764627235247	
0.0239865620456506	0.104557205695737	0.0203981098467622	0.200462583535265	0.0245431273544783	0.230067220386417	0.0228962701409163	0.250427631655536	0.0313883120339365	0.269992850030479	0.0417764039772926	0.48301602080298	0.0522073300001301	0.697434644350481	0.066616335248809	0.92372804852787	0.0756050205583985	1.14961021787417	0.0808165641703829	1.36649935678719	0.0935575198473689	1.59542934186929	0.0930964417629331	1.82471943522237	0.120335026104153	2.028081240574	0.138216219254987	2.27064584411691	0.122688045333902	2.68362682059003	0.158461284968937	3.94243250922082	0.162804255578569	4.42995190555866	0.190007581565764	5.53159401817359	0.262798356572763	8.83484844835846	0.271978838615328	10.8557753065434	0.307123950858876	13.0252886263109	0.346995782646765	15.1826775901098	0.36102745853478	20.0826640695622	0.421170084354763	21.3307977073968	0.442744021342506	26.7850869965292	0.530306898419133	37.411156218004	0.552141440250171	37.8969848869636	0.586809831679516	43.9560437193355	0.710923140970234	62.3503330278401	0.756917010779766	66.8905800204869	0.848110461359239	87.3245688413242	0.873702425989125	89.2330286077543	0.949904167984438	109.235533767136	0.989071863075592	111.43118047459	
0.0240862839162575	0.105508937286255	0.0205249428850186	0.203151049746011	0.024849423460804	0.232103309716546	0.0230250839218494	0.253772301900422	0.0314624754597165	0.274144249313477	0.0420724700653537	0.489581611811527	0.0527222647809126	0.707195544753103	0.0671581051117534	0.93798653826033	0.0763491843407315	1.16582896691011	0.0815971609135723	1.38673385215881	0.0942225223253278	1.61882195194143	0.0935086795623878	1.85191102631124	0.12125262859113	2.05841651086417	0.139247229462595	2.30377228803063	0.123947449877211	2.72473656123417	0.159847561089777	4.00176147969615	0.164804630020735	4.49648186183889	0.191019960653518	5.61460745191902	0.264744609298765	8.9696583159535	0.274827547118056	11.0223209206836	0.309629774520491	13.2237199299238	0.350569361612516	15.4174034640542	0.364179386715999	20.3820544607584	0.425178991473295	21.6642186238531	0.445247809551826	27.1857717514197	0.533194475314153	37.9120661783238	0.557966435296365	38.4754255852926	0.591059866161091	44.6225912543285	0.716126133420387	63.1825144122162	0.764029830596942	67.8898592932637	0.854298618620881	88.4891690391138	0.882491581869033	90.5583527225468	0.958155387071709	110.733368616875	0.997960667627398	113.094701327775	
0.0242589811855549	0.10657618197437	0.0206208479825196	0.203616987497577	0.0250324363783768	0.234605962530566	0.023354701074552	0.256792813697077	0.0317492761483357	0.277866890986551	0.0423832888589167	0.496413037194839	0.0530556440926466	0.718069200956556	0.0675736567635892	0.952503237164338	0.077095952857688	1.18328521075829	0.0826249535413899	1.40656135958465	0.0948273057037397	1.64186531606467	0.0942206624098325	1.87843718745216	0.122037686078414	2.08861324692795	0.140308693470269	2.33704145712213	0.124731344500562	2.76428819928498	0.161127171389417	4.06136612164047	0.166381883556651	4.56507050657252	0.192223138432647	5.6972991137302	0.266776285291848	9.10288679789195	0.277139177298215	11.1890835329735	0.311931360593254	13.4249852479966	0.352551272412684	15.6526536725831	0.36759405232339	20.6825102849294	0.429698200185411	21.9968888943499	0.449667966301591	27.5835507800154	0.536920611652332	38.4083754053436	0.562953187680044	39.0575729472924	0.596956581410049	45.2887327326982	0.721495832256749	64.0165547163628	0.769247530443557	68.8910161122618	0.860238943791071	89.6537170828417	0.888938860321304	91.8943311670868	0.966849535295267	112.231151312554	1.00658168274423	114.759928363835	
0.0242428565109273	0.108661354912232	0.020729542283953	0.205793881152768	0.0253576169315134	0.236517734854804	0.0235576936888376	0.259587334260969	0.0317623844583059	0.280934259948016	0.0425904219733041	0.503277291697347	0.0534725641192877	0.727997099130407	0.0680981161658116	0.964788603700872	0.0777719982893836	1.20084017479469	0.0835638611062594	1.42620842327023	0.0958410019698175	1.6639584983763	0.095272017248548	1.90365868214333	0.122795950142754	2.11844327474539	0.141339872960305	2.37074881346417	0.125533167860592	2.80417767458368	0.162248820957352	4.12260476896435	0.16742530398098	4.63325635431176	0.193805736147785	5.78065806813439	0.269422278018872	9.23658466638572	0.27941749241961	11.3547574292253	0.314313529465493	13.6275991210935	0.354424451526093	15.8861008406932	0.37080536340454	20.9815169712431	0.433366185129154	22.3312001551452	0.454684098830692	27.9833098003106	0.541153838971745	38.9042077952278	0.566241042347378	39.6461576106222	0.601797290233608	45.9557049507651	0.727523290355273	64.8509228460402	0.774881152491998	69.8893417107674	0.86562553631219	90.8144951329667	0.893856541796732	93.2331259309587	0.97271071953629	113.732361275144	1.01482598078906	116.427018044956	
0.0242223808987662	0.108781168100574	0.0209061043273018	0.209140646873347	0.0254921837699465	0.239175249143329	0.023793701586614	0.261920850172324	0.0319285608666694	0.283545484596398	0.0426843453604184	0.509917912377247	0.0540720069448146	0.736233890212062	0.0685699302339733	0.97829411916752	0.0783028264479109	1.21765008080678	0.0840774285221316	1.44736923531363	0.0971887306579691	1.68812049727384	0.0961819669211262	1.93094131000955	0.12343620854981	2.14826049687803	0.142340792961998	2.40464406412672	0.126157803377972	2.84470464015444	0.163473162922744	4.18237472065781	0.16837366992401	4.69929131266709	0.196104452684861	5.86282586102223	0.271554775452203	9.36886413066572	0.281757008909383	11.5223265668265	0.31712241178299	13.8263349671738	0.356585638636508	16.1180187772084	0.373808466267062	21.2821367081794	0.436066469197883	22.6654965147801	0.457888127740422	28.384696772389	0.545437869119906	39.4081501417065	0.57004936105765	40.2301378153618	0.606347778100933	46.6213248885178	0.733068806281702	65.682117028534	0.782309889712595	70.8876673092732	0.870184422121238	91.98503344321	0.901586338780995	94.5655206464019	0.977593936683242	115.23162663629	1.0225514232811	118.093995967373	
0.0246084455681595	0.108939492930739	0.0211061534441965	0.21181156347516	0.0256751987786298	0.241656990856159	0.0237910919276174	0.265280072331746	0.0325123550922156	0.286832965817153	0.0427982933529117	0.516401314172488	0.0546785224493565	0.746503467339246	0.069120683951728	0.991389794513142	0.0789831325698036	1.23352540465964	0.0846565173683943	1.46815193040969	0.0984885601483304	1.71151601772889	0.0972843833041876	1.95713813222066	0.124707718563687	2.17745489706849	0.143438678434521	2.43749646638588	0.126779626391394	2.8837980675203	0.16503061696269	4.24204828046938	0.169599086388267	4.76423243271049	0.198279503731085	5.94700950152708	0.27365106040074	9.50174429797781	0.283954224309434	11.6895473898013	0.319378529601975	14.0252617343728	0.359001025791421	16.3499739666249	0.377250251367983	21.5819722715451	0.438993590852984	22.9983325606873	0.460712737598899	28.7854076043103	0.549281893821104	39.9101925902233	0.576725862083325	40.8109366223377	0.611976190922074	47.287481268048	0.737501972318058	66.5159636175943	0.788144637012437	71.8892711630858	0.877442153481469	93.1518241115911	0.909934197897342	95.8995842918194	0.982754285964379	116.733529502843	1.02817901193006	119.762016971025	
0.0247105226014938	0.111350701513807	0.0212656741150204	0.21276806081769	0.0259563647022697	0.244883863352866	0.0238569231711896	0.268625033614923	0.0330391737702754	0.291441731774054	0.0431225782240167	0.52272243301681	0.0551617365490582	0.757421768816499	0.0696113870025328	1.00472563465629	0.0795638252961578	1.24963798292711	0.0855406640359431	1.48743740812285	0.0993349339554006	1.73563727126573	0.0982563990752487	1.98448991078476	0.126266294032465	2.20772427628963	0.144726797372924	2.47113187806245	0.127796035157739	2.92424098123269	0.166499910831705	4.30111368666861	0.170903768162337	4.83005458386763	0.199814943220314	6.03128720560749	0.276530842813072	9.63494670288541	0.286830460580047	11.855937473079	0.321305740753875	14.22543181715	0.362758886120091	16.5836129871763	0.381068657242151	21.8809081773465	0.443395990031595	23.3303974715394	0.464335309347412	29.1850418273865	0.55372946014216	40.409042465106	0.583737210531459	41.3947491890218	0.615947711407945	47.956114965509	0.742320630612581	67.348871433544	0.791893341848472	72.8897648804422	0.886023656618647	94.3185924282314	0.915662511231256	97.2379320208768	0.989899778538574	118.229173881991	1.03577699302632	121.425768792197	
0.0245125602510716	0.11282322429774	0.0212745049258782	0.215409422481078	0.0259684211823431	0.247100847532606	0.0243189756894586	0.270606684232768	0.0331548698406984	0.294086775071821	0.0434363166061743	0.529916550318047	0.055601619553285	0.767367303910769	0.0700245768523292	1.01784924967782	0.0801537434623966	1.26671936945681	0.0865949060270413	1.50652474696767	0.0997854979693733	1.75928075634449	0.0989501510969839	2.01142538817778	0.127155914260319	2.23821251630542	0.14574822803725	2.50455681084716	0.128674662251789	2.96461614123099	0.167701945543365	4.36112997317136	0.171923257502174	4.89653518005375	0.200941675620887	6.11445710153802	0.279451771013198	9.7682375834334	0.289549809945532	12.0223182431314	0.323560627734031	14.4252982887822	0.366670592242254	16.8158401227716	0.383966223701272	22.1818780915542	0.447669388055897	23.6632651824126	0.468568689491152	29.5838490360557	0.55919955866682	40.9075645144579	0.587225364140064	41.9812327887231	0.619619266279539	48.6230722824154	0.748019773657959	68.1808404763831	0.797589802477998	73.8872560139607	0.891409148558031	95.4881025584012	0.920206701555655	98.5690675882588	0.998936409632744	119.72637543241	1.04487287092198	123.089930395282	
0.024658132427992	0.112292981635834	0.0214636134268423	0.218347133884017	0.0259336282048673	0.249422634600844	0.0245182869398473	0.273835055576672	0.0332694077445574	0.296944800190754	0.0436009427466128	0.53666177015964	0.0561138679399158	0.776707304737318	0.0704308551186297	1.03187659679977	0.0808626343480009	1.28323788793221	0.0877170804884298	1.52613467416735	0.100273825699396	1.78272738312339	0.0993871739542596	2.03860370792059	0.1278802779704	2.26825930944181	0.146472461539699	2.53817941683894	0.129913316497349	3.00404507753842	0.16908926740267	4.42137024274267	0.173177179905327	4.96290774282634	0.202465268637463	6.19669148398678	0.281380345310015	9.90248027560744	0.291446503190395	12.1888806210772	0.32644315202107	14.6243051497188	0.369110233074335	17.0508221104118	0.386035829156526	22.4815087639633	0.451384959476773	23.9969226547916	0.471891926095845	29.9845971208782	0.562681326438174	41.4101136024312	0.589831536991078	42.5654253349996	0.62468687788205	49.2879322609833	0.752969401425041	69.0137259405921	0.806561169376568	74.884315013825	0.896236821213606	96.6560555173002	0.927084206986938	99.8955912464704	1.00481298450322	121.228293200123	1.05113747045912	124.758852919143	
0.0249253432482482	0.114099208923933	0.0219135748096487	0.22073209081326	0.0260865581182692	0.252622076738648	0.0244929401984666	0.277191425560845	0.0339000817567546	0.299824187520227	0.0436998023587526	0.543962349267631	0.0565055163916424	0.786966171655402	0.0711669566480553	1.04458961500072	0.0816815241389825	1.30025594452985	0.0884712745508834	1.54664251270164	0.100798567664876	1.80582953698136	0.0999331963932366	2.06490611882359	0.128578173722765	2.29695847887673	0.147210149018316	2.57141273001302	0.131788392432767	3.04344630700058	0.170572350785915	4.48123844896309	0.174774616016395	5.02975947104082	0.203870691036241	6.28056266578269	0.283076427629317	10.0356100373577	0.293225746448677	12.3566946965038	0.329090311212083	14.8236454241214	0.370819365871271	17.2853682391077	0.38899904296085	22.7808414131626	0.455094690707648	24.3298648714673	0.474339087083966	30.3853936344724	0.564918524840288	41.9119213576703	0.593340121931098	43.1476844557031	0.630273488592005	49.9537421885323	0.756766813526917	69.847743892998	0.81260231162453	75.8865223646374	0.901298549298655	97.8231293077305	0.936744975221825	101.226846023136	1.0089715559152	122.729890592886	1.05640192459007	126.424787760326	
0.0251298576647273	0.115318128217269	0.0219294751723186	0.223163773940082	0.0261613901288881	0.254635101284236	0.0247273156361945	0.27993338460943	0.0342975652412924	0.304028672187457	0.0438919832579695	0.550282129335816	0.0566727329854524	0.797365435444942	0.0719366915186468	1.05748226203472	0.082343838531865	1.3164233544113	0.0891292473129022	1.56757270600345	0.101250103269486	1.82885206276299	0.100660188906814	2.0914022448129	0.129356595207813	2.32757687121614	0.148310462492453	2.60499622045852	0.132964827167732	3.0843402136483	0.172033797534623	4.5414680083253	0.176049805886546	5.09718861922413	0.205146792528568	6.36388669559199	0.28473725110322	10.1688990552606	0.294990686547958	12.5220212094518	0.331443192707577	15.0235472860097	0.372266943372691	17.5183963120792	0.39340733624435	23.0789763815879	0.45794644047607	24.6638129164758	0.477188391880254	30.7847186584685	0.567990032379609	42.4107041773308	0.600341973322034	43.7264231772417	0.635290090259991	50.6193844780257	0.760731096300305	70.681977912231	0.816291735261061	76.8863827826731	0.906281604470722	98.9879455723472	0.942503942761878	102.561058680159	1.01515833750824	124.226570602688	1.06416194550032	128.08704201487	
0.0250843140662219	0.116006761192955	0.0218697276988868	0.224919476980908	0.0261360761904347	0.257663442010912	0.0249027094692479	0.28359356946531	0.0341807751753347	0.307776110322903	0.0441168964379385	0.55669719534039	0.0572363317050089	0.807066614790304	0.0725856055184258	1.07122939749035	0.0828983461839137	1.33290694829181	0.09004683602505	1.58667704148445	0.101682496609547	1.85230334615454	0.101366299014532	2.11753864747485	0.130598234496494	2.35761900773987	0.149584833197499	2.63741602340232	0.133652952560447	3.12434098198939	0.173345135142283	4.60212271642262	0.176990121456846	5.16414651820706	0.206598609774331	6.44765170661943	0.286184264252378	10.3029787659918	0.29682513044207	12.688073222651	0.333781226182523	15.2241364639255	0.374193113404864	17.7517149576801	0.396924295977825	23.3796724869717	0.460411303065924	24.9967327814107	0.482128750357217	31.1827901223387	0.573823453791013	42.9071549653752	0.606730417866627	44.3115097931474	0.640797377600903	51.2826202301007	0.765365610229461	71.5146026061315	0.820593392498673	77.8825328117479	0.911095447565195	100.155496199913	0.946121214055659	103.891359782554	1.02218345640653	125.725418731341	1.07287577426359	129.747269711587	
0.0250696772456233	0.116855814474499	0.0222216763167989	0.227451539214208	0.0264209035665858	0.260655577574219	0.0250545530356097	0.286287798234212	0.034053830000013	0.310756487939264	0.0444216235814936	0.563054228309789	0.0579835814509009	0.817436832958428	0.0733475649456242	1.08456942858488	0.0835731002379042	1.3497332688635	0.0910361132110676	1.6073974543863	0.102151067963825	1.87549863226555	0.102424594322293	2.14384129120848	0.131452092842521	2.38874939464036	0.150775634433054	2.67106913020697	0.134313252845992	3.165196937244	0.174248221060564	4.66166309711235	0.178035349284351	5.23017449164342	0.208024353227197	6.53067491925143	0.288162737226712	10.4361830335445	0.298908872594214	12.8554318813603	0.336208724241712	15.4236583462215	0.378804153209471	17.9823458064584	0.399484799150691	23.6793236484764	0.463562497929531	25.3261937144679	0.486944099450671	31.582673939853	0.579173818534048	43.4070292950412	0.609595936668618	44.8988502095767	0.644852331801449	51.9491044351616	0.771252566780496	72.3442694196755	0.828104602288671	78.8814991601544	0.917352983600346	101.319798374493	0.951207948649381	105.22446230312	1.02810446214512	127.224132749549	1.07856363718423	131.417361976546	
0.0251038817843871	0.118144677545058	0.0225634107809495	0.22980698486077	0.026849489319462	0.263065578348381	0.0254193619144565	0.289820246384286	0.0344919844258903	0.312976702644032	0.0448216250334037	0.569363880245456	0.0584846148539691	0.827513568114165	0.0742461802245514	1.09786673525833	0.0842650797665223	1.36710883689749	0.0920734101778678	1.62767851588443	0.102708986392718	1.89880171895946	0.103248822698746	2.17113812174328	0.132168037347029	2.41885998337007	0.15168898434689	2.70527660674782	0.134935717421343	3.20469595557184	0.175231769925837	4.72147682096474	0.179191456163635	5.29699548621439	0.209464857016588	6.61388765601835	0.291235452470656	10.568185895033	0.301202330389156	13.0220194050144	0.338327826948373	15.6239467069599	0.383764282145717	18.2145450023778	0.401764638270731	23.9798241761288	0.467409407385148	25.6584169501501	0.489813277288316	31.9856311217176	0.582177704580414	43.9090009630457	0.6120231496728	45.4832103939087	0.647675935115274	52.6190866876466	0.776793312461043	73.177691325662	0.835293562615955	79.8833488831151	0.925080148207364	102.482975511456	0.95814583454348	106.558816521167	1.03465986550984	128.718048594081	1.08378776509416	133.08638135795	
0.0250969799237533	0.118951181028495	0.022558386668173	0.232299640509503	0.0269574660295736	0.265597174920416	0.025392727939756	0.292406529051151	0.0350426969093479	0.317389774454238	0.0450412422795523	0.576442338929951	0.059071882886527	0.836990240522047	0.0748644761011259	1.1108406401831	0.0848921349298355	1.38343934463707	0.0928402236466886	1.64704781262533	0.10445075107408	1.92071585451462	0.103871729454431	2.19712039052646	0.132865132397717	2.4487449592168	0.152618270752897	2.7370069981885	0.135790578988041	3.24398402934655	0.176363396563367	4.78071545315462	0.180178346922805	5.36431753230671	0.21086532464538	6.69728432898503	0.294021751519589	10.7017161254713	0.303966562055181	13.1875033114701	0.340455578050362	15.8241531113157	0.38586731252095	18.4505011533847	0.404096760297739	24.2804550889355	0.471107269122234	25.994093529775	0.492432143027262	32.3860513810094	0.584648699373358	44.4102461994765	0.614987221224888	46.065003853347	0.651860503859551	53.2854554087138	0.780794470879105	74.0137879899557	0.839465204972089	80.8858915100383	0.930036851129812	103.647560808085	0.963911625659952	107.895279253423	1.04060904919299	130.216926525055	1.09187140518652	134.750244937826	
0.0251119503528284	0.119313516424514	0.0224785243849491	0.235114606513321	0.0272867651647189	0.269524125473592	0.0253538404898823	0.294745778416833	0.0350336622741707	0.321334129097201	0.0452075577780288	0.582210135775911	0.0597759308947383	0.847367851062755	0.0753146637618361	1.12460523793617	0.0855039855681398	1.39947473954983	0.0932404565700778	1.66695890624827	0.106433874642756	1.94374955616661	0.104665231744108	2.22472362617376	0.133549628973513	2.47955916211822	0.153663995848489	2.77077745163198	0.136432524590706	3.28421413586075	0.17763291329369	4.84121137076052	0.181316699796077	5.43132711969008	0.212216025425368	6.78040113953132	0.295718006357666	10.8353944361919	0.307479590836289	13.3524312183751	0.342853211274969	16.0244638237949	0.387652852317218	18.6872265768018	0.407279884866172	24.5793835441566	0.473980742827953	26.3290809307274	0.495478688089019	32.7843035214505	0.58697319473843	44.9121992410303	0.619427849605923	46.6468755438778	0.658463087209177	53.9505947840409	0.784293215298591	74.8467926634486	0.843717639358052	81.8854166519632	0.934783633145965	104.814969874627	0.96910489270948	109.229439756383	1.04703857747202	131.719038007855	1.09883129628858	136.419338825032	
0.0251422899545568	0.120598224923472	0.0227564846031494	0.236292482131704	0.0273317840000562	0.271809387236341	0.0259995383825227	0.297452987493503	0.034918315231429	0.324293755683432	0.045503116074096	0.589306173173167	0.0600283825469763	0.858067815614292	0.0757867596918661	1.13756587151489	0.0863087371780898	1.41690292730678	0.0935055779113588	1.68738618538368	0.1072019474576	1.96871528640787	0.105245975509837	2.25169449382293	0.13391632304131	2.5097144543294	0.154654058910675	2.80410273290594	0.137659129079176	3.32363259478972	0.178993845836739	4.90159133871138	0.182569779387223	5.49703285553092	0.214115422797446	6.86307883150455	0.297192347281918	10.9690448072366	0.309737444823946	13.5226276168344	0.345410601449852	16.2233682392533	0.389381970956142	18.9197293838661	0.412367198275176	24.876695223465	0.47654011985134	26.6627309525261	0.49911249241727	33.183025048447	0.589758360588548	45.4117643716163	0.62446419813571	47.2287360585383	0.663499777743795	54.6199847153966	0.788596566481196	75.6782103633497	0.850048577727818	82.8841296806415	0.94233377226896	105.981708388946	0.976390942704894	110.560970204518	1.05402540073519	133.218854711939	1.10359315773798	138.086242241647	
0.0251903734065153	0.121795898421584	0.0229863363160831	0.238796953935041	0.0272720162659927	0.273767696583269	0.0264350386642003	0.301203539738659	0.034934068485875	0.328196520954648	0.0458994314036326	0.596097260649382	0.0603347866968982	0.86811841553152	0.0761450879800116	1.15133454380403	0.0869448355185495	1.43375113395794	0.0939596838673318	1.70744256532136	0.107749640380783	1.99195527600034	0.105826544568183	2.27813869858117	0.134603270305158	2.5387591444231	0.15558573506422	2.83694675326232	0.139138544596905	3.36333603841298	0.180691893735708	4.96049562611286	0.184076813628098	5.56295605518261	0.215674557112094	6.94687690448182	0.298957590724639	11.1040530465306	0.311154843710823	13.6913702208238	0.347762705363753	16.4242247067353	0.390960387227731	19.1517683923103	0.416086791595181	25.1746811802854	0.479324347833623	26.9965970411519	0.502742562281685	33.5827114255849	0.593172870938414	45.9093141202465	0.62834964346081	47.8122468767226	0.666389938456321	55.288324114938	0.795081662707562	76.5086818395599	0.856035935977635	83.8853014008	0.948701559466933	107.150808737202	0.984897348197687	111.89209087074	1.05927402166657	134.720250939035	1.10963629281758	139.7506422633	
0.0251727774757756	0.122677475232118	0.0230767020436808	0.242360645045626	0.0274627528381472	0.276340853423221	0.0265384569781237	0.30384436298121	0.0350738142476316	0.331360747459272	0.0463842711181669	0.602128097902516	0.0607207738685999	0.87814666370802	0.0764889410589486	1.16433615557408	0.0875208835180218	1.45083624577776	0.0943059875528194	1.72777042577665	0.108242977118692	2.01533403264984	0.106541767969997	2.30409163070464	0.135327586238389	2.56928370601757	0.156847973031333	2.87018588720222	0.140186405785594	3.40303040164157	0.182683387266232	5.02033775530243	0.186745955844685	5.62886807896393	0.216809957931429	7.02976460968564	0.301350611545159	11.2368009660434	0.312573864722981	13.8575339927267	0.349599631005483	16.6245763974058	0.392796135738804	19.3843550184024	0.418197995443539	25.474421748753	0.482550309279527	27.3287252819361	0.506430819690593	33.9825989683893	0.597614330952772	46.4078361695985	0.63307934400877	48.3955900568514	0.66973066673352	55.9529866531295	0.800396052109251	77.338750984437	0.859871243362143	84.8860633390452	0.952913320047545	108.318329562447	0.990080857681621	113.228330085589	1.06318746562936	136.222034596304	1.11898978570227	141.412523988831	
0.0252738014815907	0.124250275259127	0.0230280470936227	0.244604215573226	0.0278119764993311	0.278837641815683	0.0268226117851239	0.306740979777495	0.0354266159191884	0.334457220249811	0.046635291542977	0.608950442891157	0.0611549153593608	0.888663914420627	0.0771010075545457	1.17821297769206	0.0881572076838334	1.46769993566599	0.0948169530396775	1.74766568691658	0.108758575824772	2.03891931007045	0.107647517763198	2.33106040287812	0.136407629572685	2.59865854994828	0.157972622706553	2.90369720015162	0.141125953075917	3.4435650506232	0.184228488202771	5.08076056408969	0.188688435718977	5.69681457681286	0.217870320268839	7.1127040032899	0.303859052380454	11.36813327531	0.314334486119401	14.0228465358367	0.352118089245289	16.8239911776108	0.396275807848411	19.6168224352105	0.420158043798292	25.7759560444142	0.485995029105905	27.6628782179012	0.509521696044615	34.3831905910267	0.603200009810657	46.9056131609261	0.63874432450086	48.9780130903202	0.675048592538938	56.6180887755553	0.803718664762235	78.173201070497	0.864619070467943	85.8838599463536	0.958117380328491	109.485440605779	0.994087877520347	114.562878018722	1.06768397739191	137.718453835797	1.12556051439889	143.080604597124	
0.0253807860945081	0.125334160061515	0.0231240769461472	0.24609633978604	0.0280489253152178	0.280856923684521	0.0269161213681579	0.310698431143542	0.0360334347758756	0.337145802875873	0.0468050926093282	0.616242349058084	0.0614670869542617	0.897883483602466	0.0775660051912763	1.19167070467137	0.0888886649316635	1.48365477117988	0.0950711962422216	1.76773498895437	0.109068150953429	2.06273485698669	0.108542728123857	2.35794326054817	0.137389056946282	2.6273912469943	0.158849662076061	2.93721223839114	0.14174188701945	3.48470575774147	0.185202119370264	5.14198058496295	0.189627647855378	5.76343813100739	0.218920880392469	7.19589485397736	0.305592563253181	11.502144068174	0.316384413072186	14.1872966742836	0.355340557294542	17.0227968728809	0.400230582162416	19.8503776367342	0.423007707613728	26.076193939113	0.489255891731502	27.9961501227527	0.512926127403388	34.783715158442	0.607011122325775	47.4070856400543	0.642261067084504	49.562824034757	0.679365564046668	57.2860183931834	0.807074067039246	79.0094467463956	0.872267001872686	86.8821259402174	0.965209689450827	110.651173291765	0.998335434121384	115.897671821003	1.07401338201542	139.216810226154	1.12955724642312	144.749951804059	
0.0253161416687605	0.126037177604721	0.0234287989295984	0.247957500551518	0.0282068435320407	0.284195540332959	0.0268624839601837	0.312744372119812	0.0364276350281887	0.340076558463663	0.0471604484359579	0.623355848752785	0.0616327041092296	0.908360978484558	0.0778345708195686	1.20493995525359	0.0895784977093562	1.49976048094369	0.0953284334518552	1.78742279800065	0.109496922973707	2.08601955006062	0.109189564459369	2.38337209091767	0.138102070924976	2.65724851599576	0.159670782655261	2.97057593671947	0.142234811943957	3.52584506787595	0.186182549311897	5.20115123060812	0.190173907941636	5.8305650650296	0.220518215812995	7.27966964389137	0.30701423063594	11.6372966624602	0.31861426252756	14.3555950374261	0.357551885051755	17.2239718526683	0.402409875906674	20.0831281755916	0.427522835046252	26.3746436945536	0.491981435512424	28.3302341408506	0.516303483413321	35.184418539783	0.609516892997691	47.9084538110591	0.645390315246888	50.1458580158057	0.682679044625048	57.9548569816011	0.811930299359783	79.8417808676666	0.878285026511501	87.8835882330054	0.970207004475395	111.818910183837	1.00441375574703	117.230670033446	1.08158521749945	140.714555668931	1.1346384463119	146.415797238279	
0.0253879292397187	0.126662284197495	0.0236008375042669	0.251064217889891	0.0283621919941313	0.288220599893946	0.027161047485783	0.31479921886778	0.0365920421244703	0.34446474650001	0.0474786573265578	0.629045880167458	0.0619209403442826	0.918191786284617	0.0781040330670305	1.21833796117564	0.0901042994559073	1.51681229798305	0.0958346888999274	1.80666997507475	0.11011175278487	2.10864300413798	0.109819359937488	2.41095297482424	0.138854098832967	2.68804921472048	0.160566620814641	3.0048232272985	0.142828167729485	3.56539367912854	0.187368170324611	5.26159545981358	0.191002352357141	5.89755602596236	0.223629699271383	7.36277714121236	0.308695554621058	11.7702168766411	0.32088568407491	14.521992571284	0.359171521552955	17.4235226059627	0.404079045512133	20.3171285492847	0.430757106343031	26.6759693739679	0.49450848524068	28.6642864939825	0.519256677862981	35.5839447294457	0.611910796566065	48.4098145314836	0.649709493302374	50.7280575318672	0.68772345442685	58.6198138177122	0.816739755418902	80.6757615671714	0.882137036482487	88.8833070900165	0.974065901227396	112.986229843416	1.01287656645782	118.558907325114	1.08753077363458	142.213329291782	1.14267253980451	148.079452201908	
0.0256124432475614	0.127974124741108	0.0236323664056514	0.254098350278553	0.0285696003027046	0.290059176088061	0.0273773811242702	0.31833396622035	0.0370840080225083	0.347445851712098	0.047500622557885	0.636767242436206	0.0625429991977195	0.927641974208041	0.0787397653424237	1.23202560840463	0.0907219575249413	1.53389054129921	0.0966132275220854	1.82702204991583	0.11062673886987	2.1315332821203	0.110370059341657	2.43823420570666	0.13951312545923	2.71890439581324	0.161402742841051	3.03823907968854	0.14366205622607	3.60522867205922	0.189135053680958	5.32108741173172	0.191765752860445	5.96469739548378	0.22579005531336	7.44611793482721	0.311624148575152	11.9018835306961	0.322932049920825	14.68794772694	0.36076517356636	17.6237122465129	0.405936468786671	20.5512462696167	0.432837770779493	26.9764233354938	0.496992823176781	28.9979942577781	0.523133326962974	35.982569398899	0.614137119643785	48.908962429576	0.653754196182213	51.3083347982261	0.693443663869789	59.2843198937186	0.820220843053722	81.5102563567128	0.885279330247249	89.8793081074864	0.979829653163812	114.149816762292	1.01940035347889	119.893775633197	1.09223373946678	143.714308286384	1.14918191784174	149.747130478869	
0.0257689792361632	0.12921886640679	0.0236753651557533	0.256120833568589	0.0287687609262195	0.292520079459274	0.0275149094098795	0.323209323251573	0.0378640637808056	0.350352829471534	0.0475502318327223	0.643170317663201	0.0629653412505259	0.937919292953759	0.0795625948345493	1.24375270529186	0.0913849623741893	1.54997459781419	0.097827043330513	1.84653442108046	0.111083944730126	2.15469667043464	0.110781212869175	2.46489983239651	0.140142098628989	2.74788715295867	0.162367796102728	3.07155132244707	0.144601176569021	3.64548532126553	0.190906456478017	5.38085969173151	0.192547613099816	6.03141408193135	0.226707346755998	7.52958585396746	0.314083041544682	12.035293620528	0.324482852670169	14.8550614478238	0.362474998440783	17.8240527613131	0.408143934515012	20.7842203258814	0.434850048638597	27.2763483058225	0.499540759301034	29.3300926962413	0.527406646270068	36.3821626437838	0.617131091269468	49.4077601503969	0.656889825336158	51.8912234929601	0.69691277421334	59.9520967744517	0.824546054891779	82.3413462310832	0.889107051206108	90.8740797792162	0.98781895950271	115.313195064922	1.02362034049566	121.229143130158	1.09684930738064	145.216151548295	1.15416438242083	151.413527256027	
0.0257664360692363	0.129639431288829	0.0237849916747067	0.258070499078282	0.0289608638446371	0.295072194230806	0.0276842248089742	0.326262955205715	0.0384585824448501	0.353261553460714	0.0480198160730821	0.649415533721297	0.0634216206310984	0.947610111335971	0.0802372443184804	1.25707725314933	0.0919818841880694	1.56750534746479	0.0986853963877384	1.86682374806605	0.112106834759479	2.17807542708414	0.111163730654711	2.49143204713387	0.141016117594238	2.77750018262653	0.163259392439926	3.10501583643932	0.145919973264372	3.68384509930809	0.192184161594343	5.4413262726777	0.193729267042143	6.09742296325583	0.227438569511275	7.61382397684034	0.315550717293019	12.169657384631	0.32596939360582	15.0213258025599	0.364455509748377	18.0232756890768	0.410684026883476	21.0174048610379	0.437177629338814	27.5769177513421	0.502932928110139	29.6622488767013	0.530632529688522	36.7832832576185	0.622351948253642	49.9044083788178	0.660092163901015	52.4777704225934	0.699564627196832	60.6206373396597	0.830055050214071	83.173948573243	0.895089797907411	91.8758922492756	0.993839779817452	116.484515686091	1.0275124636123	122.564421220155	1.1013656358017	146.714493037491	1.15942287268214	153.079983637827	
0.0257090666261427	0.130352198614775	0.0239248648792281	0.259960298011568	0.0292149410476821	0.298611598196028	0.0279821163213058	0.328216724355306	0.0387563182982529	0.35677191180452	0.048706067711751	0.655857899117543	0.0639159951563211	0.958337258863862	0.0808199594467374	1.27115570659513	0.092442053592444	1.58377066262725	0.0990992215450431	1.88723670811755	0.113793248509921	2.20098083905757	0.111956702931622	2.51751420025843	0.141807051243858	2.80805245106628	0.164018204971769	3.13845613604578	0.147689544275092	3.7232817190264	0.193090801579274	5.5017057749673	0.196005816690371	6.16251728585548	0.228106924264407	7.69691703866211	0.317176165785596	12.304267017882	0.328456115486351	15.1879487164702	0.367494217212834	18.2225079300658	0.413289074176268	21.2513288662836	0.440556161399734	27.8749111587428	0.506880533556851	29.9947775861735	0.532906784851478	37.1828243484417	0.62711342374396	50.404197026811	0.665666950431946	53.0594595739083	0.702346149858352	61.288511077936	0.834794812209154	84.0091064644261	0.901926076331217	92.8779952919645	0.997874740535672	117.651067935904	1.03254994603518	123.896644572252	1.10721256540563	148.212730218564	1.1648570426809	154.740419950791	
0.0259093232096959	0.130948448761022	0.0240310257082206	0.262460811694151	0.0295931327205512	0.300192838333468	0.0282377949829984	0.331657699170599	0.0390340317436156	0.360417515642035	0.0491658388884235	0.662463071333631	0.0644931696952322	0.968704450233762	0.0812759956095035	1.28555243951569	0.0932817333060434	1.5997995382823	0.0994937383917148	1.90746514989272	0.114734744374478	2.22430348352461	0.112900611468802	2.54399495942599	0.142777428847606	2.83814348202286	0.164858970840305	3.1709083024475	0.148699810110478	3.76376304979316	0.194068479101805	5.56111577050277	0.19840657889997	6.22922000246509	0.228962068475815	7.77885339790115	0.318896714589278	12.438295505874	0.331397432130444	15.3538237783886	0.370919339785906	18.422941577119	0.415567475089856	21.4843569392551	0.444903669543284	28.1738098116429	0.510270299175356	30.3282283049508	0.534891450646244	37.5837922253814	0.630289342870197	50.9047828868903	0.671944670198349	53.6422104329078	0.706136606130377	61.9533449794731	0.83871605193641	84.8417609606476	0.906535800705811	93.8812084711096	1.0015202220678	118.817500976433	1.04122866711582	125.225828087611	1.11361050723919	149.712383009883	1.17338749203224	156.401809938026	
0.0259914631121254	0.132642131542091	0.0241654417989987	0.264352065818892	0.0297105949394668	0.303366290751909	0.0283156846653344	0.334926321110113	0.03911687811097	0.364141496091247	0.0494286850959761	0.669261900428379	0.0649042292290394	0.978120121015904	0.0815089674247713	1.29778314906123	0.0940695115183734	1.61643144527578	0.100105684927137	1.92708904693036	0.115439066724112	2.24785383635033	0.113727564743775	2.57132764587821	0.143649278328925	2.86898772007588	0.165896388745148	3.2036224033109	0.149477975851426	3.80376009284413	0.194966286717366	5.62114323287589	0.199604996692334	6.2981206402464	0.229905232880369	7.86279768851569	0.320785905239199	12.5707444708546	0.333269509041123	15.520985928044	0.373043261111924	18.6227922162682	0.417621357974905	21.7183871152692	0.447793692996754	28.4751764692486	0.513289237699786	30.6614853086417	0.537260617489648	37.9823647407729	0.63271522092834	51.4024481195143	0.675259143101031	54.2283662070784	0.712980025755657	62.6157350906904	0.841835575062262	85.674385654548	0.911070704722962	94.8800183573311	1.00728521009629	119.982369395112	1.04858118337128	126.558900805856	1.1189966570761	151.211827184955	1.18182612019522	158.071917104146	
0.0261120264096693	0.134363375649293	0.0245050962225674	0.267044286423588	0.0298950819762412	0.307043908801405	0.0284700487107321	0.337426863896525	0.0391677531346845	0.366982029808906	0.0496929507439104	0.675508746300903	0.0651537607047857	0.988463272622988	0.0819496038078402	1.31156357929731	0.0945025865283614	1.63306602982153	0.100900425043481	1.94686148991159	0.115897138283628	2.27145517908459	0.114497085098748	2.59773413207398	0.144198375677816	2.89864708303963	0.166922417616791	3.23653999814718	0.150386648215075	3.8438158092145	0.195747230782713	5.68110550267188	0.2004195368081	6.36545665617668	0.231477439579223	7.94547491482764	0.323066602625577	12.7035007722701	0.33455903997208	15.6882942953366	0.374534578952373	18.8231420442937	0.419529772930044	21.9519050638916	0.449846842983244	28.7756527825152	0.516435675300727	30.9953178696565	0.542193908680539	38.3760757525559	0.637647514268087	51.8993608435337	0.678396499602241	54.8121713231823	0.718244466351583	63.2836349059975	0.845004052204764	86.5085973220403	0.916655559281199	95.8794391911326	1.01530397890058	121.146708822593	1.05271497911163	127.889887361633	1.12377345291186	152.711196854225	1.18649990248129	159.741949764463	
0.0262938800503703	0.134816376748835	0.0246797071509393	0.269438571130049	0.029871197460784	0.309420440172132	0.0286045983880914	0.340255988913187	0.039432083064253	0.370312322762228	0.0498796283590666	0.682291684704977	0.0654330652216313	0.998935528815847	0.0825530180896875	1.32556054202171	0.0953392716527947	1.64948221923391	0.101575809567928	1.9664780527843	0.116233066127564	2.29549703737572	0.115344611714363	2.62396972058541	0.144854844321849	2.92779724540989	0.167874325906399	3.26942522952553	0.151008250691308	3.88511460833231	0.196559375053696	5.74056765226905	0.200964665381082	6.43253003915338	0.23364004891543	8.02902013373792	0.324943941904668	12.8362291340097	0.335940735659187	15.8548184890587	0.376526784609809	19.0236557850845	0.421315979870513	22.1842327823202	0.453171065704416	29.0733165017401	0.519472231866805	31.3274721874714	0.547247015760771	38.7767083533847	0.643817809479431	52.4012989839271	0.681986688595151	55.3946614118733	0.72106723504904	63.9528683751681	0.849600804222306	87.3414008298666	0.921309398619288	96.8826076667962	1.02029248906762	122.316092292899	1.05607803681891	129.218012894597	1.12842642905595	154.207303169349	1.19112897025332	161.40892768688	
0.0263235194816023	0.136281579919756	0.0247609311747396	0.271196093160193	0.0298998693322588	0.311466293836915	0.0286871239526543	0.342640523836909	0.0398389947259607	0.373458242958365	0.0501054907197233	0.688309890896293	0.0657015165708266	1.00880009705763	0.0828830048901302	1.33852699636624	0.0962122945278173	1.66631878435343	0.101974559959652	1.98757204243615	0.116915677997513	2.3178734581519	0.115914636297745	2.65126678395085	0.145984706193353	2.95693506775662	0.16871730662009	3.30474004855501	0.15140892881888	3.92558476322871	0.197503536631181	5.80089779446454	0.201786646577975	6.49821482023729	0.235305558953027	8.1131697809704	0.326587470264296	12.9696653008725	0.337934495018835	16.0216053157343	0.378867895107612	19.2230333123883	0.423681702147711	22.4171621351035	0.457395084609914	29.3724684743686	0.521988483459842	31.6626402649947	0.549863050701085	39.180425494434	0.64653027114945	52.9048576255234	0.68669771456839	55.9760301882377	0.723654455794014	64.6219900856351	0.855267805492014	88.1719170095583	0.925446135566945	97.8817751808694	1.02386670354644	123.4835162606	1.06062005561047	130.55040015946	1.13555035899792	155.700295141931	1.19616337884856	163.074296283965	
0.0261948956118893	0.137859007455587	0.0249468995673857	0.273702573127736	0.0302736639809486	0.31381677728062	0.0291127170081134	0.345418920879494	0.0402051849657371	0.376819502385823	0.0503415361759884	0.694815295186314	0.0661410153230003	1.01804067920406	0.0833387750613496	1.35103617134836	0.0969209718233201	1.68269946709434	0.102250156008192	2.00784413995493	0.117509692379461	2.34174115912984	0.11629807007396	2.67773403894172	0.147507824081225	2.98707732145237	0.169491405528556	3.33765694489939	0.151916285526771	3.96565165546945	0.198441060693031	5.86166472692678	0.202926126689172	6.56304697554463	0.236469953613694	8.1971573780826	0.328342076318077	13.1041818018704	0.339926381055136	16.1866617451485	0.380841752973956	19.4228522865714	0.427760755481687	22.6493874080537	0.459979916338285	29.6743976507826	0.524752450784309	31.9967503601235	0.552030758638038	39.5813300414417	0.648313109015632	53.4050709565905	0.691287496486566	56.5602115586439	0.726271168544773	65.2872300437954	0.859552075298191	89.0054283225077	0.93053185038612	98.8794674800544	1.02789815965124	124.64873485655	1.0674123836089	131.88514180768	1.14390489093265	157.201825479471	1.20331112951892	164.738353578927	
0.0261466701135911	0.138081797267151	0.0252471385917759	0.277192325960557	0.0304293869976984	0.316370027101486	0.0296056271391879	0.348052642787751	0.0403608652260492	0.37980031655962	0.0506200090479696	0.702235316408826	0.0663665020346918	1.02781537482167	0.0836910349592686	1.36409785342162	0.0976912579903072	1.6991740969955	0.102654981213359	2.02730715102544	0.117999840088422	2.36517789060686	0.116941820329503	2.70446509103932	0.148700691199806	3.01826149222899	0.170223923878744	3.37028559692063	0.152515989428173	4.00538373726053	0.199453235963777	5.92170522781532	0.204067265788556	6.62947914295917	0.237507201927548	8.27931585774514	0.329999197831301	13.2381106383517	0.341722337237578	16.3533293625403	0.383192144814282	19.6226395957886	0.430677996144877	22.8832182810464	0.461639287527939	29.9745498638086	0.527704686361785	32.3285582259572	0.554288753668409	39.9820371480729	0.650580892464449	53.9057089707314	0.694350360234685	57.145432284994	0.729628525275172	65.9515908334871	0.863175204908424	89.8360413597425	0.935523848638721	99.8798196363862	1.03343387231285	125.814430289635	1.07415738510016	133.22021128143	1.14874575425292	158.706261543306	1.21088750726668	166.404407629394	
0.026228883541029	0.139040230014314	0.025406549500412	0.279246445112798	0.0306510869663525	0.318537418356483	0.0296836496252115	0.352266964549208	0.0409771693412473	0.383133257961389	0.0508614190968994	0.709664476233668	0.0666726433042634	1.0382210414536	0.0841380407505737	1.37784883058268	0.098307314315476	1.71635362163683	0.103523793250134	2.04759857348673	0.118586436145531	2.3881955269452	0.117358217444691	2.73099078651898	0.149332940584856	3.04858814778575	0.170983653681835	3.4036481310958	0.153172155063484	4.04438519652652	0.200823338518467	5.98133454980669	0.205287622933132	6.69726498767162	0.238452028961181	8.36255001493026	0.331553331324916	13.3696431819624	0.343503662156071	16.5207904667279	0.385138725793579	19.8246527658533	0.432124968397216	23.1177513712269	0.46346449459368	30.2738974141684	0.530190555936443	32.6628657614624	0.556914956459749	40.3818464597848	0.653601642774896	54.4050207815892	0.696940545775332	57.7303363616838	0.735548655411447	66.6155045883642	0.86691686089295	90.6637337695221	0.939602771577908	100.879598098039	1.04044210979947	126.979596731524	1.0787440945639	134.55589170276	1.15355168521165	160.205318288206	1.2154311513438	168.075244952377	
0.0264034338868692	0.139766603380352	0.0254593026030427	0.28149608378876	0.0308069330544695	0.322133691203717	0.02977475230691	0.355282324968117	0.0414906106182276	0.387365565889214	0.0512284539618489	0.7159481675538	0.067017691526184	1.04836617060766	0.0847367101039628	1.3915466059442	0.0988561174042826	1.73303942892176	0.104464913608342	2.06785507135313	0.119226406762276	2.41179570552629	0.117752560035081	2.75750926424902	0.149669342288622	3.07926009117066	0.171821326718313	3.43747004010908	0.154377713847413	4.08280318222722	0.202889167501697	6.0413340725039	0.206644915981046	6.76448132865674	0.23952641968833	8.44617719022321	0.333208520282676	13.5024339423116	0.345231887618886	16.687191725876	0.38700970589144	20.0255204092057	0.433713224825245	23.3514332326147	0.465379218528695	30.5739285552656	0.53258262672621	32.9961078639929	0.559828312459861	40.7818532118731	0.657942319998894	54.9041053497494	0.699711017275941	58.3131803529363	0.741326359605473	67.2825922904248	0.871180588968153	91.5002998203712	0.943099470254028	101.878579347606	1.04508076252868	128.145999969732	1.08393981565424	135.888249165302	1.15836649058024	161.706580404858	1.2193936846675	169.740971177314	
0.026461771665334	0.140739166036531	0.0256169207913886	0.283287511779775	0.0308484831905094	0.32499989449862	0.0299998373071681	0.357705451569191	0.04184929680201	0.390734072170111	0.0517062789460026	0.721640469067141	0.067369141578008	1.05815763003082	0.0852930906893723	1.40521702370638	0.0993757768834428	1.75012302734247	0.104950642398317	2.08773252094966	0.119913464242337	2.43519076032007	0.118558567481127	2.78511645801707	0.150163661836686	3.10872690320125	0.172753613397462	3.47103001466069	0.156146157046865	4.12214923082945	0.204767889230285	6.10112078800291	0.20754328006475	6.83031279303918	0.240973764059512	8.52919621190382	0.334791120506506	13.6357900154367	0.347274283524782	16.8541927567336	0.389196770844523	20.2237598603773	0.435266542261885	23.5843495468825	0.468477758599534	30.8728719116472	0.535348339148371	33.3286831395916	0.56380543502015	41.1807349263448	0.66162917534229	55.4044155383597	0.704909941205878	58.8927349130116	0.745291639170701	67.9499705651149	0.87670485794578	92.3347797087522	0.947114775371625	102.87561599573	1.04846333277418	129.308558708535	1.09090712724396	137.219384732684	1.16284453379699	163.205786161362	1.22457056031414	171.405028472276	
0.0265028513874322	0.141488298596905	0.0256787581599538	0.28564396150844	0.0308453265162882	0.327008058704752	0.0300715912908478	0.360940167547834	0.0420242091354699	0.394661779422843	0.05201574785734	0.7283282961578	0.0678042386697617	1.06821381788323	0.0857729321556992	1.41802934417213	0.0995735859716178	1.76609928327455	0.105217391316023	2.10780019317303	0.120541416161599	2.45846986545882	0.119759511788712	2.81056205219212	0.150696151710417	3.13847823426487	0.173588129465773	3.5045892907204	0.157532452981614	4.16309016926496	0.205982738870755	6.16031704501766	0.208625141596788	6.89607533955437	0.242914742362396	8.61215842291007	0.336461891052682	13.7696527280183	0.349947153161961	17.019254774083	0.391055533113583	20.42402400673	0.436776305039063	23.8185287345015	0.472397172030035	31.1712713756711	0.538377311171811	33.661649570653	0.567960615141583	41.5816506492228	0.664385423384831	55.9043941761492	0.710474860889243	59.4753218592457	0.748402915874794	68.6172221799408	0.88173166088743	93.1689839256642	0.954529817755667	103.869918280904	1.05266468780987	130.475543092002	1.09580190717708	138.555273770261	1.16794011646723	164.705066423669	1.23120578389667	173.069353988127	
0.0265077533543385	0.14249083819703	0.0258069744246946	0.288142583442133	0.0312575360675943	0.329471028447829	0.030098108349634	0.364070517195415	0.0418603036757116	0.398899646182021	0.052643526084961	0.73515442464422	0.0681701309736162	1.0791019095859	0.0863147893475984	1.43141454440939	0.0997164788295066	1.78326728279958	0.1056290222948	2.12741757095295	0.12097880486567	2.48198971747167	0.121086789340294	2.83687284499788	0.151034356547825	3.16930873531057	0.174223388032644	3.53893017921374	0.158532580692632	4.20263458956616	0.206884589992086	6.22083671134808	0.210635449941746	6.96103694869344	0.244622550329858	8.69624380888796	0.339271748916104	13.9017896999512	0.352215265004239	17.1869170439372	0.393270451407461	20.6233996713887	0.438980862407068	24.0510278162757	0.47464339797495	31.4736643507052	0.542344827582176	33.992883741808	0.571041212368998	41.9827153837056	0.667443653098917	56.404078516019	0.713455832488563	60.0609188398981	0.751013958570721	69.2845930040507	0.884955277329436	94.0043206307731	0.961988120521599	104.872721678136	1.058142368161	131.644032492679	1.09968303948533	139.889046843049	1.17399263508764	166.202871471088	1.2367581961814	174.738805503185	
0.0265840152477933	0.143847454981674	0.0260209017381023	0.290729477289409	0.0319075935365155	0.331783473186933	0.0304587043675222	0.366530576555585	0.0418181979446296	0.401589392961246	0.0531671997012283	0.741655230529247	0.0684261450831424	1.08828335275165	0.0869050431974224	1.44513909529365	0.0999417086300356	1.80015856311777	0.106237792769942	2.14696975615575	0.121468673675533	2.50594170313862	0.122346057622397	2.8634290412904	0.151694038598174	3.19815714918099	0.175023638220047	3.5718140136083	0.15920767630915	4.24333012451491	0.207642151906104	6.28269934476731	0.212344942578637	7.02827564141929	0.245947468850016	8.7802509637733	0.34172578219495	14.0360482246082	0.353622110693738	17.3543259940631	0.396696109621985	20.8207506408663	0.441986048123137	24.28307055001	0.476493003259127	31.7745932867216	0.545824539671596	34.3272695084058	0.573372591968815	42.3817200327513	0.67160180439537	56.9026117412414	0.715687527973229	60.6450406056623	0.753864586680037	69.950354502828	0.887553109875071	94.8378989989447	0.965685315358179	105.876724618787	1.06336750490342	132.811836439973	1.10321773179737	141.222045055492	1.17873500598715	167.705429988702	1.24120129910854	176.405515204713	
0.026822633852302	0.145085008001575	0.026334275847992	0.29247137056334	0.0322626713371669	0.334856022629973	0.0306162141091735	0.36940647142557	0.042110172971267	0.403590863286691	0.0536052917866943	0.74904632254566	0.0687400723666191	1.09813593021586	0.0876396828589013	1.45882837233707	0.100193565434895	1.81680700108615	0.106781474675964	2.16711891910052	0.122164429399963	2.52875631116533	0.123223358105661	2.88978546890016	0.152318130051469	3.22820859893003	0.176083316905625	3.60474650960506	0.159661743478424	4.28423800100059	0.208336395727239	6.34337035100891	0.213371762023782	7.09648849751191	0.24687429117433	8.86390701006469	0.343391545956772	14.1699565719939	0.354729828179295	17.5207794072729	0.399660738288773	21.0218064113698	0.445022238746497	24.5165661468917	0.47884877425265	32.0729294208134	0.548127811048076	34.6617484072566	0.576155962496877	42.781004078556	0.676379901633367	57.402165695957	0.718063437600605	61.2285700502972	0.759004424135366	70.6160042429017	0.89039013803776	95.6714922682768	0.968783230539852	106.877680272119	1.06901201407184	133.978686712996	1.10927384741279	142.552003431196	1.18312719434157	169.203711873256	1.24681981341016	178.06878273817	
0.0269417479071439	0.145382521894288	0.0263844110610651	0.295888800380911	0.0326029507189299	0.338119871541519	0.0309232694398483	0.372945264210381	0.0424609436523831	0.406533609652059	0.0540643413367991	0.756046550137603	0.0691164979812072	1.10828280559966	0.0882898749854142	1.47116292434474	0.100751475624502	1.83337127078086	0.107425253526028	2.18674281613816	0.122748067480524	2.55179513509124	0.123752527697993	2.91635982598202	0.152992712733359	3.25811732350128	0.176838767540499	3.63769972752813	0.160253668711728	4.32444971389481	0.20901866338905	6.40329490224242	0.214203212076268	7.16298166655219	0.247830051236524	8.94695024613108	0.344623760645024	14.3033396534723	0.355962815521822	17.6873632056369	0.401295703207077	21.2226870932376	0.447281030203386	24.7501474254462	0.48208060372641	32.3713884894793	0.549878737748801	34.996767473175	0.579140485339995	43.1810220065147	0.679780754923441	57.9044093101403	0.721849968167622	61.8098792220197	0.764421342184908	71.2825331514441	0.894837278176483	96.5042957761031	0.971979698361023	107.877637547698	1.07542286342553	135.144628015229	1.11778461919902	143.882662161442	1.18841169534835	170.701010281219	1.25382275299496	179.730306835849	
0.0268515709251575	0.146752584647964	0.0262857281731937	0.298189661796044	0.0329721440549224	0.341008746719271	0.0316328535175944	0.37571065184137	0.0426139895212657	0.410847233678318	0.054281327713084	0.762148866394944	0.0694818239041481	1.11801349622771	0.0887937726361399	1.48442949737469	0.101255043784938	1.84993274650798	0.108042991403582	2.20757044754631	0.12329014483998	2.57434734299503	0.124232216782466	2.94433838460907	0.15365296479678	3.28808681686765	0.17754097964995	3.67098379778012	0.160714397052229	4.36468424419102	0.209950064947924	6.46162223533633	0.214982378988954	7.22934677874454	0.249597422407971	9.02884888680764	0.345778470060151	14.4364312309988	0.35787527010036	17.8532000833315	0.402977494119424	21.4214238706405	0.448916070902207	24.9821026148626	0.484951035101081	32.6708608370581	0.55185021976453	35.3294843097983	0.582225990034942	43.5807605377143	0.682210475740769	58.4045742124358	0.728902355505186	62.3903017746933	0.767780710260662	71.9472441184072	0.901202410639844	97.3361456096583	0.974912466493159	108.879330808473	1.08068079711158	136.311880619586	1.12320554418459	145.220801274253	1.19492024062623	172.199664694785	1.26039633359341	181.392605793874	
0.026805965883372	0.148055650387111	0.0263419216541835	0.300141568300575	0.0331237296420199	0.344009031354719	0.0319733287186594	0.37929004446774	0.0425767748286015	0.414648804935842	0.054584244359729	0.768420974391104	0.0698733047963918	1.12767422125066	0.0891970762785017	1.49864450598651	0.10161940143216	1.86707245711114	0.108676081898078	2.22721227254266	0.123870771695626	2.59793983816525	0.124549816608448	2.97203521817067	0.154346497655028	3.31721392900528	0.178353206904716	3.7046050067881	0.161194260264907	4.40456394060316	0.210757667566153	6.52102617727535	0.215849163594631	7.29719735037285	0.251618463439432	9.11153915163502	0.347575739905142	14.5694985941395	0.361001502544685	18.0184651289925	0.404839806636712	21.6225653228168	0.450422514399158	25.2130948167827	0.487460103394392	32.9709962862786	0.554498682620731	35.6613070767925	0.585673869137344	43.9810913900433	0.684523865427539	58.9038971991639	0.734227904110322	62.9746284314142	0.770335183849919	72.6141455559617	0.905523335291578	98.1691800854721	0.979572452109151	109.877879924386	1.08435855378478	137.478432869399	1.12669412074956	146.555662131757	1.20040544193938	173.699943334845	1.26600742020748	183.061938099648	
0.0267103664182899	0.149080861870085	0.0265833879055266	0.30246123078929	0.0332726175514102	0.346701251959415	0.0321929133539709	0.382147138264143	0.0425751194754771	0.417559915439007	0.0547435566558497	0.776008691876743	0.0703631897821799	1.13782202795699	0.08943306651606	1.51252330716487	0.101969263858379	1.88364522512394	0.109274358189676	2.24711440218625	0.124673355701748	2.62112790652665	0.124980455176701	2.99711806222013	0.154850688745104	3.34800973828673	0.179077524505594	3.73738662853495	0.161910563741869	4.4447272247258	0.211411254293554	6.58126924081425	0.216786301288573	7.36410169831029	0.252880811450979	9.19597378356181	0.349981868677658	14.7030437257383	0.363483082878485	18.1864813014083	0.406541900619886	21.822907700262	0.452025584892293	25.4487026531633	0.489638549501148	33.271340351746	0.557473508789369	35.994582706934	0.588686758555667	44.38166066094	0.686809504722492	59.4033282193055	0.737540685055997	63.5595138816534	0.773280134912843	73.2825520107253	0.908190441557533	99.0035109622483	0.987927672722596	110.872301418844	1.08736812417518	138.646609345705	1.12996215229937	147.890448483458	1.20443627777422	175.201056439892	1.27093954220287	184.731538626311	
0.0270641541800154	0.149137643440609	0.0266736044541662	0.305242974772219	0.0335420612160889	0.348916402597924	0.0327003827635797	0.384707227484841	0.0428031255719079	0.420330658174545	0.0549487226568843	0.782080449113556	0.0706309497553292	1.14777914637523	0.0898612843674023	1.52543353291163	0.102295899838765	1.9005613019045	0.109841212722727	2.2674584443705	0.125853349113432	2.64462494113751	0.125466657384127	3.02363002069246	0.155402598202141	3.37910659757612	0.179815598791581	3.77129934149494	0.163079630233867	4.4842702480432	0.212650809014517	6.64125199970591	0.218177198338084	7.42951732718292	0.253718016881974	9.27994647951352	0.352136291624326	14.8366205223031	0.365451271333231	18.3543186598982	0.408204695464955	22.0228849992753	0.454014404819594	25.6830736932235	0.492685895477154	33.570633885399	0.560329932504919	36.3272660159463	0.591378319423416	44.7827253954228	0.689031490936561	59.9026437554533	0.7403645954619	64.1445706952381	0.777713955497454	73.9484178176261	0.911153875327984	99.8372457926049	0.993841989633173	111.874017031361	1.09238402322955	139.810404880829	1.13438506751783	149.222433416987	1.20893857012213	176.698786981508	1.27569541892101	186.39917219979	
0.0273146018239851	0.150319113381883	0.0269560120709089	0.307421600105239	0.0339647828236006	0.350850701285865	0.0327572919339534	0.388597187071264	0.0432493669423853	0.423535950181994	0.0553110000554448	0.788190332366456	0.0708691420003518	1.15782776723209	0.0902881234364147	1.53848916138844	0.102717913271483	1.91639855794893	0.110383555788517	2.28735358909512	0.126631504810666	2.66880626497756	0.126079505285545	3.05015641466401	0.156223422623676	3.40861066250792	0.18076092688846	3.8040481341226	0.165348995103883	4.52344167367099	0.214449985905552	6.70067922470819	0.220277948181011	7.4950111871481	0.254384985832932	9.36325514250108	0.353446790471148	14.9693274636246	0.367088811765954	18.5203492526792	0.409847051266098	22.2226164291406	0.457038086351747	25.9166046803614	0.495647582299534	33.8693201967623	0.564009078371861	36.659107409391	0.594084969282698	45.1829668407888	0.692256861536675	60.4021157537863	0.743165840025775	64.7289122531195	0.782169322192048	74.6148275168846	0.91447222884492	100.668812504111	0.997027109018075	112.876045568247	1.09904310117654	140.974707055408	1.1409314529328	150.551870252074	1.2141578977163	178.197530802038	1.28179483985425	188.064600401516	
0.0272219053277548	0.151873214198711	0.0273660201269838	0.309162154603032	0.0343144479113131	0.353480697904	0.0328381971805865	0.391268743957318	0.0434742952417972	0.42752608514809	0.0553800466960298	0.795761111423573	0.0717515037299853	1.16767778355933	0.0906226358825047	1.55167389445103	0.10337171050694	1.93360928189503	0.110810882303028	2.30690344599159	0.127104637072793	2.69186720781356	0.126648213729683	3.07697244994251	0.157621333286024	3.43799621664774	0.181791330412169	3.83642020678671	0.167141326043494	4.56265268050631	0.216287351422741	6.76020796386629	0.221933393403898	7.56157467103942	0.255173203347134	9.44597986626209	0.354620489099598	15.1035207957045	0.368297930087906	18.6868808969815	0.41257514878025	22.4220237587653	0.460348108455516	26.1493645324441	0.497574314943596	34.1697722956431	0.567690732185726	36.9931541745878	0.596759902683868	45.582049720927	0.698350938620908	60.899985877367	0.745881108896945	65.311264506076	0.785794202502652	75.2824144078215	0.91803791649259	101.500863503333	1.00010401926385	113.875593061913	1.10354225314295	142.142317287616	1.14774786316938	151.88680561538	1.21944759763928	179.692862256816	1.28862063983018	189.728553388355	
0.0271676796542415	0.152980600343077	0.0273030192600277	0.311619478203269	0.0346067914506516	0.356344514684919	0.0331780813963594	0.393936779280053	0.0433858021201319	0.43024743868569	0.0554061646598038	0.802882410944466	0.072689130836918	1.17739205962778	0.0911205043516849	1.56384139047982	0.104137922888532	1.94989450407657	0.111352955037888	2.32722816323334	0.127646173211594	2.71528414868681	0.127242431774414	3.10335099646236	0.159394590343458	3.46785721093931	0.182723071260617	3.87089101477303	0.167785857614633	4.60430794332262	0.217830456799842	6.82012273621322	0.222955469340851	7.62947413710057	0.256288745915675	9.52963498123094	0.35582998756127	15.2366924669686	0.369502710614884	18.8535894925646	0.415757850836852	22.6205854475325	0.462500202798765	26.3835344068378	0.499334540393885	34.4709210237767	0.569834599341628	37.3277858103335	0.599102080363604	45.9822129352005	0.704867175233285	61.3985898831016	0.748490478259504	65.893050514934	0.788809955440727	75.9499342435362	0.922287302627939	102.333056063579	1.00457940502207	114.873866506357	1.1067922409554	143.309659298935	1.15200362086897	153.221442955476	1.22569045099236	181.188163909273	1.29333016659108	191.395844235143	
0.0271657412867399	0.15417438120405	0.0271295102812543	0.314121854530913	0.034689480756275	0.359365375727523	0.0333451793105782	0.396427892425845	0.0435208314635429	0.432827376717817	0.0562705629668187	0.808193976165856	0.073181277615254	1.18765930844864	0.0917807788396258	1.57767048231811	0.104615951192033	1.96719603196939	0.111760382067296	2.34795777294517	0.128137748911642	2.73808338989177	0.128110706918266	3.13128508443858	0.160260797578657	3.49828049120861	0.183309030787835	3.9048214228611	0.168347342342499	4.64424398474785	0.218957837834601	6.88089013433673	0.223658215229067	7.69607394257058	0.257306699728661	9.61374458159462	0.35776626859025	15.3689011507363	0.37077720377705	19.0212089215824	0.417694084385762	22.8214810305608	0.46454396506831	26.6164525837506	0.501036756872053	34.7723565992496	0.571581606914715	37.6610688910553	0.601436826237607	46.3816608937706	0.709156997625801	61.899179468471	0.751679816774821	66.475447471372	0.792933778402168	76.6143993413512	0.925874434050706	103.162126830704	1.00957020084118	115.87487431375	1.10954187853062	144.478282810056	1.15551595728314	154.550626470835	1.23053958172135	182.691780409281	1.29664273306646	193.058351809414	
0.027374153584335	0.155068014275778	0.0271955431270629	0.315450793574107	0.0346250858711337	0.36212046060302	0.0335806406093124	0.399679925182787	0.0436204452490676	0.437133695682978	0.0574731953111486	0.81448546731218	0.073577009060828	1.19801549857115	0.0922562130692391	1.59135417142636	0.105191176239953	1.98341571232786	0.112319836459581	2.36726990976576	0.129147454550698	2.76142931742208	0.128914387216202	3.1594263916778	0.160840961744507	3.52877362066768	0.184179097988405	3.93757231096445	0.169004811031972	4.6838573229163	0.219979134315685	6.9406680022717	0.224238588258515	7.76313195872553	0.258377638648379	9.69551004314934	0.360843822701084	15.5025375519431	0.371939204152794	19.1882565185665	0.419102152913407	23.0221363323762	0.466492596851898	26.8502536544223	0.503645201486922	35.0700780604714	0.573671045445912	37.992016214871	0.60460946087154	46.7809412142852	0.711643039687027	62.4000186482785	0.755621367146014	67.0595208083647	0.798542005368164	77.2755042274767	0.929901783523913	103.995518934369	1.01326410638612	116.875390382847	1.11271009824645	145.644760554067	1.15887689859187	155.879452358341	1.23456127641554	184.193355450303	1.30040427375909	194.71947357576	
0.0274763452794872	0.156332604752889	0.0274688651623778	0.317535762785167	0.0348863050727008	0.364725718966442	0.0343045511611419	0.40242598787127	0.0437730372815477	0.441438210210737	0.0580888505622611	0.822033312551987	0.0740132454656839	1.20804723920714	0.0926344040901693	1.60431061405369	0.10583123722119	1.99929103618072	0.113163749779348	2.38643745876351	0.130227207649962	2.78461156501766	0.129610383483789	3.1843830415244	0.161335124574264	3.55980761568626	0.185203524347843	3.97059887053678	0.169330615559548	4.72500408363102	0.220845289213431	7.0011732331029	0.22484900259944	7.82991011246011	0.260537706323785	9.77718702906367	0.363035006981312	15.6368463680168	0.373520024473624	19.3530540403172	0.420436664259697	23.2239464741293	0.468269851654912	27.0834270137085	0.507591020066164	35.3681795012855	0.575941848690923	38.3214845985083	0.608964497107822	47.1796366642508	0.713595430887762	62.9009062568576	0.759579103516514	67.6431694622835	0.802050571815509	77.9443502664747	0.936372026831553	104.829000444998	1.01674352466286	117.874371632414	1.11872833199027	146.807840833487	1.16321149745661	157.212390966142	1.23957282172274	185.691726741821	1.30922385775163	196.386257783091	
0.02756864421157	0.156480408548843	0.0278575992176418	0.320558806614951	0.0351317438950469	0.368246933038492	0.0346077198003959	0.406178169930855	0.0439435069472928	0.444317859474671	0.0583655331586734	0.829166195396851	0.0743391964175776	1.21817118077363	0.0929693847412226	1.61736077101064	0.106245794101184	2.01693424302687	0.114236713342033	2.40702923274085	0.130793598695778	2.80731674264706	0.130047904022387	3.21113202158071	0.161685978247832	3.58920527701898	0.185952198685468	4.00310295816958	0.169913100947958	4.76411730160065	0.221606630434468	7.06162258458228	0.225567226009506	7.89634879913236	0.262768482593651	9.86118393940117	0.364334125316535	15.7696715872996	0.376248157835004	19.5179968483827	0.421635210114584	23.423443210717	0.469941281958615	27.3175577725559	0.510969231752114	35.6693766581907	0.578918543153766	38.6565409173279	0.613299928916546	47.5788350283828	0.715486892648848	63.4017268102145	0.765086767743398	68.2230555731795	0.804265661705021	78.6149471918297	0.941424005666363	105.66383051065	1.02104963413753	118.873747762734	1.12651163418438	147.973528815992	1.16989751441244	158.546134236609	1.24726687397587	187.190574870473	1.3198942500559	198.053176100867	
0.0275414500608923	0.157847240777492	0.0279462494825231	0.323087230869617	0.0351122518228258	0.369900030529917	0.0346696902724185	0.409477321787068	0.043960287788147	0.447039707777365	0.0586033713468704	0.835934174432781	0.0746598843055174	1.22862981637448	0.0936878389971126	1.63146879394678	0.106701603056163	2.03360305367561	0.115038503951545	2.42678258361021	0.131420351278198	2.83122053237306	0.130689118708557	3.23820766301455	0.162212379742825	3.61844950296481	0.186697621618816	4.03628877389461	0.170864565802865	4.8037106163347	0.222805037272161	7.12153782259048	0.22709522440308	7.96181425376036	0.263886525713834	9.94484464230521	0.365357287763433	15.9040129996618	0.379344066878973	19.6840889084507	0.423019552672804	23.622615847064	0.471395216609738	27.5506789777804	0.513255116698183	35.9685360813993	0.582847741708233	38.9912396082959	0.615823344781188	47.9810583280934	0.717873387135759	63.9021450322383	0.770279676898179	68.8059144655926	0.806678257845733	79.2818113764831	0.944219123442881	106.5004338144	1.02627530757806	119.872475692573	1.13096167431278	149.143404024594	1.17622530072347	159.878774821201	1.25406954095274	188.690227661793	1.32483800921793	199.724639272591	
0.027862701770077	0.158120191038466	0.0279400755647136	0.325709253038585	0.0351456633404141	0.372297895007355	0.0349132051191096	0.411774661638883	0.0439687482949602	0.451110373038511	0.0587108987607719	0.84295873282583	0.0749611293969351	1.23797505589027	0.0949968203470688	1.6429265057921	0.107177894734097	2.05008094320562	0.115432561592158	2.44705561245152	0.131990075932059	2.85469568090445	0.131586183704997	3.2647340569861	0.162816041325723	3.64816334829658	0.18751305971876	4.06963384577233	0.171850622469569	4.84299380066613	0.224149712159363	7.1807853023444	0.229138094625861	8.02857517802812	0.264596571424803	10.0293956895483	0.366569475407405	16.0375776890337	0.381480465287842	19.8523919282058	0.424753664993573	23.8233717317128	0.472644230209299	27.7843738776836	0.515101624805103	36.2686044753977	0.586576453677396	39.3253683298753	0.617560679425454	48.3815121149964	0.72079954901036	64.4037404459405	0.772815170194529	69.3920441627323	0.811698191756797	79.9459635499279	0.946616428797546	107.333848269806	1.03074648140081	120.871941229856	1.13378046837228	150.309404931469	1.18071051659109	161.215304608679	1.2578233998874	190.191698394691	1.32799258788922	201.393599049353	
0.0282314155316972	0.158983599783701	0.0281974517480686	0.32809116861769	0.0353277268080889	0.375200099738822	0.0351232088549013	0.414943806690621	0.0441939650191541	0.454489996982115	0.0586782663265243	0.848686191764693	0.0751415215684019	1.24849527519344	0.0959735884331562	1.65686118632228	0.107690072151028	2.06695185084346	0.115808186551625	2.46748277517161	0.132704866364921	2.87815709242852	0.132331179950004	3.29081807275572	0.163327575358809	3.67828930384805	0.188345309873421	4.1031148907395	0.172683374749699	4.8828222743391	0.225360184237385	7.2405561853604	0.230298382791357	8.09678430883063	0.265456497552725	10.1135350922329	0.368157709364487	16.1691661119962	0.382911123559768	20.0204174138468	0.428627321247955	24.020003720197	0.474416829132842	28.0186312963951	0.516680897317127	36.5693881250993	0.589123983986565	39.6592511823067	0.619737838950699	48.7811239863318	0.725838073167994	64.9001800581145	0.774795823906716	69.9763782700335	0.817831771516577	80.6126936241369	0.948732346869199	108.1662494463	1.03421069184926	121.872934136088	1.13663869134096	151.476746942788	1.18405769504178	162.549882344133	1.26085667202372	191.691291581368	1.33126791004714	203.060204442758	
0.0280997887578536	0.16103149071652	0.0283697891084825	0.330483765302066	0.0354356311544349	0.378455333916962	0.0352139927186868	0.418873609419047	0.0444273670501657	0.457871076117172	0.0589108603798985	0.855599573530679	0.0752794054096814	1.25891002222005	0.096402418044105	1.67047502624074	0.108224155811653	2.08303905057198	0.116210752408966	2.48680189691118	0.133557286556814	2.90093165358644	0.133033430619129	3.31689533643699	0.163732041978579	3.7081593785343	0.189080381036998	4.13750024988366	0.173343012774671	4.9234796250641	0.226487641873427	7.30055757070266	0.231113941878797	8.16302555512644	0.266234307938763	10.1957392066995	0.369833538755948	16.3024625804794	0.383989123583809	20.1884596632934	0.432681915484141	24.2194240883371	0.477754733876235	28.2499606370712	0.518431325451814	36.8684655919253	0.591242121650796	39.9919717442201	0.623000791970489	49.1798939420998	0.731419661907413	65.3979309724113	0.776790009025812	70.5618225137908	0.821083073152194	81.280317767975	0.95097903846314	109.000587773656	1.03740882964823	122.874381527716	1.1394115559179	152.642747849664	1.18769206047042	163.882046091589	1.26367963727294	193.183925926098	1.33636706412972	204.723859406387	
0.0280483459780641	0.16159478077634	0.0284703390245399	0.332249989377102	0.0355206121014955	0.3812971482031	0.0354008511588572	0.421574561172465	0.0445514235800781	0.461039784611474	0.059246464021735	0.862419823043626	0.0755569976434043	1.26831521562372	0.0967172787514503	1.68463578531517	0.108886227545527	2.09935931376372	0.116682302330754	2.50749634919749	0.13421497599886	2.92469504644098	0.133547751073326	3.34416818541664	0.164076887893929	3.73851746622646	0.189826737213776	4.17044857836344	0.173975557336577	4.9644969319471	0.227530891295298	7.36135849643725	0.23195407557717	8.22908426220629	0.267025887349934	10.2789510121439	0.371607267295314	16.4367481134898	0.385108449606566	20.3547882792841	0.434530051112303	24.4213627525994	0.481776681958595	28.4825304993577	0.520427749179681	37.1677703014487	0.594425468106794	40.3250611098556	0.627158473816452	49.5785297874234	0.73445128120926	65.8999659703479	0.778649766252526	71.1454935194504	0.823400815726987	81.9475693828009	0.954393621839946	109.83392027268	1.04176966154204	123.872230289086	1.14392917406396	153.805321489627	1.19308174173722	165.214299246007	1.26824121366962	194.67998753774	1.34432984994299	206.382090347599	
0.0283933984404232	0.162602559065698	0.0287397651541607	0.334640490585784	0.0355733600614792	0.383598213345037	0.0352951121491374	0.423950801504901	0.0448068929473947	0.464299966440557	0.059480656495317	0.869265160057236	0.0759559640554122	1.2781540560806	0.0968638936021866	1.69868990795987	0.109524316451206	2.11676549902589	0.117099381756153	2.52719894298895	0.134618731652803	2.94803235923788	0.134054873498308	3.37066175026899	0.164612264498029	3.76896007143826	0.190533324045141	4.20318642795136	0.174816723886271	5.00431097012085	0.228523069230955	7.42128351333203	0.232668605874122	8.29607429181653	0.268006394821233	10.3623574639971	0.373591853375001	16.5702122200284	0.386745217449006	20.5194498279454	0.435819550349151	24.6208203736408	0.484184786208788	28.7168288962606	0.523966719139017	37.466642877318	0.59787473820066	40.6591861061449	0.630381679042213	49.9791474870917	0.736479649490456	66.4005108522358	0.782354578772769	71.7277116619625	0.825759496739335	82.6147092389232	0.960059609920912	110.663199656051	1.04785955686217	124.868939111679	1.15060828237017	154.967135170406	1.19890254435537	166.546343784179	1.27584407356341	196.181264555553	1.35093079313052	208.048159299226	
0.0283436699664725	0.164212684753494	0.029121105177553	0.336570540114681	0.0357829690911214	0.38616694640297	0.0353013897726193	0.427112932533832	0.0451564859711117	0.467650602970402	0.0596065975157141	0.876326331067261	0.0765445433028459	1.28816100025422	0.0971759319451949	1.71151573260231	0.109889178077821	2.13341288925644	0.117538711857437	2.54722098040832	0.13570534996734	2.97077455693786	0.134504014634734	3.39716532683855	0.165303677907652	3.79881803893161	0.191249301780398	4.23751218245358	0.175610364215402	5.04417623103376	0.229368888042487	7.48051329795787	0.233275550238092	8.36344616366422	0.270024296672788	10.4446072132676	0.375565387551531	16.7027822569379	0.388255875547401	20.685558651819	0.437110499081905	24.8216991928635	0.485770997018791	28.9505033070681	0.528888002080812	37.764431393762	0.600767053801936	40.9922009659779	0.632314717601477	50.3802494744758	0.738313173432467	66.9009067225189	0.789604987720518	72.3083428308829	0.828317266939847	83.2827506152549	0.965387641129069	111.495548678482	1.05367399252302	125.869023047122	1.15518938957374	156.136012001255	1.20472577594429	167.881383455608	1.28220941988094	197.684001887092	1.35738910684399	209.71716377947	
0.0282764803787304	0.16535621785357	0.0293827471239004	0.339495824182604	0.0358193052555495	0.388876920343402	0.0355106866171121	0.430529780274822	0.0457610596855523	0.470053240475808	0.0598392967212295	0.882188191488789	0.0771039030000102	1.29705140512923	0.097572080294407	1.72452409646071	0.11019060787378	2.15000602994959	0.118009416592345	2.5672723544874	0.137143226990577	2.99385296207131	0.13520101230983	3.42347658530558	0.166889509378568	3.82710207134862	0.192098625310158	4.27078973344785	0.176190251496129	5.08425942141879	0.230054784602719	7.54052865313809	0.233777302918983	8.42999474639506	0.273213228742056	10.5262991003424	0.377845677688009	16.835063583863	0.389788276023282	20.8525224297754	0.43834540516718	25.0213915071825	0.487028199050921	29.1841684046503	0.532030383416906	38.0615195556631	0.602793530575903	41.3274882527851	0.634018965957639	50.7796005755028	0.74029953197284	67.400907712049	0.794768547789699	72.8913805372218	0.832581918529269	83.9486462244767	0.968887340622767	112.330371293555	1.0570222103592	126.870336328305	1.15821655354983	157.305604087807	1.20973648428372	169.215320441162	1.28643209204311	199.185785544361	1.36255592466664	211.386302370158	
0.0286832026807336	0.165848261739816	0.0293247038441815	0.342399484105526	0.0357689854485134	0.391852903281573	0.0355735576780665	0.433917989848002	0.0461256345026627	0.473652569225095	0.0600651051466671	0.888745749840511	0.077574689668034	1.30718850162647	0.0979847790636292	1.73801104368441	0.110583596012653	2.16733165581288	0.118471017206685	2.58741546383573	0.137888935284084	3.01736396652012	0.135799506309714	3.45029657870483	0.168642063417423	3.85708320624661	0.193059769610162	4.30453806798123	0.176634187991615	5.12415588163647	0.230753100614359	7.60140501599765	0.234458987246892	8.4957526362976	0.27496357402712	10.6102000844593	0.379707024255062	16.9685574927226	0.391918278035935	21.0188510457661	0.439451889587425	25.2229129389512	0.488114398942349	29.4180048655781	0.53369654284802	38.3620014568649	0.604344688947667	41.6615759961731	0.636470500427855	51.1753157933711	0.742236785249773	67.9008341957768	0.797110499763194	73.4756997433624	0.838774512364871	84.6118596248109	0.971557155256266	113.164903335997	1.05965030508509	127.869682656304	1.16102369580347	158.474436215175	1.21394241646991	170.547990828074	1.28999365394262	200.686645329679	1.36645368270067	213.05404025176	
0.0286770136274795	0.166347901725451	0.0291918916218433	0.344933176153254	0.0358195377747775	0.39337293806647	0.0357042592498635	0.43657464557357	0.0462414568284117	0.477308795960221	0.0602788267018089	0.895663962842123	0.0778432759222138	1.3179777567256	0.0979518006430347	1.75174583911651	0.110922833774126	2.18328544358892	0.118993850606992	2.60686590205208	0.138401699498258	3.04200932181093	0.136147852711568	3.47748211619726	0.169440453459693	3.88810486124167	0.193847949784207	4.33761398764768	0.177140408296787	5.16421811726457	0.231569154009997	7.66042944400554	0.235674028658313	8.56212613039272	0.275744046345538	10.6953434528317	0.380925211289898	17.1035191658901	0.393651499386629	21.1853156348462	0.440672702416343	25.422566137724	0.489318539516762	29.6502301385284	0.53516185285055	38.6655418212565	0.605917570753235	41.9944343938211	0.640583661364275	51.5735083291703	0.746978862562655	68.396789520235	0.799496620344365	74.0594378042442	0.842976965770985	85.2790069315134	0.974197455139345	113.996723367232	1.06253112284772	128.865646420873	1.16510680820103	159.639230128051	1.21830243648288	171.881376470689	1.29431173934028	202.184718597987	1.37065484662548	214.720884063733	
0.0284585598345947	0.168098540700018	0.029292648518522	0.346903330758615	0.0360143269913046	0.396346912840435	0.0358783961263124	0.439161975978282	0.0462434204201979	0.480410245505532	0.0603855979079705	0.90342938830809	0.0782328881622726	1.32813510948788	0.0981495079784019	1.76419214982782	0.111565558745387	2.19980570829407	0.119533893975405	2.62702065293204	0.138734566626217	3.06482602531335	0.136485486054521	3.50493261494957	0.169818875498078	3.91921475904649	0.194485941421954	4.37190900850639	0.178389072525462	5.20359163988144	0.23249195889978	7.72059520777442	0.237254442989553	8.62866539989825	0.27657121194453	10.779670051345	0.381944480258361	17.2381418376565	0.394915804319272	21.3524992049198	0.441993118140136	25.6220870886974	0.490709856254955	29.8842528639623	0.536440308871616	38.9663366468285	0.607946375149707	42.3269090865865	0.644471396156966	51.97723664609	0.754416594261547	68.8936240131619	0.802144616409757	74.6414920339909	0.845525110281181	85.94780826703	0.976927444689869	114.829772744206	1.06735171549031	129.863383423539	1.17080420366286	160.80472439547	1.22298138191112	173.213286898417	1.30070385886524	203.683477319677	1.37690271636115	216.384300608794	
0.028699082027527	0.168490103616385	0.0295793978767179	0.348865540018638	0.0361152091159443	0.399338524534819	0.0358857928299133	0.442501989610515	0.04608663475856	0.483935970671089	0.0603706826342844	0.909336708910632	0.0786198148405491	1.33786323897896	0.098596294533462	1.77786175268279	0.112136233642234	2.21605216417528	0.120453869303518	2.64726993304882	0.139246362913928	3.08778196153405	0.137248620039544	3.53153817133621	0.170095769769534	3.94924199440974	0.19523708445999	4.40473719637976	0.179534407963592	5.24397657876631	0.233445252723774	7.78055235529649	0.238625406583971	8.6956004814792	0.277262063885903	10.8628911700147	0.382865462945587	17.3710993047386	0.395971130119383	21.5199100176908	0.444949336271386	25.820846217841	0.492973024622366	30.1172660357733	0.537798813837685	39.2669973619562	0.610498476270761	42.6582848187661	0.647583819366029	52.3783647105049	0.758298748449915	69.3963593656413	0.804557808614478	75.225088533848	0.848342081871039	86.613621919869	0.979963865541286	115.665780001537	1.07493920884156	130.863489710723	1.1766942600101	161.971738581258	1.22846546734285	174.547372895575	1.30553575214629	205.182116832083	1.38315526198227	218.050980508002	
0.0288067290639994	0.169770963133948	0.0297403667134019	0.351256535992414	0.0360934738514311	0.402959913986544	0.0359216600210366	0.445354223067462	0.0462416017072685	0.487228690581077	0.0605214096380041	0.916375353556954	0.078894390494251	1.34787565467245	0.0988648125129626	1.79160749115462	0.112744364054297	2.23291003329769	0.121355005562059	2.66718975782049	0.139830587305707	3.11177888351309	0.138398639931301	3.55691088952325	0.170552862549761	3.97808365619181	0.196190832949878	4.43741031905182	0.180149664489277	5.2850702540968	0.234459231430841	7.8407483870476	0.239965512644163	8.76188270596634	0.277792503726495	10.9449751438748	0.383829441609323	17.5038332544134	0.396973808230937	21.6862907877432	0.448821681872593	26.0192160541669	0.496032772011305	30.3493888632452	0.539175118398007	39.5670136018928	0.613722321690651	42.9911096888029	0.651199143469116	52.7777158115319	0.760405084295302	69.8971203143563	0.807107719453711	75.8080144814833	0.851546669699153	87.2799943662263	0.983540018469481	116.500043823091	1.0799347394057	131.867172276424	1.18172539248667	163.137813993936	1.23335525013954	175.880937352116	1.30858166902968	206.678044333281	1.38743847589759	219.720417121899	
0.0286410677075755	0.171104165888101	0.0298302597584148	0.352725842803234	0.0361041913573942	0.40492421872226	0.0360919222172153	0.448034831244358	0.0465747932178132	0.490885412081298	0.0606398741375413	0.923168420093545	0.079147153013235	1.3577406885755	0.0990251828118971	1.80453133749339	0.113546543956651	2.24877045599006	0.122123190269496	2.68648908895629	0.140052821908791	3.13588477022818	0.139216541961546	3.58380655287809	0.171054147305127	4.00838423471772	0.196849587071151	4.47099054986847	0.180835792506476	5.32458114678691	0.235663364287121	7.90024685822346	0.241146393242414	8.82880381770933	0.278430181054457	11.0278879947869	0.385813763490259	17.6353918750549	0.398614441743097	21.8532229007335	0.451268760238084	26.2184762348318	0.499059891343218	30.5826479042042	0.54038977219561	39.8669106325455	0.616778795870605	43.3241767026977	0.653993775765146	53.1780690156015	0.762449697566358	70.3989243443053	0.812591290266576	76.3878186359967	0.854428766403808	87.9471193211881	0.987046591810653	117.329792593017	1.08270441877231	132.869483935359	1.18560081971674	164.305811656316	1.23747014940883	177.214442204016	1.31275127582258	208.178427281464	1.39271726561504	221.383967777405	
0.0287276343855758	0.171731091470192	0.0300280816843058	0.354931301866661	0.0360866847514019	0.407186284733237	0.0361080054799971	0.450911249983265	0.0466560410339927	0.494678746955194	0.0609130718121846	0.928770732567389	0.0793858061174139	1.36772819139129	0.0994770905875735	1.81701094298516	0.114073200133458	2.26637291747551	0.122690014394865	2.70713720794671	0.140537087355253	3.15902697095496	0.139683317522163	3.61131735476425	0.171508135076253	4.0387174095322	0.197332368402687	4.5044264256929	0.181444652729077	5.36369948703046	0.237000646661668	7.96065988812415	0.242062884355925	8.89526392479978	0.279238459550914	11.1123654675501	0.388698094773095	17.7685803101246	0.400746595172023	22.01850098491	0.452712941933703	26.4172502651359	0.501378692686768	30.8163968208141	0.542461056997184	40.165663999131	0.620072395462671	43.6574970363207	0.656156306634145	53.578448296702	0.764396560273294	70.9005272085877	0.818366351151862	76.967652592831	0.857476747413326	88.6129553257679	0.991496742810497	118.159772330931	1.08501914935928	133.869262397012	1.18900887991774	165.4726768305	1.24147219831912	178.548677212779	1.31999328387582	209.677528729845	1.39892949965436	223.04903835128	
0.0288598863824558	0.172525917042214	0.030327924142812	0.357839240052457	0.0363071983693425	0.409848499290158	0.0361786097692383	0.454274226536639	0.0465777630774465	0.497566603498928	0.0614368957119003	0.936042440676938	0.0796499126867166	1.37783956010363	0.0998164393277755	1.83185494355094	0.114644762545796	2.28283916547389	0.122945085205575	2.72802537531934	0.141943053166276	3.18062061514435	0.140367101097772	3.63789287599928	0.172120519886248	4.06760098082814	0.198036880139666	4.53745158828144	0.181815631238694	5.4033063059412	0.238302690773046	8.02102635189833	0.242900238813105	8.96183020265869	0.280229826196894	11.1963195370512	0.39113616821559	17.9032756250484	0.403144721971444	22.1843173735089	0.4538102223112	26.617588917291	0.503696655688661	31.0494342070109	0.547166120611602	40.4633221304207	0.623561886855335	43.9918604511777	0.658239261186886	53.9787828743211	0.766471510969845	71.399090236131	0.821155961660299	77.5523741303048	0.860507176691365	89.279230914582	0.996952927835306	118.992970719511	1.08755972844767	134.870650183998	1.19272808118485	166.638603231573	1.24672313965837	179.876802745743	1.32629168819335	211.176659980547	1.40359633082812	224.715822558611	
0.0288558768466749	0.173967749838387	0.0310841982153098	0.359820716047327	0.0365767876521261	0.412881205591195	0.0362478892171899	0.457243195452003	0.0468772334318391	0.499648109354327	0.0618443440686116	0.942916357650698	0.0798009934911479	1.38816140770783	0.100021639342449	1.84440777427667	0.115051597987465	2.30038970572827	0.12317031431052	2.74719734809911	0.143550065494108	3.20400612388219	0.141018584456455	3.66459994654172	0.172599991856144	4.09775068510414	0.198966041352635	4.57043391003359	0.182320655815899	5.44395713740849	0.239683891936719	8.08108268526988	0.244012194919539	9.02905399422405	0.283251348338506	11.2763667085374	0.392525878262382	18.0374046958737	0.405607016520976	22.3519237640113	0.454962770082889	26.8200453968802	0.506107965335795	31.2835109491515	0.552003115105785	40.7627125216169	0.625793350991033	44.3259109416646	0.660445169018997	54.3796762454583	0.769525739972434	71.8978544293409	0.823417180463553	78.1391222256047	0.863949312248551	89.9393597746956	1.00047894828618	119.828337226941	1.09138516252065	135.87010082012	1.19667078718116	167.806839312521	1.25334923550005	181.204943179867	1.33129513920722	212.678667155223	1.41024974728496	226.380118272141	
0.0289124052210783	0.174844459033509	0.0315589351549914	0.362287411080526	0.0367595988641469	0.415127177184694	0.036325146892384	0.460010678558685	0.0470941783788234	0.503890981972106	0.0621025403018649	0.948466457855182	0.0801104059672442	1.3976873237945	0.100359572510171	1.8574913424294	0.115471431400666	2.31756352601911	0.123571223382831	2.76716816277932	0.144105884288265	3.22784192706348	0.141513663760019	3.69101667728532	0.173023717135411	4.12830178939072	0.199667074032263	4.60414359468196	0.182825208881946	5.48477560693125	0.240898254745774	8.14059978289635	0.245319547715117	9.09545077138244	0.286078818978748	11.3597051738459	0.393533967791794	18.1701349202584	0.407191189090852	22.5195785832853	0.456302862635837	27.0206131543778	0.507754342439356	31.5180626657827	0.554548660548302	41.0641480970898	0.627837179689952	44.6604829727684	0.662915243580953	54.778710696825	0.773635848368022	72.397058206785	0.825618869701036	78.7231732108567	0.868473213656094	90.6025433727089	1.00287835886352	120.661163086508	1.09821296053936	136.863784707135	1.20067922564556	168.972586899668	1.25771059468503	182.543126996159	1.33715388777195	214.176949039777	1.419335338845	228.04255134061	
0.0289934823825853	0.175796867288054	0.0316967250316533	0.364546857746886	0.036864761428841	0.418515386757874	0.0364876638520354	0.462836602154149	0.0470144431527361	0.507709113308373	0.0625284517590464	0.954882047728679	0.0804258744236932	1.40804432882423	0.100607829389476	1.8714855111862	0.116028098257172	2.33291870623875	0.124211750898467	2.78747308941729	0.144486441703809	3.25124047431674	0.141753304520129	3.71841246083898	0.173655047991927	4.15871878323294	0.200396580668592	4.63733080739079	0.183990915199921	5.52381431909846	0.241922936220627	8.20063376452718	0.246394699181491	9.16237560841555	0.287188118615567	11.4443987134361	0.39459201769011	18.3034835428033	0.408462429972718	22.6856147640014	0.457770322072787	27.2208046575731	0.509130071349271	31.7510758375937	0.556288170407156	41.3655426943714	0.630007325576287	44.9938070316816	0.665491616892046	55.1788664605182	0.776908347289855	72.8981842339319	0.827464004231968	79.3075520216393	0.872197827080837	91.2755170331615	1.00521080237082	121.495181038914	1.10313905184932	137.86609636607	1.20397645266242	170.138200376371	1.26089952701768	183.877645126971	1.34191333019265	215.677048865911	1.42465494879769	229.711719733618	
0.0289551596998199	0.177035919155152	0.0320027099991122	0.367420598933519	0.0367165190540475	0.420736503681343	0.0364516272300449	0.466226150503467	0.0469274929066177	0.510917868671481	0.0626169945027297	0.963033157137539	0.0806335803422069	1.41827548889703	0.100765135389748	1.88549376619628	0.11649914851276	2.34951487373013	0.124628750486237	2.80797405944792	0.144957232661721	3.27497709164854	0.142306452447026	3.74394583216251	0.174684372840368	4.18823518818827	0.20126687966662	4.67003745767394	0.186345232943448	5.56156082125476	0.242994240661199	8.2605541248093	0.247170406128941	9.229234321549	0.287932784636804	11.5283546455823	0.395710987714851	18.4369923528234	0.409647913539557	22.8520253363748	0.45904564032269	27.4211004688918	0.51065766128785	31.9843348785526	0.558017461358142	41.6645344795246	0.631750771166481	45.3263301532186	0.668153298917542	55.5785863652672	0.779417281318232	73.397477418339	0.82965594024324	79.8913645883234	0.874701717915772	91.9434764531105	1.00717398730297	122.329236244221	1.10587696595652	138.867737472784	1.20685701189552	171.305005945912	1.2644300759396	185.211149978871	1.34479132188543	217.178758017377	1.42760183905932	231.379368208258	
0.02891568051232	0.178471334557014	0.0323321462162117	0.369976730033464	0.036893430937082	0.422858609378301	0.0365313215565105	0.469638225216489	0.0471029753230007	0.513692220281825	0.0626767924203656	0.969867958565024	0.0810980793837588	1.42762422087231	0.101054709199015	1.89786498902858	0.116825093594403	2.36651872765917	0.124866445678569	2.82754068014994	0.145544740704822	3.29796981510919	0.143050302091331	3.77012717113655	0.176125795740433	4.21678208638948	0.202081864229932	4.70337042235877	0.187749047640857	5.60239186363168	0.243897292586205	8.32043443822261	0.247819932793394	9.2959719627535	0.288637258323376	11.6117825178537	0.396629585279135	18.5710636816518	0.41058937690952	23.0189183338189	0.460244327310781	27.6214596101426	0.511979784399464	32.2168041580058	0.559629360437076	41.9641968168997	0.633671514579786	45.6593897165331	0.671563117450645	55.977535134961	0.781882044503758	73.8973740997458	0.833058784130454	80.4737466436009	0.877303676840528	92.6107355185167	1.00931807139824	123.161920542763	1.10909220060864	139.866472853203	1.21127759749225	172.469293219332	1.2691644993166	186.547620161707	1.34739427040639	218.679677407338	1.43126654687818	233.040206852555	
0.0290297912505304	0.178779806041374	0.0325586172660262	0.372181781643284	0.0371934952075222	0.425822164981458	0.0367476920811931	0.47280411063937	0.0473476661856322	0.517871821175197	0.0628031097562034	0.975439712018339	0.0815547453563325	1.43799659272378	0.101788289780833	1.91077637892851	0.117091406097263	2.38412933821676	0.125200807721876	2.8467769141843	0.145779818036697	3.32097767256097	0.143922315214763	3.79706125154578	0.177025586223285	4.24788593059785	0.202777210332486	4.73710245874787	0.188350473022192	5.64309904011206	0.244528665657794	8.37998785742776	0.248421947672786	9.36261647170497	0.289200096184316	11.6950306448768	0.397559537929911	18.7052709835697	0.411468688662303	23.1865973674786	0.462219554262059	27.8212301555541	0.513372677107169	32.4509833456249	0.561158387091991	42.2649432137001	0.636583957156257	45.9912236593976	0.674582812433029	56.3782608680428	0.783957282309595	74.3976135078438	0.838302598035608	81.0546013299286	0.880846314190582	93.277659307812	1.01338430238414	123.993032768874	1.11439256362856	140.864090646586	1.21790767232252	173.634861992553	1.27544397932836	187.876744072423	1.35187504061714	220.178898065003	1.43733365839768	234.705858571689	
0.0289093930168131	0.179955397009175	0.0328066799674978	0.37447530889349	0.0371536008466019	0.429135577713918	0.0368136298011303	0.475084308335861	0.0473312186127347	0.520912239990938	0.0630080043552865	0.981951751981389	0.081983208960423	1.4484492911435	0.10257502589559	1.9241868412894	0.117497259852179	2.4001280623049	0.125502986490358	2.86724901321649	0.146082136160136	3.34460369534228	0.14509086964234	3.82353502579436	0.177648270453987	4.27836718569465	0.203528746790281	4.77054392250749	0.188829345854799	5.68378759014183	0.245324601391464	8.44010007015114	0.24911258035756	9.42984026327033	0.289933092070097	11.777453620138	0.398877200696258	18.8390983058952	0.413543305189061	23.3519890730038	0.465834084564225	28.0193354962814	0.515214809031242	32.6834004710164	0.562398346050329	42.5641734174211	0.639644369331865	46.3235642417186	0.677173081615391	56.7781558614275	0.787137800559923	74.895409125622	0.842295320149892	81.6385480070571	0.88497355459365	93.944329777379	1.02092954656338	124.822185492381	1.11954003170041	141.862706817721	1.22285000240556	174.802204003872	1.28219177907727	189.206568337682	1.36133510754429	221.670891659832	1.44308976024322	236.375682615759	
0.0288406330343971	0.180886719539555	0.0330740624988986	0.376838161464551	0.0371869726578333	0.431930505731417	0.0370441150986336	0.478074144696671	0.0474773916295017	0.523468545713857	0.0634202411506832	0.988689754073372	0.0824062467024632	1.45859092783807	0.103071150326455	1.93787856305446	0.117998093940567	2.41674541738383	0.125888869249145	2.8874163369506	0.146469058082831	3.36802180036869	0.145814211976775	3.85015315503515	0.178144857149705	4.30789988879427	0.20455046855403	4.80333159785078	0.189342870010715	5.72357089467208	0.246207186239735	8.50001484249808	0.249938543127271	9.49663657779424	0.290619959915348	11.8618621750339	0.401423257932744	18.9694331687318	0.416518185741314	23.516464357159	0.468616249329552	28.2192196630417	0.517531097398727	32.914994307291	0.56484100880582	42.8621593742415	0.641932405554465	46.6580543164398	0.679640088933377	57.1783041745405	0.7909123322318	75.3943446821775	0.844724351770953	82.2229119166792	0.887944482134996	94.6121774386244	1.02629910458377	125.657633956194	1.12284507834047	142.863722075695	1.22584107567603	175.96890526529	1.28639840767156	190.541369590544	1.36914361754933	223.17112559641	1.4471639200167	238.043822828694	
0.0289228741701369	0.181568069282015	0.0333120794282752	0.379544992191443	0.0372083911737109	0.433750339059609	0.0371396952416769	0.481789626827793	0.0478122308970686	0.526563854351233	0.0636187149674478	0.995744987902266	0.0828525449883842	1.46804827530345	0.103402933846055	1.95106771989907	0.118357800990667	2.43264262731616	0.126406402064839	2.90757667576574	0.146740108488479	3.39054932822542	0.146177080631269	3.8776353187535	0.17850902081697	4.33834808194125	0.20579447460113	4.83699099108251	0.189831327508878	5.76390973309169	0.247202496090981	8.56045301810709	0.251079714264151	9.56274837025833	0.291137666122857	11.9462269577709	0.404619361552504	19.1021913327924	0.418346037513035	23.6847729648493	0.470214588832094	28.4202828841254	0.519887544238567	33.1497285631381	0.569124924963248	43.160331595568	0.643398489291025	46.9925108635499	0.681943057757999	57.5794732171467	0.794329482534832	75.8950534768307	0.847031555805153	82.8068287914868	0.890227568412637	95.2781103007473	1.02873446193956	126.492516175908	1.12546066690009	143.865348281248	1.22827801186185	177.138154625151	1.28950422852715	191.874814837801	1.37282967293494	224.673058265284	1.4518295061577	239.709414943186	
0.029029233405765	0.18208451672894	0.0335205649714788	0.381979905843292	0.0372849438115204	0.436746985716423	0.0371879561942591	0.48348603081688	0.0479953837327608	0.529941062677024	0.0639402253820298	1.00252583083065	0.0830823274341926	1.47806662817807	0.10369130354545	1.96411135759831	0.118631444119795	2.44970655154841	0.127152006719609	2.92757659427501	0.147073559902027	3.41434438604599	0.146649166858066	3.90433540437697	0.178910004910213	4.36893737045158	0.206542976271548	4.87122175068663	0.190221283683418	5.80473379054964	0.248264226715905	8.62061459092458	0.253415195836815	9.62742126941298	0.291805511506568	12.0298662402568	0.406537455798599	19.2366426412132	0.419430680361249	23.8523253386449	0.471317029700004	28.6213125775981	0.523074398727806	33.3817992365484	0.572124738796059	43.4620093148988	0.645178273691187	47.3254437670003	0.685356251133455	57.9787796146922	0.797892500808658	76.3945478269044	0.850085280516841	83.3902166750971	0.89318571670356	95.9441474709937	1.03086763582368	127.325163221549	1.1280335449714	144.86661685895	1.23087762514825	178.304081026224	1.29284887790736	193.202850963802	1.37596737304946	226.174290579614	1.45725597998608	241.374053383407	
0.0288899097514087	0.183794162960256	0.0335842434978406	0.384114671705898	0.0372746505841034	0.439634842260157	0.0374114429954985	0.485974990279321	0.0481011363921697	0.534249535325537	0.064315399057516	1.00927594011552	0.0832402024987571	1.4886579772395	0.104056704934619	1.97763485923133	0.119057252718207	2.4662456755348	0.128173652982217	2.94747686127354	0.147710120984653	3.43793385441799	0.147193658356978	3.93003105865142	0.179339218636409	4.3991736877229	0.207353477250069	4.90391582811562	0.190662454721285	5.84499998581188	0.249426192437843	8.68114310481904	0.255633560632652	9.69456124195061	0.292817441434907	12.1128237946504	0.407790626397344	19.369650399712	0.420724928452702	24.0179368362872	0.472608178294585	28.8201927786706	0.526219104150362	33.6147192761063	0.573818740019568	43.7637429135814	0.64750455823772	47.6594383781353	0.689042311546583	58.3778997477316	0.800853667536623	76.8917026947817	0.855749502388486	83.9711309660667	0.898605522810606	96.6113543823382	1.03301765175109	128.157646354425	1.13137516958507	145.865650262578	1.23374616250283	179.468323596162	1.29619107324677	194.532690130222	1.3790938922348	227.673645347724	1.46598861309513	243.037231509901	
0.0290264269815911	0.185137653917987	0.0334833427671164	0.385856594083657	0.0372679879518609	0.442596535218253	0.0375165135280585	0.490283521135492	0.0481097016174767	0.537273015712757	0.0644268249731736	1.01596900589542	0.0836812687803328	1.49813942267535	0.10439039029932	1.99226919581245	0.119625847491526	2.48282973583327	0.129089543523687	2.96764674614462	0.148162551881298	3.4610984068855	0.147728423210205	3.95749622573359	0.179894741307815	4.42824445484745	0.20807458652034	4.93694844128441	0.191046905460994	5.88403497268897	0.250730336183957	8.74097685210584	0.256652341215635	9.76130819638042	0.295599688145118	12.1936542083846	0.408911184685055	19.5031927373432	0.422362440759484	24.1842486884723	0.474327413220313	29.0196559876472	0.52782931952621	33.8493641249905	0.575355227779046	44.0626378411915	0.650181619885679	47.9917640592959	0.691220282591397	58.7784913703691	0.803239007142796	77.3900273037572	0.860297371795916	84.5537961433934	0.903430998715459	97.2783154245346	1.03509976551986	128.98703004592	1.13620074805725	146.86355117801	1.23797841388854	180.628751469016	1.30069484434885	195.870113987329	1.38176285064738	229.173849481981	1.47336878436586	244.700841770048	
0.0291795609870626	0.186296175490037	0.0335117294821697	0.388480275170883	0.0375747629020557	0.44439165939556	0.0375252963888998	0.493404382934795	0.0482215013485586	0.540227927478679	0.0646492240856807	1.02251364214703	0.0839977390022714	1.5075737199081	0.104734475955698	2.00521876993612	0.120135563658628	2.49930203742811	0.129631290499373	2.98668158168179	0.148752519870377	3.48450277490458	0.148126584586957	3.98448036472882	0.180455312384961	4.45912710995485	0.208567177749066	4.97005602591689	0.191417804482229	5.92443667537938	0.251710236499902	8.80089628106543	0.257421757230418	9.82741160694173	0.298686548246571	12.2751579683083	0.409621671074526	19.6379066787176	0.423571847494573	24.3524436748139	0.475971742927643	29.2201119864411	0.529024942538652	34.0849104940841	0.576826643957308	44.3642336041396	0.65291216165869	48.323616628611	0.69301337258759	59.1784571442661	0.805444442279103	77.893418307298	0.862747533522627	85.1383165152006	0.905967742373393	97.9451647080275	1.03757617828733	129.820630765832	1.14193244279683	147.863404145466	1.24366082652961	181.794007317867	1.3072764065044	197.202486351032	1.38690473979956	230.669359750685	1.47706707967571	246.366866018195	
0.0291335350034797	0.18726118570257	0.0338669219460942	0.390406191956051	0.0379380710913589	0.447014845717692	0.0377140403498354	0.495440021155573	0.0484165700578995	0.544954447528015	0.0649839599851687	1.02891636812808	0.0844057768221417	1.51764795213453	0.105018316808025	2.01807614312928	0.120639992605596	2.51635059483861	0.129898676694924	3.00719768570353	0.149638580493129	3.50738606796792	0.148382908236074	4.01103004176363	0.18085550139648	4.48857226873661	0.209150468676215	5.00338759361792	0.192073869674399	5.96444256599439	0.252455512700437	8.86056052765169	0.258048985255874	9.89430943562146	0.299891488568225	12.3606878355308	0.410372725532025	19.7716650831758	0.424651852958805	24.5186214165547	0.477522834899174	29.4207132715498	0.530584229805397	34.3172456630929	0.578306501646319	44.6655425197484	0.655968457266272	48.6561956294998	0.694860826499036	59.578206851336	0.80768184370954	78.3931957794209	0.864846539396483	85.7237458577975	0.908302159967516	98.6116489130884	1.0399096290229	130.655945119201	1.1462479097409	148.864702525488	1.24963158054624	182.963495096296	1.31376364075287	198.536810766758	1.39696163641826	232.159341688849	1.48008551156492	248.037599033054	
0.0291703486293471	0.187470282162555	0.0339986940731928	0.393725978427078	0.0381244873308384	0.44959033086397	0.0379106095188025	0.498804365588913	0.0487302689519844	0.547995972289262	0.0652106662404948	1.03559057462673	0.0847991497805999	1.52885164575969	0.105367364079611	2.0314317738762	0.121142300753522	2.53414351178152	0.130360733849413	3.02732286709314	0.151075083984368	3.53055737252377	0.148685623379414	4.03750707564107	0.181361602256633	4.51846027138156	0.209936509401483	5.03739437015348	0.192565158428121	6.00375369000173	0.253101673442869	8.92003012782911	0.25863001609883	9.96161052695684	0.300543187906367	12.4443522637249	0.411346706402331	19.9044213845914	0.426146664376544	24.6840354738205	0.479275581616828	29.6215716016768	0.53239079942134	34.5505829351444	0.579997194579208	44.9639792366735	0.658665537241911	48.9907006053815	0.697123676842875	59.978109295301	0.809696993025089	78.8940535856791	0.866771774281426	86.307476468099	0.910530132408593	99.2784758448405	1.0437549147665	131.488711374126	1.1488978427705	149.863944545364	1.25439046565225	184.132655049194	1.31798279365676	199.873698182088	1.40390787093804	233.660320683451	1.48346763080523	249.704889879842	
0.0293812205033015	0.188779255979004	0.0338370146664802	0.396166945675375	0.0382237699205939	0.452661134077266	0.0382088181668424	0.502134251088629	0.0487550393793064	0.550402742538397	0.0653654859645619	1.04262927748071	0.0850822147568236	1.53809909640978	0.105832337606728	2.04513059697556	0.121780357327758	2.54959927483444	0.130922881382118	3.04698844081402	0.152318096970947	3.55368374076754	0.149048273205117	4.06490379051726	0.181822229918266	4.54833290720477	0.21063821470265	5.07119904969995	0.193072221405602	6.04448414954537	0.253927894392669	8.97969716838297	0.259287859663069	10.0293074303676	0.301446886381673	12.5273256506015	0.413510517196994	20.0350691717982	0.428026706723332	24.851124048996	0.481353841439633	29.8210161842028	0.533971526999822	34.7845199789055	0.582105612815547	45.2620173475556	0.660686044054808	49.3242966104735	0.700429371643407	60.3769239545504	0.811740811540384	79.3947102262706	0.868617726533955	86.8904992732774	0.913106765552553	99.944334201161	1.0487205772861	132.32268462305	1.1516896539937	150.863216367561	1.25803271477908	185.29957982802	1.32202130133137	201.207143429345	1.40694281033385	235.165978642446	1.49040660177705	251.369453814261	
0.0292653431596657	0.190220681321571	0.0339156862319557	0.398437946561877	0.0384960086182018	0.456484533206596	0.0381731962220499	0.505924500956643	0.0487083282260667	0.553671975658321	0.0654718651654102	1.04976728259949	0.0855338372829509	1.54660998735366	0.106257343425455	2.05832883421484	0.122267993102577	2.56632303351248	0.131348031264798	3.06784098509986	0.152965115030779	3.57729532804963	0.149510375712097	4.09139665687772	0.182371782014508	4.57799227016852	0.211316672949563	5.10327938558142	0.193722622744968	6.08428514920369	0.254617628365716	9.0399919203223	0.25996097302639	10.0966467059268	0.30230200636996	12.6117779776564	0.416356657525368	20.1681793757753	0.429676028305162	25.0175774622058	0.483458515910668	30.0200677486209	0.535827601733822	35.0162069474332	0.585339471143526	45.5606515048571	0.662455595149433	49.6572444150843	0.704117551193746	60.7775900829903	0.814645624000333	79.8937947944309	0.870654536942805	87.4726056570859	0.916618615683237	100.609901984852	1.05228293716104	133.156181034839	1.15661753124859	151.861310998079	1.26186456821974	186.466757926573	1.32574881993172	202.540007531343	1.40979445201219	236.667434474184	1.49847502957077	253.035373754283	
0.0292061111412671	0.191369307591735	0.0339159595576677	0.400252162851058	0.0385194602054442	0.45843728372217	0.0381165033979027	0.50896602571789	0.0489431464873072	0.556533173094623	0.0656027274951222	1.05536383251518	0.0861216206366611	1.55775465841345	0.106686454240526	2.07140436971074	0.12243629567671	2.58405238769269	0.131430340224081	3.08830772902749	0.153290343669238	3.60146361337426	0.150304989383932	4.11698101810978	0.183117958789457	4.60818714358723	0.211943568260067	5.13712457765796	0.19523623388405	6.12309289338336	0.255185271429174	9.10019912794378	0.260578772801918	10.1623300900269	0.303024140697455	12.6959509079522	0.418575556900286	20.3027331296744	0.430930320227892	25.1848467139521	0.485456038148183	30.2197116341684	0.537480163002648	35.2503079039597	0.588540529175101	45.8598705327078	0.664152702834284	49.9915780276204	0.707638052278295	61.1770231403999	0.820829558390077	80.391217883197	0.875797965677045	88.0523204046364	0.919855269160133	101.276214826567	1.05552981413238	133.988559859591	1.16200092378918	152.860821238843	1.26522750263464	187.634681083151	1.32884858602058	203.874883290007	1.41439033439777	238.166044184269	1.50275385992534	254.703171240527	
0.0293112816091089	0.192404749070628	0.0339607745468656	0.402302149259569	0.0386490611314891	0.460731713191078	0.0384086978586908	0.511046891289049	0.0494209772602158	0.5598938504455	0.0658782330016602	1.06289893027785	0.0866526168232509	1.56833681066489	0.107012488155794	2.08524615081852	0.122781134310297	2.60084087328658	0.131559098116909	3.10812743662714	0.153770691539293	3.62512805320995	0.150840940279372	4.14395444689592	0.183656129256515	4.6379759603827	0.212384280013303	5.17061493585043	0.196957638346281	6.16216280485533	0.256066198817206	9.1607723453197	0.261165584844323	10.2286626059307	0.303701227376817	12.7804004410394	0.420404364444752	20.4364729076821	0.431983012911324	25.351303852452	0.487004830864715	30.4205681016504	0.539034518587474	35.4842114201097	0.590909102888375	46.159782464521	0.665968634806056	50.3245593598424	0.709921350606756	61.57708204655	0.826098225947963	80.8917925674059	0.883379785606646	88.6339499513093	0.922587774847595	101.943131165282	1.05848361029158	134.823173858417	1.16551813005456	153.859362904176	1.26798450767868	188.800115745928	1.33257844690303	205.207061938624	1.41905842326465	239.665637370946	1.50593059131484	256.368882564303	
0.0294451446048724	0.193005743141014	0.0342203928020126	0.405000714499004	0.0388240915944879	0.46347812512551	0.0386107970581391	0.513680613197306	0.0497941762931914	0.563653017424062	0.0662413883289099	1.06932447366089	0.0868353748974892	1.57793536990894	0.107316377077008	2.09771167005702	0.123314582974817	2.61645682381473	0.131936386077984	3.12784074062769	0.154132396846748	3.64832753027235	0.151691349993199	4.17091763113421	0.184487115760692	4.66817735305913	0.213059856759803	5.20422543464932	0.197625194868703	6.20321596765575	0.256928952423037	9.22118444389786	0.262320116080057	10.2953238786877	0.304480058867837	12.8637621894112	0.421728830912515	20.5704753186433	0.433251694009431	25.5179267663623	0.488795949399677	30.619696034516	0.540334307297303	35.7171985148898	0.593266720941949	46.4601116288278	0.669050284748206	50.6559797955034	0.711516981531973	61.9780350223292	0.828598601118946	81.3925460655407	0.887047337418157	89.2204298257204	0.925107944683131	102.607462152653	1.06281865893332	135.655940113342	1.16802369631515	154.856176034892	1.27075138156389	189.966906414309	1.33779269228756	206.533801663662	1.42276607082288	241.165379569228	1.50922670492916	258.032209702402	
0.0293211220551323	0.194044706183226	0.0343076899716055	0.407417671088314	0.0389274996929666	0.466221102808112	0.038739382365271	0.517036284689582	0.049920444673478	0.567440589739802	0.0665399860515054	1.0755848237101	0.0872632336686847	1.58761518704376	0.107704310835129	2.11101142145211	0.123787585040964	2.63399851650507	0.132383991201554	3.14696707860348	0.154462747124918	3.67130162728239	0.15242810062243	4.19760328125846	0.185309008668247	4.69836524155887	0.213991270754773	5.2374173039708	0.198160724072906	6.24350125502987	0.25773605451941	9.28104613086056	0.265065590481673	10.3596158669274	0.305232150696511	12.946219623606	0.422851672250212	20.7039245240214	0.434878941159442	25.6845720320133	0.490788717279092	30.8191350291067	0.542040673294935	35.9498540588491	0.595241039504351	46.7599155272275	0.672653748205154	50.9852172111532	0.713211255621242	62.3770843748563	0.830665912883619	81.8924650986882	0.889182350641375	89.798214872988	0.927285711369269	103.271577073197	1.06835715533306	136.486843723206	1.17055602885644	155.858174769458	1.27506277564206	191.131715228346	1.34367574015865	207.866397544772	1.42660523573328	242.664168093239	1.51394885855574	259.696013677636	
0.0293856601587647	0.194404909723765	0.0342675201138274	0.408938578988083	0.0389302714253687	0.468062356554502	0.0389461927152712	0.52030697300096	0.0498618258160329	0.571552553334404	0.0666904647442528	1.08283284130279	0.0878525274937385	1.59729756531554	0.108077002757129	2.12438917110912	0.124142247308749	2.65032134083378	0.132787605940575	3.16716606730362	0.154770764398287	3.69477956978138	0.152941238116513	4.22306331093272	0.185998149016319	4.72821645696388	0.214580710503495	5.27065154846741	0.198816043162186	6.28414696422324	0.2589395076761	9.34052038765063	0.266823771353216	10.4265518798309	0.305884663472166	13.0285708870323	0.423872475333971	20.8368484634924	0.436827713872588	25.8510254452231	0.492219346650876	31.0192818288206	0.544373493258073	36.1821147220555	0.596816740720256	47.0600323499974	0.675367559452008	51.3183922584615	0.71573131029614	62.7765397840067	0.832489429403653	82.3928907712922	0.891154214135273	90.3795016929697	0.92984160223067	103.940221946528	1.07176528880043	137.321010687217	1.1727385399846	156.861380498023	1.2803197265558	192.295153135617	1.35052441361536	209.201571326646	1.43247749830665	244.159186623647	1.52025042897402	261.363572745312	
0.029666331243073	0.19575896537145	0.0342981552918738	0.411814997726991	0.0389897479290356	0.471290087614167	0.0390671292563444	0.522843255289475	0.0501114236339696	0.574411073218431	0.0669176431277387	1.08933323973421	0.0883582575769345	1.60815597111256	0.108288639587419	2.13851221162107	0.124532180808524	2.66636104311325	0.133352950581451	3.18669287396747	0.155172281077086	3.71776926644381	0.15326594927431	4.25013266593948	0.186571360873685	4.75774683175717	0.215271520401532	5.30427089483033	0.19915737480454	6.32463667689278	0.260398237395963	9.4006353943416	0.267510463714029	10.4945253860332	0.306771082013756	13.1115396172963	0.424958601345445	20.9691055760317	0.439961040908206	26.0158304175541	0.493421226742451	31.2195422498831	0.546369023437301	36.4153216089528	0.598713298975577	47.3598213472366	0.677296097907221	51.6553559258234	0.719248596856786	63.1762857657865	0.834162589338962	82.8939422926367	0.892970668552517	90.9687382820708	0.935870632436828	104.604254910689	1.07401288467367	138.155401168635	1.17525515008367	157.861442081725	1.28497126245066	193.455506502669	1.35676602915943	210.53644708531	1.43939615390857	245.654011438969	1.52627465119128	263.030654975853	
0.0296436904041445	0.197067415318976	0.034497552226851	0.414186523239116	0.0391502155453704	0.474145813530603	0.0393183209950368	0.525678724940876	0.0502868916788814	0.577329139536744	0.0673529175636886	1.09534224911553	0.0890118968600914	1.61785127148445	0.108494231555019	2.15169298656291	0.124985266494797	2.68297769970029	0.133687631073049	3.20729209852505	0.155519414655387	3.74116688237455	0.15386622228658	4.2773524295349	0.187168379399579	4.78795288104625	0.215789354858042	5.33733098201376	0.199625395819914	6.36470403479479	0.261511169380036	9.4603741467303	0.268225949513021	10.5610553423134	0.307918383657151	13.1936533934774	0.425901488218721	21.1035736482581	0.442184396271624	26.1831313342665	0.494884540367846	31.4202646069208	0.548023659753947	36.6491357181399	0.601092236510515	47.6606869533209	0.678781049188542	51.9898571764149	0.722386375890533	63.5762403638131	0.835663093678018	83.3957835754869	0.894782110056147	91.553534325347	0.942153331330114	105.27136496449	1.07597768133812	138.989255208276	1.17908515994238	158.860609595798	1.28991505512343	194.621865037396	1.36023011195227	211.870682094073	1.44369271445077	247.158149479594	1.53316570232779	264.696932543727	
0.0294784857857741	0.198380711054043	0.0347162969168833	0.416348122832129	0.0393261858438173	0.476588818046935	0.0395673771208372	0.529406692614671	0.0502165282500234	0.580652505778747	0.0676298360320962	1.1023901487795	0.0896945834657804	1.62811165180164	0.108744863207943	2.16467678678957	0.125295800457891	2.69947863946293	0.134039852213389	3.2275625662294	0.155897069158831	3.76403597276929	0.154385416727263	4.30363388568096	0.187652184275004	4.81797452847431	0.216338303465981	5.37075149101645	0.200307473672388	6.40378931308852	0.262373446724964	9.52100138081298	0.268811718136535	10.6287271000159	0.309247486266224	13.2767469209604	0.426742529194006	21.2378666318488	0.443363513058306	26.3472713423108	0.49750225124957	31.6185021954473	0.550204127805753	36.8815118653401	0.603495718723099	47.9593956164249	0.680268304008945	52.3240604037967	0.724610097231436	63.978623850999	0.837243836206828	83.895598300511	0.896853937632185	92.1378982349692	0.944919528816691	105.942423825821	1.07786989724019	139.821321108658	1.18397349503926	159.858495610069	1.29477964602296	195.793528385256	1.36323827984634	213.202950149652	1.44757661324672	248.659799026419	1.53932910405686	266.363746553379	
0.0296585984673482	0.198053409392272	0.0349036365801603	0.418784317052457	0.03928542755315	0.479446581231406	0.0395291090033864	0.532373827988803	0.0502193260361722	0.584506958693699	0.0676394245480808	1.10882314274279	0.090524258100269	1.63732569125596	0.109009286819819	2.17843893982099	0.125755012451014	2.71622312006726	0.134694806064172	3.24684955734167	0.156300799341102	3.78762800227825	0.15495712722279	4.32998798498439	0.188058641541485	4.84840176686436	0.216826122036119	5.40383718956946	0.200783481823687	6.44356609836105	0.26308188205699	9.58072895733131	0.269516217169652	10.6959853505149	0.310419209690515	13.3602064581979	0.427793797742648	21.3708166483507	0.444606581769823	26.5130858682647	0.499885684674516	31.819839225355	0.552953170994541	37.1147522798485	0.605545546207565	48.2589908985778	0.682019995773708	52.6559763030439	0.726549784016544	64.3791819460254	0.838872288333616	84.3935280287336	0.900244038162729	92.7203845983701	0.946777713429466	106.610033068498	1.08008033794101	140.654370485632	1.19008451314543	160.857707827624	1.29845038479054	196.962047588253	1.36603175185596	214.535769548169	1.45137650746218	250.160211776923	1.54380211749121	268.031484434981	
0.0299597657889748	0.199081400290923	0.0348936317222281	0.421062215546451	0.0393222521089586	0.481820114907738	0.0394779604764189	0.534542063254844	0.0501878588669149	0.587676714925848	0.0676273762549045	1.1156192360776	0.0911694217862709	1.64764870301332	0.109306520041326	2.1915230900503	0.12632449515892	2.73302278153152	0.135847187487311	3.26679685612799	0.156778912310548	3.81090408061877	0.155301608202302	4.35717422096871	0.18850828690759	4.87895799342486	0.217476565357769	5.43639715655408	0.201031653123149	6.48342716832258	0.263877239512101	9.63980274543332	0.270321536991091	10.7623011026131	0.311487906296876	13.4439314223565	0.428741732285339	21.5048302351822	0.445587085929005	26.68292743284	0.501300452222918	32.0217164223303	0.55477736884138	37.3491587101649	0.607182563065129	48.5598602299523	0.684063216484876	52.9898070014136	0.728723916772519	64.7772291955098	0.841508651458344	84.8918228353882	0.905605601084679	93.3015447584877	0.949098994759388	107.276003183522	1.08432374219436	141.484990973447	1.19428672117676	161.859274428535	1.3014681331827	198.130298570362	1.36962652297253	215.868246219995	1.45472293363105	251.661473893574	1.54768082680041	269.698715677127	
0.029887080888711	0.200608376339054	0.0348838993838344	0.422888655443842	0.0394181208950627	0.484922903229186	0.0396026665834555	0.538036210765856	0.0505392898237236	0.590837914632248	0.0679048245818306	1.12191602412082	0.0914983198880865	1.65785972323641	0.109652467178706	2.20404774826949	0.126662491324789	2.75002384149298	0.13657850822944	3.28639048518339	0.157376400022213	3.83414453587251	0.155792973414712	4.38435207505026	0.188967099305106	4.90879337634685	0.218174425423011	5.47000067043399	0.201574752713886	6.52304190347482	0.264447628661667	9.69983393309655	0.271013396230609	10.8286280305817	0.312611656669495	13.5273630199181	0.430325156377495	21.6367688354161	0.44645583703383	26.8493473184387	0.50253366653745	32.2201365500728	0.556172681689756	37.5818738587661	0.608949058734891	48.8596976559631	0.686430607610523	53.3242821749743	0.731002467075875	65.1770198807711	0.846379212165476	85.3898792234749	0.909478817163543	93.8868399906402	0.951854513616902	107.942435234522	1.09034389501606	142.315104821806	1.19671371475503	162.859648936608	1.30415269183673	199.297148843385	1.3751541223271	217.199202973451	1.45812012285829	253.159874987413	1.55176784019916	271.365648896063	
0.0298113433313205	0.200829609095762	0.0350147601914189	0.426226690015699	0.03957598412311	0.48653767097772	0.0399286336094032	0.541178201945067	0.0507535821428208	0.594322225049033	0.0682775196150382	1.12844145184524	0.0916851401643954	1.66776352343979	0.110499494605436	2.21708533237228	0.126989609736091	2.76666308265138	0.137257285465992	3.30618597839725	0.158111404779593	3.85782527385248	0.156294001616907	4.41039697527361	0.189375228700156	4.93841548640938	0.218892540325305	5.50341838546908	0.202247840058414	6.56335652750865	0.265196936027947	9.7601137838754	0.27176786760886	10.8941111803378	0.313548912292138	13.6112779738729	0.433002672796324	21.7690054588597	0.447231711086626	27.0168531261078	0.503876147752366	32.4195550555679	0.557593326148428	37.813657684837	0.612516434254016	49.1564579923335	0.689424264685112	53.6556951600551	0.732679790715891	65.5773172054889	0.850885352605563	85.8896119921164	0.911858757677268	94.4709878334353	0.955017245317118	108.609001395965	1.09465360025754	143.151194035519	1.19884058551178	163.859919136557	1.30702492703669	200.465340220851	1.38137690372306	218.531426325548	1.46519282754395	254.65580248861	1.55544250503798	273.031509231444	
0.0299873872595486	0.202536315840342	0.0351750421049427	0.428665707307448	0.0397009349758992	0.489858097732986	0.039962193995994	0.544361113107957	0.0507780830715822	0.59715024412019	0.0687575121826395	1.13519528642024	0.0917008854240112	1.67856744686878	0.111445836714718	2.23059905511872	0.127406029773467	2.7838646097875	0.137794239681072	3.32767368464881	0.159069152976909	3.88005990077341	0.156711703625619	4.43751615603574	0.189988912652758	4.96795005215406	0.219498748403147	5.53722585898314	0.203253143161006	6.60344297752253	0.265904154118454	9.82064509173745	0.272467873464563	10.9608264698016	0.314491942688104	13.6942886136507	0.435048056440382	21.9038553733235	0.448112634012916	27.1843365820361	0.505014984613451	32.6204226989203	0.558964978219959	38.0442382421986	0.616936952816897	49.455121951956	0.693050602862276	53.9881065228884	0.734213948661231	65.9768173181207	0.854114470093936	86.3902686327079	0.9138445171734	95.0542863100827	0.958376405521671	109.275791074816	1.09744920990335	143.985152383283	1.20086556454946	164.860472458555	1.31211137898585	201.628465203753	1.38617000887998	219.867702793298	1.47535377812169	256.151163745709	1.55859095566492	274.698084822528	
0.0299579330567323	0.203766301864683	0.0351720761452121	0.4310404633446	0.0398327012269342	0.493236644834914	0.0398154619062773	0.54739553653491	0.050838069212426	0.599829076963512	0.0689832963587651	1.14199533787581	0.0918891313747423	1.68785692344805	0.11188125157082	2.24429880954061	0.127833905037795	2.80020070546226	0.138165340030987	3.34787220768769	0.160212767857716	3.9035443625301	0.157164951644317	4.46387817158068	0.191386591983308	4.99737518750142	0.219968133733345	5.57047127935012	0.204424289069306	6.64492920529957	0.266539798861112	9.8806827986584	0.273313362244469	11.0279040437297	0.315414273883914	13.7773812098112	0.436350040853896	22.0375783875256	0.449098619596274	27.3516598504893	0.505907220259746	32.8225718420745	0.560386995005727	38.2804886911251	0.619181562559165	49.7577607961382	0.697044456752062	54.3219931006099	0.737935161711151	66.3745665443954	0.856401029072842	86.8918714969904	0.916342170065111	95.6368322781255	0.961683053582935	109.942468994963	1.09977139030278	144.81948326006	1.20324899327903	165.859937995838	1.31813671434373	202.79328891895	1.38995937163009	221.200581796457	1.48062216031535	257.650488711498	1.56226252369901	276.3630808906	
0.0301297265844259	0.204776015558675	0.0351225550462401	0.432850575993881	0.0397437671967885	0.495819609665265	0.039963660436144	0.550160342089317	0.051047594117445	0.60323905620084	0.0691597220070082	1.1489797911924	0.0922402959965687	1.69822894605358	0.112265788321109	2.25746258784627	0.128093928377502	2.81703831831964	0.138599534764286	3.36695197953695	0.161079779071688	3.92820159218318	0.157618628240202	4.49050188875665	0.192670098622323	5.02711138457392	0.220386761741536	5.60424662223688	0.205238810896256	6.68516326993452	0.26707062489792	9.94071491764417	0.274169537494016	11.0949825489803	0.316179728232879	13.8603639099132	0.437401336038365	22.1702620457838	0.450223068166782	27.5167851977707	0.507023843287488	33.0204778797802	0.562420192101664	38.5144667130776	0.620399519301017	50.058734435636	0.699777323801804	54.6556040068624	0.743235151769089	66.7733737530646	0.858167468839731	87.3923567742364	0.919026089812161	96.2211738360069	0.96427015411163	110.608245394901	1.10215780332768	145.652681648639	1.20673107820006	166.859537643566	1.32229090170059	203.96128658133	1.39299740681802	222.534310165764	1.48367173779124	259.150737549236	1.57090850868009	278.024172854626	
0.0301607543585967	0.206000209921031	0.0350986666832564	0.435265582626644	0.0396854015484925	0.497399481922739	0.0400760972064198	0.553566072167601	0.0512293840673198	0.606602702142282	0.0692768176544426	1.15581895819424	0.09229725398279	1.70845195705424	0.112892007107276	2.27078818344158	0.128443762340174	2.83389572178078	0.138980569497205	3.38785108994931	0.16180526440266	3.95157965034078	0.158183523020251	4.51680104003079	0.193275937084432	5.05779380533729	0.220840217410236	5.63762708437076	0.205992715686985	6.72447998187705	0.268231997533269	10.0003530871996	0.275022362767523	11.1614547632636	0.317894728394241	13.9430131965492	0.43832072468842	22.3032437272517	0.451543100697939	27.6837582889524	0.508306749246526	33.2199299128864	0.565306967858764	38.7482659211042	0.621740790806367	50.3589257642083	0.701514050013109	54.9893825511703	0.74617073836635	67.1761744727441	0.860012103413522	87.8907856913353	0.922018875398444	96.8045915219382	0.966347929410409	111.274103751222	1.10444147325335	146.485582014008	1.21166198222421	167.859196895935	1.3254160971277	205.128270964798	1.39626793860224	223.866831541071	1.4865145559856	260.654026223714	1.58273859289685	279.685682051145	
0.0301397256914361	0.207103099523804	0.0350956755137872	0.437892436031239	0.039829244390351	0.500520169099068	0.0401330906614876	0.55661318486403	0.0513360430782188	0.610942606926195	0.0694075472823272	1.1627425263004	0.0925284825339099	1.71765167742465	0.113575588344339	2.2834709336603	0.12882734304418	2.84979875247892	0.139261837058677	3.40825147714665	0.162296870836353	3.97407155511072	0.159444150748099	4.54340519943362	0.193729923039479	5.08814514094111	0.221661522010045	5.67142431333699	0.206703186191696	6.76385583280025	0.271575696619603	10.0577784344228	0.275970501849104	11.227484599345	0.320807340818046	14.0253113745913	0.438973728006168	22.4375329855523	0.45315010972814	27.850422181054	0.510262883700806	33.4196315404308	0.567572116279091	38.9819421945568	0.622871474296155	50.6572432718496	0.702963528020738	55.3239136040829	0.747783411141396	67.577239207227	0.861663106643395	88.3905780646186	0.925952465324838	97.3864147836974	0.968506895868941	111.94204827001	1.10674004255326	147.319555262933	1.2166281625648	168.856248445219	1.32847803472722	206.291187331452	1.39995492955396	225.200246986007	1.48938535218703	262.154930712514	1.58887427169066	281.35687700198	
0.0303613214669228	0.208038685765143	0.0353148312459485	0.440491087825461	0.0398796049107276	0.503958262635282	0.0403266096966295	0.55864655298614	0.0514652749997054	0.614653345133178	0.06980715761368	1.16841591032485	0.0929693071809319	1.72727573162297	0.114039149782702	2.29764822370964	0.129287914366632	2.86659236034673	0.139500208970365	3.42787211455544	0.162514410779117	3.99737557312715	0.160392815599156	4.57007129178473	0.194109431291029	5.11748785424453	0.222340993259435	5.70474330818387	0.207455200653706	6.80388593780104	0.274349544226283	10.118007993785	0.277361395126759	11.2929379467802	0.322709295450578	14.1097013030366	0.439829856669136	22.5710157185415	0.455240373129026	28.0162329817178	0.514850488455005	33.6163119576865	0.569034158896512	39.2158382601265	0.62407950456543	50.9528897464736	0.704644902460024	55.6564180991693	0.749438168777168	67.9758228984889	0.863320943135442	88.8925236555923	0.929142852791683	97.9696909086041	0.970730490095644	112.609456347021	1.10898496507669	148.153394401413	1.22096744773454	169.855833191786	1.33135178616109	207.45785879055	1.40523629750447	226.533334605413	1.49264193209529	263.654255678303	1.59241163859195	283.022379709509	
0.0305276473700242	0.209154963129291	0.035472902286987	0.442301462409203	0.0399394744761794	0.505529112705742	0.0403920018390691	0.561835052084212	0.0518160197260247	0.617855639446231	0.0702012442242621	1.17475681977294	0.0931151636527876	1.7375449595042	0.114460722644547	2.31106997835621	0.129959980972912	2.88300831692847	0.139739996812513	3.44697586795986	0.16287631521789	4.02085747374689	0.160707026589662	4.59755042870486	0.194554946072703	5.14842266341363	0.222852533756479	5.7370783607774	0.208395024328557	6.84393047830106	0.275157310600121	10.1803218529702	0.278724761605683	11.3608108701492	0.323588504661933	14.194277495988	0.440748740839213	22.7044947262407	0.459046229029993	28.1814626371227	0.518090849678963	33.8180848465384	0.570222894630069	39.4497715785975	0.626792575102374	51.2525446332685	0.706511986058319	55.9894739371936	0.751673501690802	68.3757774965155	0.864859814635193	89.3926811073076	0.931517187194605	98.5530564404737	0.97563410032673	113.272692099096	1.11094211597278	148.986399074906	1.22378953778557	170.856997461364	1.33475052193717	208.627018743448	1.41289325194904	227.862011481315	1.49657012317856	265.154087283548	1.59570591533546	284.685885661533	
0.0304762168647756	0.20959550778999	0.0354779093070786	0.444527206841495	0.0401687922240439	0.508825761632655	0.0406731864080782	0.564875470899954	0.0520915449940697	0.620645648916617	0.0705017653287941	1.18224698122352	0.0931677634829953	1.74814853217385	0.114888954256181	2.32384260119911	0.130561121474341	2.89927945285674	0.140246191491787	3.46683073298503	0.163352351276871	4.04443902587738	0.16118276397349	4.62411873219028	0.195066959952285	5.17829762754317	0.223667709139055	5.7707768695554	0.209491385912865	6.88292681529313	0.275731804489918	10.240232900027	0.279878513769707	11.4284416496603	0.32418768580319	14.277890701443	0.441962438756623	22.8365991018849	0.462257472965852	28.3469903157373	0.51939271458334	34.0189413140204	0.571301906108189	39.6827325963468	0.630187820442516	51.5539355052599	0.708109143203039	56.3228687766191	0.753722651326565	68.7753744666905	0.866440861630823	89.884903691064	0.933875879007482	99.1359600363681	0.982019170142382	113.937000734726	1.11399955254307	149.816885452276	1.22631247560455	171.857446475239	1.33966163389536	209.792766330595	1.4195855250992	229.196857437658	1.50056708542011	266.652875807558	1.59881633881012	286.35529247311	
0.0302984382740285	0.211593005442766	0.035494505143614	0.446825361600524	0.0402699255263833	0.51157933310904	0.04101943306172	0.5675837568183	0.0522446718268991	0.624149633521856	0.0708623927118753	1.18894086191063	0.0933546397899997	1.75749202545988	0.115304562386911	2.3377945111961	0.131098137476858	2.91560181152418	0.140611047978659	3.48807699387059	0.163798397433382	4.06778635039148	0.161645850620679	4.64986514354263	0.195470950520699	5.20838074225824	0.224170268534512	5.80424720431346	0.210479045836833	6.92209358430826	0.276169004726272	10.2997434783958	0.28063781051067	11.4956933809016	0.325044495941139	14.3613576892607	0.443258783345457	22.9698769439175	0.463659318241823	28.5166549290318	0.520509869602909	34.2183486436452	0.572534432070523	39.9153210850839	0.632614872534859	51.8556877303932	0.709611931331515	56.6563530230074	0.75557595027089	69.1757910006922	0.870596372229053	90.3802853208435	0.935984286923269	99.720592166879	0.984931394297121	114.605258177885	1.12155836450609	150.644510806834	1.22844889605569	172.857716675188	1.34430165980732	210.959080161841	1.42446025801991	230.530854027854	1.50602069581743	268.150740459619	1.60152900438312	288.023238970958	
0.0302007749530047	0.212793145490392	0.0356850348864866	0.449193074511041	0.0404327223222762	0.513880631081609	0.0410534664786894	0.570583837726944	0.0522656846644809	0.627752512938289	0.071175715916249	1.19573928355177	0.0935939727800324	1.76750188001641	0.115567400296953	2.35149752524684	0.131657812173502	2.93271090489916	0.140964464241607	3.50776491933219	0.164355070363849	4.08990200085914	0.162124547587586	4.67639619412683	0.195846539449612	5.23826315696801	0.224843638832309	5.83718482258415	0.21097561265171	6.96319377889646	0.276712763588596	10.360050337528	0.281292222384047	11.5613274049076	0.32581084218281	14.4445164093209	0.444630250971574	23.10453128065	0.464416321397096	28.6841495608305	0.521353127018166	34.4191529570654	0.573678115406203	40.1495785037954	0.634254403541376	52.1564266766134	0.711335539160011	56.9894386633528	0.757330330490277	69.5763192933976	0.876773942783936	90.8845033387913	0.937975961860266	100.303853390625	0.986725805502133	115.273955205278	1.12950580839322	151.478454253437	1.23174998706027	173.857361026397	1.3477500777837	212.127092725382	1.42761723111612	231.862093903359	1.5154227535309	269.645297054052	1.60445584403801	289.691304678091	
0.0303360405467629	0.213010580197406	0.0358525544308081	0.452015360127871	0.0406480610579602	0.51599572275576	0.0410878609170337	0.5745211783471	0.0524252814592822	0.630221507173985	0.0713394059261578	1.20275086163705	0.0936979061968216	1.77863409463736	0.115765315227033	2.36414162558055	0.132311909740118	2.94919205405803	0.141393744382754	3.52824214063829	0.164664379399094	4.1141047451174	0.162617711719402	4.70377474821368	0.196238061113389	5.26797979626738	0.22565861799395	5.87057180397574	0.211373070062084	7.00403879111134	0.277375657595854	10.4204438096556	0.282042253428707	11.6280128920504	0.3264744376884	14.5274534746188	0.446061008048134	23.2374626707012	0.464986935321243	28.8510723605956	0.522144059058145	34.6202515684054	0.574709568533131	40.3829120505568	0.636089318198522	52.4564689935809	0.714518188593819	57.3226770405932	0.759258924394035	69.9763931007081	0.880555199684567	91.3866724471722	0.940142792013837	100.886339754026	0.988557538903532	115.944596834115	1.13287640521844	152.315094810089	1.238280126991	174.853578110694	1.35131947494701	213.294941376157	1.43019650371188	233.19504741232	1.521762007886	271.149748019048	1.61124265793119	291.35403576977	
0.0303671503588119	0.213414395825813	0.035898988672736	0.453788976575492	0.0406954362907551	0.519728114211574	0.0412059801374609	0.577945825914282	0.052768721554875	0.633710532411079	0.071486488880002	1.20985021687082	0.0937765049154004	1.7884547743049	0.116137044941471	2.37804650378976	0.132872257314413	2.96639358119415	0.141748725206512	3.54820061529496	0.164993106885509	4.13739060234449	0.16289736484482	4.7312245484741	0.196718663106443	5.29819795274935	0.226130256013018	5.90402770323459	0.211906640866621	7.04344444435552	0.277891956024916	10.4802328534609	0.282639287600778	11.6944422654974	0.327062300344143	14.61056469723	0.447854816679336	23.3687623836793	0.466121786083905	29.0167676772656	0.52299789040144	34.8199084924682	0.576039557708735	40.6163014766701	0.637710798264288	52.7558184065857	0.719047714989298	57.6544886317169	0.761553938865286	70.3775248904132	0.883056285288784	91.8871428232577	0.945031073955972	101.466389777688	0.990562045358429	116.608726655819	1.13490725796812	153.147771658051	1.2447145479505	175.852015467903	1.35475375675054	214.458796515922	1.43326154061886	234.531607002119	1.52523357004295	272.650205473033	1.6202049831565	293.016766861449	
0.0304695777833504	0.214595429209651	0.0361502440149407	0.455988411146301	0.0407761002462603	0.522538845608261	0.041377433320593	0.58008524838954	0.0529763716318761	0.637678897713028	0.0717785189012328	1.21584921453495	0.0939947914558343	1.79747160621341	0.116477016497827	2.39120981643415	0.133546625829961	2.98252781271046	0.142161009435317	3.56810670305931	0.165471490814528	4.16023082174079	0.163252508647113	4.75637444774575	0.197152152461829	5.32887897652893	0.226623462354112	5.93780537442767	0.212407353353356	7.0840151820852	0.278171522601325	10.5403804564404	0.283279965038922	11.7609964361634	0.327560305694375	14.6941229546557	0.450901118672032	23.5011442934376	0.467307708006818	29.1833421624043	0.52404867279671	35.0191109311363	0.579869183051442	40.848517436395	0.639372709121133	53.0555850520842	0.722231756977369	57.987443886908	0.763703604802185	70.7769504972425	0.884838117175242	92.3883210044663	0.952386573500467	102.046581362374	0.992236272615412	117.274182680806	1.13698764986696	153.980731628062	1.24750825144073	176.855101987184	1.35756782750282	215.626555759735	1.43784618347199	235.865216162142	1.52833325615429	274.149590043464	1.62546095232177	294.68569683589	
0.0306313647447191	0.215626388698868	0.0364830926998254	0.458525915795638	0.0408943806611651	0.52435154849833	0.0413287367651535	0.582744872705672	0.0527488625561041	0.641306631799491	0.071865655892069	1.22214169521146	0.0942590734077294	1.80810288572833	0.116838118858325	2.40452260634466	0.134213842384746	2.99969581223548	0.142376843483251	3.5880060387353	0.165902326217811	4.1833453156223	0.163619941422519	4.78369013756179	0.197689570399871	5.35937187315736	0.227336385287289	5.9708468351605	0.21297444377293	7.12473772538733	0.278648823250803	10.6013383100214	0.283824387323055	11.8283114973367	0.328214310620511	14.7774688705444	0.453872940391359	23.6348170162231	0.46826939291905	29.3503823088082	0.525060406655315	35.219989750359	0.58567642477597	41.0792581812319	0.64148754610543	53.3553740493234	0.724030623388417	58.3228243059683	0.765623945322358	71.1754298803811	0.886474459711371	92.8892011624651	0.955929555698995	102.63047588544	0.993821891324939	117.941240580546	1.13906477184567	154.810011011434	1.24957044227524	177.856430169528	1.36017095508839	216.793718957128	1.44346829129963	237.196962677104	1.5321433947202	275.647603707129	1.62845849660136	296.347027218483	
0.0308236291093626	0.216564041312071	0.036721182895186	0.460500086729411	0.0409300765325908	0.526643242207304	0.0412550162996662	0.585532553869732	0.0527385614008034	0.644273767173624	0.07208209155403	1.2292036811287	0.0947691334045816	1.8188631534137	0.117086383316268	2.41844098873056	0.134638743909892	3.01621072183608	0.142902725594207	3.60652794838887	0.166611499736527	4.20613244963437	0.163947203935606	4.81025704406342	0.198413596755811	5.38824473424421	0.227974075240552	6.00361122744053	0.213310099967514	7.16513849675521	0.279284399261854	10.6620633329698	0.284402966043143	11.8951227130211	0.328873698009063	14.8615598444575	0.455122469044434	23.7701381798873	0.469154393297817	29.5180185016316	0.526006675149149	35.4206860303658	0.588327965766906	41.314361240801	0.643927292249646	53.6552412776552	0.725387895717003	58.6562750247455	0.769315411163739	71.5727916764831	0.88796099577756	93.3897534949333	0.957945802639223	103.213580647001	0.995856198018462	118.607501268199	1.14090931106327	155.645906510061	1.25182388180747	178.855210253428	1.36388480965587	217.958542672325	1.44917564427017	238.531182784707	1.53660867520877	277.147107486844	1.6310665446895	298.010682182112	
0.0310142549647269	0.217970629371236	0.0369360849628175	0.462434385417352	0.0410504693442588	0.53006934496594	0.0415418329226333	0.589095852078625	0.0530042856308644	0.647303475780266	0.0722644996634416	1.23548067856814	0.0951242623552079	1.82824541300007	0.117434607077507	2.4309367759513	0.134862167701322	3.03297219907659	0.143820437313694	3.62667594718048	0.167383082645047	4.23010329458256	0.164383583368307	4.83704839929486	0.199128706317988	5.41760979928835	0.228402725571881	6.03720775640146	0.213571298807999	7.20432715184981	0.279877174129081	10.7210635465919	0.284970293798605	11.9607567370271	0.329555904162812	14.944836842479	0.455988289280056	23.9044758669594	0.470003024132971	29.6855522489766	0.527136686774215	35.6188565636702	0.589424997638396	41.5490172655556	0.645756225155757	53.9559839491655	0.726681560413247	58.9891557741342	0.773938207908691	71.9723439431767	0.889404834766491	93.8898140891054	0.959877589768482	103.800000916771	1.00198906708308	119.269969610509	1.14283853014591	156.480833433256	1.25424709260373	179.85248532012	1.36813633827805	219.126287014977	1.45389085623774	239.864225700631	1.53990150973544	278.647684150113	1.63381139178818	299.684231516304	
0.031126709662965	0.218923343215986	0.0369209955667377	0.465535456612885	0.0411833724636739	0.533447892067868	0.0417978913281953	0.593286861672993	0.0531895592190327	0.649936790234916	0.072561885348282	1.24249272231469	0.0953970995439811	1.83745258395072	0.117738585816052	2.44477785856718	0.135019776145687	3.0507772232124	0.144410231931258	3.64726655700465	0.168015804778176	4.25342873301719	0.164894769392343	4.86383323526859	0.199929687133777	5.44773482351729	0.228954443316164	6.07022174311964	0.213985219510246	7.24424829211455	0.280396733648177	10.7800740047618	0.28548763421464	12.0283158047034	0.330341460434393	15.0268891513731	0.456863116973697	24.0374147075909	0.471160788469469	29.8494855034191	0.528269453836449	35.8190313030599	0.590249743134379	41.7826004067551	0.64828049121908	54.2542083245537	0.728093075585149	59.3236011453739	0.776418074329277	72.3757779621768	0.891090854287529	94.3895990118086	0.961677997995407	104.383716625912	1.0105787714329	119.934084531053	1.14500437878414	157.31415103112	1.25687192635019	180.848061654516	1.37176942987296	220.293837642543	1.45697097405122	241.195495378457	1.54377799969149	280.146115046272	1.63988594913855	301.348184503142	
0.031121783794535	0.22043355545857	0.0369175037473549	0.468621335609641	0.0412898151399826	0.535403669381666	0.0418790836229993	0.595361673647705	0.0531489027713984	0.654049859775023	0.0726415065397286	1.24890988379496	0.0956083870962942	1.84824719415441	0.117975048542657	2.4584792428035	0.135386971905331	3.06682065078199	0.145071574829543	3.66632770240331	0.168516480305975	4.27845290374723	0.165430134651775	4.88984181391325	0.20049529898855	5.47823191109711	0.229552568154323	6.1030070901566	0.214434234455358	7.28338246484112	0.281204899466273	10.8383934216142	0.286187192121647	12.0949631076225	0.331226302354544	15.1097079387097	0.457557462308908	24.1698301449604	0.472340728641347	30.0167603431007	0.53002629570171	36.0198654188012	0.591134257359774	42.0164890217446	0.652296255581386	54.5531628568057	0.729772927326574	59.6554164617878	0.778010132095729	72.7760827374749	0.893499779661246	94.888534568364	0.963302169271677	104.96765585246	1.01414770006878	120.60412266289	1.14717279795418	158.149048151994	1.26007507084038	181.849464342662	1.37635020127654	221.456977526605	1.45993279049794	242.527435608506	1.55027582921837	281.642787605494	1.64900867798961	303.012137489981	
0.0311846871316406	0.22122526692088	0.0369173091736936	0.470567072102408	0.0413920982793687	0.538027554195695	0.0419961618605274	0.597827466462202	0.0531044135501	0.657837141052472	0.0726854929632397	1.25469805332127	0.0960547161740681	1.85739662310818	0.118138586228931	2.47156153038774	0.135707072862134	3.08314859738461	0.145667249218318	3.6872377558554	0.169154496620874	4.30113247000705	0.165974941339349	4.91693305499947	0.200923605268951	5.50844773927276	0.230134881413955	6.13702038594988	0.214795385279523	7.32349545754712	0.282343205101124	10.899054183308	0.287114368866608	12.1614325279382	0.333114716266941	15.1930808629518	0.458115733877732	24.3032886635638	0.474113140406968	30.182403505709	0.532696761746619	36.2180583038463	0.592135428437069	42.2502360757095	0.654749542818266	54.8540433640505	0.731638571059419	59.9892285337069	0.779695467458588	73.1758436204152	0.897829156001727	95.3869411337222	0.964801200834576	105.552436994576	1.01586847051497	121.272536568234	1.14998273722602	158.980681918722	1.26376072462281	182.8506435134	1.38162597739769	222.623157247406	1.46337216318988	243.858660582851	1.55703030612505	283.137761432421	1.65415125711191	304.682646987434	
0.0312302715882837	0.222401789211211	0.036980281163823	0.472945989987119	0.0416164696216875	0.54076604988862	0.0420999667897348	0.601149610343384	0.0533167495359031	0.660421153620669	0.0729912830689069	1.26179414892618	0.0964190352325289	1.86810101144173	0.118559802458258	2.48400213674856	0.136000807343367	3.09938783551622	0.145999019510218	3.70738039954246	0.169689443835797	4.32450028361681	0.166633289214812	4.94320706056529	0.201484098542828	5.53783469039638	0.230817990781859	6.17033798381296	0.215402845124752	7.36297515093246	0.284060498737491	10.9587687213109	0.288705759998571	12.2273431547357	0.335467242972326	15.2760225848624	0.458656115886541	24.4382913149226	0.476194282038724	30.3484825272616	0.535267437328283	36.4182591202669	0.593051407401548	42.4832529728106	0.656102438320771	55.1539552958637	0.733460200784137	60.3220757554845	0.781517398521377	73.5761632968738	0.901249764593617	95.8871730912399	0.9665013439759	106.136085648494	1.01749329448528	121.940898319516	1.15411470006591	159.811585528587	1.26736812758803	183.85216541083	1.38580484926155	223.789873409985	1.46722242009998	245.187411964555	1.56087162556291	284.63774204927	1.65726003445063	306.350325264394	
0.0311449139416093	0.223326970833657	0.0371841095237082	0.47420426493332	0.0415968262968578	0.543931673377039	0.0423168428741477	0.603807372014456	0.0537384395232155	0.663576707184229	0.0732633832322774	1.26927662696589	0.096703371155568	1.87828141443663	0.119227607274221	2.49756126146836	0.136194644850068	3.11642638120952	0.146258542831561	3.72694445910752	0.170090053161934	4.34746855986105	0.167294488034575	4.97053020096158	0.202072975854209	5.56759836148353	0.23148401322392	6.2039945830771	0.21613932879326	7.40369909121839	0.285668125060061	11.0192152788227	0.29099660806479	12.2926987133052	0.336743903380436	15.3583049304215	0.459281255246417	24.5715505305046	0.477606939978546	30.5168861298499	0.53720437851646	36.6188995209219	0.593983304758523	42.716247518171	0.657299368147515	55.4537405678128	0.735701531767401	60.655228451052	0.78338480431937	73.9764829733323	0.902963790695847	96.3888355601643	0.968376211428303	106.7187210235	1.01911006636866	122.607926416934	1.15956349947859	160.643606725487	1.27069693880957	184.852003477125	1.38946207524868	224.95709621202	1.47355953828651	246.517683264629	1.56398498564918	286.141358549279	1.66043442355803	308.016722041552	
0.0310084352303447	0.223872027344562	0.0372265692941508	0.477069071244427	0.041725439898734	0.547004397443054	0.0426196022727997	0.607104486602634	0.0539813105466069	0.66776480639569	0.0732943222193859	1.27593616513469	0.0969476920706716	1.88843422700157	0.119673655048916	2.51179745766775	0.136484694111146	3.13313803269466	0.146611733420496	3.74661538793294	0.170409564964068	4.36968805279085	0.167827961195775	4.99726986779258	0.20246123982728	5.59805959314593	0.231928891883168	6.23674314287412	0.217175510338269	7.44422931641799	0.286564991236553	11.0795621848237	0.292626550462456	12.359631932241	0.337558376286707	15.4422291976016	0.460577487386783	24.7036791205347	0.47886348688062	30.6820692191283	0.538736538923536	36.8178225628308	0.595019239793862	42.9502367159938	0.65841958103077	55.7544459864219	0.738964328866407	60.9873455159658	0.785418522347487	74.3757819202976	0.904445258976053	96.8900435436939	0.970200309730903	107.302004598987	1.02079257593553	123.27241386649	1.16517847416167	161.478250526634	1.27402524760004	185.852318380556	1.39302556367665	226.124915060475	1.48303679448913	247.851426535096	1.56740557735968	287.642203433437	1.66359025269869	309.677724598615	
0.0310823123690239	0.224065087594727	0.0371964760643461	0.4801418535181	0.0418785173685588	0.548728275446787	0.0429851398737288	0.610170924241569	0.0540769905245213	0.670481939878074	0.0735274807590168	1.2817521579216	0.0970456104736602	1.89832568718142	0.120017679563966	2.52535844503262	0.136842253633246	3.15004689172561	0.146997590125534	3.76704324914493	0.171284187263373	4.39326774227628	0.168327294126034	5.02435132999224	0.202784277217959	5.62822419858241	0.232496837527541	6.27118717533769	0.218607242134238	7.48328525805201	0.287110549344247	11.1400664843324	0.29330724523975	12.4284641178164	0.338269516397746	15.5272049279185	0.461978682718964	24.836642175552	0.479665831647267	30.8486213525262	0.54017967589641	37.017948873449	0.595912297230431	43.1828214794408	0.659463429141438	56.0548235795003	0.742060623241987	61.3201145066508	0.787682464725257	74.773858972103	0.906323464387623	97.389277123459	0.975173683072049	107.881518180871	1.02247717446475	123.938749059946	1.16853209755144	162.311821444225	1.27862554135857	186.852067039888	1.39637791049054	227.289574862906	1.48802622980272	249.188909996845	1.57063070519485	289.14227345725	1.66661725300008	311.344628015229	
0.0311219692077577	0.225400633207121	0.0373442675043841	0.482430083871415	0.0418780250976348	0.551377247761479	0.0428581860400176	0.613237885749427	0.0540695736490472	0.674164854824462	0.0736866375679239	1.2886210108291	0.097312037776589	1.90796708726187	0.120157567826796	2.53846634398645	0.137233263535282	3.16669125515793	0.147369626629263	3.78697518110949	0.172243768667315	4.41763393363861	0.168767670367411	5.04982812347205	0.203331710727051	5.65860580216847	0.233197166479457	6.30511292681311	0.219763336033244	7.52295121594343	0.287752596592018	11.1997437694341	0.293691682789571	12.4949158430041	0.339199249783231	15.611308940347	0.463118152323598	24.9697914950753	0.480512877199682	31.0160917699392	0.541495689750236	37.2182875256041	0.597138607735061	43.4161736526528	0.660733565096221	56.3546908078321	0.744714859232963	61.6533230815702	0.790219676119894	75.1745511775737	0.908441195607936	97.8874974243111	0.982458099723535	108.463132826383	1.024147572263	124.606119884056	1.17073296471602	163.145109239767	1.28274471390876	187.85180079806	1.39905735367487	228.457557624126	1.49062426353091	250.525246069237	1.57462982792433	290.642194469458	1.66965267892443	313.013677198954	
0.0309853873350538	0.226977304043396	0.0374622128497969	0.485319744852551	0.0420394802418653	0.553452641812773	0.0427967631303657	0.615831793619509	0.0541757077345295	0.676932803592409	0.0739060351063459	1.29562281002781	0.097487055203974	1.91766506518603	0.120475126013945	2.55066340950557	0.137547661616866	3.18320453494409	0.147722377209026	3.80649872814448	0.172841235913166	4.4410790470184	0.169419102410219	5.07704835272873	0.203896918731251	5.68859392198544	0.233945362041608	6.33785729565874	0.220656545543374	7.56302136781303	0.288362392261185	11.2590662206517	0.294435609203914	12.5612567408106	0.340336958425733	15.6938557815047	0.464705175893114	25.0998413732176	0.48170149389283	31.1830033938339	0.542400362644934	37.4188459698764	0.599714483079809	43.6485050963715	0.662122897383832	56.6540327702567	0.747614000514868	61.9862932379218	0.792797019275394	75.5741034442672	0.910372373870611	98.386783158138	0.985906086926076	109.051102816843	1.02610331284877	125.27360246687	1.17275683234263	163.979425215383	1.28596217759416	188.850983213293	1.40168507636048	229.624333391347	1.49311367820707	251.860926490567	1.58076122645291	292.137913354408	1.67524750166027	314.677391767225	
0.0310878251685769	0.22805424758255	0.0373832107055484	0.486354531495291	0.042272693668414	0.55644602884073	0.0433562640684266	0.618762316376666	0.0545771091767339	0.68061123654912	0.0742120487207002	1.30275755551774	0.097727471359998	1.92821194359663	0.121125688475059	2.56384208897172	0.137861592052279	3.19984680290072	0.148034704788803	3.82780086838186	0.173313561777999	4.46310901581327	0.170320285837331	5.1033177016819	0.204402608849045	5.71804187473479	0.23462901668142	6.37026964802229	0.221282383354547	7.60289407930619	0.288935913419474	11.3196096357066	0.29522326749094	12.6291101064065	0.341179075515213	15.7764603646593	0.466488887509106	25.2320668207908	0.482778497864467	31.3496374836145	0.543054261001436	37.6192181496426	0.603094159759537	43.8804826375287	0.663312986628786	56.9540117572921	0.750267804855293	62.3192708448536	0.794866774233997	75.9745572311701	0.912212264275551	98.8871790284211	0.987710399379477	109.636703522786	1.02879458106846	125.939073393018	1.17495126747917	164.813368661986	1.28856149359677	189.851625942255	1.40528028359233	230.78873987405	1.49526861042863	253.194490947108	1.58657386970138	293.6379535759	1.68377401500956	316.341761986558	
0.0313663050749621	0.228582714910882	0.0375681258131061	0.488025178595647	0.0424868326481597	0.559189996053521	0.043617416901618	0.6220312584583	0.0549601101033455	0.684122147865678	0.0744649231235439	1.30923001427325	0.0980066438007514	1.93773122401028	0.121479208248696	2.57794743435559	0.13822939873334	3.21660222654479	0.148451253284662	3.84826528400317	0.1737038481588	4.48698859115348	0.171264867461709	5.1298887991349	0.204961461519622	5.74791870150938	0.235062886316183	6.40396908812283	0.221829764255543	7.64289671029234	0.289471374139429	11.3810433951006	0.295798316210332	12.6971152775749	0.342056821726484	15.8597504011963	0.467789328625063	25.3698541265155	0.48386492269075	31.5152862341581	0.544098956834047	37.8178953224035	0.605142437782334	44.1159917537211	0.664727765527565	57.2558198617772	0.75191458733435	62.6543606912843	0.796872206284146	76.3747725995053	0.914114908324955	99.3875897998646	0.989585138550928	110.218347970619	1.03379029700985	126.602115430006	1.17672338239658	165.645911399504	1.29083985035604	190.851344799266	1.40994399186745	231.950151223496	1.49761231048499	254.527578566514	1.59075769138137	295.137159332405	1.68850878708498	318.011258205097	
0.0314071036234982	0.229869846303611	0.037590490314068	0.49175384476134	0.0425604571292077	0.561909632465205	0.0435472947871711	0.625215217359037	0.0552201987869888	0.68666390167406	0.0747714961659088	1.31531795323902	0.0982177474488705	1.94809113942291	0.121818755092854	2.59081039548393	0.138397788851796	3.23345613754644	0.148786990513066	3.86739208764022	0.1740784764896	4.51056083005867	0.172056568107862	5.15731857596092	0.205315231562901	5.77771124359497	0.23544039126085	6.43742871267179	0.222191955416503	7.68397501880107	0.289990710979293	11.4422806454407	0.296211672778449	12.7631413883662	0.342810321514075	15.944044403421	0.468904907602438	25.5031673588042	0.485884300452752	31.6805475545289	0.546306094690314	38.0177683132934	0.606412309410384	44.350290150624	0.666936341933672	57.5549941861463	0.753526761945029	62.9876474972963	0.799444690138958	76.770621927818	0.91607753953675	99.888395452061	0.991404661812858	110.801907217575	1.03946082760523	127.267735367759	1.17829448259312	166.478618049787	1.29342567443981	191.850482511018	1.41453362874019	233.115585886273	1.50047490707235	255.86036816271	1.59406137971598	296.629242334197	1.69119789818288	319.678280830996	
0.0314076724811475	0.231002480019698	0.0377059919097853	0.49406989837525	0.0426929998908148	0.564344284182593	0.0436424457738606	0.628674789521108	0.0553237511677065	0.690237793676735	0.075226337066379	1.32120367880039	0.0985409792997272	1.95812125024447	0.122015230553295	2.60420677159155	0.138612352869688	3.25013961652504	0.148979867898946	3.8872106310867	0.174501757292265	4.53418801699314	0.172642789214497	5.18408571680657	0.205681392419418	5.808651175038	0.236001133972015	6.46886876431363	0.222561698803207	7.72456438298136	0.290595211823498	11.4999816641329	0.296654008248905	12.828143044374	0.343630537156173	16.0273847313746	0.470223608758535	25.6357057307477	0.489084375325073	31.8463527672576	0.549202536269042	38.2163001997396	0.607543555739226	44.5838621159531	0.670486210424802	57.8517470719365	0.754971553022314	63.3212993817401	0.802302388631313	77.1678645146362	0.918122846718798	100.387807845752	0.992845214996687	111.384848066371	1.04249121901627	127.93666336314	1.17999449261905	167.313708885748	1.2967417643945	192.845656514081	1.4183474683824	234.285550501837	1.50604880098793	257.187674131847	1.59807972998424	298.127881846603	1.69379550373513	321.346316735808	
0.0314148361023582	0.232125844166226	0.0379134266882924	0.495643775243934	0.042921900388703	0.567265959375711	0.0436764792606793	0.631674171937855	0.0556792148735085	0.6939987650927	0.0763039415550014	1.32721850894754	0.0989797472459846	1.96784868124366	0.122158458012107	2.61802876209555	0.139032503482629	3.26641517623533	0.149155606391182	3.9078878539062	0.174972618378768	4.55722334845956	0.173013738346723	5.21034388988937	0.206732784016266	5.83805256166083	0.23670440206448	6.50296168818325	0.223187143613715	7.76381962763688	0.291288935666867	11.5590312378492	0.297379496161336	12.8946962837175	0.344424820278275	16.110844268612	0.47121621098721	25.7686948627958	0.491249138260238	32.0152276190463	0.551274635526874	38.4182332760667	0.608824525705597	44.8163164942459	0.674790829507677	58.1498000839791	0.756182697968935	63.6562849200474	0.804538084036064	77.5710154115871	0.920078584318715	100.887063777258	0.994299376328406	111.968131641858	1.04491332063102	128.599422278079	1.18351878633675	168.145879094254	1.30070188537814	193.839742732428	1.42185362437133	235.453712076983	1.5177503928585	258.510658764444	1.60338358422341	299.631736765179	1.69644771175217	323.014024815089	
0.0314470978891309	0.232378596369822	0.0378936454782459	0.497914514195975	0.0429238595712592	0.57041150122207	0.0438576386498727	0.634522214443416	0.0559772029290653	0.697260838670673	0.0772411632950542	1.33416524370164	0.099341899483518	1.97748391131234	0.122486607185048	2.63118159736148	0.13934459278644	3.28327886612355	0.14966130678846	3.92813806534552	0.175255987955665	4.58161468553022	0.173321659056489	5.23706120497965	0.208722796732287	5.86722810257004	0.237309146993807	6.53775822622457	0.22381555657547	7.80295193771839	0.291802927110953	11.6191527637978	0.297854135961087	12.9617990033539	0.344898077846873	16.194043035541	0.471918694222006	25.9038595642749	0.492358835426182	32.1823478591878	0.552448501717641	38.6189630836846	0.609772778693555	45.0494637765012	0.678401292534854	58.4499690608107	0.75736311394168	63.9916057344657	0.806424004835386	77.9726314890079	0.922791301040159	101.385798168147	0.996170726632365	112.551832449838	1.04686963815367	129.265682965733	1.18961189244987	168.974055791749	1.30526087934595	194.843216681882	1.4248045308632	236.62190345445	1.52723990514982	259.849170406266	1.60760398711917	301.133475718966	1.69934845024201	324.679348708692	
0.0315988768275287	0.233445368120714	0.0380263625397832	0.500879903340363	0.0429231776161204	0.572683578950248	0.0438791649081297	0.637538360665709	0.056069618091657	0.700793810689669	0.077589252762495	1.34118275896805	0.0996740403283113	1.98709981643851	0.122872485313424	2.64457401534834	0.139739453815015	3.30006548907239	0.150392411053387	3.94762272966486	0.175553786708243	4.60495968173799	0.1736007148578	5.26366303607616	0.210029015919157	5.89721249709689	0.237888725808862	6.57183112665979	0.224316896468031	7.84406982743467	0.292328483320077	11.6795872141167	0.298427570768304	13.0277534023104	0.345681947973479	16.2770406368034	0.472567575011263	26.0384468457852	0.49313186742881	32.3487155907248	0.553478356048962	38.8182623798958	0.610924295552233	45.2826930151392	0.680263652351571	58.7506819300001	0.759289096876854	64.3222922879728	0.807988692079038	78.3737930810339	0.928048514715696	101.882677364555	0.999047090805098	113.133037313437	1.04845006552854	129.936905739828	1.19385588880319	169.807850226748	1.30917558423278	195.845811462867	1.42742042713743	237.788709023991	1.53084347643236	261.189142361816	1.6113306625406	302.633933172952	1.70528910150257	326.340857905211	
0.0316705636555766	0.235077903756898	0.038065793253395	0.502202963410084	0.0431084463846941	0.575365089345845	0.0437747435656054	0.640380349574822	0.0561663293550737	0.704566772883213	0.0777745098255028	1.34852879825706	0.100085043144573	1.99708266264166	0.123194503103808	2.65764978367488	0.140155584833894	3.31560972776569	0.150998698997978	3.96698911602285	0.176029955434127	4.62721456492395	0.173983499714637	5.28979827458495	0.21046230360537	5.92763647585808	0.238494309787073	6.60505838623742	0.224720397003597	7.88360074355918	0.294022887559162	11.7385483121926	0.299041396133465	13.0945273650936	0.34650489377607	16.3603642009515	0.473111876072045	26.1706387657474	0.493903907607817	32.5159066113786	0.554566934628515	39.0169432779468	0.612635697298351	45.5150132829876	0.681615574284379	59.0512346117142	0.762433790049493	64.653105501344	0.809506207042544	78.7737402284803	0.932750713849387	102.381784284456	1.00410931956985	113.713027732457	1.0502299127664	130.603449549531	1.19619249892837	170.643402998684	1.31268155916698	196.847527075383	1.42991341943707	238.956736488693	1.53332790676905	262.524643969221	1.61683554315965	304.132960115531	1.7160220114891	328.001055799607	
0.0316183760578317	0.236268163054553	0.0380238954633617	0.505087036456038	0.0432575423253543	0.578250733998569	0.0440348747292001	0.642497303894034	0.056163651680424	0.708606151528104	0.0779325426764891	1.35526854657879	0.100396226961285	2.00708506661794	0.123464207556258	2.67089947648396	0.1404553049457	3.33338355259673	0.151571041582146	3.98702232931259	0.176272069475596	4.65034116599835	0.174403254279729	5.31685552239882	0.210755264527143	5.95843251797016	0.239129756830353	6.6375145107599	0.225229376293697	7.92335797105857	0.296197900330968	11.7981035940428	0.299581664279439	13.1601828095178	0.347274673440285	16.4432947469917	0.474048148861185	26.3030355766662	0.494717008172337	32.6840401304332	0.555699633628535	39.2132511661904	0.615626372636142	45.7466406468733	0.682733367641056	59.3511241917867	0.76562599849092	64.9862507463313	0.811001205306601	79.1737544311489	0.934950598492317	102.879289329605	1.00882280804147	114.297056365968	1.05223102588345	131.269680434864	1.19853570201413	171.476690794226	1.31565783390233	197.848438025233	1.43492315766454	240.118475663669	1.53569005775175	263.85966873949	1.62197390635364	305.631897651146	1.72192563204268	329.673621657207	
0.0315728641992366	0.236639396946311	0.0382298729665068	0.507591246324914	0.0432538755133704	0.580812802279645	0.0444160891113544	0.645683765724071	0.0563373295079746	0.711236497392188	0.0779925769841677	1.3620131843438	0.10083011919811	2.01782111991753	0.123687096454211	2.68391494167665	0.14088994444665	3.35028938482945	0.152235247974301	4.00700711383075	0.176729320225601	4.67305565685305	0.174774593898049	5.34375630802758	0.211149044141762	5.98830701643842	0.239882445011124	6.67080742857593	0.225697656068319	7.96311147326784	0.297538028574106	11.8596165158518	0.300453572643586	13.2268180052439	0.348173843068522	16.5260818693622	0.475236279971512	26.4361495059334	0.495721958716799	32.850433939001	0.556914380887384	39.4144429097834	0.618160220862166	45.9808757138442	0.683652128937476	59.6518147092353	0.768344811213589	65.3194332442198	0.81301624963602	79.5733439507437	0.93655342545593	103.381085908974	1.01201328579131	114.881703397639	1.05400143606165	131.937371633924	1.20049061791648	172.309308037546	1.3181725892492	198.848857236787	1.44147050423953	241.283686809039	1.53804133950148	265.194246474944	1.62522987952271	307.132742535304	1.72439912137014	331.341359538809	
0.0317560399745712	0.237513472244902	0.0384809101493082	0.509698538172873	0.0434672797872869	0.584082617476151	0.044525302498521	0.649491012228265	0.0564273539626017	0.713665444759077	0.0780682349061935	1.36940951504944	0.101182823572642	2.02871177275716	0.123966058384043	2.69781306779752	0.14161093359961	3.36633327806031	0.152881910132124	4.02735651111955	0.177305866578687	4.69652591594116	0.175247333887101	5.37073998136154	0.211477068665888	6.01862249612483	0.24022353105208	6.70465820858765	0.226155441542982	8.00321608407107	0.29842354227181	11.9198013717326	0.301668140308675	13.2933814891352	0.349118467874188	16.6090645694641	0.476467733841977	26.5703195549501	0.496669898073227	33.0162317011494	0.557954178696652	39.6166255805486	0.619708918182124	46.2145184596857	0.684653212915659	59.9523711162395	0.770343930372307	65.6531745356266	0.815956180044019	79.9736338248812	0.938319391234922	103.88403732828	1.01414796772561	115.467348807063	1.05630289490356	132.603751530861	1.2022812925387	173.142700141212	1.32271160387392	199.847488309083	1.44550771423856	242.452757354974	1.54044062304293	266.526291013116	1.62855217848801	308.629713117736	1.72681858516968	333.008203350782	
0.031996705595545	0.238744491455175	0.0388013620837733	0.511148025276094	0.0436526341444066	0.585908242466328	0.044446383218697	0.651970891296034	0.056338110590751	0.717068089831479	0.0780921448438365	1.3758737083175	0.101444922684861	2.03843408148243	0.12436832350569	2.71104459981726	0.142498985756747	3.38294364822027	0.153271065110249	4.04663395617589	0.17806232041097	4.71944716039761	0.175775415552055	5.39682492845369	0.211743956306991	6.04867161756754	0.240358667672175	6.7379976925302	0.226685136703912	8.04272464845485	0.29918948135092	11.979746877723	0.303029197343352	13.3593377507368	0.349931840699321	16.6926209642448	0.479377473662355	26.7018073950792	0.497426423943141	33.1839517130004	0.559060855155615	39.8162266252597	0.621031646301256	46.447758874194	0.685755645817736	60.2512511426891	0.772084985624152	65.9868636729716	0.819604302580866	80.3724186818097	0.940092327104844	104.383226204564	1.01591754788594	116.052390719487	1.06040075181739	133.268671114071	1.20436059314867	173.977478052802	1.32875542517023	200.845642544243	1.44837655136841	243.618549645603	1.54399089001376	267.858156737362	1.63180133167498	310.125998246785	1.72940765009809	334.670696023893	
0.0320779937176223	0.239861030753784	0.0390180331928185	0.513581803878609	0.0437707091532071	0.587501269654543	0.0445438448399836	0.6550614851131	0.056525360751017	0.720399314107332	0.0780262062304012	1.38269739208227	0.101616973974985	2.04823485413088	0.124777434075287	2.72403375514847	0.143328123940692	3.3997959294075	0.153510285375314	4.06686600682587	0.178852487285257	4.74402476197433	0.17604533389145	5.42385190828532	0.212186017139192	6.07776613341661	0.240995553137355	6.76971201865723	0.227684275338711	8.08306488385826	0.299662074301561	12.0400332477596	0.304843343431634	13.42596083927	0.350697858891345	16.7767864439603	0.482602427475671	26.8348281920934	0.498102856033604	33.3499804431364	0.56029958146207	40.0186439893026	0.622273774243013	46.6820982492883	0.686899704624766	60.5522396833474	0.773905481460722	66.3196810924282	0.823264435689406	80.7716058700713	0.942168489306546	104.883316601057	1.0178743518181	116.634206530666	1.06447212460633	133.934678481997	1.20885509095603	174.807368383754	1.33218236198203	201.84647898829	1.45102648637688	244.781480913418	1.54786465520537	269.188293926991	1.63490807320677	311.627588188968	1.73194258519044	336.333337708609	
0.0319778395961948	0.240958070486914	0.0392630546487726	0.516729208370028	0.0438837415013592	0.591772431194183	0.0449195790581601	0.65847990446086	0.056997300617588	0.723551899080326	0.0782427171781517	1.38900652014902	0.101886785445134	2.05814063339464	0.125060276445037	2.73778100701941	0.143799837085497	3.41658441500139	0.153671260085129	4.08738816444406	0.179547865143014	4.76607056325222	0.176365770444511	5.45046631223599	0.212406247122809	6.10827579385059	0.241875625943823	6.80245126522894	0.229221237933308	8.12255295914637	0.300128546696268	12.1001342846126	0.306295882207941	13.4934155988229	0.351914174005697	16.8599814855991	0.484083774329305	26.968905108857	0.499125834663582	33.5157186006428	0.561674157010504	40.2177160428164	0.623498249739486	46.9156106099755	0.688657712086685	60.8505571909886	0.775461875760028	66.6537055058842	0.825667249870006	81.1724917906284	0.94443823306424	105.384815157216	1.01963195033303	117.216283112154	1.06779309422895	134.601386204465	1.21600406230605	175.636126226508	1.33444932025517	202.846495868511	1.45335603338035	245.946870872713	1.55123204817558	270.520815302299	1.63922635705181	313.128224456879	1.73484745094105	338.002863729469	
0.0318412496908335	0.242615067891434	0.0395886310896737	0.519229576533466	0.0440860824168516	0.594262729432761	0.044965906998346	0.661316538265423	0.0573318478718703	0.727293603761444	0.0785943481830472	1.39471471235303	0.102192289832673	2.06809391010744	0.125562792146936	2.75122464774544	0.144089250186317	3.43283645881779	0.154021911100005	4.10744372947452	0.180153314542215	4.78927492975791	0.177002097159808	5.47639945375569	0.212659999198202	6.13780384033756	0.242757005157214	6.83576886309202	0.230564716332956	8.16193300102096	0.30062396893605	12.1595014393117	0.307240303962022	13.5602389217002	0.353977980473495	16.9424798979853	0.484915739170266	27.1030099652966	0.502969314695718	33.6798735098476	0.563675829529923	40.4167843710401	0.62465789468103	47.1494135432922	0.694299668495121	61.1470828340814	0.777119005538507	66.9876405123773	0.827499041447368	81.5719770020997	0.94645978237033	105.885337687363	1.02113591544049	117.799477280678	1.07038193043151	135.270269496364	1.22037243740652	176.472140934419	1.33652659821857	203.847019388189	1.45592476732211	247.11690999408	1.55589814891925	271.853843317062	1.64585956419891	314.626267922866	1.73965256405284	339.669260506628	
0.0320533401756428	0.243106617012586	0.0395015557989483	0.521415041266319	0.0441222310100026	0.596574679406771	0.0446907351090048	0.664087688454569	0.0574297909927504	0.730116675181659	0.0787434589084482	1.40199998284693	0.102355019547138	2.07788723217565	0.126345500297369	2.76398749170177	0.144461127311653	3.44981470137725	0.154573110353742	4.12745272837847	0.180530103873176	4.81397453458612	0.177536454111209	5.50339616560508	0.21309441960841	6.16826926295135	0.243477549318406	6.86990509345931	0.231361939692871	8.2023477422268	0.301011330192665	12.2194534645598	0.307872957383866	13.6274524687178	0.355481691816513	17.0257159178154	0.485913684187016	27.237140898767	0.507183416930959	33.8462710437055	0.565856507103152	40.6175067280777	0.625700951316016	47.3826725842512	0.700226081796678	61.4457579695743	0.779814795274403	67.3191317285506	0.82895779416468	81.9729225272987	0.948057244752919	106.386210394782	1.02274893050548	118.383565518831	1.07238801894735	135.936768602585	1.22260268880538	177.307172165738	1.33885540511183	204.847006466089	1.46061675960196	248.281972127845	1.56408766913746	273.181953948866	1.65056516761813	316.128155888258	1.74482202218082	341.334733411836	
0.0321519135807201	0.244174320086009	0.0394854010600631	0.52380085675852	0.0441774393990876	0.599282557871509	0.0447235993290586	0.667411054696572	0.0572879608786712	0.734153550897249	0.0787704509941303	1.40947501030639	0.102710053281671	2.08822165263401	0.126956062011424	2.77699597197549	0.144799365263415	3.46667163917713	0.154835924069762	4.14821889249962	0.180753826910184	4.83683850270695	0.177784778284376	5.53035981550464	0.213494318102581	6.19834585840871	0.244198580124748	6.90372234585994	0.231995871966163	8.24313035583214	0.301287491565605	12.2795470508326	0.308517022889143	13.6942320194361	0.356348339744764	17.1085756833434	0.486997348334567	27.3712792828176	0.508592959625866	34.0139947808467	0.568486872307107	40.8165303528199	0.627125718806673	47.6164270887964	0.702252606283503	61.7487358151575	0.782852004904245	67.6515766189951	0.830613761815487	82.3730484886709	0.950110574088622	106.884982038572	1.02461053428875	118.966960853022	1.07425542144175	136.603148499523	1.22428279127572	178.141249722786	1.34153020146236	205.843178846904	1.468180160773	249.445693157166	1.57047385559645	274.517217137702	1.65354196465606	317.628613342243	1.74849271525481	343.003931607166	
0.0321772017739195	0.245950905124196	0.0395622397506926	0.526210712013537	0.0442606548030147	0.601589909440525	0.0452631986487089	0.669268926729364	0.0573758738300201	0.737233900166481	0.0790015230306737	1.41569240310389	0.103042382850253	2.09822405661029	0.127297506509732	2.79134602235421	0.145027077117192	3.4837534913681	0.155150911829873	4.16793033385512	0.181010195876878	4.8606612673728	0.178152015025111	5.55736211528922	0.213785517637248	6.22856587753574	0.244836244885735	6.93673866088444	0.232377716588814	8.28321540886223	0.301914481673074	12.3397291127458	0.309076082863352	13.760689332559	0.357270824739765	17.1924040243029	0.487798909550464	27.5047396640661	0.50953561350839	34.1803513365133	0.571616572455338	41.0153304601548	0.628779183478774	47.8483152229906	0.703447958278089	62.0483832513721	0.78550480177483	67.9855339772289	0.83264971260217	82.7727572175495	0.952779661141303	107.383455659152	1.02686129289592	119.549171544953	1.07591837923862	137.269886024312	1.22604761384422	178.973956373069	1.34730344335194	206.836832931597	1.47285118576276	250.615791883175	1.57337132169854	275.851467047626	1.65613631917093	319.129070796228	1.75241487292173	344.668689256671	
0.0322668476080877	0.245344846987551	0.0396493389472993	0.528333661721538	0.0443260938491881	0.604309371229235	0.0453985526046029	0.673150213374723	0.0577482329322678	0.740297427422508	0.0793214147163943	1.42274437730393	0.103033172081597	2.10847721917788	0.127475960264218	2.80533425392989	0.145372912068032	3.49967375153304	0.155949598696303	4.1868888009448	0.18148469442997	4.88370172111314	0.178570308778728	5.58311132060916	0.214152421569857	6.25889625838263	0.245433840703566	6.97026673763939	0.232814140020671	8.32320919228434	0.30256152918594	12.3994259556206	0.30939986249189	13.8266325556451	0.358171711843249	17.2762062882315	0.488717700457318	27.6368775673215	0.510306733389351	34.3476503905807	0.573152773938011	41.2170437443648	0.632472012942494	48.0797004430185	0.704528947274104	62.3479710829447	0.787609045802965	68.3184929577101	0.834797363599389	83.1741423269828	0.955056271426855	107.882227302942	1.03275810375106	120.127954969974	1.07884521999771	137.935222840016	1.22809905390438	179.805396424711	1.35290426052303	207.840336683372	1.47532942200123	251.785860806863	1.57575350838682	277.186223597006	1.65885630912472	320.628276552733	1.75717783162047	346.333715127064	
0.0324500482933913	0.245969822613094	0.0397236326563781	0.531182228096022	0.0444176465023001	0.607372491031655	0.0453372911833748	0.676402973727391	0.0580445877186898	0.743976035002193	0.0793268609016415	1.42967341692996	0.103265278637076	2.11799184297888	0.127928117776953	2.81759022559906	0.14563185325456	3.51596421240382	0.156579979449554	4.20634319728191	0.181897949649868	4.90754031826201	0.179042626709851	5.60976809973497	0.214604892417322	6.28848251252774	0.246110988483569	7.00408305871748	0.233226856799311	8.36380088477096	0.303048256371133	12.4593416592901	0.310041954836039	13.8926800868546	0.359019649192426	17.3597254301109	0.489644298568574	27.7705242130761	0.511040606828284	34.514521036284	0.574102685253539	41.4176915956	0.636225143872511	48.312884978175	0.705457961992628	62.6484455335663	0.789680757514037	68.6516307521172	0.837109968545139	83.5744471022809	0.956955245459946	108.382958449336	1.04001931115126	120.709740978832	1.08360360042061	138.600112620905	1.2297854659513	180.635495371909	1.35580658902575	208.844019249072	1.47738842115233	252.95098254527	1.5801386736146	278.518268135178	1.66271546205698	322.127273692991	1.76491107906136	347.995403137509	
0.0325241811630616	0.248153046351108	0.0398497700083106	0.534006347254083	0.0444093830895289	0.610425831947506	0.0455127999736496	0.678913586438663	0.0580462465817281	0.747851035220472	0.0793947281153171	1.4353960446332	0.103681965632256	2.12797631899645	0.128493644671845	2.83074701898574	0.145878920718515	3.532757587441	0.157082841466654	4.22769236930707	0.182222205099892	4.9300718042395	0.179499688811733	5.63664280833288	0.214849674986093	6.31902989152421	0.246493471993516	7.03777923918916	0.233618695060365	8.40399397121457	0.303594779573489	12.5192899592481	0.310681648273671	13.9599793155449	0.35969980935562	17.4429987028423	0.49048716114097	27.9047911196359	0.511762132053253	34.6820920365303	0.57511319680365	41.6171510792864	0.637643952708933	48.5471088692755	0.706434216046526	62.9494638765456	0.792043424083907	68.9856030115114	0.839573753757677	83.9727104185924	0.958433760117539	108.884144081125	1.04337327145017	121.296652986897	1.08729743455969	139.267103465422	1.23119309876185	181.470332888142	1.35860425534011	209.843857315367	1.47980111837588	254.117057957947	1.58627751152483	279.848643743375	1.67184376186453	323.621830287424	1.77224511968386	349.661025054322	
0.0325004213982648	0.249282071192391	0.0397547658591705	0.535899609543029	0.044567587388275	0.613177366155856	0.0458308207021673	0.681937765317782	0.0579736656097864	0.750612464730707	0.0795630438996926	1.44162461330106	0.103777789185178	2.13835264896868	0.129028919598823	2.84401650239859	0.14621549848592	3.55030021145387	0.157278860779841	4.24792395429578	0.182513819826903	4.95386616356818	0.179987962760783	5.66290098141568	0.215192329004655	6.3485695795428	0.246796438279622	7.07083979203386	0.234082915729564	8.44341126599037	0.305065566524307	12.5793407046845	0.311153933963523	14.027885766525	0.360220824709407	17.5261043375183	0.491142299483713	28.0381937588876	0.51254496012293	34.848269778271	0.575944208077898	41.8176350177562	0.638846030101155	48.7817760699004	0.707336239607772	63.2492752255256	0.793864252478305	69.3196423261279	0.842525386766457	84.3719348597552	0.959895215788965	109.385389317556	1.04545546880834	121.881910966148	1.08956290130557	139.934153914581	1.2331160661205	182.30411242198	1.3617376101369	210.842846015515	1.48239328583141	255.284683091316	1.59100971629937	281.184562583273	1.68015136664322	325.119694939484	1.77600847988976	351.331236528565	
0.0326477185213846	0.249692260559365	0.0397630183579996	0.537502881279078	0.0447394431239492	0.615838736701733	0.046204333628687	0.684831733665622	0.0581244684202568	0.754619305294692	0.0797587368920157	1.44920325039203	0.103982656348077	2.14741278737485	0.129369933098504	2.85812906553207	0.14646665925812	3.56708776572524	0.157563416695814	4.26727311118696	0.182765959032044	4.97678554537956	0.180464320705217	5.69008488909367	0.215749762298879	6.37899774925538	0.247141471024099	7.1038770618153	0.234578177534502	8.48391913944925	0.3086558175963	12.6382505800211	0.311827091657798	14.0947817325597	0.360958910770746	17.6099215026074	0.491841009808518	28.1701602987974	0.513338651837637	35.0149504341782	0.576777254911889	42.0182269896396	0.639940498891425	49.014778065841	0.70845377616098	63.5494591035177	0.795470983531805	69.6527950216954	0.845209609705789	84.7713455654241	0.962053599213569	109.884086455544	1.04713549056241	122.466684657684	1.09147852341056	140.600369898754	1.23497162656292	183.138935037052	1.36432907473511	211.844695738475	1.48457810992811	256.451205538808	1.59435707058376	282.51738198179	1.6834621913884	326.622268358259	1.77860017670666	352.999242631056	
0.0327010669690639	0.250535922356573	0.0400115609379812	0.539545096965227	0.0448581470927201	0.61796337443182	0.0462828566976863	0.688587699222986	0.0582796548642346	0.757990809269984	0.0797601317600254	1.45571820073799	0.10430046291896	2.15712601570544	0.129620515600879	2.87160437122414	0.146903411502171	3.58332979782443	0.157976358738127	4.28742227413173	0.183157429825242	5.00018968056801	0.180784290683129	5.7168175710057	0.216729615006815	6.40756094560087	0.247684052843147	7.13730083044684	0.234994356699819	8.52399301660897	0.310639370222331	12.7001947041618	0.312445964319845	14.1611049352382	0.361714291387566	17.6935971066719	0.492594082316894	28.3042018253048	0.513968726278718	35.1829870956896	0.577770657929473	42.2182415415542	0.641101349246691	49.2478955457754	0.709896477318425	63.8517142428173	0.797545437883092	69.9857912550779	0.847315323232816	85.1714640762161	0.965034347030727	110.383245529506	1.04848104774326	123.049163570504	1.09320376967373	141.267226632827	1.23770771943991	183.972342041878	1.36645578902966	212.846530560276	1.48756922615001	257.612929812624	1.59698897440114	283.846982729642	1.68599736616263	328.123351660985	1.78105998487054	354.667367942831	
0.0328455719201583	0.251582990815182	0.0402197969333005	0.542201752690794	0.0448994397791852	0.621130336696378	0.0464713234068004	0.691122118866441	0.0583193702365899	0.76101475531847	0.0799497860363879	1.46229310497184	0.104636342549507	2.16800758815041	0.129812243175913	2.88473112945922	0.147253527809836	3.59963748816202	0.158369683826594	4.30819961412324	0.183701050301806	5.02322687467949	0.181047179903209	5.74364990442848	0.21763822441016	6.43687758187344	0.24833675206673	7.17003914569602	0.235357844218151	8.56347643528443	0.31126292253004	12.7606487122538	0.313172368525634	14.2275901880369	0.362522033514979	17.7766170596751	0.493469777223193	28.4375634863651	0.514592645853362	35.348907792412	0.579874865173434	42.4174179031913	0.642243751414289	49.4813222247898	0.711128944121326	64.1508326878346	0.800177277632463	70.3201360434843	0.84945901859455	85.5714782788847	0.967455108501584	110.882054426198	1.04978245196266	123.632067166399	1.09473439450104	141.933979058776	1.24616305599075	184.797791827005	1.36901083930512	213.844178155979	1.49534496576032	258.772389110046	1.59960947850421	285.181441255813	1.68843836055127	329.624911800846	1.78347182823369	356.333109068928	
0.0327678799401379	0.253158555705952	0.0403552308490592	0.545283440736164	0.0449490129419951	0.623347058941657	0.0465646910213501	0.6942255183683	0.0583034196057786	0.763633226820292	0.080281272766772	1.46935520730439	0.104818346709387	2.17832408065006	0.130042841707677	2.89795730637441	0.147444227789728	3.61621898732354	0.158747878907501	4.32793666684832	0.184132473855668	5.04728107299415	0.18146132616889	5.76994672739629	0.218436884038302	6.4674771149316	0.24897325825952	7.2032724588701	0.235796296131699	8.60364903263238	0.31172918105525	12.8206147073399	0.313973367595303	14.2939124593929	0.363353462365305	17.8592384066352	0.494957709586828	28.5694499325373	0.51528181571256	35.5148880937763	0.582649084767652	42.6148992578233	0.642997238425124	49.7158106114889	0.712138578761265	64.4500107374939	0.802402275709016	70.6529087594595	0.851669572247847	85.9713881734299	0.969473125627104	111.38151897395	1.05127644019552	124.214985663454	1.09634021892035	142.601342432306	1.2534615366635	185.632122703781	1.37146707380461	214.843181757287	1.50331067405858	259.942100405882	1.60304880079413	286.517717723562	1.69108390903001	331.122746650586	1.78663173099094	357.998850195025	
0.0326490817215182	0.254250153023045	0.0403369852415118	0.54811431198257	0.0450619529815293	0.626267569981612	0.046565069653451	0.697260407456517	0.0585666961425745	0.766128763748103	0.0809700893522197	1.47515920931372	0.104999314560443	2.18763497764753	0.130349588022599	2.91140746635816	0.14773247296256	3.63278162720381	0.158813894308452	4.34762994741447	0.18430698187287	5.0711680989146	0.181909515435434	5.79687405571717	0.219092745733589	6.49814929114714	0.24981441431147	7.23637026461602	0.236434664827026	8.64326842439727	0.31231830062106	12.8797881469527	0.31474006816449	14.3598854847999	0.364181484149516	17.9418243633392	0.496880212408413	28.7030164845543	0.516097488913091	35.6823063571276	0.585275400962301	42.8157594505954	0.644305268094115	49.9482426380409	0.713351401276001	64.7500307027207	0.804310597389174	70.9851301324966	0.853660889248689	86.3717823556908	0.971577605230179	111.882652451677	1.0528608262939	124.79887273594	1.09942065761016	143.26547225401	1.25582830938746	186.470730213616	1.37361891096223	215.843898992051	1.50635397648123	261.11401707347	1.60685538135874	287.851222575462	1.69324584649681	332.622727267436	1.7941259422572	359.658928880137	
0.0328154584806536	0.254857870077947	0.0403440599403332	0.550126899970722	0.0452385410204201	0.629354380300899	0.0468185467238699	0.699979927452885	0.0586435458490013	0.770702197656509	0.0818901136853797	1.48127601927794	0.105141080192059	2.19788534624753	0.130590631796905	2.92477310882227	0.147928633985212	3.64932238100463	0.159089092839413	4.36732974723834	0.184542727076537	5.09431844871352	0.18258264329833	5.82314107636401	0.219577192590039	6.5285723385858	0.250620088661259	7.2695821573719	0.237005121063858	8.6821651098786	0.312837100253691	12.9395762594355	0.315675182871544	14.4265560707823	0.36628511491076	18.0239837743243	0.498979063566836	28.8352456574177	0.517619052938561	35.8484952747387	0.586911973701349	43.0164780823429	0.64568586921227	50.1825559361043	0.714798734712622	65.0491640488985	0.806261567717816	71.3183275315456	0.855519182218247	86.7722808460752	0.974788433600782	112.382027592467	1.05420192479411	125.382737456686	1.10498830564949	143.929915000084	1.25750559694695	187.305672037972	1.37587857837658	216.844064883876	1.50884257180909	262.280539520963	1.60988525046584	289.184757229682	1.69512150770856	334.120562117175	1.80164915304587	361.320050646483	
0.0329758545452229	0.256155376985741	0.0404232448071576	0.551812360920077	0.0453837000684642	0.630681689529665	0.0469362766689227	0.70274985528121	0.0586793106004608	0.774578827689216	0.0822661493464769	1.48850121946863	0.105465611674467	2.20856156207454	0.130962949414542	2.93734642864367	0.148256133522816	3.6666978326233	0.159525871166312	4.38785842411424	0.184833752535381	5.11718427947941	0.183549550197534	5.8492856280981	0.220232908681773	6.55842681361966	0.251197680950705	7.30305668308135	0.237832994048964	8.72303806176938	0.313334285044732	12.9995077955879	0.31677268177822	14.4928327073342	0.368731051963852	18.107327827568	0.500736749530573	28.9685216368052	0.519498987307229	36.0143898944302	0.587721746836528	43.2178858927629	0.646719732049056	50.4145297519714	0.717535507860262	65.345987715201	0.807965089176783	71.6521880322363	0.857124470871277	87.1721534877192	0.97759764629879	112.882140340701	1.05593476118504	125.964597971347	1.10883168995853	144.599796669736	1.25942327274026	188.137797542997	1.37923265253211	217.841384654049	1.5119041845633	263.446704340603	1.6127861936142	290.520616464938	1.6988320429314	335.614165037337	1.80514024773789	362.988980620924	
0.0329264694891984	0.256605060248769	0.0405325924386544	0.554277164204386	0.0453883955000344	0.633749582360053	0.0470558031003017	0.705744813915938	0.0589023317869776	0.77717646084942	0.082452517387097	1.49610616642108	0.106093065545714	2.21863125410364	0.131170059702786	2.95126015441691	0.148733323589432	3.68328678236506	0.15992780507763	4.40667579584057	0.185168296378673	5.13914998701969	0.184498164757171	5.87645463461561	0.220610494613674	6.58880282927054	0.251756151732455	7.33675239789176	0.238944997012597	8.76250844192942	0.31376323100401	13.0597066213066	0.31832316176038	14.558582215334	0.37000835774358	18.1922514038232	0.501981991238887	29.1035112496486	0.521604262399874	36.1801504036774	0.588627785835926	43.4184257105845	0.648774326222997	50.6437207761176	0.722442076705697	65.6431243058737	0.80923509173703	71.9852215185199	0.858902157944559	87.5715343910671	0.979461694937801	113.381969966886	1.05814397224932	126.546190265118	1.11101491834517	145.268411740747	1.26101475759148	188.971293954785	1.38670578945936	218.839091854395	1.5145220699621	264.616356031798	1.61805150358442	291.850574840642	1.70586411417018	337.111701863867	1.80831883265141	364.658894071958	
0.0329525637944761	0.2571417348569	0.040717035636331	0.556119436584794	0.0452948326220574	0.637146290251323	0.0474588727886248	0.70865694305312	0.0590336722373306	0.780265541267374	0.082606958534358	1.50238316386052	0.10665532589652	2.22807370040853	0.131470667021588	2.96470938307813	0.149098650254513	3.69983126145599	0.160189566349662	4.42659771608793	0.185471708692635	5.16320278835055	0.185335584834803	5.90371118545098	0.221113661595252	6.61847103979832	0.252379611198976	7.37084997837404	0.240337146510561	8.80175716732723	0.314296319787972	13.119848636351	0.319568367781657	14.6257165999364	0.370687251957083	18.2768154895817	0.502843025265178	29.2379625580694	0.523762041067641	36.346108353301	0.589691608251942	43.6168309371666	0.651641504872156	50.8756759655341	0.725940506481382	65.9449473115192	0.810563502378959	72.3162507987182	0.861445881833506	87.9707662828102	0.981281211863925	113.881464316959	1.06135686523974	127.129511093507	1.11299435111083	145.933167411191	1.26254037709235	189.804060209711	1.39341411163786	219.840643554146	1.51673010107492	265.782729467685	1.62385540604474	293.183364436838	1.7117460178589	338.614901131382	1.81139074863252	366.326840569806	
0.0330229645489918	0.25799258529989	0.0407292280545747	0.559250775762564	0.0452772546883962	0.640121632905255	0.0476465475330328	0.7122897994135	0.0590975260298694	0.782921382085727	0.0827863888649757	1.50887937134056	0.107053346527168	2.23827540740631	0.131859090358525	2.97766081984686	0.149272754913005	3.71638319112717	0.160448603701063	4.4464740015313	0.185844788574506	5.1863433592629	0.185956325063506	5.93089509312898	0.221944195354421	6.64865240904035	0.252694372045235	7.40419924120315	0.241373748437119	8.84263105054055	0.314749625836758	13.1797364003446	0.320560918342378	14.6932840495155	0.371101640977748	18.3598019149737	0.504084400186184	29.3706927824541	0.525129678460819	36.5145175438245	0.590354427080932	43.8166741257355	0.653527558920649	51.1122505147012	0.727486491912152	66.2466362067204	0.812072617109757	72.6501336511496	0.86416401623312	88.3698491629484	0.983012913377274	114.381450405329	1.0651888729081	127.713070340462	1.11443195030233	146.60021786035	1.26434573923041	190.636096307772	1.39608033510586	220.840690236688	1.51985291521497	266.946241880759	1.62698873701092	294.51910446281	1.71476597417202	340.115775817861	1.81461037405654	367.995621532643	
0.0328583476897542	0.26024949993312	0.04053096880579	0.56141854536734	0.0454555695419547	0.64185645394872	0.0477310150070313	0.715718870762701	0.0593126676511274	0.787007617895428	0.0828976156725971	1.51528978073248	0.10751838151576	2.24681214255041	0.132224983305572	2.99081621624974	0.149449769072704	3.73339868658785	0.160816024535175	4.46708789441873	0.186557319147314	5.20966600372995	0.186556728507505	5.9568105395206	0.222627642093933	6.67859629103713	0.253265921264789	7.43671357338378	0.241876267107577	8.88332984511815	0.31509978619302	13.2388046005114	0.321248894161747	14.759791654055	0.371705930790048	18.4423506187765	0.505366952094291	29.5031994894315	0.526124224336388	36.6826398870087	0.591127899404103	44.0172921746497	0.654768312189537	51.3466941979188	0.728805942250128	66.5467604800706	0.813892909545474	72.9849850790125	0.866279830445347	88.7712789758632	0.984509667102781	114.882144298822	1.06968801256136	128.291905919544	1.11583721921846	147.267700443164	1.26592536786792	191.469920545091	1.39800072523281	221.841213756365	1.52835509075432	268.108204573143	1.62948884456248	295.847900547996	1.71739561122572	341.618110818068	1.81754834818506	369.661481868023	
0.0329121513504466	0.261088505117676	0.0406622368836496	0.562957614056451	0.045729320040952	0.64420425984015	0.0478887738134436	0.718377854794594	0.0595867217671038	0.790866727423032	0.0829381186731831	1.52180612806223	0.107774714306408	2.25735424793305	0.132642474174741	3.00413063597469	0.149823102012389	3.74946120626931	0.161001578978198	4.48737629008179	0.187100490650726	5.23264545584454	0.186946226261806	5.98402890613222	0.223291756436482	6.70859651804699	0.253936074570678	7.46998879607172	0.242161024101891	8.92340558492294	0.315580143748787	13.2987519691469	0.321620603814853	14.826193087826	0.372451812748953	18.5255158580944	0.506285644094686	29.6363264572142	0.527070547490167	36.8486835183051	0.592007591369291	44.2175488704222	0.655843119182777	51.5807728027046	0.729854707645049	66.8479874392967	0.816006680171202	73.3181750274813	0.868203222321705	89.1710771117047	0.986086952087792	115.382428410401	1.07396242506632	128.871561062453	1.11744163022189	147.93555555499	1.26758425218479	192.302448381449	1.39975183311574	222.84289956656	1.53692054945323	269.273981962611	1.63220663129247	297.173597191801	1.71987353253707	343.118747085979	1.82031538499293	371.326865366269	
0.0331867799091027	0.261476924820503	0.0409804993107485	0.565838543888865	0.0457721088360176	0.648326293359612	0.0480173990102861	0.721334629205576	0.0598162763182856	0.794069079943744	0.0833078536460095	1.52837358171584	0.107904101060264	2.26861160901901	0.13296470255171	3.01737427518733	0.150154962511616	3.76642804012778	0.161410637740059	4.50770473261366	0.187540584113466	5.25640256227201	0.1872373917741	6.01004167572826	0.22371391291742	6.73891944831364	0.254417453801895	7.50380325450476	0.242601762511318	8.96345059108422	0.316201204631815	13.3591091196958	0.322078347927119	14.8939961620053	0.373074399688397	18.6092659679613	0.507099435432844	29.7702674008884	0.527699256813169	37.0144552034227	0.592782575828545	44.4166879791582	0.656645301785712	51.8148849351014	0.730849762057516	67.1474486110052	0.818897040809972	73.6525496182087	0.870127057507615	89.5664421523016	0.988449977912241	115.883338370721	1.07619872155809	129.459694965678	1.11971930423479	148.601041382298	1.26961425478248	193.129984329043	1.40137593211508	223.841381627251	1.54035762135949	270.446315862693	1.63572720855521	298.506774218169	1.72236530488525	344.617297191422	1.82366620713223	372.99335155039	
0.0331586939501196	0.262666893079867	0.0410053304835869	0.567637859017559	0.0459292797596065	0.650042895406077	0.048126011883566	0.724325804342524	0.0599964761250823	0.797417999347674	0.0834890577503235	1.53532194628437	0.108126736734525	2.27733810112868	0.133358400652341	3.02987402052882	0.150613291552729	3.78290709381095	0.161793327488495	4.52796984521347	0.188005889790947	5.28042230165304	0.187586892576482	6.03705189175435	0.224158635038809	6.76868591336838	0.254750405240728	7.5371455324149	0.243227603395855	9.00329256893387	0.316831137651689	13.4194206354406	0.322727700489549	14.9602010867224	0.373597981345202	18.691719676866	0.507770466277313	29.9039065960627	0.528492021524307	37.1813109479656	0.594153202205454	44.6165982229493	0.657897542575162	52.0481402507702	0.731740881368068	67.447163102442	0.822173626360921	73.9832063693948	0.872027672266364	89.9620903149478	0.990978791053038	116.381655529116	1.07776363784285	130.045012549571	1.12277516123562	149.26542452373	1.27280328023051	193.95880177644	1.40323540695848	224.841696530682	1.54271590860515	271.615341705147	1.64154737463184	299.84063669792	1.72542999035165	346.116532750248	1.82832990275824	374.659658920586	
0.0330917036901467	0.264090885228818	0.0410723202837136	0.570765938566473	0.0459576758897491	0.652572425606247	0.0480303728052575	0.728020884689465	0.0601919530884081	0.800335716420038	0.083634167065736	1.54169405503723	0.108479533403124	2.2873058133407	0.133650709432961	3.04445410757255	0.151025058466771	3.79889138239987	0.162181966019147	4.54786429144618	0.189157303293438	5.30322759645446	0.187874801469092	6.06379854350433	0.224481048329857	6.79827030486843	0.255228822234597	7.57102378644127	0.243624093290126	9.04471779508518	0.317326523011097	13.4791565938617	0.323350864287308	15.0268139307079	0.374105752587632	18.7753896929953	0.508639147803649	30.0369162172065	0.52935373000564	37.3476712289223	0.597008419113364	44.8158304639383	0.659138853409416	52.2815557539143	0.732829861970357	67.7464156579037	0.825015235024742	74.3162473062587	0.874104980737096	90.3665897669227	0.993579429688541	116.88021855666	1.07929586894268	130.629763889366	1.12577488761681	149.931774618347	1.27772499494156	194.795695652819	1.40542439630828	225.84378467221	1.54488316444813	272.780195222665	1.64660483105144	301.175482654263	1.72918337192529	347.613682146605	1.83524507163375	376.321227721746	
0.0333028188197377	0.265241039450008	0.0411764646770913	0.572967177574685	0.0460806846090041	0.654850556930873	0.0478582370819965	0.730433126458466	0.0603648229557863	0.80422445364564	0.0838345354720198	1.54799328780209	0.108720568967242	2.2984798210602	0.134062742588848	3.05777597787774	0.151110782789673	3.81703680492053	0.162997203107681	4.56730332096154	0.190732973211408	5.32626153093708	0.188187739394024	6.09036591566722	0.224694517406332	6.82817693396399	0.255706671194454	7.60376117036792	0.243841166130943	9.08406151538108	0.31769743634266	13.5398788228425	0.323873789355894	15.093096155195	0.374599400212588	18.8593242047233	0.510123274364138	30.1704809065785	0.530175463933361	37.5135993762249	0.599318578851551	45.0154873880012	0.660309549750622	52.5139840551762	0.735182430360906	68.0449455070818	0.827235768460185	74.650465434801	0.875867275207681	90.7698300708365	0.996079074178756	117.379183915536	1.0805685316917	131.21359135721	1.12947082027304	150.598243922247	1.28171473239079	195.630041430756	1.40735096786183	226.84161108184	1.54697746997992	273.946956088725	1.64945707749011	302.511729319692	1.73422926170247	349.109669252445	1.84049389001114	377.988905998707	
0.0332515621807718	0.26621665800824	0.0411744245917008	0.575178137261807	0.0462815920851716	0.658032827809524	0.0481126341536023	0.733047581631875	0.0603285860033997	0.807343569215199	0.0839144775099135	1.55574945825041	0.108801591717671	2.30907128653695	0.134545724923103	3.0710119336795	0.151606014911643	3.83283040522134	0.163930632551662	4.58716191127683	0.19135114128723	5.34960838978991	0.188938834541714	6.1168517971087	0.225074620607115	6.85839136515585	0.256082323342704	7.63755886499541	0.244358872885658	9.12294609366951	0.318127379620362	13.5991994114151	0.324511268754545	15.1597984061434	0.375103546700982	18.9428619730533	0.512003400986928	30.3026206724789	0.53241949769061	37.6787526631823	0.600719392283189	45.2159340735698	0.661564511946133	52.7473101513574	0.738962045115972	68.3429836179639	0.829093830872188	74.9827836653814	0.877818792129465	91.1703211106407	0.998382388643264	117.879214707387	1.08198992513704	131.797135703006	1.13265867794753	151.265935121308	1.28468215308916	196.464834243507	1.40921833136252	227.840346462259	1.54915913766724	275.113210315328	1.65207530189596	303.846247450505	1.74121989132757	350.607802125394	1.84370763352191	379.657388938333	
0.033046832259884	0.267152782670417	0.0411791684054793	0.577762208037663	0.0465242345561847	0.659958977425324	0.0483879238115871	0.735919954938541	0.060237027311235	0.811162049797416	0.0840206644945135	1.56253588911397	0.109064210839673	2.31814097099905	0.134976583853932	3.08479620562103	0.152111856715707	3.84939281227099	0.164825644878226	4.60693016330668	0.191703941139773	5.37318668229154	0.189390005044586	6.14352534004004	0.225693091234711	6.88780765293917	0.256461012280674	7.670547240344	0.245038372560751	9.16280204135712	0.318766207221956	13.6592408436261	0.325131050259369	15.2261281280795	0.375693369293074	19.0268374629727	0.514575635011857	30.4349411149502	0.535261659947318	37.8448223715095	0.601805664474392	45.4172152241257	0.662983564547509	52.9813701296925	0.741518816060176	68.6435772778694	0.830986189587331	75.3177468519479	0.881099309546721	91.5685248223102	1.00029269932266	118.380266228732	1.08352321474319	132.380396926752	1.13496124087527	151.932642843776	1.28720479064411	197.300029387591	1.41284318460036	228.840169627393	1.55238370792579	276.277795611957	1.65671434429616	305.177010488874	1.74717293527877	352.109004637404	1.84747183292513	381.32375591317	
0.0332195858691054	0.267656628159353	0.0412981328739068	0.579555585985226	0.0470989674001382	0.662910804185363	0.0485524703879781	0.738913341966499	0.0603213258171251	0.814007065504752	0.0848384187646355	1.56817178740657	0.109139129891108	2.32837853391426	0.135153516540372	3.09807896037994	0.152585774958798	3.86686768256977	0.165475694730653	4.62750866593796	0.192038080564965	5.39692283396207	0.189567204330829	6.17005825326931	0.226144218142953	6.91719087877266	0.257392756094805	7.70271465488207	0.245437424380824	9.20361911389609	0.319471666113964	13.7191742424237	0.325650094329244	15.2925668147518	0.376436676939587	19.1107347217994	0.517868908775134	30.5668834404742	0.536793654608114	38.0135705634341	0.60278456003863	45.6190588934899	0.66649369435419	53.2116675650049	0.742965315383922	68.9442305424168	0.832174167750973	75.652479070527	0.884051288524375	91.9688370481885	1.00209388553873	118.881168738471	1.08496381337556	132.962883290153	1.13706375669136	152.59893333375	1.28924464595362	198.133630107504	1.42167690895168	229.833495886556	1.55621152526469	277.444407466413	1.66142398157633	306.511230596477	1.75049748887125	353.61071378887	1.85228312597341	382.987470481441	
0.0335610214471047	0.26845346189558	0.0413281731696583	0.581559617447629	0.0474806472864205	0.665989698263142	0.0486334017931347	0.741323313636832	0.0605877658355254	0.816700101016662	0.0858150730431133	1.57414959748313	0.109356959029921	2.33742190851488	0.135392751523252	3.11134262302698	0.153298045029046	3.88370040598386	0.166096722848636	4.6472662077587	0.192246204682224	5.42116189979901	0.19009822094538	6.19635228226953	0.226340099818293	6.94789378863169	0.258388917989825	7.73644250031978	0.245709039616133	9.24323571169339	0.320065666269918	13.7795639892611	0.326228883007276	15.3595521877494	0.377079774634796	19.194013582466	0.519467372574391	30.7030390691257	0.537868885970208	38.1797408545946	0.603851295844124	45.8178888031458	0.671020684819526	53.4437829418965	0.744400999863943	69.2438928797919	0.833379686339257	75.9846110366013	0.885906181319606	92.3692312304495	1.00358827971483	119.380447021718	1.08612922727507	133.545995502294	1.13925675381947	153.265357934169	1.29165425854406	198.96675399028	1.4281169406233	230.834943278183	1.55988332849906	278.61137694872	1.66465298830037	307.845182483191	1.75311951442925	355.111856696238	1.8571182583709	384.653807653958	
0.0334281575305446	0.269230359508891	0.0413543679093438	0.583365684664669	0.0474876790454498	0.668431684145456	0.0487503950125519	0.74463928750625	0.0606826516659459	0.820537499087777	0.086396903091878	1.58116268896752	0.109634027272457	2.34751954021989	0.135860902810313	3.125096161325	0.153793012128625	3.89987049341759	0.166618167350121	4.66696321361497	0.192446534400767	5.4437641662888	0.190581015341633	6.22283630106594	0.226730833376531	6.97867027297063	0.258812735266297	7.7706211058622	0.246374868092797	9.2833794380429	0.321091801021266	13.8387076265529	0.326994571543142	15.4265505992624	0.378144575862245	19.2757650741828	0.520211505797564	30.8377977139815	0.538638392628753	38.347255975489	0.604946190222657	46.0170763406533	0.673084140626732	53.6798545768973	0.746190431721211	69.5462895801161	0.836008373273581	76.3163779242436	0.887526387973342	92.7699904911424	1.00499595585846	119.880611924013	1.08757013015306	134.129986882904	1.14210392350896	153.929323843108	1.29364626554383	199.801353087945	1.43060782085816	231.833097513343	1.56397281928048	279.776051652312	1.66700248209121	309.174902440327	1.7553947108088	356.611569092199	1.86101636807234	386.318028861685	
0.0333913584027477	0.271150018970808	0.0415061417924034	0.586756746413099	0.0476390130299321	0.671674258157949	0.0488937298004813	0.748293040415905	0.0608957960630279	0.824132345847386	0.0868396524537976	1.58745575172062	0.109708733618547	2.35761041983656	0.136176632089468	3.13739241269361	0.154109938748095	3.91610949871856	0.166724166012549	4.68700154917863	0.19273616078609	5.46697831168105	0.191070262441287	6.24845791519923	0.227359024261517	7.00865466749748	0.259336467561676	7.80381996010265	0.247201729658675	9.32299789848526	0.324313448592956	13.8956514800279	0.327784133849328	15.4935536673881	0.380996620982455	19.3566485733012	0.521022327922187	30.9695984784809	0.539244339383143	38.515553407309	0.606250968385548	46.2160850642351	0.674199766103178	53.9150209663985	0.747806444387939	69.8457433012444	0.839613158876804	76.6460362976772	0.889257960789668	93.1712191383906	1.00642460253435	120.380255285692	1.09240520292972	134.710074159467	1.1453296411808	154.591307897702	1.29567668291766	200.633836220821	1.43270026939696	232.831981905367	1.56990219698661	280.940934972151	1.66933867794025	310.505725083339	1.75773720681622	358.111311290481	1.86404697181795	387.980730151043	
0.0335133669659579	0.272061027028494	0.0417528009645579	0.58944314625198	0.0477099159128337	0.674325034910043	0.048894078112211	0.75163113319542	0.0610855244930437	0.827691976973814	0.0872072439382352	1.5949944583581	0.109830304087607	2.36744984237002	0.13629206673472	3.15174665402372	0.154771013373093	3.93330590358076	0.167037989011169	4.70699192163197	0.193152911082087	5.48997219929487	0.191402641626059	6.27615405026893	0.227730966969409	7.0386195042512	0.259761075085728	7.8369173001873	0.247976999379311	9.36239656681046	0.327496692720204	13.9569157387214	0.328457269750655	15.5606675628948	0.383709034023375	19.4400522311868	0.521633089282558	31.1033922731953	0.540001122298092	38.6807029689762	0.607556773148224	46.4161964736928	0.675195728820079	54.1485556788264	0.749198155596462	70.1463071588289	0.842062747010964	76.9793603565903	0.890927380740263	93.5709725707507	1.00866038465094	120.87803600231	1.1011979761838	135.289818709338	1.1478906096449	155.261472689403	1.29906288096184	201.464531214439	1.43448617377892	233.835858186154	1.57604614093709	282.106563350014	1.67204670688344	311.842597597508	1.75994473226705	359.610159419134	1.86666888934816	389.651209846175	
0.033528291130856	0.272886004167436	0.0419395510307956	0.590954100642205	0.0475879909765662	0.677125230720605	0.0489699286986892	0.754827082873735	0.0611411769134505	0.830507015737204	0.0873413838802218	1.60192093684716	0.109865635625631	2.37793234311072	0.136528357664325	3.16489227154004	0.155536577917969	3.94924828265581	0.16752027457643	4.72719556694477	0.193704912719696	5.51332604306668	0.191693517040101	6.30279406558919	0.22804268340657	7.06830680689086	0.260215726575527	7.86970823515945	0.2489491467637	9.40207463189477	0.328429740220015	14.0192472930347	0.329887088816658	15.6256720128703	0.385239854560076	19.5250447253093	0.522363701715899	31.2369346108265	0.540711245180683	38.8463368183592	0.609062008094096	46.6160731898728	0.676362253831491	54.381770016304	0.750439331144394	70.4447401504639	0.84376534047974	77.3156795487611	0.89241416449472	93.9712773460488	1.01169677494373	121.377835826173	1.10568043077981	135.876343287231	1.14993056579356	155.930355981303	1.30287502230281	202.296775928747	1.43618774698304	234.837216170819	1.57922780997247	283.272698367333	1.67560855886685	313.176847507432	1.76255372933234	361.105163048382	1.8701283514011	391.318143065111	
0.0335702647450945	0.273791162355479	0.0419847280687338	0.593931073110565	0.0477517274070904	0.67912512943928	0.0491022590401687	0.757112199117339	0.0612541921980294	0.832675076380271	0.0874403107629561	1.60854881004993	0.110257547760973	2.38782811065727	0.136763386029018	3.17702111768381	0.155935532604036	3.96602559237934	0.1678632024766	4.74717522918902	0.194082325600229	5.53633762580858	0.192014888885502	6.32915049319894	0.228226827332435	7.09815290002194	0.260695608068329	7.90258392048186	0.249830690180894	9.44284513830722	0.328808887898352	14.079480577687	0.33203288952078	15.6908571394167	0.386003152091097	19.6091319739323	0.523061055566458	31.3710972092629	0.541452423634514	39.0129168914331	0.610529467344782	46.8162665557132	0.677509781899601	54.6139598989981	0.751408226408248	70.7443130808761	0.845087182878968	77.6510003631794	0.894084789113979	94.3703527756067	1.01436847438243	121.879744164246	1.10753231350534	136.461452254877	1.15173832038892	156.597495837425	1.30623903037587	203.131091904362	1.43830189822497	235.837352260323	1.5813846572903	284.437045245395	1.68006686987296	314.509577498986	1.76950559639212	362.599838852098	1.87440132368428	392.985404109577	
0.0338212522069139	0.274121927372909	0.0420561226841361	0.596211998402782	0.0481300170550935	0.682000354921196	0.0492634309139055	0.759746561309835	0.0614298237511705	0.836231797123792	0.0875792300574124	1.61543023581159	0.110427746813472	2.39796136544907	0.137098096465556	3.19049968300473	0.156273334202067	3.98269859397947	0.168088381546239	4.76684755499823	0.194295085433823	5.55969426354798	0.192295013102984	6.35643684635528	0.228743108133341	7.12855964931632	0.26101802096938	7.93671968518788	0.250480851666862	9.48277093518461	0.329301533038982	14.1393338827469	0.333518820096833	15.7586332052425	0.386553780039477	19.6916974415406	0.523676498641766	31.5058223265077	0.54232004668069	39.1769749430947	0.611878739222597	47.0159905349982	0.678480942259366	54.8476808759321	0.752515124082399	71.0440201217326	0.846398613641851	77.983571913488	0.896206543223025	94.7692270394981	1.01634128823581	122.381041554738	1.10891591374662	137.045488338969	1.15321444197512	157.265857588707	1.30879812818525	203.965482385781	1.44080954599733	236.836087640742	1.5836988042405	285.606369111058	1.68440448507615	315.844185036761	1.77839053063233	364.099700259664	1.8788808823955	394.651353851921	
0.0340091104335131	0.275919961933124	0.0422773021918981	0.59903652501445	0.048357337270281	0.684808699803898	0.0494245120535391	0.763288264477554	0.0617421100733776	0.839756620070648	0.0876727441981037	1.62161584722774	0.110724429960945	2.40745130920301	0.137746292849275	3.20460176875975	0.156726197823203	3.99926216518227	0.168305530732246	4.78723793047837	0.194588736093105	5.58359293100006	0.192766159986187	6.38343542084974	0.2297134935602	7.15857244918035	0.261476884432471	7.9705918856178	0.251069803999174	9.52315308010189	0.329950880458773	14.1987690239907	0.334328805055667	15.8260460552816	0.387193696179603	19.7749595384016	0.524366005427316	31.6388747884879	0.544424359621073	39.3409882912749	0.613260282888716	47.2158672511783	0.679572084021963	55.0821208338596	0.753787763755322	71.3438612730335	0.84756488165177	78.3171269403887	0.898678529665084	95.1696063205986	1.01794302662886	122.880081419417	1.11008946392464	137.629092289406	1.15474490052351	157.931999067077	1.31107506332737	204.797518483842	1.44315327759682	237.836894282469	1.58593659833903	286.775245941908	1.68753981086544	317.178166725796	1.7828485995002	365.603108143426	1.88420784105959	396.315247234118	
0.0339997564274558	0.276236815320257	0.0424408163011716	0.600985899485852	0.0483907777985678	0.686916457313123	0.0494203301153957	0.766454120796607	0.0618881224835647	0.843918991497207	0.0879486223180754	1.62769854750429	0.11109038054231	2.4177566258323	0.138499921383565	3.21712246885818	0.157100581390797	4.01618708952687	0.168728696673737	4.80746625583823	0.194947454553012	5.60710230563444	0.193193216865341	6.4102291043875	0.23143349657114	7.18664576987486	0.261812754010528	8.00431134915274	0.251469623808218	9.56311147326784	0.330307055386457	14.2590824023807	0.335007392244151	15.8932167614627	0.38770356463533	19.8581210524294	0.525111367030047	31.7704445849998	0.548449783931966	39.5092372943232	0.614156524703478	47.4166082346665	0.680784567945724	55.3150408734175	0.755098449337947	71.6429573663101	0.84862448309543	78.6509650893386	0.901558541456034	95.5688158606009	1.02006329248722	123.377966444158	1.11124618249017	138.212755844485	1.15632175224252	158.598051138484	1.31315422360449	205.62915225057	1.44545701378107	238.837477406788	1.58805264829721	287.942841272955	1.69106139001008	318.510419880214	1.7853671858128	367.106367015583	1.88852638046518	397.981584406634	
0.0340976493471405	0.277288162041739	0.0425275104772316	0.602611581170288	0.0482505697428276	0.690648906976595	0.0494441414841897	0.769356529254878	0.0619382259385375	0.847654002297638	0.0879828381025513	1.63569616331861	0.111177106656903	2.42815786868221	0.139330151354061	3.22987809506489	0.15732582314718	4.03295881131522	0.169066190888748	4.82721308744988	0.195223154193722	5.63088595475402	0.193429788015343	6.4364886744541	0.233019212581339	7.21608440939891	0.262301848914603	8.03600239221651	0.2517684472368	9.60349454950765	0.330573652629504	14.3193203436456	0.33559442495471	15.9596163325887	0.388417836624126	19.9413365831639	0.525769684878963	31.9038844771526	0.550772383686365	39.6777172653591	0.614991298381241	47.6158479262358	0.681966803719994	55.5480354187779	0.757341227666383	71.9434467180922	0.849952436140739	78.9842965988319	0.904533876592381	95.9697613857999	1.02265795011674	123.877222375664	1.11253755097538	138.79597236475	1.15808497885028	159.264818465594	1.31511128930203	206.458461436262	1.44811066227552	239.835944566319	1.59103972122871	289.108618662423	1.69536268800999	319.844401569249	1.78742803525699	368.607688736876	1.89205926966648	399.641841905672	
0.0343619879089078	0.278258396391592	0.0425017660378278	0.605397457896946	0.0483510345854769	0.693265865079305	0.0496894042370924	0.772364701028006	0.0621771533172239	0.850351286968593	0.0880382679630503	1.64301053764158	0.111117629798154	2.43857610816831	0.13982710885297	3.24433408338145	0.157535861088687	4.04942831894246	0.169177618626289	4.84753035411138	0.195333660180933	5.6535995142862	0.193824060989368	6.4637033157756	0.233492418941808	7.24749931533242	0.262742501901384	8.07008041492565	0.252012300625024	9.64333373338972	0.331035739545522	14.380075168915	0.335957357689971	16.0273849478343	0.388857316228802	20.0258019487342	0.52623865534849	32.0390491786317	0.551750169102489	39.8451876827721	0.615887341507063	47.8163020623846	0.683015821989447	55.7807952708606	0.761096040195277	72.2439435204545	0.851338703390413	79.3165626753506	0.906711725820199	96.3715711783071	1.02581311216986	124.376195185121	1.11401952416621	139.378533233953	1.16136412872188	159.929082397742	1.31720602449988	207.293507568742	1.45145597404184	240.834486231651	1.59565603471325	290.27558814473	1.69877590317439	321.177995828112	1.79023416021495	370.10501694716	1.89747383188492	401.302814660414	
0.0342760901708077	0.280037018697814	0.0426048085398093	0.607248927087341	0.0485347125299432	0.695939459233394	0.0498205063008799	0.775563910335177	0.0623757814279504	0.853589844652673	0.0881595691896676	1.64872117456724	0.111277684789103	2.44783182430586	0.140168449238147	3.25745152839122	0.157675327182989	4.06675790292651	0.169410930621671	4.86772794582773	0.19560579243708	5.67667722092775	0.194078297250641	6.49066324038504	0.233803823441202	7.27803225882967	0.263231816673254	8.10412025341104	0.25237799147213	9.68352123189815	0.331426585168026	14.4392895867191	0.336565402097247	16.0928513337848	0.389336476758544	20.109088259981	0.527221191164636	32.1703842818659	0.552504852886196	40.0131386626107	0.617064435632778	48.0165848351879	0.68408568636646	56.0142778292269	0.764536350840847	72.542607480077	0.852720030389999	79.6504827806831	0.908696159639976	96.7703113317541	1.02943408912438	124.875905602021	1.11542637016663	139.962032876267	1.16485808500847	160.596237155025	1.31933856184247	208.127972555962	1.45442450615128	241.835516390785	1.59948935372386	291.44175296437	1.70121611274933	322.514600121392	1.79297500000159	371.604908157047	1.90378835453806	402.972728111447	
0.0342716869213183	0.280868515094469	0.0426665806721376	0.610257739144708	0.0486258998484923	0.69810845119899	0.0499146022475206	0.778205199238993	0.0625097463336827	0.857719212337062	0.0883417718114839	1.65477931121205	0.111821450176565	2.45805122643172	0.140322645441741	3.2707254355861	0.157945822680459	4.08346582912152	0.169674105682121	4.88715440248893	0.195974110836233	5.69968414705699	0.194454444452146	6.51723666614437	0.234169880883079	7.30773259998475	0.263692579405761	8.13718965381978	0.252697508140404	9.72388195639722	0.331761260086196	14.4985980680987	0.336998245839408	16.1595470654755	0.390011810665535	20.1928756227492	0.528331301997915	32.3038092728583	0.553030865807055	40.1804190902274	0.618242069814994	48.2160145165534	0.685125505753272	56.2480770372535	0.766647968830893	72.8427541051679	0.85418322010859	79.9843209296331	0.910557454660923	97.1703478861634	1.03209962712209	125.378037457501	1.11692007291129	140.545532518581	1.16742054139427	161.265165150406	1.3230984117083	208.960172566789	1.45719482950999	242.835935602339	1.6020884645792	292.608156202579	1.70327743854194	323.84744932223	1.79481855471732	373.105484820316	1.90959370320807	404.641211051073	
0.0343670426156233	0.282281011230936	0.0425967978588796	0.612322422986903	0.0486647264422504	0.700925236192125	0.0502312849216089	0.7809675018641	0.0625904043811103	0.86058902450677	0.0885013941943679	1.66153989787539	0.112819416954396	2.46690903501816	0.140507064509418	3.28417769104554	0.158321479834589	4.09902357199152	0.169965407743774	4.90725420533959	0.196309594154082	5.72362379270041	0.194786706299005	6.54383244364444	0.23461422388051	7.33674283114482	0.264236358303194	8.17001132243543	0.253015555382468	9.76302078573645	0.332234761972747	14.5588900260705	0.337412629472972	16.2266712055301	0.390953996573114	20.2752361994008	0.529355720522484	32.4369585923817	0.553630892519266	40.3465260514559	0.62019456317926	48.4134735194446	0.686238517484548	56.4820960373973	0.768301938745413	73.1423493873208	0.855953338826865	80.3161399713371	0.912431657696374	97.5686335542156	1.03464042177731	125.877047519859	1.11855217382305	141.127482440205	1.17013938888398	161.929965524332	1.32785708520657	209.794935577219	1.46124335204591	243.832763634216	1.60425226598957	293.775721731305	1.70516566056551	325.178748802377	1.79685353422641	374.606299902153	1.91269667191116	406.312406001908	
0.03463374113716	0.282389015540631	0.0427211685908368	0.6146228478446	0.0485698835195997	0.703479970308274	0.0505897985546015	0.783787779316724	0.0625498172762634	0.864008666215351	0.0886246359276159	1.66830909927214	0.113823727983111	2.4759889640281	0.14067322876983	3.29827907830865	0.158587532390765	4.11695991260411	0.170287921699163	4.92673700701388	0.196699738051261	5.74665446755418	0.195241617459009	6.56947920348604	0.234939499245162	7.36726506443297	0.264779850222306	8.20342903747052	0.253378066909664	9.8031691686986	0.332843339096543	14.6190292471472	0.337831180338512	16.2930502875604	0.391699001261076	20.3580792011232	0.531698416099378	32.5681893874925	0.55449027659989	40.5133929718691	0.62398566466629	48.6125604741188	0.687460712780303	56.7133993010424	0.769365308954722	73.4430473553496	0.859891959781395	80.6475641322883	0.914512666468871	97.9679623035019	1.03645608005647	126.37647481471	1.12224857562149	141.707405804002	1.1723824991179	162.595481153961	1.33076224724096	210.629311157477	1.46731725942122	244.825642858564	1.60781158096317	294.939800388478	1.70902599791327	326.506740224897	1.79996936597296	376.103389693868	1.91505833511327	407.979726651017	
0.0347157648469134	0.282970888395315	0.0430963652991005	0.616595156133312	0.04867264664518	0.70585146671657	0.0507904419629836	0.787336991272344	0.0627134210631679	0.86733500104792	0.0887386473431773	1.67415827042419	0.114376911701915	2.48752199658306	0.14089074815075	3.31042003164532	0.158869871435956	4.13346667313257	0.17051139450726	4.94755579085799	0.196854531101648	5.76987606352667	0.195559783628072	6.59606007982562	0.23535797243844	7.39804108311064	0.26504370111152	8.23656083648879	0.253708004582809	9.84391173543513	0.333377113074897	14.6791405285481	0.338302665684666	16.3598652285349	0.392206580147559	20.4413990399811	0.534525595191939	32.7021917984537	0.555395891297494	40.6795222848383	0.627082769671015	48.8144413963843	0.688993948690291	56.9470420468839	0.770419230052477	73.7427394950457	0.865010572628415	80.9797631535847	0.916314037788328	98.3692431048118	1.03810955086917	126.876602464105	1.12931410965407	142.288238138589	1.17399782256765	163.263351166947	1.33279635176744	211.461302552057	1.47149498560135	245.826464401451	1.61292469436105	296.100064348566	1.71713339363517	327.8330031128	1.80787263601876	377.597350241882	1.91740322630754	409.646510858348	
0.0345952644063629	0.28516854763255	0.0431621665366228	0.620240177894245	0.0488702470792795	0.707998106941438	0.0509145208271757	0.790282356982329	0.0628695676017698	0.870200505850925	0.0886764201346101	1.68252143033169	0.114623951508508	2.49777073536863	0.14124864013173	3.32400430207344	0.159137616330402	4.15039578842855	0.170809020470399	4.96808120810504	0.197169842656422	5.7931707683178	0.195800318516063	6.62360953159679	0.235809021488114	7.42820289457953	0.265363482386009	8.26972802576322	0.254238316858451	9.88407036294512	0.333991162161211	14.7391298066975	0.338854423437945	16.4265851746113	0.392882263804013	20.5239626449443	0.536346875749503	32.836168132384	0.556148649790053	40.8462625453874	0.628616566528272	49.0151898304527	0.691101951725639	57.1810200688364	0.771537072210458	74.0421410621122	0.868180991325871	81.3148008459537	0.917765604700034	98.7692871098013	1.03953544149379	127.376521497252	1.13329321853602	142.874166670062	1.1762067194618	163.929939680131	1.33465735874727	212.296229475252	1.47403387709247	246.831085740262	1.61757836988222	297.261758820061	1.7228399729735	329.170412068747	1.81627657869074	379.095900347325	1.91966682203392	411.312251984445	
0.0347577893230041	0.285641164712889	0.0430255841516918	0.621821971004437	0.049075486075635	0.711066174394801	0.0509201262365739	0.793345418577091	0.0629949588275294	0.87366467641799	0.0888836391809684	1.68852636517695	0.114589984064086	2.50775334874114	0.141517351526557	3.33808962402291	0.159470959675617	4.16617658304457	0.171192461956227	4.98765015711338	0.197673895922407	5.81624987194315	0.196557781151136	6.65008516849043	0.236115636891075	7.45887833042392	0.265913495312299	8.30387403501707	0.254795249828712	9.92404924520675	0.334520614642737	14.7992550579363	0.339212718230431	16.4929847457373	0.39366449258226	20.607457572438	0.537457042462137	32.9690343298581	0.556724350499162	41.0123397042949	0.629672751129997	49.2149398867686	0.693727831770246	57.4135266011908	0.772629640127614	74.3419002570305	0.869780791645554	81.649048776817	0.919178667229395	99.1701134257164	1.04081058039099	127.876470332721	1.13492538527482	143.460005794572	1.17886590713155	164.595619222526	1.33702003848313	213.13029213114	1.47622747799079	247.83253313189	1.62153256105332	298.433377464439	1.72557865476369	330.505436839016	1.81994277744664	380.600857951777	1.92204038738142	412.974238018099	
0.034857017887321	0.286978485658856	0.0432388794113915	0.623908191680147	0.0489282940056975	0.714152926506429	0.0511726527351417	0.796475710017014	0.0629022710668114	0.877405158738286	0.088997847492674	1.69468031162707	0.114745605194138	2.51814667534955	0.141869427927735	3.35071253676905	0.159795798180147	4.18287752432062	0.171684697675859	5.00612293950347	0.198229724169489	5.8399911458876	0.197566338690641	6.67581714434357	0.236333181743647	7.48895446022001	0.266361731817263	8.33715018902755	0.255205816922761	9.96340041608289	0.335008672356108	14.8595079003617	0.339540489257239	16.5599412477365	0.394701109663132	20.6913809082956	0.538223089612414	33.1029324326959	0.557516287671983	41.1783758850111	0.630583507607121	49.416053399269	0.698337706208002	57.6444424346634	0.773477443700781	74.6427621378247	0.870736273826991	81.9827081118411	0.920507859419687	99.5706342678415	1.04211844085	128.374347906882	1.13631801936839	144.044652826244	1.18137993353845	165.262267340352	1.3403367197871	213.960391078338	1.4789810606341	248.832102977296	1.6243745474897	299.603923225263	1.72784727084302	331.839031097878	1.82271007304597	382.099944498998	1.92567790300828	414.638697644394	
0.0348032941399247	0.287614084182012	0.0433576974409833	0.627165957891416	0.0489230618296366	0.716452478249253	0.0515355234880514	0.798925786763811	0.0632718853693392	0.880631842060104	0.0890963095232065	1.70140923332438	0.114847580106487	2.5284003035784	0.142156491048492	3.36545327694927	0.160073462300322	4.2006587997319	0.17203163406407	5.02694498297644	0.199428432514178	5.86278526481865	0.198160023174846	6.70298382255475	0.236706789502057	7.51818494915852	0.266716109653293	8.36995975045031	0.255582467434254	10.0031306352289	0.33544218739559	14.9194906592534	0.340089634755465	16.625498903295	0.395919434446458	20.7749428910114	0.538900161012207	33.2375569671074	0.558120493668063	41.3458910059055	0.631448121011587	49.6170290760349	0.703265296307926	57.8768856370857	0.774957287847782	74.9419327369037	0.871998026859909	82.3163823480256	0.921999265898529	99.970186534535	1.04348095294764	128.871405917216	1.1375679447498	144.628480294088	1.184226474137	165.927976685068	1.34298598274194	214.793529862275	1.48229083505174	249.831315194851	1.62644692978115	300.771637765594	1.72990082718762	333.172267728889	1.82475925701132	383.59968669728	1.93209000981567	416.30592888654	
0.0347038300441253	0.288632077915375	0.0434002967060873	0.628635817674988	0.0492779185197567	0.719462396252125	0.0516129688276548	0.802090362514385	0.0636479497733849	0.883022139541983	0.0892090252333207	1.70884677505199	0.115076049800737	2.53790375150903	0.142623620904608	3.37805244097089	0.160273094091554	4.21659791917809	0.172207823345537	5.04766178700348	0.200602747707408	5.88622106497313	0.198596114325373	6.73038426272106	0.237099138936981	7.5487188239783	0.267414021732902	8.403043120697	0.256655124507389	10.0427034608673	0.336219519186623	14.979195884031	0.340802103974437	16.692636081865	0.396938417894763	20.8578510853109	0.539407488956674	33.3711346949948	0.559058367860514	41.5122959903436	0.6325087750973	49.8152852910121	0.705127094761305	58.1127263040989	0.779357114530123	75.2383317201323	0.873408685808759	82.650295002778	0.923427510179154	100.369261964093	1.0447876306066	129.3742902813	1.13894169105108	145.211011360971	1.18665859833682	166.59510164003	1.34589082711967	215.626534535768	1.48532432301683	250.833075510849	1.62860763736703	301.938309224691	1.73243301616515	334.503120174221	1.82648600722269	385.099607709488	1.93735793056208	417.973577361179	
0.0348191582828765	0.290407964461664	0.0433378757271324	0.632115471479121	0.0495064123556422	0.721903217981277	0.0515560001312079	0.805616873483327	0.0637530557136654	0.886976593213635	0.0892352385004992	1.71501504058602	0.115364123109637	2.54709008411807	0.143045278004581	3.39063181438873	0.160470860047852	4.23300549385706	0.172630366258419	5.06729918821781	0.201218858989333	5.90967223194937	0.198908835028045	6.75685012072814	0.237292557313582	7.57904361689	0.268150728098109	8.43699262089694	0.2583676979041	10.0814082939073	0.337069387557522	15.0388573366497	0.341515549557074	16.7591045708582	0.397620817335781	20.9414689473785	0.540528333663913	33.5040865741417	0.559895715693544	41.6789729209607	0.633739533135846	50.0155308109142	0.70601477061148	58.3468309859155	0.783657756501794	75.5375023192114	0.874238066628056	82.9853177939865	0.92495054544082	100.768575812219	1.04623308071374	129.87642958736	1.14019578962493	145.794034166149	1.18863571441428	167.264834298077	1.34896527586843	216.459703122026	1.48831289381208	251.833807646773	1.63088371368965	303.106351590553	1.73597492605837	335.832154677975	1.82874982720593	386.594849757303	1.94039198032345	419.642745754188	
0.0349204419356058	0.291658032128067	0.0434070329855632	0.634032598907908	0.0495352564053779	0.724501025764456	0.0515698470585623	0.8081192789148	0.0638795905366107	0.89037347572788	0.089371168130157	1.72223453642621	0.11553969403076	2.558074334872	0.143325614793546	3.40442376974113	0.160813899529202	4.24959560775198	0.173255517882782	5.08674892794227	0.201479404454662	5.93265727199915	0.199080360589466	6.78327686318894	0.237661619926778	7.60825082276525	0.268818832898872	8.47028926400309	0.259732160657413	10.1224023177271	0.337604310325186	15.0988494087666	0.342961817144754	16.8256065874625	0.398380938340861	21.0254891407793	0.541841914748997	33.6355297107894	0.560591535027137	41.846670581071	0.636198316523557	50.2137013442186	0.706942531656389	58.5802613902201	0.785241450199996	75.8395488422642	0.875287789544786	83.3178967948753	0.927157838990707	101.166980689555	1.04797207681117	130.376229411224	1.14143849716325	146.377280488735	1.19017149880068	167.932287078569	1.35176137602438	217.293303841938	1.49255608397746	252.830278050798	1.63370744291479	304.273023049651	1.74124952048231	337.164765460245	1.83119393154842	388.09259520008	1.94290425728628	421.309142531346	
0.0348642062249548	0.292402158829841	0.0436149437455773	0.635394134239665	0.0493793718361682	0.728110773684551	0.0518033363166654	0.810628087188669	0.063979032164247	0.894127636847841	0.0897329748615701	1.72850361762414	0.115750833267043	2.56807836866271	0.143645132428099	3.41748999201173	0.161138158628852	4.26754312423493	0.173824160275784	5.1074042646823	0.201939332605735	5.95588259326177	0.199200642928786	6.81054505555593	0.238222931658576	7.63854814166231	0.269385965254163	8.50377124029278	0.26036995465104	10.1632212529111	0.338216785118368	15.1586654609253	0.34502858358273	16.8921477196131	0.400216949540373	21.1076560023446	0.542763939123435	33.7694389894976	0.561560053629371	42.0135859302559	0.638637906645166	50.4128106506336	0.707780440983723	58.8140829499874	0.786513148340718	76.1397103685156	0.876605890140196	83.6497083859991	0.930020224544371	101.567374871816	1.05049997822209	130.87456892136	1.14283495699026	146.960049974185	1.19167436081176	168.596998045532	1.35397265022398	218.127113178097	1.49760807596701	253.828685605686	1.6376196448138	305.437071904502	1.74824964566888	338.499730625872	1.83335908976152	389.596748141866	1.94662732501998	422.973006111222	
0.0347582928891142	0.291974187023302	0.0436548959619957	0.638323376428343	0.049484418768434	0.73038157084425	0.0520462475208058	0.814414378935929	0.0640922298687248	0.896745235234791	0.0898500286576956	1.73576129768808	0.115802597153748	2.57794642936399	0.14405966334166	3.43084538992801	0.161526100201348	4.2830384684954	0.174390353805547	5.12753712948279	0.2022779398298	5.98041549135704	0.199707475604761	6.83766237367301	0.238495312496352	7.6682349786407	0.269835832490408	8.5366562388405	0.260740268408795	10.2026543801699	0.338916792909484	15.2185401864035	0.346605846347473	16.9583703394583	0.402180895378503	21.1905902736749	0.543710933624042	33.9037580501191	0.563939667290107	42.178087291442	0.640123606584846	50.6147698039915	0.708539241780668	59.047729421119	0.787826940282861	76.4373014445831	0.877731435165308	83.9834943808873	0.932637050998284	101.967724350595	1.05348570441827	131.37396641389	1.14402572051243	147.544324476844	1.19438602920139	169.260829844027	1.35605056125992	218.962144409416	1.50078157396246	254.830967462301	1.64186451613847	306.603177119501	1.75273632859657	339.835232233276	1.83719744352488	391.094553189285	1.9528277579799	424.63785316769	
0.0348806818859542	0.293628332252573	0.0438495804454796	0.640070944948943	0.0496381358851559	0.732530190129495	0.0522216939066463	0.817549035950214	0.0643151294012287	0.900559408450304	0.0897811211479557	1.74271536660711	0.116127431959189	2.58786315166747	0.144308791403386	3.44522268149075	0.161718902400396	4.29906140696932	0.174944715987915	5.14774915669836	0.202457340832469	6.0031211346477	0.200208304978318	6.86342182354079	0.2389487583105	7.69716651304696	0.270389792911842	8.56998082162256	0.261533849095448	10.2408423292056	0.340072729997029	15.2779641517769	0.347439024725113	17.0257701509819	0.403111631577215	21.273761100928	0.544884943165804	34.0371159858893	0.567975835029751	42.3434938981276	0.641084347645261	50.8162595707942	0.70951235598535	59.2801018430291	0.788830270299691	76.7358610960822	0.87864960422202	84.3173921344792	0.934732754737196	102.365622588475	1.05670141207516	131.87457090042	1.14501313001185	148.12941854333	1.19833760288515	169.926568991063	1.35802942678008	219.796281571106	1.50312952196775	255.830537307707	1.64650146610733	307.768418067191	1.7558761392745	341.169839771052	1.84278838166205	392.592477445988	1.95744022685948	426.307110967662	
0.0349851326262529	0.295039838858851	0.0439666083624844	0.643039942968136	0.0495860131540264	0.735345519931175	0.0522253190826849	0.819950800340748	0.0642877499522809	0.90377922326846	0.0898023192372365	1.74901320238817	0.116392704780099	2.59768068812148	0.144543759558073	3.45795362765041	0.161705581347222	4.31631136287702	0.175538681516178	5.16755792125828	0.202814909711443	6.02675763480748	0.200499397987149	6.89015962772674	0.23928240962079	7.72805755005713	0.270831391528644	8.60369749118991	0.263238556279739	10.2809022365274	0.341135335657721	15.3384703139306	0.347890919427284	17.0929501703884	0.40392164706886	21.3567847792213	0.545727274863961	34.1698704246598	0.570864000288199	42.511102151275	0.641749056989234	51.0153875036598	0.710509718334566	59.5132826528955	0.789805309999169	77.0376542994068	0.879938146984607	84.6491962750227	0.936574792900175	102.762686361367	1.05959785641258	132.373208433766	1.14626417201412	148.711174749867	1.20158090695403	170.594588015654	1.36027743690561	220.626529529909	1.50561037838936	256.828885257954	1.65167291110783	308.931990084908	1.75833686314423	342.505937424876	1.84665951772982	394.094425016022	1.96031955944122	427.972762686796	
0.0350287066775951	0.295856783340969	0.0440853478728535	0.644809164737568	0.0498574032625173	0.738559863229466	0.0523048802445751	0.822420784106632	0.0643699365707223	0.907279482583577	0.0899384129775758	1.75459159151452	0.116550421377218	2.60758297492574	0.145135235108124	3.47082986012481	0.161952156973904	4.33347563711192	0.175912815815281	5.18697553035544	0.203215934483118	6.05011892915953	0.200961452018788	6.91713724746426	0.239916291832596	7.7579720953942	0.271191233597215	8.6364344094553	0.264616618612774	10.3223246687111	0.341748000385411	15.3986607577466	0.348498270351396	17.1585301776876	0.404458905736127	21.4411663257638	0.546537341479336	34.3024050713131	0.572214692316566	42.6784347329534	0.642555767964884	51.2155845947903	0.711332852843308	59.7470595091814	0.790953548704161	77.3377711221767	0.881392585358892	84.9818721334547	0.938652379277567	103.164406746912	1.06167303535883	132.874036437703	1.14982373509273	149.290695782331	1.20375065236254	171.261608662493	1.36320781717051	221.458833848859	1.50792222972856	257.825623882868	1.65554601963573	310.095889928154	1.76030537875377	343.839203858207	1.85157198175845	395.592259865761	1.9661323283482	429.635255359907	
0.0350472267197079	0.297102776471301	0.0441062156714965	0.647588696829487	0.0500476994558815	0.740989334465278	0.0525841845780742	0.826073663901415	0.0645994814186867	0.910578867270423	0.0900718733596714	1.761492458634	0.116689915740078	2.61780866347868	0.145670218982243	3.48473613531782	0.162194739246537	4.34964619020691	0.176147248148067	5.20733843182093	0.20347536301037	6.07290466618781	0.201356948241364	6.94348808713883	0.240600951948638	7.78715089593228	0.271733362857519	8.66983629200738	0.265298592483081	10.36244976861	0.34251373993739	15.4583277983004	0.349049589003543	17.2250936615789	0.404879708289343	21.5259557915747	0.547365875412324	34.4367129560643	0.573041268277675	42.8459647550083	0.643318774020907	51.4162734242168	0.711930426704975	59.9808959701092	0.792240392219265	77.638819267477	0.883477503369625	85.3148236633557	0.940801121694623	103.56624634174	1.0632256365819	133.375594598504	1.15630994633079	149.87127479719	1.20541073178766	171.927571326937	1.36693489095432	222.291376586377	1.51018683677891	258.826415623434	1.65855407826257	311.265541619349	1.76246713814607	345.172708710107	1.85662028709535	397.091376215303	1.97452975305416	431.29902953282	
0.0351119562988964	0.297821961191558	0.0441969387664862	0.64985245086255	0.0503545437721464	0.742090797980427	0.0527800396117993	0.829758150454573	0.0646576180169205	0.913563232111368	0.0902867174059007	1.76855444455124	0.116733014421083	2.62792678427936	0.146048217402755	3.49734484539537	0.162579410974568	4.36600766442063	0.176809700883094	5.22666989358403	0.203830677524094	6.09634745126127	0.201736919491205	6.97047455444039	0.24117936359823	7.81697929393529	0.272285084094261	8.70281535413066	0.265584217155715	10.4029436722309	0.343160974497664	15.5184279038309	0.349496101243297	17.2915286229611	0.405355037366735	21.6089031014204	0.548064659070049	34.5702199034393	0.573849552140782	43.0122430795824	0.64414562016739	51.6152076419961	0.71266600297694	60.2148665414814	0.793257606317401	77.9395097849256	0.888190085690866	85.646434088813	0.942545006217067	103.967139712877	1.06480876162595	133.874321538813	1.15996260919886	150.456577479923	1.20695842603195	172.594159840121	1.37028408309963	223.12378521345	1.51235169918708	259.828757084691	1.66139307518259	312.434150229309	1.76567317627258	346.504425422748	1.85964553173165	398.589389878969	1.97942042002482	432.969360216346	
0.0352337081313959	0.299026539573118	0.0442934005635116	0.651572603576162	0.0506204064811425	0.746009453942317	0.0527161511158471	0.831996816986974	0.0648724991705393	0.915706670915037	0.0904686520716586	1.77501840498866	0.117053494877292	2.6381860004434	0.146697472688604	3.50995285698102	0.163155235558486	4.38305319503291	0.177299499139455	5.24677994098253	0.204297451146401	6.11933016300473	0.202101967571498	6.99662609109346	0.242058789030737	7.84709733324525	0.272690305996264	8.73650129005451	0.266020148214787	10.4433137099553	0.343750428577081	15.5788036808304	0.35019432675948	17.3578574135747	0.405808995740021	21.6918261968804	0.548923967797984	34.7037343013946	0.574556645032307	43.1786182616996	0.645035001525358	51.814067353973	0.713678694860847	60.4493661040508	0.794944529768724	78.2392615292636	0.892864600495721	85.9790056391215	0.944170074889794	104.367027255681	1.06689591748531	134.37361472322	1.16170311011557	151.041373523199	1.20904854446025	173.261642422935	1.37295838249081	223.956670677659	1.51496154590436	260.828684557948	1.66457408979505	313.602282002134	1.76965551581273	347.835665298253	1.86169807599036	400.082813985205	1.98218051939336	434.635906005109	
0.0356153624907109	0.300086966689272	0.0443949307024002	0.654905283043469	0.0504656884021913	0.749322983090093	0.0527708662939574	0.835089331656759	0.064930487461472	0.920174108677954	0.0904861473853541	1.78196420842023	0.117216054424571	2.64740725764732	0.147094220608738	3.52378672184728	0.163632880628567	4.39963958363771	0.177578933532133	5.26732212203512	0.204588164900309	6.14303930632188	0.202419492085499	7.02280230779358	0.243176262408575	7.87733830712921	0.273176966044772	8.76980352109584	0.266404270113224	10.4833633727292	0.34515923750925	15.6379044772858	0.350654542645522	17.425953854351	0.40641708105562	21.775073392581	0.550114949526647	34.8379006251211	0.575120189138341	43.3457534030016	0.645827751175229	52.010632287235	0.714558860915755	60.6812616888254	0.797383280233064	78.5377168726393	0.895210777696684	86.3141625407745	0.945728271859913	104.767153217054	1.06896320628415	134.876037151329	1.16332723296307	151.625797037463	1.21267497527743	173.927366668811	1.37562713550679	224.790450211498	1.51782058821008	261.828671635848	1.66794533185182	314.768983263552	1.77348681068666	349.167590627141	1.86378474768596	401.58511918309	1.98455403880918	436.302898828687	
0.0359322489061673	0.300811855760027	0.044553912594381	0.656702095242863	0.0505993616700814	0.751821255777838	0.0528971557454176	0.83866619225	0.0650451579914856	0.923979608952403	0.0905095878840314	1.78857531781745	0.117515452435563	2.65703340732133	0.147211256043249	3.53804922790816	0.163838598423665	4.41610955692622	0.177809765045873	5.28731342581099	0.204866630883395	6.16644437283286	0.202892287395113	7.0492327755445	0.244173454832403	7.90758207498078	0.273547865883831	8.80337583567098	0.26659669998403	10.5235732229784	0.348039703774375	15.6960562560827	0.350930692024764	17.4929885874427	0.40687803101592	21.8585664574295	0.553377728636812	34.9678350192696	0.57567708576359	43.5134249860811	0.646577703668495	52.2099800122178	0.715700889174802	60.9138799798834	0.800167699910678	78.8378336954092	0.896736439296824	86.6485594832426	0.947517093537798	105.166601175624	1.07057801910158	135.376209504205	1.16492050302608	152.209520197184	1.21569779244568	174.59473004234	1.37810026669513	225.625034408002	1.52136049160994	262.827615632514	1.6703210514887	315.936489187636	1.77660291489764	350.502794211336	1.86617457493282	403.089033706309	1.98712534176877	437.965659722687	
0.036092275384104	0.301257755525276	0.0446791681817394	0.659248913117503	0.0508192978913086	0.753436227253175	0.0529830396795653	0.841573082697948	0.0653121727494201	0.927746459341842	0.0907269002930665	1.79596478001944	0.11796620524901	2.66742021467203	0.147591938174539	3.55110567129219	0.164191672940706	4.43239373136991	0.17829803608746	5.30677946367973	0.205106711879692	6.18943779478541	0.203346181259823	7.07595754121502	0.244821878202698	7.93760418807011	0.273783506418471	8.83666782216447	0.266849007921519	10.5629951743669	0.350073400612389	15.7567803477085	0.351419724445786	17.5594105103094	0.407403152693186	21.941536119016	0.556605382808298	35.101137075688	0.576250802694494	43.6788762962482	0.647241522033615	52.4134702598157	0.716772094324543	61.1475972315274	0.802035159550875	79.1375705385867	0.898152848897743	86.9818090363533	0.949706253948982	105.566712235835	1.07214810399391	135.873461229625	1.16629875507763	152.79246849656	1.21767570003674	175.261095038117	1.38030706345667	226.458143389618	1.52566923271117	263.827960338266	1.6728274385877	317.10244539103	1.779127371942	351.838206411777	1.86892215546347	404.589729578862	1.98942691696372	439.629046465427	
0.0361881626045775	0.301902463546931	0.0447560301205091	0.661426286985874	0.0509886643501641	0.755979261630036	0.0529375522288955	0.84397397397361	0.0653464379289227	0.930702651676242	0.0908306927105342	1.80168577790824	0.118273438567063	2.67827408027171	0.147807219526186	3.56516328639638	0.164645324938044	4.45016848752348	0.178701168092884	5.32725831480026	0.205298110229273	6.21267801720851	0.203603601683883	7.10290815259916	0.245291838010501	7.96737856936636	0.274140755641331	8.87032209312228	0.267182932577886	10.6025214338787	0.350876431347713	15.8187021201084	0.351820792497717	17.6255399979016	0.407954390119432	22.024828018198	0.557806568040175	35.2355865214638	0.576985311688326	43.8462126032167	0.648077080036327	52.6139616488658	0.718273877657941	61.3797163337092	0.803186471963795	79.4387825966524	0.899432362409364	87.3152299528096	0.951676808419731	105.9678216738	1.07370634695961	136.373171646526	1.16778250106426	153.375491301739	1.21941805893026	175.927355725771	1.38243799191623	227.29050731321	1.53002665860115	264.828036823129	1.67592552649751	318.2676565364	1.78164704730267	353.171413240467	1.87186665947894	406.090246637489	1.99171373039896	441.299079125744	
0.0362781315989471	0.302612276834226	0.0449183297473063	0.664151802371031	0.0509359925694498	0.759737613701384	0.0529643448864053	0.846622073173429	0.0651728514903036	0.933979626414701	0.0907349795076757	1.80839584032432	0.118568479784101	2.68826717102269	0.148127240313583	3.57774545378181	0.165392481854352	4.46601447471663	0.178760535500822	5.34749315941782	0.205542247676724	6.23603418928665	0.20386857945596	7.12931859691568	0.245687838323059	7.99778345601567	0.274483931445004	8.90373887683485	0.267916505650884	10.6427927514149	0.351356964309356	15.8791691667159	0.352323369922957	17.6929360841351	0.408650278368084	22.1077082728216	0.558535424013686	35.3707772999737	0.577644192419838	44.0126771922969	0.6492177086922	52.815101238397	0.722415144262651	61.6105390349287	0.804413921030568	79.7403299308289	0.900801028753725	87.6484273518586	0.95344096421707	106.368364867666	1.07509987154609	136.873880441179	1.17102013132984	153.954729212154	1.22094252678692	176.594286965646	1.38531601812112	228.123392777419	1.5343024356038	265.826056947844	1.67950322683233	319.434327995497	1.78453119582951	354.502414697405	1.87457290270404	407.590495475228	1.99418853628476	442.967293844482	
0.0362997407885726	0.30252537280061	0.0448955200654134	0.667148681858477	0.0508461213901398	0.7625971231156	0.0533121030853197	0.850131063637268	0.0652764436093917	0.937156134735194	0.0907088578768033	1.81495363150667	0.118963151230333	2.69785467081168	0.148374908471873	3.59080562245596	0.166271503628387	4.48197920553241	0.179035718804659	5.36734523047541	0.205783606395209	6.25989280986992	0.204275229468384	7.15554463937118	0.246050230172405	8.02775993430102	0.274901434505744	8.93739501043772	0.268222080161156	10.6838771135201	0.35173086534994	15.9395728833913	0.352845075235453	17.7600471856743	0.409350843861324	22.191564553457	0.558963527943763	35.5053347791631	0.57918859774851	44.1778267539641	0.650166078683416	53.0152461754658	0.726374698825523	61.8440402197455	0.805722200125132	80.0384798004147	0.902366210774218	87.9809765504265	0.955194794190706	106.767574407668	1.07772139726735	137.372756393093	1.17433322879423	154.534175738815	1.22219685087462	177.26145662409	1.38934870149701	228.955741799851	1.53813880447486	266.82529896772	1.6820733232641	320.599837164076	1.78792613888152	355.832283666145	1.87783276419143	409.088836964424	1.99671162883638	444.634674098232	
0.0364013518681278	0.302774909031094	0.0449169787882332	0.668566445788007	0.0508864853675517	0.765956228859706	0.0533418344933859	0.852950235144387	0.0655516911948785	0.94044923299496	0.0911605058833373	1.82093598178057	0.119325682801372	2.70824403929934	0.148621818420081	3.60462668163743	0.166784554171875	4.49921379461835	0.179342569820605	5.38656959014751	0.206330604182131	6.28326295178601	0.204568841460311	7.18437745358922	0.24657640305972	8.05701650027038	0.275272824389282	8.97061435377385	0.268417952115805	10.723772176754	0.352115303810719	15.9991942891412	0.353355492144155	17.8263554871923	0.409957724694524	22.2754878893146	0.559593038998754	35.6380780420632	0.582001251718756	44.3433935481249	0.651329910871679	53.2139978540292	0.728018150991206	62.0782827372966	0.807016364915446	80.336801033346	0.903576865824793	88.3140398390311	0.956662049886057	107.167618412658	1.08267841361555	137.870276339402	1.17614849927347	155.121609287498	1.22372275449892	177.927672608262	1.39353749583498	229.786764618999	1.54100451003855	267.826865568631	1.6842297801715	321.768088146185	1.79310875337901	357.161556588467	1.88381403052873	410.585211500436	2.00261535317424	446.297107166702	
0.0366298937398889	0.302461635414937	0.044978530502701	0.671505699693886	0.0509024712896635	0.7675323176194	0.0533352166723116	0.855463816446225	0.0657614785320484	0.943508627507258	0.0924270103410701	1.82742636849478	0.119504628969392	2.71730813582626	0.148827832957838	3.61812922851352	0.167139875789851	4.51576432730574	0.179587369979741	5.40784611901531	0.207732666503002	6.3052379725516	0.205098651357287	7.21136997448722	0.247008301311601	8.08769240177603	0.275863262294619	9.00296197922154	0.268701621881233	10.76335152165	0.352609345137771	16.0587281505732	0.353941733824243	17.8915704160596	0.410694737589947	22.358668029793	0.560428815603326	35.770445050661	0.584015321282583	44.5094409047114	0.654227938105675	53.4125893451173	0.728943318911007	62.3126332882612	0.808076829185858	80.6369998124986	0.904569210853953	88.6474160520059	0.957802641879605	107.566939711364	1.08634583528065	138.371655686277	1.17776393572768	155.706494737737	1.22559889107032	178.593113732089	1.39709121998058	230.620216327306	1.54324187695126	268.827210274383	1.68658667933325	322.937352407207	1.80015280849274	358.493779940564	1.88904625049118	412.082360896794	2.01019100769182	447.961298572108	
0.0366018103042073	0.303626370654494	0.0451076257264069	0.674309679002228	0.0511020982846005	0.76987698029729	0.0536648025092926	0.85879748544372	0.0659336857837865	0.947202310870404	0.09322688425963	1.83451431502756	0.119734219606406	2.72697083990959	0.148892506191997	3.63078054659683	0.167481930339368	4.53310881245027	0.180071717694004	5.42789190515921	0.209033615841823	6.32880369219907	0.205840343354193	7.23639041992714	0.247209413792209	8.11838320444217	0.276563606194263	9.03673825343083	0.268968514889072	10.8024419222177	0.352984685671277	16.118379358644	0.35480049651783	17.9577855853246	0.411478647763424	22.4412651623674	0.560906337852196	35.9042202189248	0.585173567264188	44.6776526548586	0.658491045737433	53.6118923666186	0.72964613623729	62.546775222979	0.808889849056942	80.9378169898113	0.905778005322832	88.9831690000783	0.960168367943017	107.965813975255	1.08808066414611	138.872200568165	1.17919849151425	156.29029240326	1.22737618653379	179.260164181248	1.39996068794216	231.452282227689	1.5450304439903	269.827197352283	1.69119719557923	324.098629646208	1.805055719358	359.827940443525	1.89287831527765	413.579391083867	2.01463949457148	449.6287384305	
0.0363301253971927	0.303360012410805	0.0452393444421573	0.675889842297992	0.0512865301084998	0.77183299044172	0.0538224465069129	0.862604557324939	0.0660881481913988	0.950992968192025	0.0934631811759013	1.84077885602816	0.119883161497571	2.73821818927835	0.149136994238754	3.64380951596622	0.167670603397535	4.54949589803357	0.180272119878178	5.44749577876244	0.209686571717546	6.35215427634202	0.206457302049438	7.2627361373278	0.24755265968664	8.14882534399271	0.277057015834344	9.07075667149802	0.269427895239096	10.8425139367324	0.353532323110874	16.1785539699769	0.355986146747871	18.0247588511293	0.412161574594956	22.5241565928613	0.561633898370558	36.0364493917882	0.585905947938548	44.8458085256539	0.661594700116842	53.8119441714344	0.730483374619467	62.7804850240427	0.809882831774351	81.2375314812481	0.907778058301242	89.3121195683888	0.963027795403719	108.366230509257	1.08969208125955	139.372223909436	1.18069396407449	156.87428378387	1.22975462197193	179.923027404311	1.40235014386568	232.282336471405	1.54688154562673	270.829389801935	1.69715660449199	325.263334152121	1.80862484852723	361.15763059834	1.89797965916173	415.080176363383	2.0177956681909	451.290843673439	
0.0363551084309097	0.303640718842227	0.0453151533082969	0.677229258719653	0.051260908909265	0.775660202172659	0.0537948347366379	0.865873848652522	0.0660949075764085	0.953884957479488	0.0935906720422125	1.84825772519306	0.120046600155155	2.74774329045782	0.149336789267553	3.65811625984728	0.167983335357579	4.56675423584404	0.180662628295017	5.4668812572323	0.210189442387213	6.37569065932979	0.206730148120679	7.2900443765636	0.248092874607571	8.17863325290005	0.277509129147068	9.10391827283727	0.269892245772496	10.8829063261975	0.354009658871214	16.2391607149639	0.356813958868106	18.0912515545083	0.412919756897843	22.6071001774169	0.562867581888392	36.1687865980651	0.58655130136097	45.0111220000864	0.662904770962653	54.0125957479597	0.731288340095752	63.0140532640817	0.811372191343073	81.5370448070183	0.909651724912434	89.6384624336142	0.965459210238723	108.767600717529	1.09144699798465	139.871979029818	1.18237456053026	157.457857931987	1.23324714818942	180.586292958707	1.40470637071188	233.117263394601	1.54865150676736	271.828989449662	1.7004624749507	326.433462680451	1.81202991102185	362.490897031671	1.9025548037351	416.581527886998	2.02083740518196	452.955899346153	
0.0364263207864867	0.303196769033527	0.0453959938454722	0.680547910141346	0.051401395040457	0.778241944642189	0.0537200033226424	0.868402331114845	0.0661571259112043	0.956979218379017	0.0936632016924481	1.85510445919047	0.120245694826471	2.75768492563899	0.149559722054083	3.67069283929753	0.168411717965703	4.58256436711977	0.181105618307765	5.48668396819577	0.210644356163654	6.39903751818262	0.206977583101974	7.31680499815154	0.248373009899057	8.2080826026332	0.277889888103717	9.13667009226314	0.270027146564244	10.9231515667028	0.354317215040912	16.2990820065686	0.357282398576975	18.1589642904021	0.415289656017277	22.6891217526675	0.563501853020384	36.3039512995442	0.587458421247571	45.1781155803638	0.663758436903057	54.2139067008365	0.732313348770219	63.2458929695044	0.812850769726648	81.8375043564794	0.911262038941418	89.9744388990938	0.968460796910883	109.167510612075	1.09277124512552	140.371972568768	1.18440630240807	158.040627417437	1.23657858383762	181.255206052927	1.40690882142751	233.9529055735	1.55027292049595	272.827039376699	1.70286336960473	327.599329476882	1.81483557355505	363.829140452605	1.90552153374641	418.082611189724	2.02450436490969	454.626051215754	
0.0362642778089068	0.302452234878146	0.0455699565966141	0.682602756889313	0.0513943526177787	0.780454068482474	0.0538593298495415	0.871211432697104	0.0663893797262518	0.960473773343636	0.0937814872936501	1.86141277234999	0.120608632855785	2.76855718485865	0.150076399837079	3.68348734821989	0.168851597352316	4.59936728821289	0.181459407431526	5.50719075899221	0.21082643289101	6.42227075568674	0.207118164469602	7.34344547913306	0.248764004079188	8.23852660482879	0.278443005247483	9.1693325047261	0.270194817570677	10.9631127538363	0.35469250044012	16.3592845575774	0.357834401585324	18.2255054225527	0.418244433750611	22.7726818727383	0.563959740908409	36.43625497821	0.588681594269125	45.34507190774	0.664747019997431	54.4143720128557	0.733380516459053	63.4813313051845	0.814990512631154	82.1360714585588	0.913105942607617	90.3119203817826	0.970935218022245	109.566280567843	1.0939017400921	140.872264130928	1.18639526525223	158.623724728418	1.23874414264265	181.923165472876	1.40863212042594	234.787027834029	1.55402663859776	273.825148908377	1.70580713722965	328.766149947584	1.81719275807966	365.163807595023	1.90820582988932	419.584052120301	2.02826614752501	456.293848701998	
0.0362442792834706	0.30234865435047	0.0458153845545027	0.683958878908863	0.0514711735143262	0.783041864548451	0.0541259583181546	0.874293702819055	0.0665881509259605	0.96455517791771	0.0939249157959095	1.86867685525633	0.12079270328577	2.77867460716743	0.150347424759424	3.69717476261826	0.169104771472215	4.61648499632128	0.182002635242122	5.52733340267927	0.210984998161631	6.44642367418962	0.20749154197597	7.37043101511209	0.249225167094142	8.26759318100195	0.279148836755865	9.2028023738229	0.270716923811753	11.0034772036255	0.35526180766934	16.4187662649477	0.358307638493131	18.2929946410392	0.419729195592481	22.8566927529137	0.565074021208837	36.5689125594373	0.589926082674225	45.512605655085	0.665523013920135	54.6147851708133	0.734114826222534	63.716598277519	0.818426296664831	82.4345268019345	0.914660220508381	90.6466451497814	0.972500909382977	109.966495936178	1.0952870306665	141.371184786323	1.18815911176586	159.206985952164	1.24052307530135	182.592033863615	1.41029409260684	235.620509344657	1.56419600509584	274.817983429244	1.7085043513235	329.933775080952	1.81920434355743	366.498385330477	1.9108393880439	421.083555900016	2.0309896108054	457.962957490365	
0.0363464025002216	0.302024292175436	0.0458748443991364	0.687353200286149	0.0517109866331698	0.785976694672311	0.0541791235222938	0.876969799902444	0.0667211316012642	0.967158166182464	0.0941006944805522	1.87530973431769	0.120755521317445	2.78897014491015	0.150535538383764	3.71006123964049	0.169165821867365	4.63353238957862	0.182687513174153	5.54751283360628	0.211260474573051	6.4701658794566	0.207897526351776	7.39649221347971	0.249800937617681	8.29654799847147	0.279630713109611	9.23619308050461	0.271067622245477	11.0435222097868	0.355651995292071	16.4777394702165	0.3589719380204	18.3597965434983	0.420489281393567	22.941064986231	0.566346141067167	36.703421609855	0.590743310982642	45.6803889968681	0.66621241572518	54.8148257997587	0.734830378578883	63.9484454335219	0.821466278393823	82.7347032293463	0.916071671846854	90.9794551186578	0.974077590676079	110.365951345328	1.09636756600924	141.870850499742	1.18970323186195	159.791081640897	1.24271280128114	183.259337632502	1.41206789538344	236.454363384298	1.57243785604482	275.818328134995	1.71103400504326	331.098986226322	1.8213323056143	367.833350496104	1.913278754178	422.583208691335	2.03340092491539	459.629443674486	
0.0363204280445167	0.302562858532458	0.0457820994872282	0.689391457851544	0.0518027879348581	0.788827065484198	0.0542238599515209	0.87980538596916	0.0668938539500578	0.970248352545923	0.0942352778426797	1.88234948490952	0.120934714090954	2.79784192333455	0.150882535334145	3.72345645159495	0.169424138092789	4.64925125124637	0.183130934651188	5.56754837520234	0.211417365768058	6.4928696601022	0.208165203178172	7.42319695571583	0.250344044600802	8.32699386331212	0.27998827147627	9.26902965028075	0.27146465843611	11.0840319458907	0.355884011433531	16.5381804397931	0.35984555059718	18.4253057702852	0.420957750890188	23.0243960009593	0.566981881866931	36.8375320542297	0.591400971268306	45.8454156239614	0.666749604330659	55.0158685317467	0.735720759685405	64.1805086563519	0.823532740795448	83.0362058600414	0.917674695631137	91.3133007181879	0.975711971983768	110.765935745676	1.09752162141138	142.37200632921	1.19113646214949	160.374491876248	1.24516459435604	183.925315198107	1.41403284552986	237.286682604409	1.57518175663532	276.823769037633	1.71399835252808	332.264644406506	1.8246079975717	369.1642923484	1.91630166547288	424.08181840142	2.03623068407529	461.295154998262	
0.0362066891572172	0.303083351411624	0.0458785105213517	0.691619239551871	0.0519238450298191	0.790157808964794	0.0543413917198613	0.882283344184211	0.0670324383205466	0.973657807914328	0.0942003045407756	1.88874825276981	0.121056055509957	2.80769810967356	0.151025085933901	3.73722582237598	0.169833603283827	4.66551540225566	0.183378109642152	5.58781395346341	0.211679262576626	6.51598368832244	0.20831625849636	7.44968982207629	0.250636779266487	8.35777872955383	0.280501500158465	9.3026727453682	0.271960030137114	11.1234408587638	0.356335661605326	16.5987108163326	0.360824791722998	18.4918171001148	0.421528125703182	23.1073079205489	0.567728413865655	36.9687665746307	0.592252557961248	46.0129493713064	0.667531130472452	55.2155291810997	0.737092904633215	64.4129816610952	0.82595395070418	83.3349890289478	0.919874857822939	91.6465949747801	0.977081641903797	111.166404433739	1.09891682553045	142.871835955394	1.19248861329791	160.959243216043	1.2473631065669	184.591158653267	1.41602309761521	238.120640952173	1.57695921602282	277.825693266396	1.71804417862301	333.429408517061	1.83307402504158	370.492194363956	1.91940025433489	425.583080518071	2.03980183639108	462.959316601348	
0.0363231291099102	0.302837045706167	0.04603011039552	0.694476653490393	0.0522049247610086	0.794246605911453	0.0544327008583123	0.885507873822677	0.0672849528050532	0.976908239960671	0.0943890457950496	1.8953584308445	0.121137333224494	2.81801367085068	0.151275413751565	3.75097423840009	0.170031441315759	4.68347595725404	0.183590780831303	5.60750956233589	0.211865115761733	6.54010587318181	0.208562851084743	7.47577942578109	0.251150820975833	8.38783902686691	0.28084039320833	9.33571606874608	0.272646427204676	11.1625349846215	0.356981996542915	16.6587122016748	0.361499580055422	18.5583228420093	0.42215409698447	23.1913206633694	0.56965507460599	37.1016812008764	0.593140743861954	46.1782889227698	0.668402691002014	55.4152457098046	0.739193548133461	64.6455217210608	0.829002325756711	83.6330867444719	0.922017938046189	91.9800009900759	0.978180981659378	111.566701758457	1.10064128759401	143.371456965332	1.19465053361781	161.540805707494	1.24943879079911	185.257464044402	1.4184172413451	238.953839340752	1.57851638520501	278.824994890914	1.72193954890953	334.593516976555	1.84072231123617	371.825699215856	1.92224028566869	427.08240548386	2.04662600039996	464.616891891499	
0.0363954139940283	0.303036494246814	0.0460060208552181	0.696629696557657	0.052468846410401	0.797112227129775	0.0545537538641823	0.889153244829559	0.0673616731071193	0.980501980774774	0.0945357527565081	1.90167023646352	0.12149972086836	2.82756857435112	0.151571766023405	3.76377293827383	0.170200133849209	4.69957945512684	0.183837779531635	5.62726431018905	0.212140734712075	6.56242268931604	0.208876249764058	7.50228672764077	0.251721910660457	8.41812749819993	0.281264025858832	9.36946719724705	0.273212248889325	11.2023024566688	0.357429615269568	16.7186297679894	0.362186006913633	18.6244039008299	0.422998085031157	23.273405568552	0.57120755738272	37.2360784925905	0.593889968683826	46.3439861020849	0.669165594109058	55.6146902923305	0.741593924527937	64.8775178886685	0.830769814126115	83.9343658577597	0.923479391476818	92.3130121246188	0.979405105604666	111.967438667409	1.10347584307819	143.870526632332	1.19708706322381	162.122949344203	1.25184541338442	185.924946627215	1.42142825345235	239.784728049456	1.58015440702867	279.825220387381	1.72499000457643	335.757565831406	1.84375998134565	373.163078369481	1.92498674335609	428.580687368414	2.05638688581731	466.27938456461	
0.0363709985955998	0.303900645139691	0.0460500873113562	0.699343803241817	0.0525705333549095	0.798876850494212	0.0549723377568237	0.891537430507332	0.0673672247151758	0.984103055753805	0.094667452287008	1.90798972549341	0.121835486839718	2.83731300198648	0.152109988007173	3.77713043166581	0.170480590854453	4.71671672100837	0.184037392585816	5.64793827337969	0.212360717417915	6.58631018089776	0.209059421665641	7.53048437989308	0.25210337433144	8.44837964795426	0.281762863689269	9.40377339397613	0.275138824221669	11.2405742247322	0.357610050741656	16.7787391867452	0.363008304509908	18.6914721615327	0.423710550324004	23.3564981647125	0.572242198036955	37.369324669657	0.594508886168563	46.5121792257814	0.670296924900167	55.8133115857396	0.744371158327261	65.1107955560781	0.831777204217523	84.2355257617636	0.924956632169722	92.6473122095438	0.982044088633051	112.366774867276	1.10780022539343	144.368851241307	1.19902058265381	162.705689027333	1.25417739630924	186.593040157609	1.42522441158076	240.617643315986	1.58176743264913	280.825296872244	1.7272832212275	336.927008906354	1.84638350476741	374.499176023305	1.92773714177782	430.080489171338	2.06111570918618	467.95379816611	
0.036271478477839	0.303205121832471	0.0460789333721696	0.69964776363267	0.0524930110880553	0.801029020446604	0.0551432642071888	0.894396707090915	0.0674817023770155	0.987563501030749	0.0947481517550024	1.9149928052606	0.12223778540458	2.84793636525989	0.152468308588623	3.79097617089434	0.170665344217454	4.73364723328814	0.184218165988347	5.66828860199102	0.212565348702983	6.6090977805711	0.209571412326192	7.5560440610781	0.252474392410636	8.47849582461916	0.282203807752191	9.43721439207449	0.277106648570183	11.280175921369	0.358021038650877	16.8388933089824	0.363584471657492	18.759661734562	0.42411382256616	23.4415130105758	0.573293600268221	37.5032115966244	0.595047920111188	46.6788524311083	0.671926570127195	56.0128194981976	0.746875859136858	65.3454664819932	0.832906738545472	84.5339662039789	0.92749424893423	92.9802860911855	0.985072093864998	112.766252628167	1.11182340104886	144.868814977936	1.20120365407195	163.289471791696	1.25614526071554	187.259792583559	1.42951848974745	241.450841704565	1.58347606250187	281.824300473552	1.72950281053079	338.096034748808	1.84853705486551	375.832919293772	1.93131804893529	431.578890265177	2.06362448105247	469.623413593933	
0.0361319156016398	0.302759513105513	0.0462270929698443	0.70052815446217	0.0524795125131755	0.801864300341039	0.0552384814807639	0.897193410441988	0.0676606265920247	0.990025917801073	0.0948427514714823	1.92169134256036	0.122614226164801	2.8579317843172	0.152694091737376	3.80460770594088	0.170807619774367	4.75016703233203	0.184668289428538	5.68724287812932	0.212867007220117	6.63249865613069	0.209818650807155	7.58249594924722	0.253123732633084	8.50844436322859	0.282695974594682	9.47001836556207	0.277819690677717	11.3211205850946	0.358615041880195	16.8992523221763	0.364273881381847	18.8254727098488	0.424491314838961	23.5251215594181	0.574386662173618	37.6365956094254	0.595719278082674	46.8456001422377	0.674028819800947	56.21338166776	0.748195333244009	65.5794147016246	0.833719704772376	84.8353198230691	0.92997796770671	93.3133642809506	0.987156311200933	113.165328057725	1.11415346737604	145.369628080713	1.2034094360356	163.873522776948	1.25900339798566	187.92322205072	1.43372217004862	242.283071517712	1.5853243742975	282.822559016836	1.73172113990016	339.264017510028	1.85054336218899	377.165708889968	1.93700088180035	433.076456894028	2.06629674265649	471.290674638399	
0.0360691568087076	0.30279609661866	0.0461773728297759	0.702054941335412	0.0525836407160948	0.801953707303955	0.0552891209497181	0.89784201837674	0.0680931416443278	0.994070185889249	0.0949678071999213	1.92851048612781	0.122911320357313	2.86785875116852	0.153113216061944	3.81750372901905	0.171109334150493	4.76618810816089	0.184934126523234	5.70733383341594	0.213330783401083	6.65589720338396	0.209783240106668	7.60918485900031	0.25378467058939	8.53837613803248	0.28315467513162	9.50324609080096	0.278020663331868	11.3623045987106	0.359081411046528	16.9581119060963	0.365046208737198	18.8920212925796	0.425014667259445	23.6075938947734	0.575047754700247	37.7695735656032	0.596506431095073	47.0117294552069	0.67578163450515	56.4135601324399	0.749133502441538	65.8133554706759	0.834674488712214	85.1350343145059	0.931246749952073	93.6472322322215	0.989030413653544	113.56461955411	1.11574003519369	145.870307073045	1.20819176557	164.453535547708	1.26259436148961	188.588916494275	1.43873175206458	243.114407261231	1.58716565451454	283.818373769799	1.73387693467214	340.429794899496	1.85257968581793	378.498468683843	1.94381651714143	434.57375530199	2.06865628411368	472.956475369138	
0.0361928923961333	0.302353019924832	0.046209723309018	0.701420768899881	0.0525344953592184	0.802280135850853	0.0554673971155569	0.897689979973655	0.0682708506318028	0.997316194153572	0.0950453356134941	1.93539179547415	0.123119463269842	2.87826744459868	0.153392446972289	3.83098578679946	0.171461459265658	4.78287135430885	0.185353247282575	5.72708671862403	0.213567341474736	6.68001380030815	0.210182110193709	7.63590310541312	0.25445079684482	8.56644713042066	0.283526217976159	9.53720956083886	0.278420696731014	11.402400827611	0.359516335962872	17.0176383169481	0.365616840927025	18.9587170242703	0.425668503671492	23.6903512148229	0.575892825182364	37.8999512692762	0.597295387078132	47.1780189556513	0.677137731318536	56.6132468588237	0.749955485180737	66.0472813385666	0.835899213634259	85.4342645182269	0.932403977404191	93.9802433667644	0.990437785880541	113.965505474667	1.11729397445082	146.369853577181	1.21398293062917	165.036036812269	1.26586279438203	189.255758327188	1.44208351027134	243.948440114797	1.58919787970753	284.819225115007	1.73679433887157	341.596496160914	1.85579657529601	379.830811245225	1.949189889349	436.073646511877	2.07089207468648	474.622872146297	
0.0363424080227629	0.303315541759979	0.0462677366874581	0.701089858363305	0.0525233152187624	0.802668439138364	0.0555183376898325	0.897601271502636	0.0684706083698767	1.00062716216439	0.0951977224348629	1.94174842098994	0.123426576036919	2.88805308325601	0.153654298189718	3.84318704326997	0.171628908573688	4.80003842251135	0.185577626465445	5.74793670177292	0.213680489891852	6.7035879018584	0.210419718979669	7.66315499963584	0.25522625904947	8.59709974886306	0.283826418944345	9.57063845174432	0.278889183762743	11.4423554954869	0.36127692410247	17.0764178071305	0.366072089237395	19.0264670130653	0.42638103955859	23.7727378685054	0.576871671983216	38.031796737257	0.598126546648078	47.3451876245644	0.678679376972482	56.8128143759237	0.750802915759293	66.279113593409	0.836916556013346	85.7359459628478	0.933683223309	94.3140666145538	0.991786344321372	114.365631436039	1.11869600872086	146.869593796402	1.21637958578127	165.621294791521	1.26801979345363	189.92291308447	1.44411684239381	244.779060602612	1.59152700425746	285.820583099672	1.74048082515143	342.762154341098	1.86161653100434	381.162229934656	1.9521877776186	437.572375431246	2.07333564903638	476.289626551307	
0.0363128208067114	0.303601923438071	0.0462281320318905	0.701506217742044	0.0524764741867724	0.80268898644169	0.0556341872451281	0.898711466166508	0.0686733972631698	1.00318515590939	0.0953483144462862	1.94786325189379	0.123784454996851	2.89722009092254	0.153868447143334	3.8571999548927	0.171910634788252	4.8158522790772	0.185874275375161	5.76686396955783	0.214118389106215	6.72655012450618	0.210760871543259	7.6895193434871	0.255999017543189	8.62750463551238	0.283989343767953	9.60349178532601	0.279250480283594	11.483285258052	0.363982197339325	17.1357225632201	0.366516423983844	19.0942132765702	0.426835737925869	23.8573559709707	0.577978182221547	38.1671216262114	0.599980832494839	47.5106352094413	0.680253499436665	57.0127581473259	0.751669659820229	66.51335238567	0.837862737751457	86.0352804746922	0.934865263549067	94.6467871764673	0.993257064266045	114.765138999251	1.11996881576677	147.37012377713	1.21779511519475	166.20436230018	1.26957701802081	190.589695312741	1.44603990362977	245.61190136334	1.59463248088497	286.820957607745	1.74361576249791	343.927216474863	1.86589175466129	382.493201589273	1.954700673981	439.068869176542	2.07564854102299	477.958079688612	
0.0363126514806261	0.303021447567183	0.046036609007292	0.702250111613185	0.0523095807327809	0.802700744388636	0.0556934725948388	0.899303263426906	0.0686628369440818	1.00419645576207	0.0954357312704509	1.95590487269767	0.124119093459621	2.90687092064361	0.154048953267935	3.87112811616517	0.172694352626232	4.83216066790668	0.186285604614152	5.78722500837826	0.214800658537582	6.75007719426864	0.211076315794033	7.71603456158829	0.25651102853567	8.65740847064035	0.284325561139696	9.63600704882917	0.279536834109047	11.5233088437951	0.365248924956436	17.1968247717932	0.366965958205291	19.1599869989558	0.427203023901488	23.9407093374397	0.57901861016666	38.3016120501785	0.602851216281993	47.6764329715897	0.681626567691894	57.2132607122464	0.75254465936896	66.7468908233881	0.838948225047159	86.3353600445609	0.936018816514523	94.9801633894421	0.994656491080368	115.165898259944	1.12120652083983	147.871518025166	1.21946565356459	166.788472890074	1.27090910837605	191.256820267703	1.44750961032989	246.449003855966	1.59995565726841	287.817815441942	1.74693911303156	345.095348247688	1.86813957753218	383.825544150654	1.95696969936476	440.571174374428	2.07850615898066	479.622598919549	
0.0362830916891138	0.303033583863907	0.046136162649758	0.700336651266861	0.0524339782548174	0.802459531853268	0.0557292625502215	0.898380381006958	0.0687815828602066	1.00362788335727	0.0957143180373636	1.96218594467318	0.124116197488773	2.91764073438492	0.154331379679918	3.88448747220221	0.173278542864673	4.8496779133806	0.186608684321812	5.80787149755426	0.215508889685907	6.77319308513394	0.211292375815741	7.74276910614537	0.256956656193643	8.68721451690263	0.284971569622559	9.66971440517121	0.279811889938083	11.5626255557376	0.365923448641916	17.2568820364873	0.367648832952628	19.2252093784033	0.428041978434864	24.0231071669925	0.580272210925842	38.4348656778253	0.604655635768132	47.84259581217	0.682634918512507	57.4138638600001	0.753393493808614	66.9806006244518	0.839965401016369	86.6341581146278	0.93726159160312	95.3126231810471	0.996144659324412	115.56827429655	1.12240250687568	148.371735081523	1.22089317803451	167.374371619226	1.27270055167138	191.923364077406	1.449154759839	247.282455564274	1.60491009490604	288.818607182509	1.7515697531619	346.26002295128	1.87025583834742	385.159287421121	1.95913057534501	442.072674909647	2.08229194608615	481.286820127277	
0.0363516012825446	0.302332414413847	0.0462445619882366	0.700915701050124	0.0526247692627798	0.802214594027778	0.0556929701317588	0.897506684058145	0.0688160671508105	1.00439296481598	0.0958667297832533	1.96829332499678	0.124246854429837	2.92756490726865	0.154615773013169	3.89864124635766	0.173657012639177	4.86666803030233	0.186766760031084	5.82782508276765	0.216247336154602	6.79656276138877	0.211784148929976	7.77041541545971	0.257312877754429	8.71750298823565	0.285620777914429	9.70325598610285	0.280061645821791	11.6025569405502	0.366531700789428	17.3179972835759	0.368347456778014	19.2921025504704	0.429401848295171	24.1054826448046	0.581355093673376	38.5699968516933	0.605828082853251	48.0097682063732	0.683384594085735	57.6137070485691	0.754198367511793	67.2128128588866	0.841024562884543	86.9337384956202	0.938470312180286	95.6468413095894	0.998314028409063	115.96620978733	1.12367946476229	148.871683916991	1.22199623492238	167.958050075466	1.27599752162634	192.586778643406	1.45061203461673	248.116548022482	1.60875981115466	289.82079963216	1.75640595995699	347.424489038625	1.87253255468054	386.489186192183	1.96128381300748	443.573251572916	2.08545079033708	482.954051369422	
0.0363965610924048	0.302934194287618	0.0461896329348016	0.702235676113964	0.0524703380137235	0.802659824404958	0.0556897373888575	0.898001798398358	0.0687778156021737	1.00492067544476	0.0958392353305155	1.97493691426725	0.124450503163781	2.9374406513808	0.154864341841882	3.91178965784156	0.173920334531367	4.88235243303645	0.187000430902891	5.84670764707111	0.217101754746465	6.81981695364982	0.212254002305075	7.79670665049234	0.25754201587051	8.74760705770765	0.285980551251393	9.73668022039566	0.280357753339115	11.6428142882484	0.367476181475864	17.377410073079	0.368935208489976	19.3581333178743	0.431121255672871	24.1895345031714	0.582152033096211	38.704200428321	0.606769708404308	48.1773131295886	0.684230304796747	57.8127157721508	0.755042055058344	67.4456956455433	0.842104957062289	87.2347270362785	0.939658529638532	95.9814543188845	1.00048899987923	116.364964841938	1.12487603764197	149.361485062169	1.22342422728877	168.539269840226	1.27917935381256	193.246512622767	1.45208152051773	248.951311032912	1.61290401716096	290.820309872925	1.76086443736736	348.591845951104	1.87497928095821	387.819740614306	1.96369612553039	445.075139538309	2.09026022267269	484.618183170187	
0.036286097459972	0.302534453195281	0.0461981307148966	0.701386135343283	0.0523051154834035	0.801878503009627	0.0559113636200484	0.898632827620349	0.0686824676611268	1.00570438335407	0.0957873650256341	1.98204919160113	0.124585442975069	2.94773712044605	0.155040449248463	3.92423026420238	0.174184864436249	4.8995991293153	0.187524977517642	5.86721583485134	0.217631794921685	6.84223295563354	0.212509406587468	7.82335504771536	0.257773465721313	8.77733114758726	0.286390912278688	9.76899711219985	0.280649084705392	11.683084674462	0.368459437635181	17.4378771196864	0.369369603055939	19.4252369688333	0.432140059003387	24.2742438752447	0.583326839125416	38.8364147000239	0.607867262247258	48.3430848147061	0.685130079033643	58.0122385857693	0.756289534411644	67.6788168507678	0.843395127605065	87.5343372195919	0.941265684146946	96.3149199388223	1.00211790261201	116.765165309112	1.12617352502156	149.71070865932	1.22489661204218	169.122218139602	1.28135978814998	193.915783344839	1.45358993929971	249.769638063326	1.61573821823557	291.818598218529	1.76395213954616	349.738132622657	1.87933247380043	389.153185861564	1.96639573828007	446.573481027505	2.09734662268366	486.281838133816	
0.0362149069031644	0.302760415324215	0.0462827038852804	0.701484506285554	0.0522645417517694	0.802890675977176	0.0560309919643146	0.898334920825943	0.0685454813237622	1.00450449068899	0.0958467865259684	1.98810069257291	0.124938851193728	2.95841054230547	0.155262379640861	3.93773583787668	0.174757087968291	4.91627539054428	0.18775238715724	5.88731982865339	0.217894163148279	6.86518027712084	0.212645840094631	7.85054687163487	0.258048300730866	8.80748737112097	0.286845859539074	9.80337781473135	0.280937088913032	11.7225205956884	0.368840827292177	17.4984279853216	0.369530671925323	19.4925659998446	0.432756038136388	24.3581336834912	0.584314860352957	38.969739108183	0.608669594161654	48.5097654706133	0.68581412383921	58.2135532639362	0.757806409102713	67.9123627390661	0.845669808897696	87.8318463392767	0.943010357130075	96.6465378148598	1.00383057347994	117.164419552596	1.12726417419614	149.831840192912	1.22627390840542	169.705628374953	1.28299245782615	194.587542560712	1.45449405999825	250.355432484355	1.61808649283822	292.819449563737	1.76573919775552	350.55766664707	1.88865421955777	390.482250167638	1.96949298078142	448.074564330231	2.10408318191	487.946893806531	
0.0362714328459425	0.303661440768528	0.0464437646464168	0.70068252117158	0.0524028607389841	0.802132754060421	0.0559091716417697	0.897815242853991	0.0685994528320681	1.00366501984317	0.0961551411069321	1.99456313961121	0.125009241933605	2.96845648561005	0.155389736600441	3.95110124751017	0.175290191446827	4.93306946407336	0.188014231968908	5.906406352591	0.218287423687356	6.88887684758383	0.212811937325996	7.87668723241758	0.258410206912951	8.8377730484864	0.28753029361439	9.83709075900858	0.281374396693883	11.7627658361938	0.369060890790209	17.5578873409512	0.369966467241188	19.5593045723716	0.433419519051467	24.4399429172048	0.585201625043806	39.1038160249466	0.609866298332002	48.67765684581	0.686611446929034	58.4144060061281	0.758982316412017	68.1449773048341	0.848686232426292	88.1311361476397	0.944565442321622	96.9800108853778	1.00542152939574	117.564374150623	1.12772874357288	149.874591622346	1.2277998728801	170.289381336995	1.28469881568293	195.25456320755	1.45512851560479	250.554690802375	1.62009275868913	293.820688339118	1.76652610572809	350.837659452604	1.89620952569606	391.817870984326	1.97424547945892	449.544057172726	2.10811038025478	489.611711060677	
0.0363013257948249	0.302591467596438	0.0463652080206958	0.701809596056315	0.0524433052612509	0.802412674688458	0.0558018048751833	0.898279157889437	0.0686815271970388	1.00374034055282	0.0963278673643677	1.99988797617866	0.12506555245564	2.9783329282141	0.155501234353076	3.96389715341632	0.175703290844825	4.94937133364513	0.188820373737873	5.92584910739648	0.218652746088718	6.91228517372367	0.213226404749537	7.90204621359729	0.258784569007722	8.86855512076052	0.28806052475147	9.87123956223002	0.28166746798028	11.8038269152357	0.369450948400307	17.6181606724723	0.370603216052204	19.6242177527391	0.433886422264331	24.5230206122049	0.58632512372935	39.2375129621179	0.611849700761774	48.8434210803472	0.68750019211801	58.6150799343942	0.759949404534709	68.3784933908115	0.852494150426628	88.4303589007804	0.945748111038537	97.3132678890687	1.00674564858464	117.965602797871	1.12809607371654	149.902933629591	1.22946502431718	170.872791572346	1.28630144793008	195.922015988043	1.45700293000429	250.623444756858	1.62178501465697	294.819721742747	1.76719072982997	350.935321658429	1.89910466318902	393.157217091136	1.98064863451083	450.591400138651	2.11059089344831	491.277422384453	
0.0361071270077041	0.302808145603897	0.0462674955767737	0.701227228436536	0.0524558154700446	0.802366108561939	0.0558144766946369	0.898890221884682	0.068899554268103	1.00398318290261	0.0964194345548457	2.00053198570842	0.125327613919144	2.98843172407227	0.155712912301258	3.97760901503111	0.176037703537531	4.96582733709568	0.189566343476914	5.94674565667188	0.2187140072538	6.93631981426518	0.213616762685011	7.92975771548875	0.259232026179047	8.89825592757687	0.28852974734178	9.90383864476092	0.281867620174167	11.8441205845126	0.370018850595541	17.678050299111	0.370997154122585	19.6911612162228	0.43421999677246	24.6069756130285	0.587481268353314	39.3698948718762	0.613205917931179	49.0100719339334	0.688291563500686	58.8140588556549	0.761152911361569	68.6125086656651	0.856107876406483	88.729730665526	0.947094058641749	97.6462790236116	1.00810216361402	118.365743660404	1.12855262892284	149.91668740072	1.23114483793811	171.455099121821	1.28844982468339	196.5889919314	1.46098798026508	250.663379866961	1.6235825169387	295.81675839087	1.76750028952191	350.995671358398	1.90140282294507	394.490960361603	1.98546765610611	450.950011466909	2.1130860467359	492.946799393709	
0.0359825046294726	0.303024183327116	0.0462802636542376	0.700875712388976	0.0524810770099581	0.802135489820354	0.0557221637854394	0.898882189227858	0.0686347380950114	1.00551532488041	0.0964122747011228	2.00164468330159	0.12564753111437	2.99750233985691	0.156012604537421	3.99111412304415	0.176196796550831	4.98242909252224	0.189862827728795	5.9673195026905	0.219019058494682	6.95989950375061	0.214132050469045	7.95645221317703	0.259504788189691	8.92867850935426	0.289326655352969	9.93603818992628	0.282313877298506	11.8835481238362	0.370620370753477	17.7382733392155	0.371468815247144	19.7584921098792	0.434800325176985	24.6903960347197	0.588567262303245	39.5034725997636	0.614469661069672	49.1760522352978	0.689309770738052	59.0138685166128	0.762789205661323	68.8455702662477	0.858000466491298	89.0305478428387	0.949107664764716	97.9783960885254	1.00972157625705	118.765348081159	1.12895794020565	149.919920952545	1.23541786086905	172.035007584458	1.29238101520259	197.25392641577	1.46349894297069	250.687638956232	1.62538945391394	296.810397574403	1.76785092987604	351.027202213986	1.9036527794818	395.824703632071	1.98692346643812	451.080247609557	2.11579602852828	494.614298856743	
0.0361404834084597	0.303483441749909	0.0463461305994816	0.701589920354461	0.0525010091059001	0.802903365246652	0.0557610489506602	0.898839523014435	0.0685423426793667	1.00405862002757	0.0962239331850422	2.00240580663954	0.125770577942175	3.00394685893651	0.15618753104153	3.99944759704599	0.176418434804801	4.9943085770585	0.190384579418302	5.98621836513824	0.219336942219805	6.98248360945106	0.214836232188968	7.98140886302363	0.259656645612355	8.95851901455017	0.289872697463218	9.96896509798786	0.282729685628635	11.9227828793961	0.371186148540794	17.7989434141345	0.372074200405408	19.8255398814863	0.436144653906109	24.7735687246178	0.589807963857655	39.6361152798304	0.615682607863741	49.3429526833221	0.690279552970362	59.2136222982188	0.766082327848824	69.0767990240904	0.859071684993802	89.3277961922151	0.953662523515549	98.3092689065386	1.01185962378473	119.164997205396	1.12928165624531	149.920561702446	1.2400361654521	172.618179401241	1.29575131746232	197.920708644041	1.46428353344047	250.699768500868	1.62722962671276	297.81273903566	1.76812560551304	351.040762270029	1.90583537976626	397.158983344315	1.98749971774233	451.156690562851	2.11857374979471	496.281977133704	
0.0361514719496687	0.302737394195417	0.0464803592412216	0.700808191505524	0.0524523646434101	0.802768323479747	0.0558233667478004	0.898665423908912	0.0686598040309908	1.00496700874064	0.0962505554396274	2.0022104617388	0.125847592067785	3.00687610112518	0.156319993307762	4.00268720246792	0.176585868751845	4.99798683539224	0.191207889295341	5.99996282304159	0.219633249872559	6.99800223677478	0.215541469638709	8.00035568858168	0.260009465601831	8.98871714759774	0.290299625325095	9.99250148097563	0.28310434360749	11.9619747941195	0.371525512624482	17.8591087122421	0.37290795683751	19.8917066219797	0.4378798500915	24.856620342587	0.59132031735026	39.7693540063167	0.616391177632055	49.5104752547967	0.691039666871061	59.4136741030345	0.770410206905219	69.3105088251541	0.860149713882879	89.6183315687924	0.957644133872031	98.6428090322788	1.01384847057468	119.558261182364	1.12954989757836	149.921157748865	1.24200394765762	173.203899316467	1.29783134353203	198.589070395323	1.46482591590123	250.70107980299	1.63016007802573	298.817136857064	1.76830791326953	351.045769059952	1.90841279015925	398.492368986931	1.98806402255862	451.193436824609	2.12151407093761	497.951652166169	
0.0361780592825673	0.302891266139733	0.0464596082711707	0.701407846799772	0.0525119432171245	0.802701617503508	0.0557678832576647	0.8987085557836	0.0686594099010978	1.00436083418868	0.0962198464193385	2.0023462019976	0.125896816322233	3.00803443352234	0.156427112004936	4.00470398140745	0.17666350980307	4.99919429505287	0.191601558271777	6.00593260046132	0.219764018720766	7.00453360168034	0.215958467765483	8.00722884885588	0.260311880661402	9.00910007249764	0.290766751869199	10.0005862918619	0.283470930814754	11.9909249549764	0.372031683732518	17.9178528121684	0.374957707371724	19.955602798144	0.439040204142233	24.9378130407855	0.593167703522856	39.8992064440825	0.616998094230853	49.678169189617	0.691853859198807	59.6140909862822	0.772251233011785	69.5448891784396	0.860990197033681	89.8332361053227	0.959323303381828	98.9791729279311	1.01537598452892	119.837754799021	1.12978323240572	149.925210864518	1.24368667628912	173.78888907483	1.29921272638149	199.24530260197	1.46505586904974	250.702569919039	1.63380852194386	299.799331949343	1.7684273049589	351.052385175208	1.91224873051097	399.791481960428	1.9883341184634	451.216414414079	2.12601143895799	499.58502797169	
0.0362080221999665	0.303395344459301	0.0465359261691275	0.702204418601538	0.0525340391741368	0.802294513142416	0.0559973633787144	0.898107736336189	0.0686624425231503	1.00359319159302	0.0961579809422906	2.00254457369657	0.125887269701205	3.00800369987884	0.15663124844342	4.00515520717342	0.176907345365243	5.00055821689861	0.191934682025695	6.00799315155979	0.219826123250855	7.00649217296173	0.216040982561629	8.00972106794718	0.260607253429281	9.01577765504046	0.291123515453939	10.0027171578114	0.28362960631324	12.0003331751783	0.372521987484536	17.9761088990887	0.376830702202807	20.0021726499531	0.439562431795735	24.9974269959551	0.594521636059112	39.9932066897188	0.617574340453435	49.8410649507607	0.693424217376467	59.8084766248231	0.773151835371951	69.7747842824189	0.861338869508977	89.9071831142349	0.960420290351811	99.3143223790037	1.01636093330586	119.933591612688	1.12991960892761	149.925687701653	1.24588583172385	174.361898300162	1.30017909893385	199.713348052837	1.46530379751562	250.706205802198	1.63671428163139	300.500401747892	1.76865945435814	351.054650151602	1.91505515327164	400.712850515603	1.988555791316	451.227947912295	2.13280834646181	500.751192791331	
0.0360088496991756	0.303326950460976	0.0466045912381302	0.702222230144931	0.0524399219904285	0.802139331525791	0.0560403592271669	0.897885499497377	0.0687228276687815	1.00455571342816	0.096170778432086	2.00189893435238	0.126035735910646	3.00809170985796	0.156937697867272	4.00565812133983	0.177105567806411	5.00103226006658	0.192280701686924	6.00842388823009	0.219673163669002	7.00813688855038	0.216256115722406	8.01161817194157	0.260934368842905	9.0188044532642	0.291222358220786	10.0056387165892	0.283718212235525	12.0033050253727	0.372716829282907	18.0194843146186	0.37753425179336	20.0198081733884	0.439734385588015	25.0172976934633	0.595030164027389	40.0261084520721	0.61807000287833	49.9594211432115	0.696100173492366	59.947221330109	0.773971786445581	69.9403510765798	0.861474027156597	89.933491113073	0.961378594501784	99.6402256599948	1.01700217163598	119.9695257612	1.12994280551291	149.925642998172	1.24758843832419	174.770845748542	1.30106134627652	199.872134818977	1.46556238484615	250.707844929851	1.63845250827624	300.739595176015	1.76872534504047	351.055126988737	1.91620932284252	401.021870781764	1.98876109274007	451.230391702615	2.1369296553561	501.152034008406	
0.0359263294053133	0.303163445149237	0.0464179992842717	0.701403888679018	0.052378267367722	0.802502896558589	0.0558684190700081	0.898342080367896	0.0686839456060289	1.00456735495979	0.0961773287992085	2.00233362914344	0.125892596214418	3.00930824991327	0.15719421951851	4.00521667446043	0.177073935763957	5.00130327492292	0.192387693267298	6.00943809846568	0.219712277156683	7.00808473448868	0.216485246920541	8.01223284481162	0.261000605214711	9.02037186908283	0.291314347236363	10.0066119486334	0.283627559653291	12.0048836170617	0.373220222535145	18.0332473989726	0.37784453702931	20.0251539647128	0.439862297522726	25.0251133521383	0.595350552445642	40.0372880477268	0.618196261328347	49.999687804135	0.69927221238003	59.9954824636333	0.774508258843795	69.9962155272421	0.861753653122331	89.9521175636806	0.962151540522887	99.8733915687007	1.01739744288595	119.989031380276	1.12999917183282	149.925866515579	1.24843440913911	174.910410017654	1.30217471723076	199.929757606577	1.46557491213598	250.709901289998	1.63917426137556	300.825306651131	1.76871841952206	351.056170069971	1.91711035525848	401.133778497014	1.98891019622736	451.230928144392	2.13785754503131	501.295502381566	
0.0358347243216478	0.302898367474027	0.0464650637492791	0.701422747960258	0.0524997072799199	0.802279204528323	0.0559865926360211	0.898949535488336	0.0687614841855782	1.00452579469188	0.0962860152789902	2.00231500269283	0.125848966708637	3.00904584979034	0.157297964499652	4.00459082572001	0.177239907371579	5.00141503362656	0.192349218035351	6.00992890543919	0.219880296012146	7.00818764562828	0.216552040205786	8.01277859981442	0.260952600498071	9.02066057906724	0.291279719382382	10.0072825008553	0.283742247572847	12.006241485311	0.373555056118731	18.0386732840346	0.377836907169094	20.0286929903282	0.440078368900775	25.02899696709	0.595537841692348	40.044775880871	0.618289621052835	50.0142387873497	0.701612118535344	60.0136358023955	0.774803979911752	70.0153262655655	0.862006218730622	89.9594042311583	0.962609010511981	99.9530308209186	1.01757040412771	120.00110132027	1.13016101569655	149.926328451554	1.24927569909194	174.960358707604	1.3026316418054	199.962555060807	1.46561175561219	250.709811883035	1.63962578516399	300.875732178216	1.76892352249875	351.056050860688	1.91785217579823	401.200714509918	1.98932440549995	451.231583795454	2.139129727201	501.379366112782	
0.0357149462614545	0.304693433443677	0.0464811411330898	0.702084219787461	0.0526533972573223	0.802425480373251	0.0560054309779984	0.899286266790727	0.0687964400921148	1.00512219035727	0.0963578618914349	2.00234969445709	0.125956739223365	3.00907192682119	0.157456166659269	4.0050900145963	0.177354699692396	5.0017288893193	0.192228672035666	6.01030841937032	0.219756573812482	7.00849684470837	0.216609091161295	8.01297697151339	0.26099666777785	9.02109271272134	0.291180130364212	10.0072759815976	0.28386760948232	12.0077250821019	0.373679613065727	18.0413852952431	0.37791537040353	20.0307735648611	0.440294445363266	25.0305560010058	0.595532471785318	40.048452742221	0.618312369002579	50.0232279124129	0.702399590598667	60.0242342527912	0.774982143925965	70.0276644264479	0.86204305786745	89.961631954651	0.962959445713212	99.9820657321257	1.0177817813111	120.00417840991	1.13031745176588	149.926298649233	1.24984453595673	174.988164273071	1.30281810863896	199.980540761513	1.46574634592723	250.70996089464	1.64012471610632	300.902286046202	1.76891575901121	351.056378686218	1.91807445520956	401.233467260666	1.9897541119453	451.231881818663	2.14042378704029	501.421804617846	
0.035671599656548	0.303875761365832	0.0464079639167962	0.701713145966762	0.0527056894425911	0.802463082520415	0.0558176616606896	0.898872876002554	0.0687357131598277	1.00530379825069	0.0964672608766438	2.00202722403094	0.125993545912335	3.00935039225777	0.157681445496861	4.00557476797336	0.177211444264787	5.00182900649132	0.192122110056934	6.00954566621793	0.219735631918393	7.00873200364729	0.216458054597584	8.01358139983561	0.261024497183654	9.02246827609871	0.291249745452093	10.0068885514249	0.283898340411973	12.0073702482178	0.373852220364169	18.0433522484272	0.378175870041994	20.0314795073391	0.440221929869123	25.0326626525695	0.595660045312335	40.0505575311396	0.618445745094165	50.0264242113372	0.702663699234347	60.029777484492	0.775085661181266	70.0338633092101	0.862146924424021	89.9620640883051	0.963098271494136	100.001250976252	1.01804392615417	120.00662220023	1.13044976089358	149.92652216664	1.24941538067388	175.005091991383	1.30290414879955	199.98870659746	1.46574589117988	250.70996089464	1.64025597645418	300.91754483454	1.76893215077751	351.056170069971	1.91839537202532	401.248457828115	1.98991195994041	451.231375179207	2.14075060417455	501.446004102476	
0.0358027294097257	0.302250603550319	0.0462956162682661	0.701963671727434	0.0526241244994289	0.801841017277779	0.0557062084252581	0.89927421780549	0.0687367002919108	1.0045274245063	0.0965210523952179	2.0029876503904	0.125991325749907	3.00881464897217	0.157685975321819	4.00575125359287	0.177305125851465	5.00179268491263	0.19207076034683	6.0091782594797	0.219978498483083	7.00841721663202	0.216334561727374	8.01387104114256	0.261119593490071	9.02192717770856	0.291256846935173	10.0063595602277	0.284014143741656	12.0066689623525	0.374196162230177	18.0440973064515	0.378411124496897	20.0322525050393	0.440307184194288	25.0327706859831	0.595856456680336	40.0509524118925	0.618313605356576	50.029054266163	0.70285735542711	60.0327130131078	0.775001765641187	70.0360835821226	0.862174679658715	89.96190762612	0.963256449459731	100.008813315198	1.01817524768704	120.009900455537	1.13062852279653	149.926060230665	1.24942172679905	175.014390315526	1.30323374526234	199.989660271731	1.46585232590211	250.709722476072	1.64043958586786	300.923177473203	1.76887426375335	351.057511174415	1.91866557294256	401.256742873345	1.98989915846921	451.232060632589	2.14083862004868	501.457150170519	
0.0357555514194052	0.303366997329783	0.0462774758972634	0.701468440971905	0.0525151587771243	0.80237833217015	0.0558087943958253	0.898869790996672	0.0687009942195898	1.00461147636467	0.0964498052954877	2.00377904171059	0.126025860564761	3.00907448795815	0.157524694695795	4.00647815082783	0.177359893058496	5.00209117378362	0.192376314385515	6.00954007828275	0.220007299316544	7.00917345052669	0.216566858517144	8.01238837567419	0.261132598586221	9.02147921157145	0.291324989840709	10.0070515328678	0.284013838323148	12.0074494106329	0.374327744905893	18.0447641333833	0.378607051687752	20.0329416837118	0.440459745970431	25.032830290625	0.595823667559802	40.051425523738	0.618455654299441	50.0296503125824	0.703104334406707	60.0344750753353	0.77509213370437	70.0373501807639	0.862245102299309	89.9648133524148	0.963479591214685	100.012479000678	1.01830319350152	120.010556106598	1.13076676003108	149.926119835307	1.25004756048334	175.013377036613	1.30347971738619	199.990122207706	1.46593099421378	250.709752278393	1.64060533023277	300.925561658881	1.76878890834185	351.05614026765	1.91879921379169	401.261839070232	1.98999681590107	451.233193120786	2.14111206204998	501.460309216542	
0.0356921856020594	0.302652614741323	0.0463756653704304	0.70182798967629	0.0524909895941919	0.803054064873599	0.0558959237003478	0.898417924946464	0.0687483472112426	1.0040188059894	0.0964931102295318	2.00273968576669	0.126173895496179	3.00892780465961	0.15758294007542	4.00610096520303	0.177269619981483	5.00214845011924	0.192468210044736	6.00917313720578	0.219966787872928	7.00956274334439	0.216659644206427	8.01221608100607	0.261111708706498	9.02119422687715	0.291484886620337	10.0065206790254	0.284092452990636	12.0080156547314	0.374438020021175	18.0447753092536	0.378610693205595	20.0329062934557	0.440279845336456	25.0333108530507	0.5958664074779	40.05148885367	0.618702626442551	50.0292070030579	0.703133776383001	60.0356410911433	0.775306509082893	70.0377301603563	0.862379302818014	89.9665865905126	0.963544682801868	100.014125578912	1.01828789241	120.01122665882	1.13069804847744	149.926566870122	1.2504262741305	175.014286007403	1.30348962944074	199.991046079656	1.46615114557635	250.709215836616	1.64066439672458	300.926068298338	1.76925502139746	351.056170069971	1.91911778604943	401.263895430379	1.99027087358227	451.234742841477	2.14135795519767	501.461560914023	
0.0357265613208251	0.302229677897214	0.0463734687937463	0.70105638895987	0.0523777761998361	0.802867101875625	0.0559014153370557	0.89807124013453	0.0686202569020556	1.0048081018339	0.0965128652199345	2.00300487985721	0.126174798331927	3.00899439422053	0.157721715084734	4.00533029580914	0.177325818066701	5.00178057771974	0.192360620200199	6.00959409498951	0.220027915209894	7.00992456214744	0.216540928232323	8.01248523321735	0.261255827481777	9.02155558001894	0.291704502676147	10.0067898312367	0.284224167355367	12.0073655916052	0.37453075383579	18.045121761235	0.378559274531053	20.0332285310512	0.440367210658492	25.0327725486281	0.596032119301819	40.0519247126142	0.618647662866152	50.0308722077423	0.703150833879051	60.0355963876618	0.775414366292677	70.0391830235037	0.862387862420467	89.9651188262047	0.963529731404513	100.015846662948	1.01832469937837	120.011502330289	1.13082364368322	149.925717503974	1.25033469407904	175.01604434434	1.30346511059856	199.995218404592	1.46630664234865	250.709484057505	1.64079076284427	300.926604740115	1.76941738408353	351.055991256046	1.91940276660778	401.265355744106	1.99026923813907	451.237454852685	2.14139107426833	501.462335774369	
0.0356956193272829	0.302421413923156	0.0464278393504927	0.700773907194874	0.0522929177915398	0.803347373263011	0.0557245056600885	0.898200810381569	0.0685850831329748	1.00411659485509	0.096533543581748	2.00313130689071	0.126163645845931	3.00910615292418	0.157729431773314	4.00547045984996	0.177419500817532	5.00173261460942	0.192414888142658	6.01033775603002	0.22003205501442	7.00945377860834	0.216636454699176	8.01219000397522	0.261436094108062	9.02196256796472	0.291776264654652	10.0076708623505	0.284257326752294	12.0077371892948	0.374481199971728	18.0449857881455	0.37866025750047	20.0329379584217	0.440642549749336	25.0328768567515	0.596066863888353	40.0523605715585	0.618718614628941	50.0307604490386	0.703231960087789	60.0360583236369	0.77531525595685	70.0389371543556	0.86251115049284	89.9668771631421	0.963533470842191	100.017105811009	1.01864676779197	120.010429446734	1.13095312299891	149.926954300294	1.25037790699841	175.015925135056	1.30356006934863	199.996052869579	1.46615874515111	250.710527138739	1.64093816059097	300.926008693696	1.76916995086007	351.056497895502	1.91941007534797	401.265027918576	1.99025086171855	451.234772643798	2.14150857369068	501.46513719254	
0.0357383368383412	0.302708814235266	0.0463579081222516	0.70204900415428	0.0522838597423361	0.802978394918006	0.0557829148448023	0.898459310591407	0.0686870958803153	1.00489692672023	0.0967475457502111	2.00269591360776	0.12627233253526	3.00908543099788	0.157623880561883	4.00596871740371	0.177302624089103	5.00179920417035	0.192406743994478	6.0099247144878	0.220247900433244	7.00877577580622	0.216721245708821	8.01238371906154	0.261505979410458	9.0211467294281	0.291794748232578	10.0070077607088	0.284229366123138	12.0076738593627	0.374520956837417	18.0453210642565	0.37874414888743	20.0330329533198	0.440575149352363	25.0338547454084	0.596263339703877	40.0521109771203	0.618729016448566	50.0313341437173	0.703369274789122	60.0362483134331	0.775082842807057	70.0393096833678	0.862526071342814	89.9654615528959	0.963585586352658	100.016636424453	1.01886048116603	120.01060826066	1.13108413344967	149.92652216664	1.25058843565089	175.016118850143	1.30358655049329	199.994994887185	1.46641351691708	250.709394650542	1.64100418240352	300.925174228708	1.7692845024893	351.056944930317	1.91936084938512	401.266160406773	1.99070584450893	451.232418260441	2.14176897703038	501.466806122514	
0.0357298861540655	0.303087396843865	0.0463816944617564	0.70065423224972	0.0521488170955611	0.802805227135013	0.0560093446661329	0.898802910397459	0.0685606815763283	1.00484232793689	0.0967461932428199	2.00257856696893	0.12638049027411	3.00980674029766	0.157580661123253	4.00615311926473	0.177436646137302	5.00080967398182	0.192485427998934	6.0097975889624	0.220322305409181	7.00823793704493	0.216635950591727	8.01268360491632	0.261550532636896	9.02126687003452	0.291765897293962	10.0067525783355	0.284361519682133	12.0071793270991	0.374422618719344	18.0464479645182	0.378674561739226	20.0331409867333	0.440609716670376	25.0337895528313	0.596492109286919	40.05179432746	0.618690332003733	50.0316433427974	0.70315412900019	60.0367512275995	0.77518292000706	70.0389818578371	0.862340650783207	89.9665716893521	0.963796398258171	100.016271346022	1.01873453105068	120.010459249055	1.13091589779104	149.926313550394	1.25058550898133	175.018100704487	1.30368925037916	199.995725044049	1.46646208547678	250.710288720171	1.64110418807795	300.925561658881	1.7692936123375	351.056795918712	1.91952819343044	401.266190209094	1.99076748749301	451.234444818267	2.14182452177244	501.466150471453	
0.0357918392627482	0.302012708851465	0.0465092935041046	0.700230131252448	0.0521213804110249	0.802049924562875	0.0558040772848088	0.898292429235495	0.0684110507916607	1.00503138641056	0.0966536667551624	2.00243258216229	0.126179488940995	3.00983677544926	0.15774919461011	4.0056571900173	0.17758260169025	5.0009931445203	0.192486048978634	6.0104090022036	0.220157689522014	7.00821139435281	0.216652377189491	8.01212667404315	0.261541632560373	9.02159190159763	0.291918674709116	10.0069295296163	0.284219759897464	12.0082391721387	0.374557084106194	18.0455725213397	0.378631115858242	20.033316075369	0.440840354975451	25.0329755769398	0.596333924263637	40.0511237752381	0.618693869641275	50.030373018866	0.703142160896807	60.0359242131925	0.775247282403592	70.038825395652	0.862416228250614	89.965677619723	0.963831838749307	100.016569369231	1.01882522036486	120.010787074586	1.1309077302201	149.926134736468	1.25063311440215	175.019531215894	1.30376962443141	199.996887334567	1.4663133860729	250.71025891785	1.64101044753855	300.926187507622	1.76915276582813	351.055544221231	1.91960507553525	401.265892185884	1.99055276329635	451.235279283254	2.14181707296134	501.467879006069	
0.0358975194885478	0.302498044305109	0.0465954378826141	0.700532578244189	0.0522758348558346	0.801372736667972	0.0557165322437093	0.898354187560791	0.0685472637704003	1.00486991836685	0.0966572272945055	2.0032069768463	0.126335037704384	3.00958508553543	0.157807903817482	4.00518920044578	0.17760274164866	5.00195613201671	0.192133205452855	6.01000480822541	0.219937309761318	7.00875808067814	0.216645292377086	8.01248895850747	0.261441578550302	9.02168782781826	0.291898399522667	10.007318822434	0.284104553155563	12.0075220537903	0.374750608720543	18.045276360775	0.378766291678326	20.0321575101412	0.440843698339101	25.0336479918067	0.596139238007727	40.0516676675959	0.618709517819255	50.0307790754892	0.703243304184673	60.0363041927849	0.775435787846997	70.0386987357879	0.862713287180935	89.9668622619816	0.963780233865548	100.016479962268	1.01896824809283	120.010690217043	1.13110196843418	149.925523788888	1.25074729324041	175.019158686882	1.30390334399477	199.996648915999	1.46626840482806	250.709871487677	1.64101419455778	300.929644576854	1.76927454573127	351.056468093181	1.91958936799419	401.263806023416	1.99069803631791	451.233193120786	2.14170772322854	501.46543521575	
0.0358865361423727	0.303192141524704	0.0465675789218673	0.701726300897504	0.0521317487612449	0.802958313275944	0.0556413173721979	0.897896035083502	0.0685418488164658	1.00444977549033	0.0966554192481375	2.00309754644898	0.12646131212081	3.00876482321679	0.157806276159566	4.00554962226504	0.177532671580596	5.00234589049568	0.192031376178972	6.00966347851803	0.220072162747161	7.00855412104399	0.216516814329207	8.01260816779136	0.261310164854336	9.02160494011305	0.291727500758774	10.0064564177708	0.284118002568251	12.0071783957766	0.374701729713193	18.0452130308429	0.37894423958497	20.0330143268692	0.440865544652186	25.0334635899457	0.596335195745963	40.0520513724784	0.618816137074326	50.0309690652854	0.703295818190607	60.036397325038	0.775599204700002	70.039346936269	0.862641284976503	89.9661097533771	0.963754985701755	100.016576819812	1.01883058183468	120.009468321883	1.1311687492397	149.92619434111	1.25090722423741	175.020559395967	1.30408713047033	199.995963462616	1.46641670610901	250.7093350459	1.64123017868837	300.929853193101	1.76950652648545	351.055872046762	1.91962143153876	401.266041197489	1.99077097347998	451.235964736637	2.14185492427992	501.466806122514	
0.03560364266628	0.303598372770924	0.0465034896618745	0.701425134474242	0.0521075110999117	0.802045093327249	0.0557409043239958	0.897923218059857	0.0683867431821801	1.00481764788983	0.0967969175727243	2.00237856545553	0.12634690211373	3.00917530362206	0.157728016308515	4.00598268724167	0.177603765789174	5.00080967398182	0.192244015595496	6.00921318407459	0.220256107026604	7.00856436559182	0.216543621698706	8.01283541048877	0.261321735859235	9.02185546587372	0.291748073578455	10.0076382660619	0.284237170961401	12.0069325266285	0.37482112305858	18.0449913760807	0.37892964501513	20.0334408725881	0.440796922319248	25.0330184177762	0.596408382875021	40.0523233186572	0.618909810558497	50.0310137687669	0.703305106238653	60.0367400517292	0.775665132635234	70.0394512443924	0.86274363814844	89.9657595761056	0.963706956956993	100.017105811009	1.01888593124056	120.008492295871	1.1310919058779	149.926104934147	1.25091559148392	175.018741454388	1.30404310044346	199.99515879995	1.46661854240774	250.710050301603	1.64132509396314	300.926574937794	1.76963924416691	351.056557500144	1.91962673949538	401.267531313537	1.99066644417389	451.235338887896	2.14207552442937	501.466329285379	
0.0355487312206657	0.302468533022428	0.0466519424428077	0.701647429520712	0.0522876198990345	0.801756616173464	0.0557446927725251	0.898692257639319	0.0684459930397719	1.00349062969936	0.0966714007610214	2.00244399086329	0.126300483983681	3.00951430502312	0.157711804045911	4.00667000326909	0.177666252804716	5.00121712758886	0.192313585421099	6.00927837665172	0.220257640201843	7.00914877047964	0.216773525076762	8.01254949447195	0.261311716609461	9.02200354615605	0.29185996675903	10.0073849463336	0.284244878662717	12.0071625632936	0.374959837951021	18.0448218753802	0.378900883856013	20.0322878952955	0.440852599812607	25.0333089904056	0.596368013923762	40.0512876880035	0.618798151084592	50.0312037585631	0.703216635899469	60.0369598438463	0.775713808483295	70.0392724304666	0.862784021255803	89.9666536457348	0.963658354124622	100.016554468071	1.01918034736845	120.008820121402	1.13106499978821	149.926864893332	1.25106611136733	175.018756355549	1.30419768772106	199.995427020839	1.46656128000417	250.709692673751	1.64135735718328	300.926813356362	1.76972204990823	351.05614026765	1.91956144065108	401.265683569637	1.99069074843934	451.23331233007	2.14223558357636	501.466448494663	
0.0357008920682608	0.301989949657129	0.0467055923217713	0.701750515283294	0.0523385521088691	0.801751552107204	0.055596000848327	0.898587658477625	0.0684622401367484	1.00472870658818	0.0964715569949316	2.00226703958252	0.126459443678173	3.00925935548043	0.157867861829476	4.00587558515067	0.177628002245609	5.00173494291575	0.192553177810674	6.00987302608736	0.220104599603659	7.0093299127118	0.216841689216454	8.01302912557509	0.26141021327647	9.02156489324424	0.291959796841318	10.0072545611794	0.28426256696392	12.0076310185263	0.37508779084356	18.0454067459292	0.378981594432947	20.0323586758078	0.440846669284315	25.0334971175568	0.596556629021669	40.0523382198177	0.618710914843866	50.0304512499585	0.703343392933076	60.0358608832605	0.775781565838748	70.0392724304666	0.862712471563548	89.965923488871	0.963868562885263	100.015399628133	1.01917901590895	120.008492295871	1.13120518118193	149.925672800493	1.25113010855444	175.019978250709	1.30429676452927	199.996008166098	1.46656993808525	250.709513859825	1.64148340739834	300.930508844163	1.76968480830908	351.055663430515	1.91974717128581	401.263746418774	1.99090206290689	451.234742841477	2.14231828202932	501.467104145724	
0.0355392975254089	0.303582278353446	0.0466097234541738	0.700922278515495	0.0521624787362921	0.802613025447806	0.0554790831649865	0.899063797121282	0.0684940814153707	1.00463906679463	0.096655934182212	2.00249567926373	0.126456957399049	3.00911104236746	0.15788714477321	4.00631377240122	0.177632155135217	5.00113330856112	0.192620852930343	6.01069538388169	0.219911118435509	7.00919161131603	0.216721366073532	8.01345380864895	0.261298717939437	9.02238725103857	0.291964991418137	10.0076047384508	0.284221801883332	12.0082829442976	0.375159446147797	18.0450807830436	0.378981507633682	20.0332266684061	0.440862815795545	25.0334673152358	0.596607220102593	40.0534707080147	0.618705256578998	50.03019047965	0.703362229185398	60.0362185111121	0.77574159799066	70.0387732415903	0.862850432995651	89.9664673812287	0.96396742051544	100.015898817009	1.01912922554425	120.008447592389	1.13124430435536	149.925523788888	1.25105532260063	175.017504658068	1.30411530394454	199.996172078863	1.4668618620434	250.709752278393	1.64148768191868	300.928690902583	1.76943824285707	351.056587302465	1.91991656555047	401.266011395168	1.99114541234488	451.234146795057	2.14230792416812	501.466090866811	
0.0352807606376338	0.303712459780896	0.0464732747198547	0.701167565586934	0.0520589404942103	0.803445220336359	0.0555950066672957	0.899434521696031	0.0685222358090993	1.00503848774485	0.0968331052144877	2.00202629270841	0.126286269384723	3.008414878776	0.157929655454986	4.00639572878389	0.177569341699842	5.00171631646514	0.192272298631065	6.01059992332232	0.219924762020223	7.0091799697844	0.216679129424693	8.01290525967855	0.26130335044271	9.02153695356833	0.291972031247661	10.0076922827687	0.284188250230798	12.0072864291901	0.37510797364281	18.0459413250617	0.378920413405234	20.0325337644435	0.440900094088805	25.0335772112944	0.596396976938317	40.0526958476694	0.618670734523263	50.0298030494774	0.703348088804117	60.0366506447662	0.775683630369263	70.0386465817262	0.86294190277852	89.9658117301673	0.96366588874837	100.016241543701	1.01932104100996	120.009326760858	1.13118376633313	149.926090032986	1.25093021641487	175.018011297524	1.30394882916079	199.996544607875	1.46673224414691	250.709901289998	1.6414442496903	300.92645572851	1.76938553984796	351.056110465329	1.91993773303999	401.268067755315	1.99119036676762	451.234802446119	2.14239561888149	501.466806122514	
0.0354781360933051	0.303561410908	0.0465719649244263	0.701067273791944	0.0523205207404414	0.802440032287788	0.0555066208107122	0.89880948786283	0.0684774873861809	1.00459657520419	0.0966743089350931	2.00292082799884	0.126413757914004	3.00909590837634	0.15810982481336	4.00550165915473	0.177481514319571	5.00232772970634	0.192246191310554	6.01019340103781	0.220033692451223	7.00899556792339	0.216662545116182	8.012765561299	0.261305882193659	9.02123054845584	0.292069719375335	10.0062440762339	0.284248063291165	12.0071485934556	0.375087511688349	18.0459245612561	0.378829365773426	20.0335153783905	0.440846456066742	25.0333555565322	0.596584187057538	40.0518800091328	0.618664762085454	50.0304102717672	0.703254669143183	60.0363414456861	0.775718832310851	70.0390563636395	0.863027203669814	89.9654541023157	0.963694791282256	100.015980773392	1.01920524373387	120.009967510759	1.13132378083384	149.926566870122	1.25098446572215	175.021215047029	1.30397113711301	199.996291288147	1.46664584513025	250.709871487677	1.64134945660505	300.928512088657	1.76964107209701	351.056468093181	1.92028622150349	401.266547836945	1.9911746175033	451.233133516144	2.1424587989611	501.467104145724	
0.0355970114981915	0.303971687586461	0.0465677847237838	0.701942018478603	0.0523916447949955	0.802879092653204	0.0556524035131008	0.898447727267436	0.0685504562918073	1.00477701894445	0.096566994264364	2.00286378449386	0.126368721767706	3.00925749283537	0.157999533399934	4.00565346472718	0.177426937698974	5.00239711323485	0.192326454683849	6.01018874442516	0.220014312323977	7.0095292157333	0.216737282137721	8.01345473997148	0.261152625723633	9.0212966723555	0.29199980734398	10.0073272043367	0.283984687088298	12.0079234538009	0.375101896020848	18.0453266521916	0.378807829535463	20.0328727658446	0.440917156241467	25.0334859416864	0.596650360247839	40.0518055033303	0.618628490089147	50.0316060898962	0.703070311932772	60.0359130373222	0.775750113020593	70.0400249390711	0.863166679976669	89.9667654044385	0.964060347058531	100.016591720972	1.01917710825763	120.00937891492	1.13129468743412	149.926462561998	1.25117116247599	175.018711652067	1.30411216243632	199.99575484637	1.46673592086874	250.709513859825	1.6414285081385	300.929257146682	1.76972657353989	351.056378686218	1.92036232226359	401.264968313934	1.99117981817155	451.235696515748	2.14242833684898	501.467044541082	
0.0354845025998892	0.303560974350564	0.0464881972840423	0.702008549831867	0.0523404561425787	0.803174845764258	0.0556318631296365	0.899215253447785	0.0685584055694695	1.00486502892357	0.0965213150893031	2.00263444632075	0.126190032717466	3.00899090176104	0.157893320230609	4.0059500909531	0.177467468327835	5.00181596797589	0.192342450050156	6.00939665461307	0.220054865863373	7.00871896513187	0.216813091262887	8.01251782950591	0.26115024674742	9.02234906681482	0.291913773108916	10.0081970595801	0.284098834634123	12.0078638491589	0.375281316202968	18.0451031347843	0.378723948393051	20.0326753254681	0.440889911260952	25.0330873356434	0.596716481656605	40.0522488128548	0.618714287823574	50.0308275042608	0.703086364194156	60.0368257334019	0.775854560239331	70.0391979246642	0.863236283143621	89.9664971835497	0.964158838603266	100.016204290799	1.01932614381367	120.008320932525	1.13134420721178	149.926939399134	1.25122299324331	175.018815960191	1.30415761481978	199.995978363777	1.4668114387315	250.709215836616	1.64143735099398	300.927230588856	1.76979662549373	351.056170069971	1.92020389733161	401.26669684855	1.9913695819278	451.234355411304	2.1425562221828	501.466031262169	
0.0354554478238658	0.303070429311515	0.0462705507455613	0.702507855123467	0.0523125717712797	0.802348937302785	0.0554017660743192	0.899164205331589	0.0686514949775975	1.00392928261117	0.0964551370794069	2.00275714806413	0.126274348281114	3.00939160327974	0.157807977476365	4.00672634828218	0.177446163747631	5.00113051459353	0.192465633404038	6.00992843977792	0.220046659270014	7.00893037534626	0.216688708921408	8.01260723646883	0.261276179912702	9.02266757912022	0.291998973752067	10.0065681764745	0.284125639302787	12.0081181002097	0.375430040938825	18.0448796173771	0.378917459596355	20.0325132753478	0.44088671573603	25.0332102702174	0.596737662053675	40.0519023608735	0.618568282258603	50.0311441539211	0.703263060362512	60.0365575125132	0.775874994067849	70.0394959478739	0.863167588726315	89.9667728550187	0.963977779866755	100.016897194762	1.01927560352766	120.008954231846	1.1314589242439	149.925732405135	1.25099506945251	175.019769634462	1.3042109424495	199.994756468617	1.46679095721927	250.709394650542	1.64154260800061	300.929674379175	1.76994622843185	351.056259476934	1.92016637383858	401.264491476798	1.9915292846751	451.233491143996	2.142778414824	501.467819401427	
0.0354568476308034	0.302714780520226	0.0462416048557006	0.700928448527259	0.0522223642535563	0.801750620784674	0.0553631848724157	0.89844097517909	0.0686862981908879	1.00377887402251	0.0965414140084039	2.00173409026451	0.126543791512148	3.00933735374234	0.157855328710146	4.00615125661967	0.177483192641436	5.00146066843055	0.192294915773654	6.00952843675112	0.219984296251341	7.00955668974794	0.216769432257462	8.01255042579448	0.261267657618453	9.02148852479675	0.292157628237598	10.0070915797366	0.284066845819454	12.0071551127133	0.375380771072852	18.0441774001891	0.379067305368109	20.0324480827707	0.44088616338607	25.0341862962293	0.596751969086399	40.0520774495092	0.618485537984572	50.0309467135447	0.703178212355925	60.0369337668155	0.775844010898207	70.0400994448736	0.863211143758306	89.9655062563774	0.96398282381088	100.016479962268	1.01927430945202	120.010526304277	1.13141704725438	149.926134736468	1.25094156721728	175.01819011145	1.30411713932522	199.996008166098	1.46676317590754	250.709811883035	1.64176361819393	300.929644576854	1.76989482111945	351.056468093181	1.92014912026129	401.264223255909	1.99137168877156	451.236024341278	2.1428490139124	501.46668691323	
0.0353115718152794	0.302555146017753	0.0463304004127265	0.702003951426873	0.0522714862284152	0.801658012400559	0.0554318456864387	0.898501336520591	0.0685871421969707	1.00398958574501	0.0965947028863621	2.00317344923521	0.12664003383719	3.00870475291358	0.157878974873961	4.00615824153864	0.177391985901899	5.0017596229628	0.192353318351798	6.00985300265296	0.219971622185072	7.00896809390874	0.216964038699026	8.01280467684527	0.261262431097269	9.02145779115325	0.292149538656188	10.0084066071495	0.284171677656952	12.0070293841717	0.375418443204967	18.0448963811826	0.378987267226447	20.0324741598016	0.440708053056768	25.0349537059943	0.596736514381953	40.052010394287	0.618610127210629	50.0310621975385	0.703030881291918	60.0368629863032	0.775794784059338	70.0389669566766	0.863190614562354	89.9661619074388	0.964078185768331	100.015556090318	1.01929576839021	120.011941914523	1.13130195892141	149.92650726548	1.25105769941734	175.021021331943	1.30411708270081	199.996574410196	1.46688008770027	250.709394650542	1.64174074496383	300.92645572851	1.7697388517184	351.056378686218	1.92006551704591	401.268067755315	1.99124000575456	451.234087190415	2.14293496712239	501.466627308588	
0.0354044783523966	0.303448109701413	0.0462964930444438	0.702290856973889	0.0522966695372311	0.802209704584493	0.0554424402170775	0.899421657803581	0.0684776896141468	1.00484803228739	0.0965993409077208	2.00226797090505	0.126332622368758	3.00872733748495	0.157802634827988	4.00558314987613	0.177384939832513	5.00173447725448	0.192424510806176	6.00960806482747	0.220019604410271	7.00890429831541	0.216953811912747	8.01275438542863	0.26122031229857	9.02200447747858	0.291968617196627	10.0077267417023	0.284361966978904	12.0072538329015	0.375445903824494	18.0454123338644	0.378953739174207	20.0335153783905	0.440712299451163	25.0334170238192	0.596534334853019	40.0524537038115	0.618598511036584	50.031263363205	0.703072358295857	60.0359130373222	0.775770083775156	70.0381324916894	0.863278189190408	89.9658042795871	0.96420101821733	100.015049450862	1.01940042808146	120.011263911721	1.13129384201441	149.925821812098	1.25111795256546	175.018756355549	1.30425401231772	199.99606777074	1.46694094933963	250.710139708566	1.64177065398093	300.927498809744	1.76975386434148	351.056319081576	1.92020121355098	401.266249813735	1.99151234875448	451.234593829872	2.14305776678884	501.466448494663	
0.0355744069080872	0.30264391269643	0.0460639273527444	0.70191506833288	0.0522036632903894	0.802313838084921	0.0553984195732768	0.898523164392396	0.0683283283804269	1.00461531807011	0.0967465193366903	2.00159136508673	0.126274909129392	3.008330594087	0.157922519568271	4.0049950196982	0.177487953705058	5.00159850416505	0.192384987321193	6.00921271841332	0.220033505124418	7.00859509923533	0.21676416457182	8.0129313367094	0.26126081321824	9.02172042410682	0.292113577628493	10.0064927393495	0.284331050771357	12.0071877090019	0.375266075461152	18.0451701900065	0.378969657380438	20.0334948892949	0.440973598371036	25.032951362554	0.5966462101522	40.0523791980091	0.618483261640108	50.0309727905755	0.703113937876245	60.0362110605319	0.775806858706025	70.0387285381088	0.863340705030384	89.965923488871	0.964129127157514	100.015459232775	1.01944872666821	120.01031023745	1.13136015913189	149.926581771282	1.2511289216362	175.018205012611	1.30439956425292	199.995739945209	1.46685137305198	250.710050301603	1.64192397115572	300.931373111471	1.76957871508537	351.05703433728	1.92064756806261	401.263776221095	1.99160641589124	451.235249480933	2.1432387145117	501.466865727156	
0.0354475756800869	0.302211080550436	0.0461490742760443	0.7008233837043	0.052123830939003	0.802555749112188	0.0553380851410681	0.899327244982063	0.0683724847412115	1.0041566417239	0.0966793292236239	2.00274015142795	0.126360812793029	3.00876645303122	0.157971584598574	4.00547185683375	0.177465253217831	5.00122970044302	0.192160017339269	6.0101868817801	0.219976892152454	7.00856436559182	0.216751651196529	8.01300956780195	0.261249843402436	9.02227921762505	0.292172890120436	10.0068131143	0.284193677862361	12.0075797957872	0.375144176721245	18.0454346856052	0.37891353147272	20.0331409867333	0.441113665025811	25.0329066590725	0.596815403734305	40.0521035265401	0.61847174716649	50.0301569520389	0.70295542005357	60.0365947654144	0.775877097055347	70.0389297037754	0.863232903085861	89.9661917097597	0.963989015054197	100.015958421651	1.0195842808672	120.009915356697	1.13151570805826	149.926328451554	1.25126563071593	175.019903744906	1.30450497623163	199.996634014838	1.46684593098492	250.709901289998	1.64198564219008	300.928571693299	1.76975344535691	351.055961453725	1.92070958234754	401.266637243908	1.99145012585329	451.233818969527	2.14329010096248	501.466865727156	
0.0354491259771104	0.302624267611805	0.0463187251549977	0.700522217281039	0.0521476750932652	0.8028565662895	0.0552756161000525	0.898740046126659	0.0684144949360552	1.0046959938843	0.0965115006751988	2.00300790665543	0.126353541701557	3.00871779142901	0.157841627197167	4.00674218076519	0.177516910022825	5.00079989509525	0.192045888140499	6.01006301588356	0.219919337927686	7.00885121293118	0.216807645004872	8.01241072741492	0.261316789238321	9.02129946632309	0.291994602056951	10.0070841291563	0.284360807758783	12.0074773503088	0.375294719515188	18.0452204814232	0.378980435957883	20.0325747426348	0.441001138898041	25.0326682405047	0.596505216121327	40.0526027154164	0.618354117862478	50.0309280870941	0.70300819645091	60.036337720396	0.77581766609917	70.0397939710836	0.863258679757755	89.9653572447725	0.964046328866773	100.015801959466	1.0196302730656	120.011561934931	1.13163260942017	149.926015527184	1.25144312374425	175.01848813466	1.30455860810696	199.996917136888	1.46697730826617	250.710348324813	1.64199771298051	300.926098100659	1.76992533389552	351.056021058367	1.92052998396557	401.266369023019	1.99171379587097	451.234653434514	2.14316147302696	501.466210076095	
0.0355962004355539	0.302987366983337	0.04626476426959	0.701255459150739	0.0521381892759608	0.802217795448976	0.0553260843599036	0.898827008367933	0.0683187680223904	1.00472195449984	0.0965561035178473	2.00263188518379	0.126262570624466	3.00893385825606	0.157901460327536	4.0064036450254	0.177561610855159	5.00171771344894	0.192284008822125	6.00945858756134	0.220052983357765	7.00935412709759	0.216801034963254	8.01257277753521	0.261331593486707	9.02104987188494	0.292009096882142	10.0076550298674	0.28439218439475	12.0074866635341	0.375451160427398	18.0451422503306	0.37908270009538	20.0331149097025	0.440806494924176	25.0327893124337	0.596591435075492	40.0521594058919	0.618190582172712	50.0314682541617	0.702999747489581	60.0366990735378	0.775754281742684	70.0392649798863	0.86342722115212	89.9670559770679	0.964170166308873	100.016614072713	1.01945758232065	120.010429446734	1.13156662486052	149.926477463159	1.25131329872162	175.020708407572	1.30459191195202	199.995844253333	1.46692460525705	250.709871487677	1.64208481585585	300.928184263127	1.76992397263369	351.055991256046	1.9206669612662	401.265385546427	1.99186127110371	451.233282527749	2.14320150271487	501.466090866811	
0.0353476702101458	0.303095342189203	0.0462620134337356	0.70147897655803	0.0520724552915651	0.802447715698664	0.0554676955811581	0.899252797387291	0.0684321615811005	1.00310727406279	0.0965568149755371	2.00233851858672	0.126371489670047	3.00886331057438	0.15787260398725	4.00620247935884	0.177493793522531	5.0023174851585	0.192436541075342	6.00981342144542	0.220058051516276	7.00869475074608	0.216765399453168	8.0142249437041	0.26130088919288	9.02113834752533	0.292205133875931	10.0072461792766	0.284450109175309	12.0080417317622	0.375508010924454	18.0450714698183	0.379012468637846	20.0328448261686	0.440905834496325	25.0330165551311	0.596836549858704	40.05209980125	0.618166710171905	50.031445902421	0.702796285302449	60.0363265445257	0.775824792914224	70.0390116601581	0.86345663952812	89.9661842591795	0.964175844690309	100.016673677355	1.01943707609053	120.008581702834	1.1314911472309	149.926373155036	1.25128301095308	175.018905367154	1.30458190602016	199.995859154493	1.46683088855951	250.71025891785	1.64199002575083	300.930210820953	1.76995262171687	351.055991256046	1.92065994336059	401.267352499612	1.99158630269962	451.236292562167	2.14325916026114	501.467044541082	
0.035366796901235	0.302822319168656	0.0461942693845538	0.701345913851502	0.0520926759199736	0.802604003260793	0.055513898281744	0.898794353871711	0.0684568588152012	1.00397223986288	0.0965165315109576	2.00272175780798	0.126446935844251	3.00928217288242	0.157884695630574	4.00579409442927	0.177364677731145	5.00199291925666	0.192356208970439	6.01050539408549	0.219909788931786	7.0088442280122	0.216704943014793	8.01397534926596	0.261538246449017	9.02134696377214	0.29229735138277	10.0082082354505	0.284411970002383	12.0074456853428	0.375408195929592	18.0450509807226	0.379066376874424	20.0326380725669	0.440948713498717	25.033962778822	0.596919118540595	40.0517794262995	0.618197717555934	50.0306002615634	0.702871790126693	60.0361589064702	0.776001936379351	70.0388179450718	0.863303903277424	89.9655956633403	0.964136395664566	100.015533738577	1.01958507413284	120.011077647215	1.13155938913603	149.926075131826	1.25155968360764	175.017042722093	1.30450587976587	199.99669361948	1.46700379090095	250.709275441258	1.64204758021716	300.927647821349	1.76987614965592	351.05673631407	1.92066825398268	401.266100802131	1.99159912801268	451.235368690217	2.1431495661493	501.467044541082	
0.0354473892263943	0.304075617360086	0.0462410668946754	0.701760585208154	0.0520010075296551	0.802971992075609	0.055336572268661	0.898539811782627	0.0684168459493073	1.00392322901472	0.096454245559229	2.00257740281577	0.126341889089516	3.00928333703558	0.157801048381096	4.0055314614757	0.177543452020686	5.00140711738506	0.192495696508464	6.00943064788543	0.22002165095962	7.00890243567035	0.216750115553285	8.0124498429612	0.26161277099804	9.02188713083976	0.292245996410694	10.0078934484352	0.284391947428452	12.0075825897548	0.375249243103604	18.0452372452287	0.379109369125643	20.0324518080608	0.440899183662778	25.0335865245197	0.596748135771404	40.0517570745588	0.618226368874286	50.0305779098227	0.702869527193275	60.0360508730567	0.776010292580951	70.0393841891702	0.863145146532673	89.9660948522166	0.964031166356054	100.015086703763	1.01965915548291	120.011502330289	1.13159032387689	149.925955922542	1.25162853698424	175.01972493098	1.30447955657352	199.996172078863	1.4670042456483	250.709275441258	1.64203688856995	300.929972402385	1.76975201256951	351.056646907107	1.92075777662616	401.266726650871	1.99177082108414	451.232835492934	2.14304274224483	501.466627308588	
0.0353828771517728	0.30345512372422	0.0462674240104537	0.701942891593475	0.0519478446159844	0.802546726925175	0.05537184228411	0.898268855133944	0.0683940460666767	1.00454837926324	0.0965155581740901	2.00336017940255	0.126280047826855	3.00923956487666	0.157786932027938	4.00572331391696	0.177728087268721	5.0013288862925	0.192390594596149	6.00998338780721	0.220042601002782	7.00858578601002	0.216631587557911	8.01311294460283	0.261582544268968	9.0217474324602	0.292175136476312	10.0070869231239	0.284545125294851	12.0083025020707	0.375281274479716	18.045520367278	0.37901451909875	20.0328038479773	0.440908827420752	25.032645888764	0.596640663646042	40.0510008406641	0.618240651320094	50.0309988676064	0.702612081332436	60.0366394688959	0.775926367107584	70.0396300583182	0.863158969388252	89.9665642387719	0.964179177678445	100.015176110726	1.0196512538977	120.008663659216	1.13169168932303	149.926388056196	1.25137279760904	175.021438564436	1.30457330605361	199.99545682316	1.46698740807535	250.709394650542	1.64202522011087	300.928422681694	1.76992806237963	351.056021058367	1.92076778702837	401.266667046229	1.99179143845888	451.235845527353	2.14311778747884	501.466508099305	
0.0352947614136618	0.302402641953403	0.0460565004248124	0.70115103461202	0.052014048726196	0.802163022042658	0.0555598860010648	0.898211986251933	0.0684387892625476	1.00504256228092	0.0966129240263163	2.00286099052627	0.126258160628709	3.00983281732851	0.157844736304087	4.00520968954145	0.177592139463714	5.00111235380419	0.192207795287592	6.00989211819923	0.219912304524288	7.00869940735873	0.216692714103253	8.01348267964739	0.261580498278414	9.02174370717008	0.292226533078509	10.0069854089681	0.28460456910328	12.0073097122534	0.375454979772554	18.0456023236606	0.379014472346356	20.0332713718876	0.440984243024293	25.0333704576926	0.596804052931898	40.0519247126142	0.618090776304811	50.0313564954581	0.702681233477326	60.0363339951059	0.775999591117016	70.0395332007751	0.863348212086983	89.9658862359698	0.964248820333474	100.014513009084	1.01966263239822	120.010839228647	1.13174812269817	149.925941021381	1.25125173620381	175.01787718708	1.30457283789521	199.995590933604	1.46727161622967	250.709484057505	1.64217141454806	300.926217309943	1.77010859111792	351.056080663009	1.92080934785134	401.264878906971	1.99183715161266	451.233461341675	2.14333517459451	501.466329285379	
0.0351309267256913	0.303659054254544	0.0461717426733876	0.701513086245705	0.0520051669559827	0.802304990520883	0.0554804722035065	0.898815832497568	0.0685980154811887	1.00439610802952	0.096703522778104	2.00182070325983	0.126357836027049	3.00897553493929	0.157836714196999	4.00584997378109	0.177567255522717	5.00211445684688	0.19228738231406	6.0098297195897	0.21986860910415	7.00909615075667	0.216750049615645	8.01310921931271	0.261382721271372	9.02136279625515	0.292289283370212	10.0070338377397	0.284611443678344	12.0067760644434	0.375286931626996	18.0457923134568	0.379201419515378	20.0328112985576	0.440935419710033	25.0327501968874	0.596753294212907	40.052468604972	0.618003942657373	50.0311255274705	0.702682352464312	60.0365128090317	0.776028084352093	70.0388179450718	0.86339636836764	89.9663556225251	0.964279772210677	100.014222436455	1.01962815355586	120.010019664821	1.13157125280032	149.925672800493	1.25142553909925	175.016983117451	1.30460189851237	199.996023067258	1.46737666286799	250.709484057505	1.64213530771308	300.928035251522	1.77007855395083	351.056319081576	1.92094342977485	401.265564360353	1.99209298959746	451.235309085575	2.14349202070771	501.466746517872	
0.0350928031378674	0.302907156830408	0.0462540153198453	0.701879328830777	0.051981057150686	0.802386946903556	0.0553065449095595	0.898680150446424	0.0685192305562895	1.0055324379319	0.0966191162242391	2.00232990385332	0.126589357284135	3.0084269859689	0.157845528498712	4.00638269026846	0.177565628749557	5.0024660311021	0.192382798838282	6.01063391659468	0.219927026210927	7.00927543034377	0.216849727947651	8.01222260026378	0.261508645123428	9.02177444081358	0.292106446249958	10.007320685079	0.284514064321941	12.0074102950866	0.37516369323195	18.0458109399074	0.379094691854357	20.0337053681867	0.440863926959421	25.0337243602542	0.596555726605016	40.0522674393054	0.618046888342463	50.0314049242296	0.702579381618871	60.0362185111121	0.776084209887282	70.0391755729234	0.863371359498452	89.9663332707844	0.964260122707107	100.015176110726	1.01967082753631	120.010742371104	1.13151569017686	149.92650726548	1.25169163957781	175.020797814535	1.30460186572982	199.996350892789	1.46723293886289	250.709722476072	1.64215307564237	300.927707425991	1.77005717188459	351.056408488539	1.92111386764466	401.266488232303	1.99210353521329	451.234444818267	2.14341424102912	501.466925331798	
0.0352010661918398	0.302575314971302	0.0461313567895196	0.700646781669477	0.0520122153420334	0.80230696958126	0.0552293109336121	0.897949411506024	0.0682948194901493	1.00546491704845	0.0965996882502954	2.00334201861321	0.126430321360889	3.00944422300271	0.157949695398084	4.00608513272001	0.177528600414546	5.0021302893299	0.192332847130678	6.00992890543919	0.219918445336487	7.00868217789192	0.216976110086084	8.01259885456606	0.261507255921926	9.02202403525172	0.292080979373789	10.0073309296269	0.284392881510072	12.0073367206067	0.375227393810287	18.0454514494107	0.378730854857181	20.0340965236495	0.440893435245884	25.0342272744206	0.596667652195617	40.0516900193366	0.618080547097094	50.0313304184272	0.702586477141485	60.0357491245568	0.776064212179664	70.0390638142198	0.863385441020146	89.9664897329695	0.964135328962609	100.017105811009	1.01977509296088	120.011733298277	1.13162301949264	149.926417858517	1.25170030957983	175.020499791326	1.3046401211318	199.995784648691	1.4671947013423	250.710109906245	1.64222192007827	300.930479041842	1.77001537983169	351.055961453725	1.92116674052702	401.265266337143	1.99188180626013	451.232567272046	2.14333829822133	501.466925331798	
0.0351057394791267	0.303146739551348	0.0460592060915214	0.701379208631963	0.0519621963754764	0.802274547915671	0.05538213722574	0.897637593081321	0.0681915832381448	1.00555094796719	0.0966653758199015	2.0035762462296	0.126418511550329	3.00930801708264	0.157747469163322	4.00699550049346	0.177392632958631	5.00211026589549	0.192161917819403	6.00937197456602	0.21995273480314	7.00912176212626	0.217021315351831	8.01301981234979	0.261458801487076	9.0222624538195	0.292297001688606	10.0071577036362	0.284446521767309	12.0075360236282	0.375334904864933	18.0458183904877	0.378738473858755	20.0329398210667	0.441017228412328	25.0332084075723	0.596873677705534	40.0514404248984	0.618057372491005	50.0311553297915	0.702522889011617	60.037257867056	0.77609967949289	70.0390936165407	0.863422783202136	89.9659607417722	0.964187901455602	100.016614072713	1.01975300852608	120.009751443932	1.13156794588921	149.926909596813	1.25171840384454	175.016908611648	1.30463461498975	199.996276386987	1.46728474727847	250.710050301603	1.64214938103914	300.92827367009	1.77001669340979	351.056468093181	1.92113075290133	401.265892185884	1.99194888237058	451.23483224844	2.14347792950026	501.46668691323	
0.0351649740368348	0.301972720190317	0.0461414817473148	0.701715357857772	0.0519838196804597	0.802046490311044	0.0556745257974387	0.897777349668536	0.0681493961938755	1.00450635333405	0.0966000409567086	2.00208869131795	0.126286659731118	3.00905888830576	0.157581508312476	4.00677617403755	0.177481406667414	5.00113051459353	0.192159638355009	6.00942925090164	0.220096868619278	7.00933270667939	0.216801624603949	8.01349758080787	0.26144513867055	9.02246641345365	0.292319730860569	10.0072396600189	0.284522030968769	12.0073246134138	0.375280846181925	18.0452558716793	0.378869469408348	20.0326566990175	0.440800549494722	25.0331264511897	0.596915409781262	40.0524872314226	0.618138232210518	50.0320084212293	0.702507663916021	60.0371684600931	0.775937837119282	70.0386167794052	0.863423116505022	89.9671751863518	0.964427352013481	100.016353302404	1.01987422998784	120.009438519562	1.13160391116316	149.92650726548	1.25157098821645	175.017683471994	1.30474518267128	199.995635637086	1.46726918752083	250.711033778195	1.64194444197522	300.92675375172	1.77017452650374	351.056110465329	1.92113469661588	401.267382301932	1.99213678243394	451.23393817881	2.14362712835498	501.466269680737	
0.0354282470025932	0.302230230869967	0.0461711018215917	0.70110039394943	0.052038404822659	0.801891890771001	0.0554841532618134	0.898385037619609	0.0682894627555181	1.00446258117513	0.0965624576640349	2.00275505258844	0.1261010885621	3.00940138216631	0.157557082340628	4.00547232249502	0.177570732484592	5.00145088954398	0.192244106064752	6.01058222819425	0.220140308167268	7.00922094797574	0.2166615932463	8.01318931305032	0.261400857521273	9.02189923803265	0.292327251980139	10.0070617774156	0.284391668925165	12.0080938858239	0.375245426366151	18.0447510948679	0.37902200063711	20.0330217774494	0.440661796976848	25.0336722061925	0.596875351408618	40.0528932880458	0.618114232301287	50.0309914170262	0.702608704627438	60.0363004674948	0.776013544357757	70.0386987357879	0.863448419058055	89.9665344364509	0.964497700017303	100.017731659749	1.01980034857526	120.011561934931	1.13166217693875	149.925926120221	1.25154799454887	175.020246471597	1.30474573129595	199.994696863975	1.46718106786244	250.710020499282	1.64195245755431	300.928452484015	1.77021403885941	351.056617104786	1.92120351247765	401.265892185884	1.99217936775249	451.235547504143	2.14375490640044	501.466329285379	
0.0353037739561157	0.303226687769815	0.0460835098884	0.701631073168772	0.0519271006483155	0.80307635840667	0.0552839996126866	0.899033179893096	0.068199388309238	1.00480728692668	0.0963762649099568	2.00249218680424	0.12618912222159	3.00900091347825	0.157653483703552	4.00552307957292	0.17739993843919	5.00181503665336	0.19224117912453	6.01029305254856	0.219903567653315	7.00966612014526	0.216755242609216	8.01347522906714	0.261375644561474	9.02164405565933	0.292358186162213	10.0069481560669	0.284366647576255	12.0081963313023	0.375395729306695	18.0446616879049	0.379006741641371	20.0332713718876	0.440717043750979	25.0337224976091	0.59675076628038	40.0527368258607	0.618170864737893	50.0308275042608	0.702571029142561	60.0356150141124	0.775989658200846	70.0388179450718	0.863353906859696	89.9657819278464	0.964440866898147	100.015354924652	1.01969139560625	120.011971716844	1.13152077137389	149.925717503974	1.2515527372276	175.018294419574	1.30448682210033	199.996276386987	1.46731297141662	250.709752278393	1.64214263433466	300.927528612065	1.7702404201663	351.056557500144	1.92113859685514	401.264759697687	1.99221909766512	451.233878574169	2.14363482925764	501.466567703946	
0.0350284170886519	0.303300145834399	0.0461290134713205	0.701342596014987	0.0518593842535941	0.802666751116277	0.0550959485324628	0.899163681462665	0.0682724136762966	1.0044231163829	0.0964320354657259	2.00185213539523	0.126221403742215	3.0090563271688	0.157662071982006	4.00604229188361	0.177482243938051	5.00185275521584	0.192139606747249	6.00965649359905	0.219926175203282	7.00869055979469	0.216768648342875	8.01356836132018	0.261398386306291	9.0216002835004	0.29225668064516	10.0079167314985	0.284363099376936	12.007298536383	0.375461584598765	18.045492427602	0.379045428880172	20.0329342331316	0.441066406877722	25.0325508938659	0.596687126238012	40.0524909567127	0.618100780374027	50.0313602207482	0.702615289150817	60.0363935997478	0.775973132938188	70.0380877882079	0.86330788871523	89.9666685468953	0.964311198337707	100.016010575713	1.01973620373568	120.009542827685	1.13156621779689	149.926000626023	1.25146947524881	175.018726553228	1.30451996352274	199.996827729925	1.46747215087122	250.709573464467	1.64223445455676	300.927916042238	1.77027096572492	351.055782639799	1.92116890697542	401.266339220698	1.99206728655535	451.233133516144	2.14350341919383	501.466448494663	
0.0349922866475572	0.303080411924887	0.0461167137559809	0.701557964350138	0.051900112966035	0.802378506793125	0.0552258579241901	0.898373454295638	0.0682473903483256	1.00454535246501	0.0965488480958781	2.00242652856584	0.126172788383556	3.00863024711115	0.157801541638638	4.00514635960939	0.177484073172008	5.0017503097375	0.192204381609088	6.00992285184274	0.219998678022703	7.00898439205302	0.216727582648823	8.01267894830367	0.261519779076104	9.02184801529348	0.292375011348577	10.0069528126795	0.284333009496985	12.008064083503	0.375454598599687	18.0448665788616	0.378952189840521	20.0330925579617	0.441266716194506	25.0326198117332	0.596733485508474	40.0527405511509	0.617947559573656	50.0310696481187	0.702647592976617	60.0362259616924	0.776007652013691	70.0385050207016	0.863323352360374	89.9666461951546	0.964384656426338	100.015846662948	1.01994995734288	120.009319310278	1.13163119451416	149.92652216664	1.25144937099789	175.019680227499	1.30475516923164	199.995814451012	1.46732117773058	250.709543662146	1.64223475731226	300.929435960608	1.77024366002217	351.055991256046	1.92127226873478	401.264998116255	1.99222088685221	451.234176597378	2.14353256474761	501.466031262169	
0.0348683611052511	0.303149300688306	0.0460350549355017	0.701874672218125	0.0519276480331612	0.802149983527233	0.0554077741817833	0.898200286512645	0.0682146743715393	1.00428702687815	0.0964638387231033	2.00214270802471	0.126043596596247	3.00906564039411	0.157865650910425	4.00524740810393	0.17733265278116	5.00164553595283	0.192171140069508	6.01037268062491	0.220015736543208	7.00892944402373	0.216847681863964	8.01221980629619	0.26152089517599	9.02205570021776	0.292413131149992	10.0077425741853	0.284458712680887	12.0084086728392	0.375291790293226	18.0449541231795	0.3788353383975	20.0329062934557	0.441121395544531	25.0329085217176	0.596964375215348	40.0516862940465	0.617950495314877	50.0312708137853	0.702521641371149	60.036091851248	0.776052642199219	70.0388030439113	0.863514918714755	89.9654690034762	0.964495482904956	100.017165415651	1.01996569170603	120.011137251857	1.13173616515656	149.927282125825	1.25162000705315	175.018622245104	1.30472833615763	199.995844253333	1.46728200687343	250.710169510887	1.64236169440836	300.928810111867	1.77019631563361	351.056497895502	1.92135455714387	401.265206732501	1.99239623157546	451.236054143599	2.14380486900451	501.466925331798	
0.0349795971067812	0.302646561144876	0.0459761890942248	0.701635264120159	0.0518026272613257	0.801802483808085	0.0552586645943342	0.897724846360886	0.068274472053442	1.00430297577648	0.0965740416608841	2.00287565885612	0.126189075539045	3.0094677388966	0.15782350487054	4.0060665062694	0.177451170671683	5.00108348280575	0.192216213887805	6.00983437620235	0.219922311108075	7.00867798694053	0.216873600693517	8.01223750142427	0.261466308823072	9.02222240695069	0.292390416134133	10.007519056778	0.284609295335437	12.0077958626142	0.375334195363021	18.0460921993116	0.378912919014622	20.0324443574806	0.441052282701454	25.0328209773997	0.597132112540726	40.0523307692375	0.618147110587225	50.0319003878158	0.702401601108728	60.0359614660937	0.776093276522116	70.0394586949727	0.863453814800552	89.9648729570567	0.964508830896615	100.017835967873	1.01983864644555	120.010571007759	1.13185312165277	149.926417858517	1.25173033929634	175.02033587856	1.30459921771198	199.995546230123	1.46747256985579	250.709931092319	1.64231571128162	300.929346553645	1.77025815233279	351.056587302465	1.92132896314217	401.266488232303	1.99236243546821	451.232954702218	2.14384900333952	501.46668691323	
0.0351403431507349	0.302718011045253	0.0459282771314939	0.700996435071977	0.0518513047624846	0.801607138907337	0.0552647588695077	0.898172987120974	0.068262162559215	1.00461613297732	0.096662535120151	2.00242466592078	0.126278052244136	3.00873176126697	0.157937470118702	4.00555614152275	0.177473864499953	5.0015188760887	0.192177633285441	6.00910515066106	0.219938407700414	7.00914737349584	0.216827881448302	8.01240886476986	0.261494405611591	9.02092414334334	0.292218975823622	10.0075246447132	0.284534682497032	12.0081385893054	0.375432932162826	18.0455259552131	0.378983782488029	20.0332154925357	0.441142045943384	25.0333145783408	0.596908826375471	40.0523829232992	0.618133076376719	50.0312708137853	0.702283139050994	60.0359651913839	0.776127638259401	70.0391755729234	0.863385239723502	89.966228962661	0.964603467388706	100.015071802602	1.01988587447409	120.008954231846	1.13170718351555	149.926060230665	1.25156779455417	175.017787780117	1.30453962047689	199.995799549851	1.46747031102019	250.709782080714	1.64212026826791	300.928363077053	1.77032639423792	351.056289279255	1.92135161706327	401.26732269729	1.99254364124309	451.235338887896	2.14382761829304	501.466806122514	
0.0351671200601645	0.303249854417758	0.0458333725290969	0.701894229991263	0.0519499358862797	0.802097654842557	0.0554175053531108	0.898659253897148	0.0682121083595602	1.00493604226651	0.0965524853762022	2.00243351348482	0.126183968273719	3.00824444675294	0.157761744632944	4.00521248350904	0.177459057876694	5.00179221925137	0.192005848021777	6.01028653329085	0.219956863757756	7.00875947766194	0.216879459323706	8.01276835526659	0.261532305303646	9.02164126169174	0.292135988064034	10.0074883231345	0.284509978301295	12.0073432398644	0.375506442964315	18.0448349138956	0.379043359420287	20.0331652011191	0.441183565546598	25.0342123732601	0.596860956328077	40.0513249409047	0.617899385784134	50.0307753501991	0.702428190417777	60.0360955765381	0.776008001707855	70.0395555525158	0.863439089286757	89.9666089422534	0.964622433412097	100.016405456466	1.01983050197141	120.010161225845	1.13173625456353	149.926388056196	1.25167719495091	175.01972493098	1.30455501334151	199.996485003233	1.46730985971073	250.70903702269	1.64214992221323	300.927409402781	1.77040188825882	351.056229674613	1.92142223701329	401.265981592847	1.99258652458487	451.233967981131	2.14384078808486	501.46698493644	
0.0351152558932891	0.303479541836813	0.0459221068662175	0.701308195289021	0.0519805873275498	0.802537704738162	0.0554222701129193	0.89876012776872	0.0682168900286947	1.00486782289116	0.0964776993205297	2.00223467612459	0.126051803608701	3.00885003922832	0.157471313244371	4.00596452645233	0.177461604342541	5.00133866517907	0.192118426769274	6.00999875462896	0.219912268854633	7.00905610388786	0.216860184156516	8.01225240258476	0.261543895493791	9.02169993501115	0.29202617989643	10.0073551440127	0.284510230634416	12.0070936454263	0.375360889538993	18.0451776405868	0.378726937592188	20.0323419120022	0.440984620658134	25.0341415927478	0.596998283322869	40.0513919961269	0.617749712438024	50.0313900230692	0.702494963027661	60.0368480851427	0.77595639905927	70.0394437938122	0.863355549139377	89.9652752883898	0.964535621371343	100.015958421651	1.01969036006577	120.010958437931	1.13162578820989	149.926015527184	1.25191871198844	175.019262995005	1.30454050761985	199.996023067258	1.46736479771359	250.709901289998	1.64242144512541	300.927021972609	1.77036878110909	351.055335604984	1.92144560198171	401.26425305823	1.99252015829356	451.233699760243	2.14383043618413	501.465912052885	
0.0349745638379419	0.302957040793441	0.045872074965918	0.701405111039839	0.0520677425286609	0.801826872816849	0.0553245121855305	0.898632594789716	0.0682016619295828	1.00480845107985	0.0963898689833101	2.00287565885612	0.125983510620529	3.00965889284596	0.157380975393872	4.00666953760782	0.177326408219624	5.00270025871849	0.192222577603332	6.009861850217	0.219940234466365	7.00906960806455	0.216942249010355	8.01242283460781	0.261465689473186	9.02159469556522	0.291885845821108	10.0078003161822	0.284484545139004	12.0070163456563	0.375256085175511	18.0450286289819	0.378669120417221	20.0329845245482	0.441188862196372	25.0335418210382	0.597150127215197	40.0518092286205	0.617764779077816	50.0307902513596	0.702327655117661	60.0364569296799	0.776106414276435	70.0399578838489	0.863289980584064	89.9661246545375	0.964556849955622	100.017403834218	1.01966288510387	120.010585908919	1.13164665890437	149.926492364319	1.25181185977176	175.019128884561	1.30472605646041	199.995903857974	1.46734936014548	250.70966287143	1.64234671754806	300.928512088657	1.77039553073659	351.05614026765	1.92145534416302	401.266875662476	1.99253636528546	451.235338887896	2.14395047756413	501.466031262169	
0.0349099475454125	0.3033787261729	0.0458793156962739	0.701757383786955	0.0520487673637543	0.802858370726903	0.055272643821883	0.898904249930296	0.0680894637932528	1.00356385493331	0.0962520610244353	2.00307077092623	0.125983972981443	3.0095827572291	0.157379052896692	4.00543087864242	0.177141554445477	5.00269001417065	0.192282609329508	6.00981109313909	0.220135183765606	7.00816901917768	0.216868260550977	8.01334298126783	0.261546450527805	9.02116069926606	0.29185372634188	10.0083982252467	0.284540444231839	12.0073646602826	0.375346783057854	18.0452707728398	0.378912178220271	20.0330310906747	0.441244765200763	25.0338510201183	0.596897651537733	40.0527181994101	0.617754761970084	50.0309169112237	0.702318112128791	60.0363898744577	0.77624950533434	70.0392277269851	0.863438299877367	89.9676818258083	0.964475690219272	100.017277174354	1.01972751585228	120.010019664821	1.13186861733541	149.926075131826	1.25150855520888	175.019009675277	1.30486473503127	199.996097573061	1.46742479754197	250.710169510887	1.64219023081478	300.929048530435	1.77055469827027	351.056080663009	1.92150822598607	401.265564360353	1.99252287783698	451.233789167206	2.14399000482097	501.466388890021	
0.0351023602188126	0.302833291312217	0.0458426801465583	0.702041262535747	0.0519486781438693	0.803306395071674	0.0552303861484369	0.898565947021136	0.0678729134825627	1.0044695660941	0.0961356136648173	2.00339114587669	0.126158681460039	3.00872780314621	0.157481388559765	4.00525579000671	0.177171247180378	5.00134844406564	0.1922129966165	6.01017477458721	0.220128460102633	7.00946728278503	0.216729565868236	8.01331038497927	0.261707193192804	9.02126593871199	0.291979337287013	10.0073914655913	0.284548116542898	12.0079485995092	0.375500667539066	18.0457457473303	0.37913283424908	20.0319954600209	0.44094621853501	25.033901311535	0.596885626437407	40.0524611543917	0.61782544649859	50.0312037585631	0.702281718929583	60.0365239849021	0.776332337897753	70.0385422736028	0.863314807528118	89.9656925208835	0.964572110683042	100.014863186356	1.01983507775714	120.009878103796	1.13187682513949	149.925851614418	1.25158301903567	175.020157064634	1.30477745185189	199.995814451012	1.46749525953967	250.710407929455	1.64241495945319	300.928214065448	1.77054102008692	351.05643829086	1.92162754860624	401.263776221095	1.99248016138821	451.233491143996	2.14395310472035	501.467044541082	
0.035229959849058	0.302403311341472	0.0457293001065804	0.701247019040307	0.0518836929631994	0.802869488389609	0.0552758666287367	0.898508496062543	0.0676968390971727	1.00534116756722	0.0961456573618095	2.00299859343013	0.126272322151013	3.00918927346001	0.15757525225784	4.00567209117778	0.177256895530661	5.00206369976897	0.192120627676608	6.01072704884772	0.219865804065321	7.00986169787664	0.216828860830032	8.01398373116873	0.261673969068957	9.02154161018099	0.292110377819487	10.0066585147599	0.284441010409845	12.008079915986	0.375653339397539	18.0447045287413	0.37912504151801	20.0326157208262	0.440816814042356	25.0341900215194	0.597058902314868	40.0522897910462	0.617821626967169	50.0307455478781	0.702201027724158	60.0362594893035	0.77615381454435	70.0388924508742	0.863247948491498	89.9658042795871	0.964531102210029	100.015675299602	1.01992890125991	120.012970094597	1.13180270579146	149.925806910937	1.25174912996915	175.018875564833	1.30489431149054	199.995918759135	1.46746625107658	250.709454255184	1.64244538580253	300.928631297941	1.77041729006415	351.056825721033	1.92161219027622	401.267292894969	1.99265020411531	451.233818969527	2.14402542147025	501.466925331798	
0.0350086161083753	0.303494850450906	0.0457669925531694	0.701762855306821	0.0519312144922236	0.802865181022906	0.0552974531581192	0.8986481944421	0.0678515223708496	1.00464942775778	0.0962580964662176	2.00183350894463	0.126284797411927	3.00949218611302	0.157644559226377	4.00609211763899	0.177202766299968	5.00220665777739	0.19188963809412	6.01050632540802	0.219999997328445	7.00943375517393	0.216789112998172	8.01355811677235	0.261609168875144	9.02152857166556	0.292190395192654	10.0068401226534	0.284388762800004	12.0075965595927	0.375459978268136	18.0456395765618	0.37901450177615	20.032977073968	0.440860054715142	25.0337932781214	0.596915668447377	40.0521743070524	0.617660120131622	50.0314608035815	0.702121803337239	60.0372429658956	0.776040808337253	70.0389073520347	0.86341939792897	89.9657074220439	0.964348263972188	100.015973322812	1.01996554567465	120.012597565585	1.13184945834198	149.926671178245	1.25164220771701	175.019441808931	1.30503482246186	199.995978363777	1.46742986234772	250.709543662146	1.64247182969429	300.927945844559	1.7703718570522	351.056408488539	1.92159073072393	401.268157162278	1.99277386559274	451.234116992736	2.14408090660766	501.466865727156	
0.0349152460782049	0.302689343773615	0.0457810538418798	0.70212164731165	0.0518993657280958	0.803029675864835	0.055318813565291	0.898775378175155	0.0680009771908485	1.00394627924735	0.096187129872117	2.00209358076123	0.126266617180317	3.00939556140049	0.157642049594339	4.00617733365052	0.177241727338875	5.00140525474	0.191858706752579	6.01059154141955	0.220250630873134	7.00875621803308	0.216909034758527	8.01259978588859	0.261553255160544	9.02132647467647	0.292141478187342	10.0071567723137	0.284513176992714	12.0071886403244	0.37534989215604	18.046012105574	0.379154546265447	20.0331540252487	0.440881299745999	25.032800488304	0.596767875185437	40.0521780323425	0.617656992034455	50.0309094606435	0.702012351158961	60.0358236303593	0.776059190587282	70.0392575293061	0.863486143716763	89.9667281515372	0.964442701664739	100.017470889441	1.01999468066665	120.01001221424	1.13202735694383	149.925747306295	1.25162420259733	175.017594065031	1.30499253691858	199.995918759135	1.46749124727978	250.709603266788	1.64243316424843	300.928065053843	1.770466902229	351.056378686218	1.92147474157503	401.263895430379	1.99276740972285	451.235011062365	2.14405365156886	501.466567703946	
0.0349111503921773	0.302718942367784	0.0456794649627266	0.701650107072987	0.0517601889171182	0.803270888400203	0.0553524661324477	0.898762747113337	0.0680546679024863	1.00364103828802	0.0961300332818009	2.00235155710215	0.126213794961906	3.01011081710383	0.157569283778152	4.00623973226005	0.177310370905968	5.00163808537259	0.192079148865324	6.00942133466013	0.220093074047302	7.0086249015563	0.216774102517132	8.01359630099609	0.26147612090887	9.02187222967927	0.292049356085768	10.0075144001654	0.284623003693637	12.0071364862627	0.375434970330271	18.0456079115958	0.379121571494489	20.0332099046006	0.440847821240121	25.0333462433068	0.596754420650474	40.0525729130954	0.617589758716754	50.0302165566809	0.701974792779166	60.0362408628529	0.776112163438387	70.0393096833678	0.863248060381173	89.9669591195248	0.964447404241303	100.018193595724	1.02002482288693	120.008723263858	1.13197995295062	149.926849992171	1.25184141238918	175.019188489203	1.30489657181626	199.996052869579	1.46768998379354	250.709484057505	1.64239136325483	300.927707425991	1.77044051198142	351.056527697823	1.92153102593855	401.264938511613	1.99279280702922	451.235696515748	2.1441114164035	501.466448494663	
0.0347458275525936	0.30294071354533	0.0454888762875039	0.702145454243833	0.051692154708569	0.801491945951861	0.0553418338657816	0.898219786078125	0.0680008444075302	1.00527411234504	0.0961533660177319	2.0032190840392	0.126291394997105	3.00945470038117	0.157640221897065	4.00626441230711	0.177207998595352	5.00217964942401	0.192100486228082	6.00977896251179	0.220026236896763	7.0085177994653	0.216431504683481	8.01305333996088	0.261501400551366	9.02146058512084	0.292078312077571	10.0067190507244	0.284608094913024	12.0061576662833	0.375593455929184	18.0455464443088	0.378975821056607	20.0332490201468	0.440922394031655	25.0334039853037	0.596727324440008	40.052960343268	0.617388475271479	50.0307939766497	0.702086193214427	60.036367522717	0.776201773998712	70.0390563636395	0.863182711617991	89.9656105645008	0.964398779671284	100.015585892639	1.01993020936068	120.008984034167	1.13174399569933	149.926283748073	1.25189223382401	175.020291175079	1.30491886337721	199.995963462616	1.46784963289666	250.709156231974	1.64247494736064	300.92860149562	1.77050327903693	351.056408488539	1.92164996410876	401.26699487176	1.99291799070102	451.234415015946	2.14419600537144	501.466388890021	
0.0345806311982561	0.30417136895774	0.0455348918126252	0.701285028641078	0.0517978714363934	0.801612261181255	0.0553133584888156	0.898756460686257	0.0678384930370297	1.00533977058343	0.0961613310580288	2.00314946768005	0.126292143707698	3.00878880477195	0.157715750470035	4.00585928700639	0.177096907769551	5.00123063176555	0.192055266247438	6.00950515368786	0.22000868893714	7.00891966513716	0.21656906119399	8.01309897476487	0.261554376848365	9.02147828024892	0.292189299768129	10.0064256841273	0.284643690041542	12.0071830523892	0.375531817173887	18.0457513352655	0.379134687324894	20.0316545959748	0.440806868273935	25.0336032883252	0.596605047693731	40.0524574291016	0.617292676075539	50.0315427599641	0.702023220764455	60.0362669398837	0.776246788771157	70.0391085177012	0.863392943606397	89.9664971835497	0.964483416322943	100.015049450862	1.01985024859446	120.012783830091	1.13183951797523	149.926030428344	1.25187424956596	175.018234814932	1.30506391884181	199.996052869579	1.4676922575303	250.709484057505	1.64236614055398	300.92982339078	1.7704723383356	351.056587302465	1.92178975632023	401.26514712786	1.99280576943296	451.233401737033	2.14419097334825	501.46668691323	
0.0345952433991966	0.303568512242294	0.0457636481068574	0.701101267064303	0.051926216508869	0.802822805847774	0.05529679070546	0.898451510765215	0.0678840808347952	1.00420914503155	0.0960902087788084	2.0026926539789	0.126058621582636	3.00888240268625	0.157725259279366	4.00626813759723	0.177246756800933	5.00113284289986	0.192059790531026	6.00973705299793	0.219930938129549	7.00880976907858	0.216666161022653	8.01298628473869	0.261663100674182	9.02108619346363	0.292214308730449	10.0064471045455	0.284533550099	12.0080938858239	0.375422722512882	18.0453043004509	0.379181683826636	20.0323530878726	0.440570409522896	25.033504568137	0.59687655346958	40.0522413622746	0.61744598181253	50.0309839664459	0.701898671026475	60.0357565751371	0.776153268154855	70.0398088722441	0.863444772138541	89.9666238434138	0.964692125986017	100.015243165948	1.01992395789862	120.012381498758	1.13198182558421	149.926313550394	1.25178463006493	175.018577541623	1.30507164656656	199.9960826719	1.46744976692308	250.71058674338	1.64248623259794	300.929435960608	1.77056383792079	351.055633628194	1.92177593806597	401.266905464797	1.9929156931224	451.234653434514	2.14419543737527	501.467521378218	
0.0347560783378911	0.302751014787424	0.0457215905600808	0.701035434202936	0.0520110116337954	0.802975368119782	0.0553449863403173	0.898527355343783	0.0678295158906547	1.00416176399781	0.0962070584523165	2.00289661361305	0.126051095922868	3.00910568726291	0.157497876755784	4.00635661323761	0.177238233939157	5.0022332004695	0.192348391474923	6.00909956272588	0.219870649180807	7.00915901502747	0.21660318568558	8.01291457290385	0.261610041862002	9.02189365009747	0.292139413477203	10.0073402428522	0.284585651546495	12.0077651289707	0.375377304588357	18.0447361937074	0.379182592203753	20.032364263743	0.440661647648005	25.032891757912	0.596944951595338	40.0526548694781	0.617537173557774	50.030834954841	0.701761675844454	60.036918865655	0.776028905184887	70.0397045641207	0.863350543938273	89.9653050907108	0.9646312802548	100.018886499687	1.01993894505877	120.01030278687	1.13204781908455	149.925762207456	1.25162764686105	175.019531215894	1.30486289816047	199.996276386987	1.46756080276301	250.709811883035	1.64254448496248	300.928988925793	1.77055151801904	351.056050860688	1.92171599784224	401.266041197489	1.99331087751201	451.234564027551	2.14443788327901	501.466865727156	
0.034663880927244	0.303861733320218	0.0456843629831561	0.700418374818902	0.0518871608796033	0.802296375787477	0.0551428021664117	0.899017114579447	0.0678493030000455	1.00410576823067	0.0962169325874818	2.00192594270577	0.125971895820186	3.0098463215052	0.157556301545972	4.00645905871596	0.177047095611903	5.0014038577562	0.192327609154226	6.01001272446692	0.219616618721419	7.00969964775636	0.216592961507005	8.01283820445636	0.261512966899653	9.02175767700803	0.292015917440497	10.0076615491252	0.284507893008927	12.0077325326821	0.375408379903635	18.0454849770218	0.379190255853511	20.0330348159648	0.440734832541889	25.0331860558316	0.596725817015838	40.0521184277006	0.617432586509684	50.0307865260695	0.701668916697865	60.0368257334019	0.77604213383629	70.0392947822073	0.863432677989379	89.9647835500938	0.96442818415311	100.019400589724	1.01998896801255	120.01029533629	1.13204824104935	149.926090032986	1.25166806126085	175.020112361153	1.30483428334996	199.995933660295	1.46769043556066	250.709513859825	1.64257221859049	300.929048530435	1.77046731823334	351.056766116391	1.92171101052252	401.265892185884	1.99324275481618	451.233669957922	2.144397440567	501.466567703946	
0.0346423058735016	0.303607278542621	0.0457398789968206	0.702323744300743	0.0518793920777042	0.802677344910061	0.0550278075012126	0.898452965956669	0.0677273889515234	1.00452334997023	0.0961027457398435	2.00237856545553	0.125889002496708	3.00886563888071	0.157634718921504	4.00672448563711	0.177340014606735	5.00078685657982	0.192316031304106	6.00983065091223	0.219673481837897	7.00950267304118	0.216508198809567	8.01236136732081	0.261540037591879	9.02162542920872	0.292189871620563	10.0075283700033	0.284429902441069	12.0077465025201	0.375503629171054	18.0456880053334	0.379058109279435	20.0334594990387	0.440625485547763	25.0329886154552	0.596692376321657	40.052286065756	0.617495976454105	50.0312596379149	0.701570713994096	60.0365984907045	0.776157870762673	70.0392575293061	0.86345225982363	89.9667803055989	0.964490247218979	100.014952593319	1.01998418944006	120.010332589191	1.13200595997642	149.925985724863	1.2518105968576	175.018115605648	1.30485614847576	199.995561131283	1.4678282031467	250.709722476072	1.64250671411017	300.929257146682	1.77049828575676	351.056319081576	1.9217863823539	401.267054476402	1.99280825651826	451.235815725032	2.14431243857496	501.466210076095	
0.034754059591432	0.302474848553337	0.0457467422388535	0.701903426801251	0.051888480144599	0.802746146361992	0.0549493778031185	0.898310764647812	0.0677316628344845	1.00498551877594	0.0961370299445231	2.00287076941284	0.125861059213434	3.00862885012736	0.157499744220533	4.00587185986055	0.177491430713499	5.00093447120089	0.192157816804464	6.00945486227122	0.219751740431661	7.00908218091871	0.216494010744569	8.01327033811046	0.261702189481816	9.02128083987248	0.292308992702525	10.0077556127007	0.284447406302567	12.0077856180664	0.375372720793256	18.0450994094942	0.378969315323119	20.0323679890331	0.440752113872589	25.0331767426063	0.5968256377849	40.0520811747993	0.617453282729608	50.0307343720078	0.701612072533802	60.0368331839822	0.776025086771053	70.0392351775654	0.863364551699217	89.96619916034	0.964561449452243	100.014609866627	1.01985665292438	120.010131423524	1.13189633904249	149.926253945752	1.25177352092327	175.020529593647	1.30482149081946	199.996529706715	1.46777546735503	250.709573464467	1.64241434973376	300.929763786138	1.77051513823087	351.056050860688	1.9217641503976	401.266547836945	1.99281943569538	451.233163318465	2.14444413649311	501.467998215353	
0.034821479688788	0.301299956077433	0.0455798584880792	0.701818152582063	0.0516662950383704	0.803156393936625	0.0551057816428683	0.898603258130009	0.0679183056560186	1.00529518351729	0.096105671539195	2.00267914980221	0.125923808480683	3.00868752344677	0.157435870657759	4.00568745799954	0.177546396609471	5.00151980741123	0.191972243051026	6.00982320033199	0.219766051795036	7.00921396305676	0.216593549285054	8.01378163417964	0.261587126573954	9.02139911783384	0.292110244547224	10.0079912373009	0.284528144726047	12.0075779331421	0.375424866851103	18.0443245491489	0.379116054045596	20.0315409746261	0.440989956609722	25.0330780224181	0.596749915645264	40.0521482300215	0.617369663233544	50.0301942049401	0.701765838606081	60.0362185111121	0.775992074374662	70.0396673112195	0.863477846374751	89.9655733115996	0.964467156562887	100.01621174138	1.0200016002246	120.009028737648	1.13188135771185	149.926000626023	1.25181737038416	175.018592442783	1.30476837031589	199.995680340567	1.46775270614557	250.709811883035	1.64247254547389	300.929882995422	1.77060201583674	351.055842244441	1.92178651646436	401.265713371958	1.99317625739465	451.234713039156	2.14448651144336	501.467163750366	
0.0346877806378117	0.301333250857894	0.0456583620924413	0.701221291255405	0.0516690933134689	0.802458484115421	0.0551014304368494	0.898914319855156	0.0679147736035054	1.0042359205543	0.096008165322106	2.00230825060449	0.126014560519435	3.00838810325326	0.157527947590188	4.0057815215751	0.177544532544049	5.00197056751594	0.192078286448976	6.00895055112102	0.219650080416925	7.00932199647029	0.216644536774706	8.01322377198394	0.261589607009028	9.02160587143558	0.292096931014501	10.0069760957428	0.284579712543167	12.0080380064721	0.375384579614667	18.0447455069327	0.379129199995554	20.0319582071197	0.44087299955472	25.0339478776615	0.5967906274542	40.0520290207376	0.61727821841012	50.0306002615634	0.701682094685319	60.0369225909451	0.776104247082978	70.0388924508742	0.863639730471611	89.9656329162415	0.964377405055622	100.0156007938	1.01997207368422	120.008708362698	1.13193501640927	149.926015527184	1.2517477940393	175.018592442783	1.30482246289904	199.995903857974	1.46767633243229	250.709573464467	1.64250671411017	300.929257146682	1.77061200537732	351.055991256046	1.92203587298535	401.264163651267	1.99298163744891	451.234593829872	2.14441928036083	501.466448494663	
0.0346006997940779	0.301300509050186	0.0457790932070398	0.701264364922435	0.0519074849954136	0.80141778939538	0.0548584820176379	0.897773915416706	0.0679218767862483	1.00368993272086	0.0960783827399519	2.00271873100975	0.126039051567448	3.00904119317768	0.157407002769073	4.00560177632674	0.17722574831728	5.002033897448	0.192047927006436	6.01013798734726	0.219561884296943	7.00907333335468	0.216663664010036	8.01294530654736	0.261680718194869	9.0222624538195	0.292342720188763	10.0069937908709	0.284554023601861	12.0079951656357	0.375341304110417	18.045490564957	0.379111554200492	20.0333384271098	0.44067018502968	25.0339199379856	0.596974616716524	40.0515894365033	0.617357719102984	50.0314011989395	0.701602966783419	60.0369412173957	0.776105396617346	70.0387657910101	0.863582361524738	89.9663407213646	0.964341257987506	100.017821066712	1.01980705864092	120.010399644413	1.13194540854314	149.926686079406	1.25182593011758	175.01939710545	1.30498934623654	199.995993264937	1.46766948738015	250.709811883035	1.6424216912565	300.929108135077	1.77070162636846	351.055633628194	1.92207030861435	401.265415348748	1.99315584442776	451.234206399699	2.14454985841597	501.465792843601	
0.0345760732735553	0.299728407515075	0.0458342263074275	0.702451393695063	0.0517827618335265	0.802641663615615	0.0547349767957623	0.898187073374246	0.0678640410896034	1.00451776203505	0.0960540526390309	2.00272990688012	0.126014237615345	3.00934340733879	0.157352393412487	4.00599851972468	0.177257771078657	5.0024031668313	0.19206954431603	6.00996988363052	0.219486848841816	7.00909475377287	0.216535285799939	8.01206613807868	0.261623843110897	9.02257910347983	0.292305609478269	10.0074818038768	0.284533815004977	12.0077185628442	0.375600961495667	18.0455240925681	0.379196294732453	20.0340369190075	0.44069981196664	25.0332363472483	0.596721745151296	40.0519098114538	0.61727014037711	50.0317998049825	0.70156871866749	60.0360881259579	0.776096349354022	70.0382889538745	0.863414790105746	89.9663109190436	0.964336798430838	100.016941898243	1.01987676401179	120.011383121005	1.13184853990658	149.926760585208	1.25202432513282	175.018145407969	1.30512899241663	199.995605834765	1.46790645843427	250.7093350459	1.64255720596741	300.929108135077	1.77083207031315	351.056319081576	1.92203913843513	401.267888941389	1.99342962915577	451.23393817881	2.14465939292317	501.466388890021	
0.0344167966179778	0.298605494477899	0.0457597546575266	0.701382235430187	0.0516249578958006	0.802707729307614	0.0547598581959914	0.899484114620774	0.067848354506208	1.00449575954027	0.0960636316700854	2.00243654028305	0.126026300387669	3.00922373239364	0.157365746293589	4.00662017751371	0.177473664088066	5.00124925821616	0.19211861228	6.01041738410637	0.219488759799329	7.00817507277412	0.216552369559286	8.01175880164365	0.261470566244906	9.02284918701364	0.292049079258863	10.008008932429	0.284563900973373	12.0069921312705	0.375765240773752	18.0443692526304	0.379319441540657	20.0326604243076	0.440813093976188	25.032737158372	0.596609559776993	40.0528113316632	0.617198352507837	50.0311776815322	0.701483062866625	60.035447376057	0.776245691390855	70.0387136369484	0.863269910605813	89.9667356021175	0.964511072464913	100.015883915849	1.01996018096266	120.00940126666	1.13190227907027	149.925970823702	1.25200496497371	175.020753111054	1.30514257374243	199.996216782345	1.46777182341575	250.709633069109	1.64265224518375	300.929137937398	1.7709662297227	351.056229674613	1.9218869917873	401.265951790526	1.99319409386928	451.233699760243	2.14454841072741	501.466627308588	
0.0343821399628484	0.297290321545857	0.0456548416872813	0.700045554768459	0.0517070339429729	0.802766228004054	0.0547926217167956	0.899267000055879	0.0679352803429412	1.00380483463805	0.0959876534021879	2.00279114133649	0.126029237130061	3.009414886343	0.157475676091922	4.00553704941088	0.177385870421674	5.00152353270135	0.191932871688853	6.01018036252239	0.219702250502895	7.00830685491217	0.216668438857233	8.01294530654736	0.261594854298706	9.02142892015481	0.292082365501926	10.0071120688322	0.28451791263123	12.0075807271097	0.375581664535528	18.0452260693584	0.379085481851145	20.0325821932151	0.440899496531868	25.0327315704368	0.596822858636839	40.0525878142559	0.617038005264941	50.0316656945381	0.701557115531961	60.0361589064702	0.776166033863268	70.0394810467134	0.863362519492236	89.9660575993154	0.96451167201546	100.01898335723	1.01992335475375	120.011591737252	1.13201275585473	149.926239044591	1.25201244358714	175.018726553228	1.3052012599927	199.995978363777	1.46773456095497	250.709364848221	1.64263765154524	300.929555169891	1.77096581371837	351.055842244441	1.92182126203751	401.263865628058	1.99297064304619	451.235398492538	2.14455344275061	501.466329285379	
0.0344511180581017	0.296451607399591	0.0456316325989735	0.70021528829962	0.051762977104829	0.802673852450572	0.0547895515944599	0.898135908842733	0.0677146287146319	1.00479646030227	0.0960911465857188	2.00240953192967	0.126103842424753	3.00914759677678	0.157447792436578	4.00470398140745	0.177218425607253	5.00250142135825	0.191852410883903	6.00988559894152	0.21979949486409	7.00902257627677	0.216692792148086	8.01270223136693	0.261525742945745	9.02132647467647	0.292178482261401	10.0077351236051	0.284549713746565	12.0078927201574	0.375461127057445	18.045520367278	0.379064093638173	20.032733067465	0.440872146498164	25.0333834962081	0.596818585103124	40.0521221529907	0.617012313157139	50.0316545186678	0.701349259856765	60.036520259612	0.77625196621164	70.0396300583182	0.863361314078514	89.9667430526977	0.964647949182702	100.01590626759	1.01997322931001	120.010794525166	1.1320495680385	149.926462561998	1.25200965251815	175.019352401968	1.30522664388803	199.996797927604	1.46774220821345	250.710199313208	1.64256446106342	300.929316751324	1.77094763574521	351.055723035157	1.92191740323547	401.266518034624	1.99334090871864	451.234385213625	2.14461391818796	501.466388890021	
0.03419012412309	0.296141156854855	0.0457190222430782	0.701707499823922	0.0518118488827877	0.802809476294058	0.0549823387905022	0.898392721030485	0.0676680627807796	1.00433976301643	0.0960781466584099	2.00280580966634	0.126122539080553	3.00862745314356	0.157392025024022	4.00531260068106	0.177193244917782	5.00192353572815	0.192041143095625	6.00976499267384	0.219797906927082	7.00898578903682	0.216749209877003	8.01241165873745	0.261476629952329	9.02132926864406	0.292074848014514	10.0072536298568	0.284730260459385	12.007772579551	0.375593006583503	18.045492427602	0.379101754780682	20.033561944517	0.440723177624824	25.0337746516708	0.596858621496555	40.0519358884846	0.616935712815237	50.0314086495198	0.70127490382183	60.0365686883836	0.776339112914433	70.0390042095778	0.863480026234195	89.9665120847102	0.964649978278485	100.013805203961	1.02006204660469	120.00937891492	1.13208730461814	149.926537067801	1.25180543966465	175.019665326338	1.30517989729797	199.995874055654	1.46769215024194	250.71055694106	1.64254451774504	300.928661100262	1.77107081863343	351.056259476934	1.92193321210443	401.267590918179	1.99377666099002	451.233342132391	2.1447999515782	501.465971657527	
0.0341219304109956	0.295957249758934	0.0456624383167378	0.701386309966257	0.0517650201558974	0.802706972608058	0.0550042910560804	0.899422530918453	0.0679627545830605	1.00418458139981	0.0959981761074852	2.00215597937077	0.126044748132958	3.00891895709557	0.157537752271972	4.00550538444485	0.177291304718833	5.00130606889051	0.192159363390749	6.00990515671466	0.219704265852937	7.00861698531479	0.216685764891417	8.01248895850747	0.261613537403762	9.02104428394976	0.292008238517048	10.0071437337983	0.284549915043209	12.0081534904659	0.37557822431433	18.045522229923	0.379036121274352	20.0327870841718	0.440832540637698	25.033811904572	0.596803836361564	40.0518166792007	0.616846321805478	50.0317402003406	0.701583082324627	60.0356969704951	0.776191764341561	70.0391085177012	0.863342874459014	89.966966570105	0.964584153423196	100.017217569712	1.01988095061528	120.010444347894	1.13209010462783	149.925821812098	1.25175242942967	175.017713274315	1.30520539295201	199.995576032444	1.46783450404452	250.710378127134	1.64262638716956	300.928512088657	1.77110400922967	351.056319081576	1.92192667997668	401.264700093045	1.9933735313187	451.235577306464	2.14483621811753	501.467104145724	
0.0341626893390339	0.295366849482331	0.0455885415809938	0.701389220349165	0.0516677652998612	0.802096199651103	0.0547705437168472	0.899494533791583	0.0681107197700584	1.00473534226121	0.0959224607665036	2.00215504804824	0.126103178231684	3.00896831718968	0.157715984502667	4.00579269744547	0.17723210476849	5.00213401462002	0.192043361465258	6.01031866391815	0.219556235112471	7.00872175909946	0.216541365098281	8.01266404714318	0.261716670430299	9.02199050764063	0.291909751070132	10.0074901857796	0.28446010523515	12.00812555079	0.375379241614169	18.045829566358	0.37912544709153	20.0331074591222	0.440843998169674	25.0329234228781	0.596832863451113	40.0525840889658	0.616820001220828	50.0311925826927	0.701486656514486	60.0358906855814	0.776147422749447	70.0391457706025	0.863221315969081	89.9661023027968	0.964676499304121	100.019169621736	1.01985750294541	120.012999896918	1.13230477518031	149.925523788888	1.25169423097124	175.0221687213	1.30508028080578	199.996142276542	1.46785001611844	250.709871487677	1.64272087627112	300.929495565249	1.77094436608701	351.056587302465	1.9220041688207	401.262882151466	1.99316413716846	451.233133516144	2.14478846368511	501.467163750366	
0.0340587501742275	0.293387061509547	0.0455917380255974	0.701257088965167	0.0516170147648677	0.802558252041488	0.0546787658815749	0.898683235452306	0.0679756890034673	1.00444337264794	0.0959985778160158	2.00268636755182	0.126098290135661	3.01010080538662	0.157653875074402	4.00615684455485	0.177200729343242	5.00211259420182	0.19198026581004	6.00917639683464	0.219518683019103	7.00907612732227	0.216517010782973	8.01291736687145	0.261631441902771	9.02162449788619	0.291845219041924	10.0070692279958	0.284438478472631	12.0083881837435	0.375444574413903	18.0450640192381	0.379243917531167	20.0330199148044	0.440847200400119	25.0327334330819	0.596921115357318	40.0522748898857	0.61683161478717	50.031017494057	0.701389712627057	60.0367176999884	0.776205874175461	70.0389818578371	0.863312562848622	89.965401948254	0.964528211303257	100.017299526095	1.01994886381883	120.011159603598	1.1323256652463	149.925806910937	1.25179585569758	175.02000805303	1.30498303639802	199.995427020839	1.46774679442999	250.709811883035	1.64265037851063	300.929614774533	1.77093799962409	351.056587302465	1.92223300087801	401.266488232303	1.9936184446743	451.232984504539	2.14482170792552	501.46668691323	
0.0338692844353839	0.291747992063736	0.0454912245242505	0.701400454427187	0.0516118372836387	0.802037118878082	0.0548840728673925	0.898797671708226	0.0678258431851477	1.00450903088633	0.0959533425849654	2.00256506279224	0.125870020143155	3.00996902324858	0.157606423732176	4.00545928397959	0.177216740774864	5.00115985125324	0.191838044246533	6.01030655672525	0.219805399035953	7.00909801340173	0.216581794399244	8.01309618079728	0.261663557097915	9.02106942965808	0.292009409937496	10.0067982131395	0.284512668508049	12.0077260134244	0.375568739998783	18.0448684415067	0.379165737494463	20.0326548363725	0.440926259570412	25.0334021226587	0.59703133608336	40.0528299581138	0.616967316266088	50.0314235506802	0.701336320791387	60.036307918075	0.776108355455366	70.0387359886891	0.863325266717215	89.9656925208835	0.964639397644923	100.015019648541	1.01997796155793	120.008946781266	1.13224966134374	149.926417858517	1.25182982141614	175.016863908167	1.30501613162682	199.996440299752	1.46762175082911	250.709692673751	1.64260454737574	300.928631297941	1.77104478478554	351.057391965131	1.92225523581455	401.266965069439	1.99366190968523	451.234891853082	2.14497274365104	501.466090866811	
0.0339768824057105	0.291245776389229	0.0454529739185774	0.701918735415344	0.0515773137436082	0.801664531658272	0.0549506871786327	0.898859430033522	0.068066853880055	1.00456304759309	0.0957689346640394	2.00264375954606	0.125956765603078	3.00880812971446	0.157491280218344	4.006383621591	0.177148709386473	5.00162644384096	0.191792376969119	6.00995824209889	0.219818446646979	7.0082248985295	0.21659431624957	8.01293319935446	0.261632774572991	9.02194021622399	0.292037094019144	10.0073532813676	0.284377143738859	12.0078265962577	0.375624448039523	18.0448535403462	0.379076834945933	20.0326492484373	0.440917664260472	25.032953225199	0.597074782336873	40.0526511441879	0.617049910279953	50.0308498560015	0.701208722435889	60.0367251505687	0.776204803617249	70.0383187561955	0.863287329716956	89.9676222211664	0.964792936716055	100.014401250381	1.01985761233798	120.009632234648	1.1321882868425	149.926253945752	1.25193245871713	175.018219913771	1.30515213386764	199.996112474221	1.46786637510218	250.709990696961	1.64266817922247	300.928959123472	1.77102356961231	351.05581244212	1.92214469942545	401.267292894969	1.99333633442303	451.234653434514	2.14502858816837	501.46698493644	
0.0339594683237095	0.290308865923666	0.0454659404870758	0.701856045767517	0.0515858916261744	0.802287702846413	0.0547849529796879	0.898647321327228	0.0682482212394032	1.00533138868066	0.0957778502005174	2.00216412844291	0.12604792109659	3.00902163540455	0.157493767917735	4.00651773203537	0.176899893713605	5.00231515685218	0.191889695137628	6.00993589035816	0.219656925375932	7.00908450922504	0.216649533221378	8.01328151398083	0.261527273373583	9.02193835357893	0.29194053620276	10.0065933221828	0.284283249679667	12.0077139062315	0.375531919805636	18.044725017837	0.379083154656468	20.0331167723475	0.440764574162492	25.0336293653561	0.596964283945735	40.0525989901262	0.616815048918847	50.0306933938164	0.701103651583182	60.0369672944266	0.776343014029713	70.0386465817262	0.863376002339405	89.9653795965132	0.964780598932904	100.0149972968	1.01978490281151	120.011405472746	1.13212913094371	149.926641375924	1.2518848952815	175.020917023819	1.30516816029355	199.995009788345	1.4680678251989	250.710020499282	1.64274683263298	300.929137937398	1.77114541210033	351.056110465329	1.92221888880894	401.266637243908	1.99369380160452	451.234295806662	2.14498317303782	501.466388890021	
0.0340426371498711	0.288534521880318	0.0456362598198981	0.701691550925589	0.0516267779387674	0.802697193721489	0.0545323460468598	0.898595109057868	0.0679599251668629	1.00519390219211	0.0958967573896978	2.00225656220405	0.125916899097436	3.00956925305241	0.157473831258312	4.00579549141306	0.176829908675293	5.0018546178609	0.191742331570462	6.01019014140896	0.219618673000746	7.00962048534127	0.216572426723117	8.01354973486957	0.261449960735802	9.02199423293075	0.29189798742989	10.0068922767151	0.284460686269845	12.0068626774388	0.375501863825827	18.0451515635559	0.379117072263479	20.0327274795298	0.440634482892197	25.033964641467	0.597024197588941	40.0514553260589	0.616600408541215	50.0306896685263	0.701006562650994	60.0369710197167	0.776281821453599	70.0389371543556	0.863653058346702	89.9665046341299	0.964575610081057	100.016248994281	1.01991675482572	120.00937891492	1.13193906294184	149.926477463159	1.25198387497024	175.017921890561	1.30508989606529	199.995486625481	1.46791415933694	250.709633069109	1.64285139770185	300.929406158287	1.77109808559316	351.05643829086	1.92222717856941	401.265594162674	1.99418071978949	451.23545809718	2.14507457129511	501.466448494663	
0.0340324286902748	0.288300963651996	0.045549332906323	0.702393244244572	0.051508715173946	0.803255463370794	0.0544993835518977	0.898528228458655	0.067740548731621	1.00480228106808	0.0961160195371089	2.00151732494556	0.125943367971925	3.00863397240128	0.157492493082648	4.00562366240621	0.176888891449942	5.00092469231432	0.19166669311016	6.0094204033376	0.219648064973751	7.0090127973902	0.216760777715406	8.01269384946415	0.261462512481583	9.02153229695568	0.292042767650834	10.0074603834586	0.284476111265101	12.0072268245481	0.375588262656217	18.045183228522	0.379145958406088	20.0326306219867	0.440824848675734	25.0334244743994	0.597036629007844	40.0521966587931	0.616846871175205	50.0307939766497	0.701128250035973	60.0365463366428	0.776181990253725	70.0390787153803	0.863585156319018	89.965677619723	0.964584663304845	100.016666226774	1.01996472335174	120.011725847696	1.13207368454932	149.926313550394	1.25211678338655	175.016699995402	1.30520445961545	199.995814451012	1.46782957930969	250.709603266788	1.64270090017019	300.929167739719	1.77113047398306	351.055425011947	1.92215572363049	401.266190209094	1.99364118502213	451.232954702218	2.14523834590695	501.465792843601	
0.0339013149733108	0.287492022722874	0.0453799961886697	0.701826534484836	0.051443315828306	0.802412732896116	0.0547633750359351	0.898421766651901	0.0677808293789499	1.00444721435338	0.0960747479043495	2.00268729887435	0.125848572613668	3.00843932599243	0.157477404743039	4.00644043226535	0.177004344937029	5.00144809557639	0.191785958910919	6.01047419478072	0.219618971341203	7.00891081757313	0.216919719458655	8.01261841233919	0.261570978479476	9.02144475263783	0.292148749674627	10.0072014757951	0.284458614667918	12.0071150658445	0.375597591682456	18.0451161732998	0.379248953652182	20.0326809134033	0.440911927578241	25.0334766284611	0.596937495202688	40.0521854829227	0.61687599623989	50.0305816351128	0.701084841407893	60.0363488962664	0.776185360625729	70.0394810467134	0.863350221942221	89.9662513144017	0.964547216814726	100.018238299206	1.02000562528145	120.011979167425	1.13211825127993	149.926298649233	1.25197380496338	175.018577541623	1.30520844207302	199.996917136888	1.46779135371003	250.709871487677	1.64253926939307	300.926574937794	1.77122635116853	351.056170069971	1.92223945674791	401.265594162674	1.99335357309916	451.235070667007	2.14522599620287	501.466508099305	
0.0338750983912006	0.285904379743037	0.0453735627025316	0.700223029918154	0.0513539783404919	0.802209064300254	0.0549480140674691	0.898305700581553	0.0678690828800444	1.00412206637496	0.0958660007555412	2.00286844110651	0.125822852589471	3.00870731405054	0.157290198125012	4.00494752224915	0.177000947742935	5.00131398513202	0.191899395930377	6.01069864351054	0.219359487825146	7.00941233475574	0.216816443753497	8.01309897476487	0.261506863200659	9.02140377444649	0.292076891211102	10.0072852948229	0.284558596779885	12.0077381206173	0.375648975153004	18.0451459756207	0.379098633761566	20.0329398210667	0.440825270826795	25.033750437285	0.59688361583711	40.0521035265401	0.616713614182311	50.0309541641249	0.701142421337164	60.0358050039086	0.776420549198293	70.0386391311459	0.863437300099671	89.9663109190436	0.964464871650256	100.016323500083	1.02000501828032	120.008954231846	1.13219145219257	149.926432759677	1.25181277075658	175.0191139834	1.30530491109653	199.996291288147	1.46779316673897	250.709931092319	1.6426881207888	300.925084821746	1.77120358697884	351.05643829086	1.92231227592888	401.264998116255	1.9938833835666	451.234772643798	2.14524151125702	501.465971657527	
0.0337964975072862	0.28520029991007	0.045374608886288	0.698856139481847	0.0512362063171202	0.799859919632686	0.0547704549647174	0.89810831841277	0.0678137316930104	1.00511590393019	0.0959264849007636	2.00284096709186	0.125988321859156	3.00929497856721	0.157202144861182	4.00554403432986	0.176879689540502	5.00199431624046	0.191944454707814	6.01031074767664	0.219256316148722	7.00885260991498	0.21670338967642	8.01359257570597	0.261494785853136	9.02166920136765	0.291855362195435	10.0079558470448	0.284568635308037	12.0073972565712	0.375594898029809	18.0447678586734	0.378955579211506	20.0333048994987	0.440767546039029	25.0334691778809	0.596948040445991	40.0513249409047	0.616699049228529	50.0310845492792	0.700979056024131	60.0369151403649	0.776394742724076	70.0397716193429	0.863488303328674	89.9655956633403	0.964438655746265	100.014729075911	1.0199098613448	120.010101621203	1.13229745004884	149.926015527184	1.25205554921815	175.019680227499	1.30536767815204	199.996172078863	1.4678436764776	250.709603266788	1.64292442847932	300.926694147078	1.77114315624496	351.055931651404	1.9222817154691	401.265921988205	1.99389537091053	451.233133516144	2.14528419790347	501.466567703946	
0.0337211018893462	0.284275874987181	0.0452488658388716	0.696636448646003	0.0512930988022755	0.797095521531886	0.0544282547737945	0.895862666961391	0.0676204802617675	1.00495397022522	0.0957376957386655	2.00353107708688	0.125946666771789	3.009752025099	0.15726735849819	4.00597011438751	0.177024324670122	5.0017395995284	0.192026188773337	6.00924158941176	0.219530810285517	7.00831151152483	0.216535323370071	8.01396417339559	0.261592034265583	9.02234441020217	0.291793582400065	10.0072974020158	0.284666227416352	12.0069092435653	0.375591471592185	18.0449261835036	0.379000886922737	20.032701402499	0.440904868563472	25.0335809365845	0.596969401278079	40.0514478754787	0.616739756194588	50.0310137687669	0.700849743732413	60.0362818410442	0.776250593773946	70.0397120147009	0.863448690390156	89.9660948522166	0.964496299881495	100.015816860627	1.01986188698928	120.010086720043	1.13231201835539	149.925851614418	1.25210810172554	175.021662081843	1.30516714649072	199.996052869579	1.46797835321938	250.708888011085	1.6429456853758	300.927856437596	1.7710721560534	351.056527697823	1.92226535350512	401.265832581242	1.99374659104037	451.233908376489	2.14533012142556	501.466627308588	
0.0337386751489297	0.283621009729178	0.0450749426572983	0.69418590623794	0.0511957555026108	0.795095448190237	0.0546020867235973	0.892404317160141	0.0675288788568259	1.00465210531006	0.0957032715183683	2.00216529259607	0.125886889031831	3.00953665676385	0.157499115510856	4.00533774638938	0.177181033049445	5.00126043408652	0.192082292934673	6.00981295578415	0.219702461624992	7.00846937069372	0.21642807181973	8.01327592604564	0.261621639875257	9.02187409232433	0.291844128087748	10.0066100859884	0.284556087566942	12.0078191456775	0.375520528956357	18.0449466725992	0.379005704424508	20.0322748567801	0.440783152866286	25.0342887417076	0.596916120587026	40.0522003840832	0.61674838372829	50.031140428631	0.700818192808157	60.0357416739766	0.776311619326087	70.0388179450718	0.863593979933957	89.9661172039573	0.964629691488336	100.016584270392	1.01990759505862	120.010027115401	1.13218421199772	149.926075131826	1.25200250173027	175.018100704487	1.30531676731024	199.995963462616	1.46814242164603	250.709841685356	1.64286468968319	300.928363077053	1.77099846016028	351.056795918712	1.92236994837632	401.265802778921	1.99394696772961	451.235577306464	2.14532426931463	501.466031262169	
0.0337356320320381	0.28221986408605	0.0450425469303332	0.692998819257655	0.0509797874926347	0.792451889187753	0.0547928114417667	0.890548540603043	0.0676455222976806	1.00464465472982	0.095858565131385	2.00219136962692	0.125855769967674	3.00922536220807	0.157429265226189	4.00580340765457	0.177099815245131	5.00171445382008	0.19215006300268	6.00968583025876	0.219579613203811	7.00913573196421	0.216432836701775	8.01337557755639	0.261653540642109	9.0211895702645	0.291925917418533	10.0072620117596	0.284420812430038	12.007697142426	0.37551735056777	18.0448982438277	0.378997472778571	20.0327367927551	0.44084006017402	25.0336498544518	0.596908646685511	40.0519060861636	0.616755450566169	50.0309578894151	0.700707832011198	60.0365873148342	0.776352760550401	70.0389520555161	0.863763563443362	89.9664897329695	0.964686214401405	100.017515592922	1.01981689307846	120.009825949734	1.13206964546733	149.925777108616	1.25190326696975	175.01909908224	1.30538907213921	199.995963462616	1.46806510863572	250.709901289998	1.64289284229577	300.928780309546	1.77092168534383	351.056021058367	1.92237989619365	401.266369023019	1.99426911362925	451.233729562564	2.14514681055897	501.467104145724	
0.0335210587503785	0.281545179120448	0.0449327670312836	0.690309217997575	0.0508882563006878	0.789174157749738	0.0546348882889343	0.887259284048715	0.0676936161535338	1.00346455266851	0.095855719510174	2.00336274053951	0.125824415171221	3.00899765384939	0.157131778874099	4.00661924619118	0.176941936190418	5.00253168934049	0.192058704466294	6.00922901655761	0.219422306382795	7.00877810411255	0.216404663134443	8.01316789263212	0.261804265733715	9.02142612618722	0.291965438435511	10.0076820382208	0.284721776815023	12.0062070263774	0.375543003560025	18.0453005751608	0.378940800481358	20.0332993115635	0.440887839193364	25.0333443806618	0.596908835316167	40.0522935163363	0.616536779302189	50.0303357659648	0.700720752450124	60.0369859208772	0.776285897043432	70.0391085177012	0.863716964505766	89.9663630731053	0.964490544014019	100.01653211633	1.01984458734936	120.012552862103	1.13208773105328	149.92682018985	1.25170307978719	175.020082558832	1.3052908496914	199.995933660295	1.46803280667256	250.710050301603	1.64286873472564	300.928839914188	1.77101540204136	351.055633628194	1.92236123367082	401.266547836945	1.99395760573264	451.233789167206	2.14519272216014	501.46728295965	
0.0333172272996667	0.280317812440724	0.044880980510521	0.687488707714319	0.0508100724717568	0.786573264960678	0.0543553357317746	0.883814904085421	0.0675913541086042	1.00062972330135	0.0956026811770874	2.00307705735332	0.125826936374942	3.00879672101346	0.157042526026046	4.00556918003818	0.1769745622451	5.00141549928783	0.192012715239394	6.00982645996084	0.219509199355482	7.00841581964823	0.216299207011049	8.01271526988235	0.261820390545128	9.02161332201582	0.291889743117965	10.0074808725543	0.284719835915488	12.0074261275696	0.375532292224071	18.0455483069539	0.37897766705437	20.032978936613	0.440791681548829	25.0331301764798	0.596785603999173	40.0522413622746	0.616477214477124	50.0302649854524	0.700682801162797	60.0367847552106	0.776243811306685	70.0393245845283	0.863957414710375	89.9652007825874	0.964481776278436	100.015533738577	1.01994553753622	120.012590115005	1.13213324900186	149.926388056196	1.25185339228252	175.017623867352	1.30536449492057	199.996172078863	1.4679527979607	250.709782080714	1.64282244288294	300.927916042238	1.77106987635618	351.056587302465	1.92241082199382	401.266339220698	1.99369572490205	451.233252725428	2.14536744051075	501.466329285379	
0.0333185044456013	0.278915036983168	0.0449218970125208	0.685322567923971	0.0507334509801042	0.784265156692105	0.0540481657145436	0.881422976789114	0.0674184330650495	0.99725274780619	0.0958324709425222	2.00165353086563	0.125695059386738	3.00879928215042	0.157362234043322	4.0053628920977	0.176902920258777	5.00160828305162	0.192154604515735	6.0097454349007	0.219467556445158	7.00875109575916	0.216174352413354	8.01297976548098	0.261771515635597	9.02150901389242	0.291975283769526	10.0069993788061	0.284415772118072	12.0080780533409	0.375454771956652	18.0454067459292	0.379189399071665	20.0325076874127	0.440640905979539	25.0333983973685	0.596799927423175	40.0522525381449	0.616682701420656	50.0308535812917	0.700635115275711	60.0361589064702	0.776264757997085	70.0390414624791	0.864068916604499	89.9665865905126	0.964588866299608	100.015563540898	1.01999388442078	120.008879726043	1.13215963477909	149.926283748073	1.25198157292127	175.018205012611	1.30524402263507	199.995814451012	1.46779923342663	250.708381371629	1.64288395298475	300.926723949399	1.77105941716708	351.056587302465	1.92241175533038	401.266100802131	1.99385431847909	451.234385213625	2.14523914215283	501.466925331798	
0.0333683581315053	0.278326528455455	0.0449041589816044	0.683077673172148	0.0506325010406281	0.781951693318983	0.0538893152612836	0.878311777461063	0.0674698638788011	0.994535381493174	0.0960590465711323	2.00281279458532	0.125801653682364	3.00923886638476	0.157420133026244	4.00617593666672	0.17702232748087	5.00124786123236	0.192146848944437	6.00999409801631	0.219506844221128	7.00922979553978	0.216329851979627	8.01322004669382	0.261811928917812	9.02210133502174	0.29208486195575	10.0071586349587	0.284300730444365	12.0079839897653	0.375319959297077	18.0452074429077	0.379289491917888	20.0320233996969	0.440547431556837	25.0336368159363	0.597001741611726	40.0509151589913	0.616763758711522	50.0320046959392	0.700494746741453	60.0369486679759	0.776309835354408	70.0384677678003	0.864058661692278	89.9668175585001	0.9646264508874	100.01715796507	1.02009917258888	120.008738165019	1.13204405593598	149.927013904936	1.25179828589654	175.018443431178	1.30517852113499	199.995993264937	1.46800784027169	250.709603266788	1.64303350525893	300.927319995818	1.77119172182443	351.056855523354	1.92235075958057	401.26669684855	1.99394214134244	451.233818969527	2.14524190043927	501.466627308588	
0.0332966558507786	0.276848519599742	0.0447847809244624	0.680872708873816	0.0504097327460258	0.779098877785455	0.0540888533120111	0.874724672319988	0.067394411508394	0.991904744590799	0.0959121626409148	2.00281814968987	0.125874221671084	3.00888100570246	0.157281001011883	4.00596918306498	0.17700825699535	5.00098103732741	0.191971340960336	6.00974916019082	0.219517073102882	7.00925913219949	0.216437694809211	8.01254297521423	0.261717086341499	9.0223788691358	0.291980497065929	10.0071623602489	0.284267544597876	12.0078768876744	0.375302418182676	18.0455408563736	0.379132920620516	20.0334054823319	0.440549259673207	25.0335455463283	0.596982915921181	40.0527256499904	0.61653501669563	50.0320456741305	0.700556151045023	60.0368145575316	0.776422096110541	70.0390861659605	0.863938443602543	89.9661917097597	0.964778226979443	100.018253200366	1.01995830920509	120.012202684832	1.13206677638844	149.918088109805	1.25161569826014	175.020782913375	1.30524719096537	199.995963462616	1.46798806261813	250.711838440861	1.64294520380636	300.928124658485	1.77126529552803	351.057809197625	1.92252450287137	401.26639882534	1.99376062562341	451.23453422523	2.14538694100271	501.466865727156	
0.0332726323383405	0.27606754745036	0.0447661709893503	0.678251909065668	0.05050084429858	0.775204319794038	0.0541016332551094	0.871980763314856	0.0672157786954885	0.988802043580838	0.0958271200664897	2.00286634563082	0.125794618625868	3.00910359178722	0.157379884346564	4.00621132692288	0.176868780540063	5.00194495614635	0.191845587345316	6.00990888200478	0.219497810508547	7.00861745097606	0.216397670057312	8.01261282440401	0.261576857412497	9.02177257816852	0.291970517397365	10.0069146284558	0.284354232828026	12.0072882918352	0.375255467819235	18.04665471812	0.378946629309225	20.0341281886155	0.440637495188134	25.0334002600136	0.596873282693792	40.0531168054531	0.616458735369547	50.0308833836126	0.700525310554001	60.0359912684147	0.776413150306079	70.039868476886	0.863969885244827	89.9655509598588	0.964726927569493	100.015109055504	1.01990958628741	120.010578458339	1.13178288469771	149.769314923512	1.25181712302488	175.021066035424	1.30516031037928	199.996201881184	1.46796593567429	250.696639257166	1.64291887316343	300.92767762367	1.77123746075259	351.036023700994	1.92256093034325	401.265921988205	1.99393293612681	451.234921655402	2.14549559581752	501.467163750366	
0.0331023907622231	0.275454475290908	0.0447942878595125	0.676752829037705	0.0505893013169432	0.772843999256106	0.0538897296474537	0.869620442776924	0.067099275928003	0.985129023936335	0.0957129858152947	2.00279300398155	0.125600165960213	3.00958531836606	0.157318508820862	4.00605765870536	0.176835553342851	5.00225136125885	0.191924492111057	6.00984788037904	0.219469823336697	7.00881954796515	0.216445215835649	8.01236602393346	0.261632582217044	9.02159003895257	0.292067658856147	10.0063856372585	0.2845017690071	12.0075816584322	0.375320326313842	18.0460847487314	0.378908926629729	20.033714681412	0.440638625909785	25.0334617273006	0.596881022339474	40.0530273984902	0.616213774571791	50.0316768704085	0.700412722213882	60.0363749732972	0.776248739021751	70.0400696425526	0.86403317423388	89.9670336253272	0.964585841896478	100.016248994281	1.01994361025146	120.009125595192	1.13120056554786	149.389752563611	1.25199983434092	175.017489756907	1.30517760716993	199.996037968419	1.46778566995342	250.448385923467	1.64306303403449	300.927618019028	1.77078889727228	350.687694173472	1.92263851455469	401.263150372354	1.99420004146751	451.237782678216	2.14552658420257	501.466508099305	
0.0328303350636775	0.274348558889911	0.0445564352358103	0.674676678286856	0.0505068106071279	0.77011091687539	0.0536238035852385	0.866335318966325	0.067012458820274	0.982458922241735	0.0957794011174521	2.00257111638869	0.125585180461901	3.00937367532103	0.157228037194607	4.00582669071783	0.176940257271927	5.0011309802548	0.19203722940749	6.01024834906711	0.219397746347061	7.0088148913525	0.216480922164084	8.01227941093814	0.261695372369354	9.02123986168114	0.291907710108719	10.0074361690728	0.284605597286314	12.0083965656463	0.37531452114157	18.0450193157566	0.378931886528129	20.0337631101836	0.440509067431675	25.0330165551311	0.596681651015865	40.0526734959287	0.615918991985934	50.030466151119	0.700474330421799	60.0364755561305	0.776318858775874	70.0391830235037	0.86403332473561	89.9655286081181	0.964607410358202	100.016569369231	1.01992060093766	120.01184505698	1.1305464559386	148.932286936688	1.25182024787989	175.017102326735	1.30519716577642	199.995993264937	1.46699906069716	249.815250515574	1.64304210075513	300.927767030633	1.76983437769777	349.800985717587	1.92272683686889	401.262137093441	1.99387813241487	451.209977112749	2.14547524543551	501.466031262169	
0.0329559410349661	0.273391537678458	0.0446440962003811	0.671181948699263	0.0504264786215538	0.768527959612034	0.0538044291025032	0.863153397333624	0.0668445498812527	0.978983110143041	0.0958759858112268	2.00078856506554	0.125780479292325	3.00952524806285	0.157213452776184	4.00615172228093	0.177144945082482	5.0006159588955	0.192015661970221	6.00991772956882	0.219442256034168	7.00937042524187	0.216580857989317	8.01336533300856	0.261727375619524	9.02180424313455	0.291790167976502	10.0073355862395	0.284533099263203	12.0080547702777	0.375288595513361	18.0450696071733	0.378934593405557	20.0339791770107	0.440524077819582	25.0329793022299	0.596674614725366	40.0525505613547	0.616153890227415	50.0302538095821	0.700460052446339	60.0360098948653	0.776390459877135	70.0393990903307	0.864049016499487	89.9654988057971	0.964747479248152	100.016502314009	1.01982369640735	120.01000476366	1.12972956212086	148.456477981207	1.25180329854822	175.018339123055	1.30530172041448	199.99636579395	1.46576970496041	249.05301145323	1.64295022688886	300.927916042238	1.76861044647883	348.734390452314	1.9225618905019	401.265415348748	1.99325453014507	450.76121376355	2.14550934552644	501.466090866811	
0.0330090578277985	0.272004274561799	0.0443269110894031	0.668896541417368	0.0501508831492483	0.76643999270658	0.0539209940677939	0.859383229107671	0.0669395600286948	0.974756128215937	0.0958709057579875	1.99474567882717	0.125796436055311	3.0091191914396	0.157357158946457	4.00609165197772	0.177122064104937	5.00205205823734	0.191941050435668	6.01024741774458	0.219538939672234	7.00887216768811	0.216653595679562	8.0135841938032	0.261731278318052	9.02143078279987	0.291912498832622	10.0072974020158	0.284485578723709	12.0080491823425	0.375257485180354	18.0446710011302	0.378919959775469	20.0325225885731	0.440653167394237	25.033566035424	0.596877544548142	40.051425523738	0.616352160445431	50.030250084292	0.70029746722947	60.0361402800196	0.776454780550416	70.0396598606392	0.864096205170911	89.9665493376114	0.964867083017143	100.016450159947	1.01979949780918	120.008700912118	1.12902840159446	147.969299440275	1.2520777021983	175.020976628461	1.30532277886359	199.994965084864	1.46457647236846	248.261506511691	1.64307436099503	300.928035251522	1.76730547399654	347.627830274618	1.92241761042155	401.266667046229	1.9923582780694	449.619248428539	2.14549471612514	501.466865727156	
0.0328495618632163	0.270800714814257	0.0441827290220263	0.666894372600025	0.0502003241952257	0.763156673333384	0.0537686700932321	0.856945608799717	0.0669863130099601	0.971068614864555	0.0957245255103085	1.98971420885679	0.12557227783452	3.00879695384409	0.157294714073263	4.00526277492568	0.177118025628309	5.0015095628634	0.191927670406512	6.00989724047315	0.2196949540096	7.00851221153012	0.216518179875114	8.01259512927593	0.261589868282847	9.02126687003452	0.292042993441262	10.0074762159416	0.284458517717237	12.0080845725986	0.375287240025738	18.0449820628554	0.378821438242146	20.0332099046006	0.440718192726552	25.0336014256802	0.596924394701273	40.0513137650343	0.616229959453512	50.031263363205	0.700201680699518	60.0367624034699	0.776374500506446	70.0398312239848	0.864153728475769	89.9665716893521	0.964899603413278	100.016390555305	1.01990218590508	120.011822705239	1.12830659213895	147.474878935347	1.25208326645488	175.019903744906	1.30536582041961	199.996559509036	1.46367147825259	247.447977654953	1.64301579395406	300.927081577251	1.76593181047885	346.489679636691	1.92257534516783	401.267292894969	1.9910622435193	448.245957478142	2.14541331038866	501.466925331798	
0.0328471641674226	0.269766568455758	0.0443080698428689	0.664041382443523	0.0500266559428354	0.760430575871645	0.0535924823426056	0.854403389330071	0.0667866812885611	0.968771216805082	0.0955270773387241	1.9837712069598	0.125607138682129	3.00579646548184	0.157374190336376	4.00176053655019	0.177019815910523	4.99680498710118	0.19195821400936	6.00914193790101	0.219812726030063	7.00858764865508	0.21638159022878	8.01197579979323	0.261435212366771	9.02168503385066	0.292258640078014	10.0065122971227	0.284217551073888	12.007590040335	0.375363604984589	18.045308025741	0.378829175466389	20.0331447120234	0.440710687160069	25.0336237774209	0.596892530349134	40.0516341399848	0.615990758621051	50.0313006161062	0.700191468255607	60.0365686883836	0.776319800308075	70.0388626485532	0.864077781942689	89.9666089422534	0.964767259398813	100.018789642144	1.01990173637313	120.011770551178	1.12731844080607	146.979057721333	1.25184882245726	175.017847384759	1.30552048518325	199.996052869579	1.46268359889538	246.626566084318	1.64303231387034	300.925591461202	1.76462416351758	345.337104675414	1.9227085891222	401.267263092649	1.98954421338426	446.823433093498	2.14550793360067	501.466567703946	
0.0327917592256156	0.269024217087557	0.0441806857846992	0.662315641794728	0.0497563008975239	0.758234284514376	0.0534947235682978	0.852010588918892	0.0666312611495555	0.96546292634654	0.0954049577240343	1.9771495037688	0.125721125679592	2.99824739788121	0.157250089699616	3.9922116866462	0.176811466564527	4.9839131549744	0.19181777323067	6.00383293381658	0.21970736179911	7.00266862831325	0.216302789983635	8.00417038566612	0.261419091560045	9.02145779115325	0.291963492690202	9.99758091405632	0.284086864668095	12.0070554612026	0.375399585159697	18.044756682803	0.378927481733229	20.0323363240671	0.440832189267153	25.0327781365633	0.596861579216989	40.051917262034	0.616040283614113	50.0317252991801	0.700028194584717	60.0367624034699	0.776319071993447	70.0393245845283	0.864084028058375	89.9609912047501	0.964589314341438	100.015630596121	1.01998878047911	120.003075724034	1.12640405987211	146.482223228406	1.25192055929006	175.018979872956	1.30563809785442	199.997721799554	1.46139294992699	245.799685787785	1.64302345015323	300.927826635275	1.76337592700302	344.177049331572	1.92263964809068	401.270004906178	1.9881221102314	445.360228540728	2.14554940080826	501.470263191747	
0.0327047163507399	0.268611786725744	0.0439731020789815	0.659957300317174	0.0497979743465006	0.755319885278527	0.0533018004166252	0.848565859709649	0.0663210914820044	0.961235187719879	0.0952697148836594	1.96988332538678	0.125514679147853	2.9890647905623	0.156919360509932	3.97984791439414	0.176537619405903	4.96888952557557	0.191726328049288	5.98832641368576	0.219471861879611	6.98388664684308	0.216156984443494	7.98429689419034	0.261474805223656	9.01229171480925	0.291483485489215	9.97278352036242	0.284134882792883	11.9952639866454	0.37529908897513	18.0447268804821	0.378910258517059	20.0317644920334	0.440764755770396	25.0318132864218	0.597080994310852	40.04964856035	0.616137012793853	50.030771624909	0.70006729205365	60.0368704368834	0.776296536667547	70.0395779042566	0.863967190879245	89.8719865731667	0.964479985601235	100.015250616528	1.01994507633087	119.887599180847	1.12540078389551	145.983034352123	1.25210623952276	175.022094215498	1.30557167564303	199.984370359758	1.4605165385434	244.973178020264	1.64302834403803	300.910720103037	1.76217890233372	343.01419256956	1.92266918721559	401.242914596414	1.98662220549061	443.879232002338	2.1453996455349	501.439864824355	
0.0327312694982813	0.266833775599933	0.0439103435479862	0.657717527839268	0.0498412584276526	0.752215321623505	0.0534063497461564	0.844444000813161	0.066107922946205	0.957881728118614	0.0950641466153006	1.96328676790409	0.12508701185949	2.97974388184762	0.156916588445759	3.96664129525209	0.176393725085204	4.9526412070493	0.191538241474053	5.97062197238323	0.219251400622394	6.9625109321258	0.215973209007042	7.95986085363823	0.261441590593505	8.98973508312345	0.291282395174086	9.94187106293405	0.283950388520928	11.9643738809578	0.375303027715842	18.0439929983281	0.378977484695613	20.0120651578708	0.440681643915013	25.0080068199003	0.597025610137584	40.0100450010681	0.615947444484381	50.0278845250648	0.700134718210426	60.0333612135889	0.776243136374309	70.0347052247776	0.863475941995075	89.6481040874436	0.964687027783618	100.018476717773	1.01940473771607	119.583906079561	1.12453906398549	145.482549074877	1.25204250258212	175.009174909356	1.30515155505091	199.78362192569	1.45936821629358	244.141842276746	1.64279921332336	300.614514834895	1.76084839651964	341.849190040437	1.92227081863456	400.838288484575	1.98492213092479	442.389950418717	2.14511596639566	500.943358156959	
0.03271085335325	0.266358917524755	0.043818219679812	0.655819085068746	0.0497762635641408	0.749601506734335	0.0535289252199747	0.841959639755714	0.0660765942471597	0.95511930907819	0.095051831838736	1.9568315386154	0.125117058467875	2.97031610387258	0.156761458649489	3.95360836776195	0.17625476499883	4.9370727539702	0.191490886640152	5.95076943566439	0.21915557855669	6.94075104686473	0.215812677932741	7.93490234114657	0.261381264924495	8.96089295568011	0.291085312424407	9.90953647600178	0.28379469264063	11.9274432173381	0.375176490675201	18.026975873053	0.37885470729366	19.9619991212826	0.440485456626209	24.9439802585817	0.596620311849746	39.9089108248491	0.615602887782548	49.978718146041	0.699901311563614	59.9731828769659	0.775999151419343	69.9643493955426	0.862853198471418	89.3794734167808	0.964818624464109	100.009908550494	1.01865977998747	119.216376406752	1.12365487966106	144.98388173921	1.25167323181849	174.836530063964	1.30419173611079	199.277325195854	1.45796928924783	243.306349109452	1.64179571651884	299.853780789759	1.759396915989	340.684306720598	1.921035599361	399.825456606336	1.98340996361097	440.895155405716	2.14414374927702	499.674285923002	
0.0326241286996583	0.265038011138386	0.0439653906145473	0.652943684963856	0.0495303085678973	0.746694558078728	0.053271560183387	0.839466256511254	0.0659779916945982	0.952069344206512	0.0950061434232169	1.9498733951603	0.125175820655872	2.96022336161086	0.156713060332661	3.9396431864189	0.176079525101772	4.92050452615474	0.191332256392313	5.9318137625423	0.219084932905109	6.91733806411224	0.215681522859262	7.9094958625178	0.261220865967036	8.93233953822119	0.290900974148986	9.87708640507575	0.283704116994418	11.8895989263161	0.374994357457335	17.9815701744069	0.378384698899959	19.9008782862589	0.44020709948278	24.8671908533068	0.596007226370961	39.786989529752	0.6152304639739	49.8512461686628	0.699399577506363	59.8223198029147	0.775556124765059	69.7857515365367	0.862116830391971	89.0920300310043	0.964594619998968	99.9125518184582	1.01795531112375	118.835040808752	1.1229236558498	144.483560374729	1.25114132635307	174.393935795207	1.30335596627633	198.667405795998	1.45691628039571	242.472301354725	1.64048443625837	298.937627640754	1.75805738377323	339.518618738093	1.91965636810019	398.602011725787	1.98185997478091	439.401135253061	2.14257761148812	498.150761472584	
0.0324744290960745	0.26364152210791	0.0440197518260563	0.650480918947582	0.0494357878799545	0.743753208697155	0.0528887783649633	0.836038000069267	0.0660172727708716	0.948067567708785	0.094918567959891	1.9434181658716	0.124942834896956	2.95040582515686	0.156540131547498	3.92724868052334	0.175967276839933	4.9038450287313	0.191110674137032	5.91255308129151	0.218667744159905	6.89418119505561	0.215240351443029	7.88287587063195	0.260882660515536	8.90378891472985	0.290863288821231	9.84466706779322	0.283454425316669	11.8512992185767	0.374685444944356	17.926117368303	0.377988895963798	19.8366673230793	0.439845312646831	24.7879632456474	0.595596886796208	39.6612349111198	0.614844657577898	49.6984384931682	0.698906738618765	59.6393484533061	0.775048932066184	69.5735143077334	0.861391129594023	88.7934107748633	0.964066403001466	99.6604465347744	1.0172103558108	118.444749613301	1.12217639518181	143.984446004248	1.25019810771406	173.858060261806	1.30259691928473	198.036043626203	1.45601787223225	241.638387710443	1.63932793068674	297.988036287618	1.75675156544639	338.352304906847	1.91839522968888	397.329959259732	1.98031913156183	437.906608460949	2.14085276197817	496.568168821999	
0.0324604420919823	0.262539883969786	0.0438028661548414	0.647919025289481	0.0495947508369885	0.741191897115636	0.0527717953086036	0.832620395628721	0.0660546932101549	0.944482267005113	0.0948733702873421	1.9361000662585	0.124836482561857	2.94072542594545	0.156135275652333	3.91491377926972	0.175728593354273	4.88734013084791	0.190844345694006	5.89282813575932	0.218353239235256	6.87191513599928	0.215089095247293	7.8561180430116	0.260666012398548	8.87384037612042	0.290587621858312	9.81146169429505	0.283237875396018	11.8112737701886	0.374289393793258	17.8689360275827	0.37777832253515	19.7709830076566	0.439424568470073	24.7071374885258	0.595297348720263	39.5302276334163	0.614334765987623	49.5404750161454	0.69838028081678	59.4492319972444	0.774498164439951	69.3536476847613	0.860705412421347	88.4974066723875	0.96351437866029	99.3531026491688	1.01641868581432	118.050941743975	1.1211587014004	143.483916023521	1.24921011688887	173.301516818812	1.30162698321301	197.385354651258	1.45482739407925	240.80569596132	1.63818810491623	297.017166077308	1.75525362916026	337.188136842712	1.91702309085704	396.026495147373	1.97880899308187	436.405167530371	2.13922131064185	494.942899247782	
0.0324177756174015	0.261742118911029	0.0436472899494533	0.646171398561223	0.0495706722455531	0.738687978285051	0.0529444837019655	0.829228926426684	0.0658928272129701	0.941967929003719	0.0948196615109643	1.92976474474559	0.124686271996883	2.93079613078781	0.156000912111445	3.90112834317504	0.175597696911974	4.87071602368062	0.190403405583369	5.8729900345397	0.218186825680174	6.84893801219101	0.215084245160905	7.82958559544361	0.260622060707576	8.84496751503358	0.290238901224863	9.77664978943198	0.283005636691722	11.7712483218005	0.374186790098527	17.8104005439033	0.377437095614227	19.706708714545	0.439121717106319	24.6251792432073	0.59477934514733	39.3988142990896	0.613837858649339	49.3777245413164	0.697851308603912	59.2547010723888	0.773886086739628	69.1261516676203	0.860042117939837	88.2000018608261	0.963046084677503	99.0360953609879	1.01559126871494	117.653080758997	1.12025549517321	142.984473827509	1.24839282567008	172.734184935625	1.30055683083662	196.727289601871	1.45357919132475	239.972721090148	1.63695977276145	296.035507426806	1.75390535839714	336.023432336799	1.91554038057764	394.710067025391	1.97731790332675	434.90423323925	2.13770272500808	493.298556188143	
0.0324066451630059	0.261633561628581	0.0434730815939956	0.644298858198578	0.0493344038510309	0.736685693052392	0.0530318486718483	0.826420406921007	0.0656273178361172	0.939063425069755	0.0947232739694585	1.92275456364411	0.12439147638416	2.92062073365151	0.155944545122163	3.88726909976982	0.17551110788225	4.85439645898077	0.190264720059627	5.85240221868312	0.217993175060819	6.82548311992466	0.21498765997531	7.8018144889102	0.260478536482843	8.81592329060115	0.290078287204654	9.7434257894832	0.282884771786861	11.7316158915201	0.374098531620746	17.7516583066221	0.377039794008329	19.6415682914801	0.4386692173559	24.5435860763207	0.594168911874439	39.2662871030165	0.613312535431053	49.2126420348713	0.697232085674507	59.0577300825035	0.773451672685931	68.8955338573575	0.859320315276936	87.9010547791543	0.962257027139722	98.7116598443047	1.01494691499191	117.254944102549	1.11953202143845	142.483958747942	1.24765037650565	172.159670693084	1.29948972731932	196.06602080298	1.45258572457343	239.138971358631	1.63589049384381	295.036742244066	1.75277706614311	334.859919923725	1.91423107156665	393.383118684105	1.97582261951757	433.404312227042	2.13609818266022	491.645212827571	
0.0324108554657404	0.260457796037806	0.0434513084974207	0.641477358385133	0.0491967485039169	0.733080950990898	0.0528775084275636	0.823681853020425	0.0655197296621456	0.934920203962726	0.0945713190780381	1.91662611214826	0.124260142071813	2.91064906331873	0.155868761637488	3.87430718562262	0.175278758915153	4.8382110047253	0.190230108535829	5.83244583950213	0.217839861503657	6.80110901232082	0.214847719517685	7.77558611814838	0.260234362460616	8.78611165640369	0.289898555821134	9.71038153478279	0.282643114742489	11.6925506366608	0.37386324265459	17.6921132693197	0.376774485922373	19.5752599899621	0.438196425524261	24.4602774133332	0.5938709041885	39.1336183459188	0.612724151845942	49.0483381140617	0.696698449366166	58.8575441672434	0.772918260800175	68.6635451403299	0.858719632616929	87.6005356250513	0.961468182557586	98.3828210346979	1.01433466491562	116.856367861868	1.11853693985488	141.984680464695	1.24672794249532	171.579657922324	1.29869996578065	195.400743591919	1.45148862907002	238.304685185336	1.63466891032602	294.037619433474	1.75148704003202	333.690298034851	1.91275103683151	392.053577540895	1.97427239174506	431.903586552168	2.13456936083092	489.989544885962	
0.0323251087212281	0.258452745941385	0.0433983861560163	0.638646370723411	0.0490196545298564	0.730506018817372	0.0527245343927536	0.820923624931388	0.0655280116839058	0.931680773163774	0.0944413842175564	1.91084981698421	0.124177227455983	2.900786357722	0.155720728039041	3.86079811948883	0.175088684603591	4.8199202958899	0.190175494042441	5.81243032134047	0.217734031652182	6.77710883071292	0.214496263939062	7.74993377037159	0.259834163157983	8.75676940876153	0.289508630671267	9.67834217709265	0.2822259597723	11.6531398611427	0.373376490696216	17.6324452974433	0.376455252146275	19.5070592410624	0.437879438863667	24.3764267206329	0.593648192207052	39.0005994115497	0.612239242896493	48.8815643259015	0.696155143781613	58.6585540701123	0.772429285128908	68.4305729467103	0.858094178892223	87.2998898110841	0.960880926522005	98.0503537925127	1.01338990573212	116.456405813261	1.11765141960059	141.485730006979	1.24583745553858	170.998497762207	1.2976878104351	194.735689898265	1.45018080523857	237.47220205246	1.63333856470506	293.039271483228	1.75015641325661	332.52195764578	1.91101631675714	390.724304618574	1.97262836978897	430.404023167812	2.13297333719755	488.323773957545	
0.032299631382232	0.258567618754741	0.0432564702700454	0.636719755446345	0.0488466598594304	0.727865311990137	0.0527025727179095	0.817714171076382	0.0656083142280499	0.929010671469174	0.0942156020554155	1.90402962567892	0.123893107020615	2.89072481476504	0.155590901890107	3.84711349905805	0.174955965539726	4.8033325103013	0.19007704071397	5.79197195931561	0.217481433555304	6.75423089275414	0.214215159725757	7.72335242837075	0.259516906221695	8.7256436784737	0.289212984347785	9.64484157435235	0.281993474602215	11.6133053338733	0.372882076764465	17.5720900095395	0.376013158912824	19.439635215153	0.437487840854785	24.2929038534634	0.592945387479698	38.8686496354454	0.611970511792732	48.7130620031249	0.69551103366905	58.4580701316424	0.771977477296042	68.1988151976703	0.857412850233769	87.0009278282519	0.960225547921552	97.7192649076725	1.01251781746303	116.057330383703	1.11700841826574	140.985393741338	1.24477383054011	170.41613060809	1.29658475926331	194.070099762833	1.44882695953737	236.640642791534	1.63227624408838	292.039135393723	1.74899797777531	331.355196779719	1.90976853397732	389.391455417736	1.97119860238104	428.903774330074	2.1312893518581	486.655410227202	
0.0322537610794059	0.257975821494343	0.0432133504334578	0.633634400318512	0.0489233296052402	0.725143405479785	0.0528462788736335	0.815380509645882	0.0656300883170735	0.925001036937598	0.0939223149291509	1.89695925785891	0.123773862000003	2.88036827539658	0.155381168255336	3.83442213410593	0.174847578439428	4.78671492239173	0.189809796117284	5.77231360334435	0.217310370826275	6.73227077314904	0.214051461540606	7.69595897312341	0.259227287639117	8.69553029577639	0.289177306043469	9.61054189688099	0.281879112878439	11.5723057221184	0.372677800025215	17.511650902608	0.37564029022586	19.3734554361442	0.437209001376492	24.209569113445	0.592462260237613	38.7340809803858	0.611517559713588	48.5473163950382	0.694893271335757	58.2578618646416	0.771250632996873	67.9662006319023	0.856767057433883	86.7013101943583	0.959655270405865	97.3875427235116	1.01169943469906	115.655528041776	1.11623167203556	140.485549213993	1.24364893832876	169.832526657652	1.29534898918189	193.408383929128	1.4478503392997	235.806684443771	1.63095964221587	291.039774164564	1.74780762653286	330.189270378647	1.90832467760273	388.059381077243	1.96962136570082	427.404836794458	2.129498193927	484.99011613592	
0.0321245318674838	0.256511724268927	0.0432571482583344	0.632213609590759	0.0489629374476795	0.722421440761775	0.0527588143541056	0.812363315685741	0.0654905349985751	0.922186114589524	0.0940717552816432	1.88957957454349	0.123752194628922	2.86966831084505	0.155211113636421	3.82057080694222	0.174713242474422	4.77037999087013	0.189480245405735	5.75271252370871	0.217221766658974	6.70881774352775	0.213719845819157	7.66972315178134	0.259019674026334	8.66618618548918	0.289083285222582	9.57759077443361	0.281515659819042	11.5324777141067	0.372254196108954	17.4526013288918	0.375367861471579	19.3078679782647	0.436956968336374	24.1264709293493	0.592269000532307	38.5998513267272	0.610767189082639	48.381708622686	0.694294952124949	58.0587637340969	0.770622453095911	67.7314701013454	0.85621112193951	86.4012455256501	0.958998484219023	97.0546135453513	1.01120158163208	115.252123825097	1.11532806172498	139.985600378524	1.24284316103937	169.250099898893	1.2942783519939	192.746072049003	1.44683961897109	234.972666491365	1.62954853932088	290.039548668096	1.7464737807632	329.021287617427	1.90666353719242	386.731002224551	1.96801839319594	425.904051514942	2.12784006958197	483.322348451996	
0.0319914129286108	0.25529137161201	0.0430818712946222	0.629658468021004	0.0490003009773322	0.719405236331823	0.0523308931522746	0.810129014727702	0.0653651789826301	0.918369845898317	0.0941376498900868	1.88319594067432	0.123555547679976	2.86026055630441	0.155337755936922	3.80697675762753	0.174487089779785	4.753622704581	0.189474107698938	5.73223506957198	0.216925440740667	6.68438682524955	0.213555892367218	7.64260862763186	0.258874662680264	8.63609701717766	0.288807450863162	9.54378562922588	0.281051286281974	11.4923153613066	0.371811161363667	17.3923186841453	0.375054147379549	19.2413138075987	0.436682688997588	24.0430095294668	0.591694676833065	38.467752539018	0.610166944309978	48.2155085292045	0.693717990765996	57.8598183404473	0.770101375268015	67.4989225907996	0.855539726066261	86.1007263715471	0.958132420241963	96.7203507133276	1.01045148648371	114.854113828513	1.11434860248392	139.484712769945	1.24198590640211	168.668582110924	1.2934769098133	192.074819472586	1.44563731738694	234.139974742242	1.6284175011901	289.039919218048	1.74530535872155	327.854347937441	1.90540410383492	385.396424489097	1.96628211117157	424.403951688808	2.12621579498836	481.657143767677	
0.032003493279649	0.254995909539247	0.0428835925462759	0.627473759987706	0.0490387474808907	0.71692797660867	0.0521225604303767	0.806165888114986	0.0652823007262081	0.914964756104274	0.0939297864412653	1.87681382020426	0.123537720143149	2.8498157741262	0.155182549236689	3.79471286971685	0.174316833197751	4.73724353523921	0.189562796037478	5.71164539107033	0.216723409938155	6.6606055044363	0.213481228457443	7.61617722855841	0.258740386791402	8.60551890453769	0.288552945950258	9.51041727428489	0.280817997694828	11.4514200576751	0.371631880827618	17.3320285888186	0.374775449764947	19.1747503237073	0.436186230187074	23.9599020321458	0.591293725868832	38.3345138125318	0.609582896339966	48.0487757192356	0.693180756339446	57.6592338191442	0.769706976615159	67.2660547053034	0.854776157427489	85.8010714847522	0.957397650844712	96.3873619305254	1.00948146064093	114.45670732893	1.11338667722392	138.985836818032	1.24091964083638	168.085335788338	1.29238506315062	191.40632361086	1.44464191541715	233.307387301243	1.6272768746219	288.040677198172	1.74412133221878	326.688838768861	1.90412998147147	384.063217660407	1.96480895501056	422.905580397291	2.12448748755927	479.990896002123	
0.0319730017231842	0.252957011689612	0.0426943490297301	0.625886204319357	0.0489964609451781	0.714604559726005	0.0521023927505704	0.803206377944071	0.0650483938805243	0.912084350140782	0.0935918476244818	1.87060795252307	0.123518974264053	2.83945946758838	0.154983702631878	3.78001683301809	0.174087713935116	4.72059335104107	0.189290203707973	5.69316841772886	0.216735918604472	6.63783699687483	0.213385927839257	7.58920286844975	0.258335083529637	8.57492030280206	0.288243547868943	9.47801004419526	0.280797185403053	11.4117056710121	0.371418908568117	17.2721426874701	0.374459390465881	19.1066371191255	0.435723416720147	23.8768541394667	0.591334688989502	38.200004762114	0.609131166438351	47.8821770197111	0.692722805290367	57.4593496523839	0.769331818167062	67.0317786601412	0.854206135196015	85.5009025079206	0.957007722246394	96.0529500868968	1.00869250830486	114.056186486805	1.11263132051056	138.485828377921	1.24001591379043	167.500152314889	1.2913295143197	190.73864731296	1.44352995358397	232.476245272811	1.62615409644926	287.0403026901	1.74275512190109	325.521630867987	1.90267606105049	382.731739366334	1.963240447937	421.405748792046	2.12294572191195	478.323694562299	
0.0317908010542299	0.251426819668369	0.0425199960544293	0.623186125680811	0.0487704728239546	0.712117695739258	0.0521934531560522	0.799823290644807	0.0651115335465605	0.90823903582816	0.0934473182843848	1.8629835642128	0.123166479745598	2.83101772734238	0.154698719532783	3.76721324370106	0.173962559809549	4.70338949559863	0.188915882920256	5.67334195804086	0.216450021551977	6.6159830480382	0.213242739376681	7.5636222325078	0.258006604071895	8.54460668576072	0.287955847330664	9.44463237602897	0.280712014533168	11.3721095623104	0.371317378280866	17.2119680761372	0.374066443846592	19.038874091815	0.435468947762174	23.7931040295998	0.590857641735517	38.0683008551578	0.608588835270377	47.7166437531614	0.692071197192868	57.2610859868264	0.76857163040379	66.798359431707	0.853607360318291	85.2017691617428	0.956310305461946	95.7193280047739	1.00799310692446	113.656008371371	1.11174317906052	137.98580503665	1.23894293132256	166.91586291107	1.29041984253125	190.071939590492	1.44235506078251	231.646861581316	1.62477660909553	286.040434821484	1.74132551096659	324.356330315654	1.90098627874566	381.398741153891	1.96173747812631	419.905380745023	2.12132806114055	476.656016285339	
0.0316919643962735	0.250717908599775	0.0424584266913982	0.620423357394439	0.048423971264413	0.709684732043956	0.0521564790734941	0.796671287748394	0.0651736694331214	0.90533656916223	0.0933942953543254	1.85661098979867	0.123013718710091	2.82158203312583	0.1543825001393	3.75527066206336	0.173769204291386	4.68607853806519	0.188670176106949	5.65203702383589	0.216076065749582	6.59250673535364	0.212932310524994	7.53697523226857	0.257893822232084	8.51509307477298	0.287912511095489	9.41187869395803	0.280377896682665	11.3322415074299	0.371066825848622	17.1527173367544	0.373786091658851	18.9729401819542	0.435297586928501	23.7104603308989	0.59004227524857	37.9387427153116	0.60797319726056	47.5497619315877	0.691583149986144	57.059756407499	0.767844850179616	66.5651041160381	0.85283448947537	84.9019131092814	0.955560510030567	95.386532937058	1.00721279193881	113.257789758541	1.11077320692898	137.485543276812	1.23810026734358	166.333957692928	1.28950392050892	189.404069577506	1.44134361126326	230.811040588491	1.62347681797389	285.041222603929	1.73986244840361	323.189033007817	1.89954077623514	380.064938278782	1.9603277047007	418.405280918889	2.11969318132647	474.992271914747	
0.0316313759691176	0.24951446526755	0.0426645332001895	0.617090037642893	0.048391206663859	0.707638907483002	0.051868188108679	0.794208987393385	0.064990091250767	0.90166535395513	0.0934065196238125	1.85032887008531	0.123159289687947	2.80969509800933	0.154261131706127	3.74113714417295	0.173641704717219	4.66959180097114	0.188554701743708	5.63125875252185	0.215895211060056	6.56842180339549	0.212594642420425	7.50987234965071	0.257776518623255	8.48532241876685	0.28757913936824	9.37819182671165	0.279957319838332	11.292943421938	0.370555036895118	17.0933082725415	0.373485965784406	18.9069280410009	0.434864353459875	23.6271982340379	0.589489961961452	37.8048185354429	0.607383483575099	47.3828428571127	0.691063754400359	56.8604086825162	0.767368849709042	66.3319829108136	0.85215574015845	84.6021688155236	0.954930987823222	95.0538123751446	1.00644331178248	112.858088480242	1.10991373691387	136.985296418134	1.23725775237622	165.750562358737	1.2885450391489	188.738330430469	1.44010683381697	229.977499473221	1.62239095953531	284.044543583657	1.73857831016624	322.019649537511	1.89830438598097	378.731850659376	1.95872304906891	416.907684487717	2.11813851586028	473.326739404897	
0.031493131962102	0.249522585235861	0.0425187617056887	0.615065982746086	0.0484995924283161	0.703806224232197	0.0517002877785708	0.790647086168289	0.0648264294832102	0.898918825605382	0.0932177935268132	1.8435671192688	0.12294790722222	2.79984962187941	0.154055328220618	3.72779781157031	0.173471353466245	4.65415932098147	0.188369263008783	5.61208701257271	0.215555751422628	6.54559182854701	0.212330616378531	7.48303955056667	0.257616045215289	8.45523976971304	0.287320535023646	9.34489052699286	0.279844042549474	11.2524681447677	0.370149338185092	17.0325581038848	0.373249938052443	18.8411282415845	0.43447648786592	23.5427310058225	0.589011889466833	37.6697246144761	0.606925407327123	47.2160429919216	0.690417346709178	56.6601631626142	0.766967169883146	66.0991671793791	0.851518202101302	84.3018582776674	0.954191868523803	94.7211216155521	1.00585378553178	112.457373923031	1.10907190518793	136.486018134887	1.23625596258682	165.168299512744	1.28740514748113	188.072799899679	1.43891603651719	229.143451718494	1.62118004557493	283.047864563385	1.7372008998098	320.85530265945	1.8967460465225	377.398643830687	1.95703215535301	415.408448928892	2.11634422238143	471.660968476479	
0.0313096993367314	0.248943273518136	0.0422936037421267	0.613372489139906	0.048523429396845	0.701905162117059	0.0517603430817635	0.788086822324616	0.0646762817563092	0.895182359613497	0.0929432745149818	1.83753575814674	0.12259275704908	2.79067958741466	0.153808575005268	3.71468316052814	0.173090132436791	4.63739691241843	0.188224795121438	5.59247941367935	0.215207216908161	6.52256115369325	0.212277796593232	7.45644563571166	0.257413932808554	8.4254532812239	0.287339594356868	9.31118503329587	0.279735970175116	11.2122396680679	0.369885004434257	16.9724226080982	0.373242362246855	18.773640885743	0.434137863639466	23.4592509794894	0.588427114270639	37.5352751687003	0.606451425725168	47.0491350933171	0.689666045247547	56.4606627007364	0.766214630868471	65.8665675147716	0.850766575357916	84.0010187486139	0.953426599016468	94.3884532077004	1.00501870092639	112.056607211758	1.10822373829151	135.98642692727	1.23537747936528	164.585336312207	1.28638230022643	187.405525933112	1.43806461336236	228.308077760484	1.61984777490438	282.046029741585	1.73580544261042	319.689525269982	1.89519310442761	376.066033048417	1.95543710902026	413.9102564513	2.11457005997559	469.993975652901	
0.0311293522878338	0.247066775034736	0.0421768927658349	0.611781557427384	0.0483003502063931	0.699887568270307	0.0516728409833689	0.785445417005484	0.0644796995604675	0.891948283919094	0.0927511128999634	1.83102313610711	0.122436205166887	2.78049883517381	0.153969607611375	3.70052030597801	0.172915806737617	4.62078165281518	0.188121065585723	5.57248717858095	0.215230737439497	6.49881336049109	0.21213196933291	7.42996813617296	0.257106607205188	8.39505863912241	0.287145511516537	9.27840993080674	0.27947936225435	11.1726165510129	0.369811892317482	16.9122833870214	0.372936795609199	18.7074666946694	0.433846823040877	23.377419394035	0.588103288803647	37.4015782315291	0.605910061793899	46.8830244067985	0.688882341481484	56.260040926532	0.765509936438251	65.6330067253128	0.850238474950414	83.7022728326087	0.952633901485897	94.0549428842811	1.00407230765885	111.657069846225	1.10744930454111	135.486194969752	1.23424213243518	164.001687658288	1.28542101671773	186.736523431929	1.43712611888657	227.474849569583	1.61849595605816	281.044135315143	1.73456367511487	318.523896892119	1.8937698904978	374.732170568666	1.95395496993284	412.415312426695	2.11288174647162	468.327966305915	
0.0311363096545664	0.24570521059915	0.0421128530900413	0.608710812421747	0.0481428680522631	0.696735798204527	0.0515820221513303	0.781865296783387	0.0645148193594095	0.888632019011385	0.0926574278470278	1.82427291040692	0.122271171051866	2.77101215104873	0.153754614533167	3.68812742989688	0.172667597725385	4.60403507673516	0.187874538117153	5.55256758663992	0.215228753282967	6.47545392878409	0.211925698952126	7.40310786307427	0.256876096651413	8.36503652603308	0.286817113325424	9.24500991089972	0.279081790198167	11.1329179968329	0.369412746093337	16.8519467255682	0.372449737653158	18.6417637527962	0.433431764565171	23.2943063087788	0.587867267201031	37.2675050400556	0.605326698925147	46.7162617945086	0.688330142115569	56.0590391727353	0.765068377426177	65.3988051859531	0.849709558180466	83.4025955940732	0.952041261497783	93.7217454852321	1.0034747361577	111.257227006902	1.10657953030898	134.984398390384	1.23331692348521	163.417591969555	1.28443856449132	186.070024325708	1.43568040825979	226.6433499133	1.61734370573437	280.042896539762	1.73330911210859	317.358894362996	1.89224268247552	373.396877577508	1.95246752411701	410.914318530932	2.1114628043326	466.660347633597	
0.0312014382443631	0.244708026103574	0.0420137322215403	0.606296533384711	0.0481179146055035	0.693885485600298	0.0512744283182988	0.779164053991677	0.0644410279940879	0.885307488616219	0.0926077072645918	1.81670917447644	0.122174831261018	2.76125072677718	0.153435357310959	3.67473082095863	0.17249144283882	4.58752179694899	0.187669195086265	5.53234997148916	0.21489981607144	6.4519915859375	0.211735304588659	7.37664898998617	0.256838174488324	8.33498554194531	0.286724094665838	9.21113212253462	0.278742672734494	11.0930238649216	0.369038375217974	16.7916938831427	0.372086658513986	18.5754591765683	0.433025167530518	23.2107070731618	0.587411573570118	37.1337224212116	0.604825017222796	46.5489590151512	0.688000598706381	55.8597398765241	0.764480709658589	65.1659522016174	0.848860950296748	83.1029556084388	0.951407316986672	93.3877732258379	1.00276301338543	110.857481025122	1.10555392700864	134.485656548915	1.23248707438848	162.834867187586	1.28351826364053	185.405015335535	1.43425410696595	225.808750815635	1.61619907286674	279.042790252578	1.73190708403845	316.190613578566	1.89075245975242	372.064624423089	1.95086376430694	409.412311356256	2.11016693656524	464.99889804172	
0.0312434774499054	0.244957271295767	0.0418507250486087	0.603825269050348	0.0479692971609211	0.690762353702327	0.0511394926484776	0.775647380116962	0.0643890753108268	0.881874866599871	0.0923901588322224	1.80940620885446	0.12202964072846	2.7511433161856	0.153353333673981	3.6605058006296	0.172436952659529	4.57081061112511	0.187473748743099	5.51320989650606	0.214697044474577	6.42879699831838	0.211455129241568	7.34987393289901	0.25673699326947	8.30542629615358	0.286529373569772	9.17791836713367	0.278513707506821	11.0520959650015	0.368866087200261	16.7319644439794	0.371786701767723	18.5077557538998	0.432823912022107	23.1268768695572	0.586777241846858	37.0014373689964	0.604202911049624	46.3830941977806	0.687460709687432	55.660690174751	0.763895376722523	64.9324882697017	0.84809491692442	82.800663216238	0.950627555913776	93.0545013209864	1.00193140284608	110.458353441502	1.10447782887083	133.987093521371	1.23170903221721	162.252485132309	1.28243474723337	184.73961891519	1.43319388325097	224.974092113328	1.61499808709025	278.042326337543	1.73069784500371	315.022571212704	1.88939007169919	370.731864629214	1.94920709883197	407.91185390227	2.10840332748775	463.33551129898	
0.0311460258723479	0.244039976811001	0.0418875445927428	0.601701446227474	0.0477327843902648	0.688930093039121	0.0512168115406751	0.773255219990023	0.0643983207566897	0.87809614184817	0.0922883925099311	1.80388789003133	0.121806071842786	2.74038025453263	0.153272342783518	3.64732199888954	0.172311843330578	4.55315878954556	0.187287502027632	5.4930230149988	0.214474548551108	6.40503057866561	0.211270881743897	7.32333729437963	0.256386385363198	8.27584469862112	0.286251424767587	9.14479401869565	0.278345173478681	11.0116700479253	0.368664217880395	16.6724622475134	0.37149159376037	18.4415871507613	0.432460344864105	23.0427151151318	0.586355779940596	36.8686717543555	0.603522600195624	46.2171995780891	0.686824353749183	55.4599715430035	0.763261554333878	64.6996129336252	0.847619329405265	82.5020216083562	0.949828324151246	92.7203949511478	1.00104897161695	110.058115721426	1.10352286936237	133.486772156891	1.23085233812555	161.669909361945	1.281503659106	184.073343326376	1.43217020945931	224.142279532674	1.61382712954015	277.041713410903	1.72934275601054	313.85783690447	1.88803813389436	369.399194242302	1.94774881645131	406.410263960088	2.10651488167359	461.6653892317	
0.0311094524505831	0.241428839474106	0.0417961464955223	0.599366504228495	0.0477083506215038	0.685430474008243	0.0510948101515621	0.769998734347233	0.0641321076870493	0.875407355495305	0.0921221035425066	1.79785478267953	0.121669927386117	2.73076155543887	0.153095366674163	3.63447347326042	0.172207067154175	4.53681175083106	0.187083577767737	5.47226011050651	0.214239082595785	6.38136148221727	0.211050775655282	7.29613615723482	0.256103303713414	8.24630035398987	0.285793121887926	9.11213719416787	0.27811809992141	10.9722890747282	0.368379152891907	16.6127290830599	0.37123239067726	18.3756197132894	0.432088953310066	22.959490271172	0.585923745465447	36.7347662009375	0.602926997891387	46.0500495356266	0.686218189336012	55.2597446495521	0.762636482413515	64.4656349116728	0.847119787052892	82.2019122361665	0.949221794997385	92.3873912671851	1.00009291378511	109.657453318277	1.10279840864686	132.987031937669	1.22985664333601	161.085813673212	1.28054585860403	183.405890545883	1.43109514623665	223.310496754341	1.61264959691087	276.04318664673	1.72791513393869	312.690837619842	1.88641403190355	368.064229076675	1.94623344627259	404.911117808226	2.10477900447205	459.997532140814	
0.0311438955170687	0.240332425473302	0.0414694884718784	0.596313279727961	0.0478432895305889	0.682093545381892	0.0511428422228953	0.76716274082691	0.0640856062036335	0.872032417268182	0.0920716498607723	1.79080082941911	0.121523193177657	2.72017474657477	0.152932541749431	3.62108478056368	0.172076589929271	4.52054294320912	0.186928001352823	5.45232468608246	0.214298604387952	6.35912522548191	0.21087769228514	7.26937134469549	0.255929052712148	8.21529569563099	0.285496877262449	9.07779840115023	0.277725290791493	10.9327097298321	0.368012982370042	16.5523272290295	0.370810552327426	18.308009422874	0.431793532689758	22.875984167808	0.585272024433367	36.6012965064637	0.602591768993571	45.8825940193741	0.685780511797002	55.0594879537796	0.762025621040857	64.2327968284975	0.846519518162042	81.9018028639769	0.948534005524333	92.0552667516911	0.999449748208498	109.256530144818	1.10216360617539	132.486561561583	1.22907792263804	160.501121938059	1.27939891300594	182.738139742181	1.43005797158547	222.477268563441	1.61149668918393	275.043974429176	1.72653822601332	311.526013904645	1.88497441726675	366.730664620134	1.94464893959521	403.412120667968	2.10301720369122	458.329704852249	
0.0309920573974858	0.239857465534723	0.0415204326870455	0.593914425720334	0.0477800695991061	0.67992030425725	0.0509207521901534	0.764348516970734	0.0641156846254086	0.86910771527684	0.0920614316805042	1.78384326804059	0.121342997110711	2.70996721881117	0.152797068790896	3.60702483715316	0.171801974091918	4.50411115414436	0.186660463258557	5.43332756910777	0.214298307904346	6.33707895854276	0.210716915172879	7.24232573841326	0.255537073134522	8.18561072129766	0.285409471512322	9.04463493716592	0.277502841541856	10.8925604155474	0.367740656267876	16.4925344599341	0.370494223372639	18.2403190387209	0.431410543401861	22.7927760876538	0.584709221409772	36.467677800385	0.602292229939779	45.7152167342142	0.685328441171061	54.8599167113895	0.761417504543589	63.9997948325569	0.845835373102624	81.6037200496133	0.947738516179714	91.7223897275925	0.998788074467044	108.85651594215	1.10143190079469	131.986508417992	1.22808647878891	159.919991580262	1.27836415291312	182.071759845243	1.42886527930035	221.643980767899	1.61040162675791	274.043838339671	1.72510396031694	310.361786235868	1.88358968102816	365.39856047732	1.94305632495153	401.912348667365	2.10128714581807	456.662771633313	
0.0309968784950351	0.239394962034987	0.0415494647388004	0.59235847681036	0.0475856354464001	0.677943164732911	0.0507919851092275	0.760536846684521	0.0639036580162354	0.865703673220643	0.0919936735596284	1.77702971240833	0.121292665918272	2.69941463605007	0.152544787943221	3.59461682708091	0.171704483372637	4.48766912053176	0.186581846574197	5.41231786414493	0.213837857400634	6.31225595347928	0.210571743816854	7.21611040616685	0.255176288267731	8.1554805747948	0.285228865093033	9.01124609312927	0.277203965121019	10.8527072618274	0.367324328681777	16.4334811609277	0.370218997271674	18.1731464698947	0.43087355899163	22.7101994441751	0.584353540158808	36.3342155564914	0.601683678139352	45.5479586583382	0.684794138387912	54.6595743339443	0.760824510192939	63.7656379966787	0.845042412909943	81.3046686598182	0.946965714897899	91.3877320148159	0.998041549366241	108.456911521395	1.10045911226218	131.487125826622	1.22685145427186	159.337222094812	1.2773588053668	181.406840262033	1.42755837688454	220.811378425739	1.60920197840138	273.043642645524	1.72366142870196	309.198363229757	1.88190943351655	364.065711276482	1.94156056430518	400.417196026512	2.0997883427506	454.997954379166	
0.0310053898113218	0.238410059355281	0.0415113347772403	0.589396580125461	0.0474890534651074	0.67515111799449	0.0508991257448742	0.757786767667625	0.0636048347273095	0.861698986340009	0.0918611768519283	1.7695870484068	0.121259769483196	2.68959221015278	0.152380571535247	3.5815005462243	0.171547091452041	4.46997259547075	0.186413573787837	5.3920168956277	0.213505098049982	6.28836147697858	0.210424572617308	7.18942987831653	0.255049894647871	8.12566055869457	0.285066230041715	8.97776877345223	0.276924857637141	10.8129798366489	0.367041563507081	16.3734872261657	0.369887071492614	18.1068102287008	0.430466476475978	22.6269075449931	0.583742438920993	36.2015467993937	0.600933461362894	45.3808123411658	0.684120805980586	54.4602750377331	0.760319557883682	63.5309968730846	0.844431834586669	81.0030617209996	0.946252981375712	91.0549369471	0.997310607995896	108.058357632454	1.09959272566936	130.987832642214	1.22597071817519	158.754050278029	1.2765063304168	180.741145818478	1.42628797644641	219.977554188419	1.6081542126802	272.043476753699	1.72235442196676	308.030291061574	1.88044562190266	362.733100494212	1.93994823634486	398.92356330403	2.09802169647303	453.333107322698	
0.0309029156620381	0.237696273395318	0.0413310170067964	0.587227297121573	0.0473431344345596	0.672328686858515	0.050669331090001	0.754711715295285	0.0634898062754759	0.85919896742252	0.0916239701731977	1.76332518495847	0.121075602475059	2.680440569308	0.152245424615283	3.56872769055077	0.171186329909043	4.4532516307603	0.186162192169952	5.37289032482129	0.213186730520243	6.26606794390761	0.210217398236623	7.16251465718854	0.25504093359886	8.09476300242668	0.284864496217612	8.94419645887709	0.276662414182986	10.7725948977641	0.366860972373157	16.3126606890615	0.369454565896217	18.0412805128182	0.430145274154635	22.5442861980329	0.583524764178147	36.0681776877532	0.600391418663358	45.2146681270362	0.683599450085924	54.2600667707323	0.759661960351778	63.2971306098358	0.843803191670034	80.7024755116744	0.94585749522633	90.7215309318042	0.996526338119817	107.658760662279	1.09878685623714	130.488181829956	1.22515093014461	158.170759251962	1.27551302859087	180.078550816304	1.42535698591602	219.142046119965	1.60687541742279	271.043489675799	1.72085013832729	306.861384428404	1.87905431058488	361.403082513867	1.93834070865395	397.418307676368	2.0962342259565	451.671866347068	
0.0307149561701146	0.236910892015831	0.0413129778938419	0.585719485944888	0.047416215491801	0.66911387789896	0.0503671323737324	0.752628987079064	0.0635898323924399	0.854834499006868	0.0915896431073143	1.75644038315264	0.120957923435524	2.67034037646603	0.152110309732815	3.55563445992679	0.171120862742764	4.4371709502895	0.185903868883944	5.35269459575	0.213111984971308	6.24272667298996	0.209864855149717	7.13636870847065	0.254729186940281	8.06537791394813	0.284632087343211	8.9104201846678	0.276413152534708	10.7322686321986	0.366409311211755	16.2522402085806	0.369219695335467	17.9752776850902	0.429886708931468	22.4605714784221	0.583384742323055	35.933623933854	0.599771364944699	45.0510161319978	0.683024853733346	54.0602086810028	0.759026958626443	63.0646799568332	0.84308944705454	80.4048024792242	0.945222748639842	90.388758215829	0.995681659861608	107.25843353524	1.09800691634468	129.988441610734	1.22393381511789	157.586246330735	1.27457895243725	179.410323175466	1.42428252943255	218.308743423262	1.60556989339951	270.042489318986	1.7193306721915	305.694236132171	1.87764175727177	360.071753231398	1.93690390370696	395.915674652951	2.09478558218844	450.005678186156	
0.0307000757788335	0.235648178735696	0.0415142807018989	0.582674701554785	0.0474194356705812	0.666470668142425	0.0503014668677435	0.749900386688025	0.0635453192972769	0.852039309054907	0.091731966819452	1.7497412637763	0.120742701624489	2.66023482851951	0.152031307635151	3.54075262438322	0.171147896150092	4.4214953951194	0.18564922367019	5.33209793232938	0.213022815293302	6.2158338036027	0.209510594354735	7.10920994650098	0.254525695297196	8.03574136838637	0.284432795676825	8.87743739725439	0.276147427222027	10.6928699638734	0.366002259994337	16.1913726932851	0.368936730147614	17.9081889352917	0.429544269457677	22.3765904005676	0.582905644104673	35.7996923034051	0.59929812022554	44.8835606157453	0.682465602561676	53.8615128817913	0.758552977696864	62.8318269724975	0.842441881458846	80.1047229093555	0.944484563422044	90.0558215870886	0.994898743051714	106.858948323769	1.09699646573834	129.488239455537	1.22289671596757	157.002374159409	1.27347206036892	178.742214743912	1.42307645128878	217.477437482065	1.60439956222205	269.044707612838	1.71801625836845	304.527475266111	1.87615836890807	358.734821112587	1.93529033790253	394.416230477879	2.09321863977194	448.335585921197	
0.0304253051629263	0.234406594835468	0.0414860488017611	0.580776608030212	0.0471643391204224	0.664029788205615	0.0503345570557662	0.746416600140164	0.0634185801334271	0.848412098837368	0.0914649559818066	1.74366147388266	0.120567875074576	2.65090181261194	0.151951974344626	3.52690898063038	0.170914744278162	4.40424404222791	0.185418889791206	5.31167775452826	0.212768426752053	6.19267041528836	0.209254302649983	7.08234082583825	0.254327355445392	8.00460911884083	0.284130237897904	8.84483924604603	0.275972011261374	10.653051269087	0.365644626667882	16.1320008819734	0.368540255762803	17.8415975117245	0.429208311130458	22.2937362229749	0.5822603347425	35.6680442758007	0.598939247445651	44.7160752971719	0.682050889391416	53.661259911309	0.758082533418203	62.5999872670748	0.841822849331366	79.8035257524504	0.943607309222957	89.7265953473091	0.994083144782176	106.458859615298	1.09594499250289	128.988990974612	1.22206311862343	156.420752063316	1.2723140264908	178.076207375987	1.42202061262466	216.644403006251	1.60311159453156	268.045495395283	1.71686164564037	303.358866656151	1.87466347775011	357.39923009822	1.93357053109097	392.915087570511	2.09134577632908	446.668801713866	
0.0303793241171163	0.232648490728743	0.041366689149882	0.578387591116813	0.0469612875272233	0.661825056737915	0.050428363553178	0.742857434675	0.063238615581624	0.844984366264304	0.0914501620274531	1.73698691813806	0.120466081831247	2.64110523091487	0.151680856522853	3.51415056045607	0.170425508412576	4.38760503390014	0.185415379380323	5.29221218232079	0.212481124898403	6.17122205741371	0.209118647786701	7.05645751007393	0.253916447414508	7.97548852596091	0.283890461703124	8.81197659923904	0.275744569197223	10.6128078912268	0.365315799204031	16.0733350131397	0.36812393765583	17.7756282116075	0.428979575817275	22.2095819191298	0.58186034393692	35.5342989098579	0.598587280943626	44.5500130394249	0.681360801740052	53.4612565352648	0.75747991598494	62.3665643133505	0.841080114748261	79.5024403542489	0.942817108594403	89.3976745813196	0.993330330704485	106.058480334197	1.09515103617072	128.492990946672	1.22103963209135	155.8371779152	1.27127310855131	177.407741316582	1.42094786188177	215.812232797745	1.60184655494354	267.044375829186	1.71544982349678	302.193029662041	1.87337996837686	356.068943896985	1.93216210104579	391.415196360624	2.08972821986582	445.000080355672	
0.0305630894967688	0.232173996451429	0.0411886066118299	0.576603351771579	0.0469110626801718	0.659303966648176	0.0503752139254089	0.740025573898406	0.0631158617042406	0.842431553000874	0.0913268407476145	1.73101318259757	0.120324322695606	2.63078990256838	0.151523287828496	3.50049550951564	0.170194389166722	4.37049105108188	0.185370354814463	5.27179433282601	0.212171644313538	6.14873480925641	0.208986226073773	7.03007500543332	0.25362054557394	7.94681683054063	0.283646858340079	8.77873211019459	0.275480771931825	10.5723186442185	0.36506558124756	16.0130132528469	0.36784646482646	17.7081855592475	0.428559987749443	22.1262900199478	0.581391209554618	35.4007733360322	0.598002378240678	44.3827326118082	0.680665776687868	53.2606049587395	0.75680751047936	62.132984897441	0.84069112903252	79.2040744178361	0.942160492149836	89.0607742438898	0.992675805384769	105.657467753776	1.09436749704246	127.992863297278	1.22015164238879	155.253782581009	1.27045131029015	176.739960710558	1.41978516206027	214.97915361845	1.60076913825728	266.045133809311	1.71401787028019	301.02841456309	1.87188832180706	354.737286788986	1.93073493099175	389.916258825009	2.08800803530418	443.334458438859	
0.030569767091288	0.231336417354498	0.0409844627198573	0.573952924265434	0.0469680499681461	0.655591540419107	0.05018769083233	0.737149940962883	0.0629129347220041	0.838980711987525	0.0910999795289435	1.72361487283155	0.120235111372909	2.6202296363964	0.151310615658537	3.48763091857287	0.170038682544176	4.35413143951322	0.185184331328286	5.25164889517135	0.212129407332942	6.12545221165818	0.20888465449979	7.00214557406975	0.253491067535943	7.91600868123566	0.283329437601616	8.74469692832185	0.275274384722459	10.5329842371479	0.364793286251568	15.9529094220263	0.367493569501763	17.6400872558262	0.42804305469101	22.0432886933952	0.580861632890044	35.2668566067438	0.597369652932489	44.2161935169256	0.680020850716354	53.0614583994233	0.756397392868006	61.9004187604446	0.84024135618322	78.9042183653747	0.941422732360196	88.7235833338305	0.991957930112202	105.25785588244	1.09330820194301	127.489978933193	1.2193399057001	154.671832659386	1.26967895134039	176.073461604337	1.41859558148104	214.146581078611	1.59970573529242	265.046726254422	1.71283352612075	299.861534487746	1.87043733848645	353.403722332445	1.92895807810538	388.417142475467	2.08635067442247	441.668151068663	
0.0301682244271077	0.231343940694314	0.040823298157003	0.571245453254303	0.0468702066472098	0.654044206242538	0.0499877045273229	0.733850905521986	0.062863715627667	0.83549704185498	0.0909949015778199	1.71710679098925	0.120183332957572	2.61050686200987	0.15119823569895	3.47456213516531	0.169850511265151	4.33727403605208	0.184877975292828	5.23202220416613	0.212005327423946	6.10205366440491	0.208641900255544	6.97632605389876	0.253253732325993	7.88602102707995	0.283102401969539	8.71175791306737	0.275091729963944	10.4927939446719	0.364508940078218	15.8928093164958	0.367162259719827	17.5744122536288	0.427828342971257	21.9598701343491	0.58042904792758	35.133908452887	0.596802335619598	44.0504106559377	0.679507232604729	52.8611793519101	0.755776329109721	61.6672863793498	0.839291737017879	78.6051520744191	0.940759151785164	88.3903859347815	0.991109296349475	104.858430275611	1.09228638265287	126.989776777997	1.2183264238717	154.092803365218	1.26859370684091	175.407156213202	1.41739470672383	213.313263480748	1.59839021576809	264.045636490646	1.71162586765684	298.695876307562	1.86883020397062	352.07188641052	1.92728461555251	386.920946753381	2.08488324594207	440.003363616838	
0.0298821342066447	0.22961156437249	0.0407187535393899	0.568498983112212	0.0467533695320074	0.651440926939494	0.0498440359271873	0.731261537849239	0.0629329942665399	0.831652891695521	0.0910185496654046	1.7102733283379	0.120021070377049	2.60058967404512	0.150981717059064	3.46150871857951	0.169599359666478	4.32039474651147	0.184774901987374	5.21228887673117	0.211677196795976	6.07962043295438	0.208438268719073	6.95036217873556	0.253062097641674	7.85604920540726	0.283021614642932	8.67834857993505	0.274934980251408	10.4527591830584	0.364161643434108	15.8323888360149	0.366924940947763	17.5078804347035	0.427487382050636	21.8770196820465	0.580165564905079	35.0016010489311	0.596087337548536	43.8835064826233	0.678711752346172	52.6600881911505	0.755310701643073	61.4327532891692	0.838422721382674	78.3049532952665	0.940303829106086	88.0573524484979	0.990254280477599	104.459161130967	1.09146150472895	126.489216994948	1.21709295880192	153.508081827744	1.26741696573647	174.741774694017	1.41634686102513	212.477606400689	1.597039968552	263.046215656845	1.7101011251188	297.531469824859	1.86717044393172	350.738798791114	1.92588885584831	385.421681392234	2.0833077621974	438.341377583183	
0.0299530612020757	0.227473742607832	0.0405740607230696	0.567056830173919	0.0466339155749876	0.647721224753156	0.0499357801126154	0.727861861367403	0.0629365425240716	0.828002631245354	0.0907764038745484	1.70338037745993	0.119819263659465	2.59048366043733	0.150662885550227	3.4484024494401	0.169557156326992	4.30359694769227	0.184689824590239	5.19222167016907	0.211501590467149	6.05534783950635	0.208163828703793	6.92307722256302	0.253042131479733	7.82606341389661	0.282823957619381	8.6449355215126	0.27472303685013	10.412143276186	0.363710234978357	15.7717150358057	0.366744217359402	17.441557232025	0.427258730873716	21.7942977522531	0.579872546774025	34.8690589516975	0.595583561054326	43.7166879909816	0.67805630944356	52.4615190518031	0.754680776271888	61.1995613034324	0.837560532173156	78.0047023620522	0.939747187174473	87.723424892585	0.989478927348717	104.059072422496	1.09068957506922	125.988955235109	1.21622471546048	152.92276424385	1.26644323715625	174.074441122808	1.4152445368032	211.645585203788	1.5956219311979	262.047122648574	1.70869695198574	296.370997248524	1.86571705872437	349.406515834375	1.92442931055349	383.919078171139	2.08137036635381	436.674176143358	
0.0300312884873943	0.227366334926633	0.0404981784017744	0.56417822864783	0.0465091534430763	0.644787325951826	0.0497580064447866	0.725262656600428	0.0627863034111414	0.825180025486405	0.090662905856379	1.69694470594437	0.11962791007738	2.58043818279402	0.150667737027826	3.43399372574196	0.169371392653616	4.28767459205163	0.184527862713415	5.17247623554122	0.21155378671749	6.0313336880605	0.207805183175179	6.89656479842943	0.252714325155756	7.79583966947945	0.282508083420637	8.61135109974457	0.274510391770049	10.371722947045	0.363318484797158	15.7124512579075	0.366313869326006	17.3749155170412	0.427056266226292	21.7111902549321	0.579314583417678	34.7347920451377	0.595174444783465	43.5514154947404	0.677618617375918	52.2614076423454	0.75397057979743	60.9664512740783	0.836959777242517	77.7049059142328	0.939056622147686	87.3894973366722	0.98889538223496	103.659937388296	1.08973756396797	125.488708376431	1.21567637583628	152.339830845635	1.26545505947878	173.406079371526	1.41392387871799	210.814115349825	1.59441688845803	261.046301105687	1.70724899145281	295.202746266415	1.86424323372803	348.073994459067	1.92270934876985	382.419484984461	2.07978969509	435.004948145708	
0.0299270987065929	0.225618970132837	0.0404393216787302	0.561573901606939	0.0464185473076494	0.643627712986187	0.0494834316147155	0.722063214462624	0.0624800318524418	0.822898459909948	0.0907499321187965	1.69070205102323	0.119388966898232	2.5710776928718	0.150681359174674	3.42055404313668	0.169185980871747	4.27050705818787	0.184284001190646	5.15318202667933	0.211557433724341	6.00850604151836	0.207723218255193	6.87038392511665	0.252326937056643	7.76571464525052	0.282325829692526	8.57851918658108	0.274195774690899	10.3323885399744	0.363091183339456	15.6526119226855	0.365920826594226	17.3081136145821	0.42660079353705	21.6274941617719	0.578860739696082	34.6007002272136	0.594698279596777	43.3836060759264	0.677098124168267	52.063941188874	0.753430204636866	60.733609465613	0.836448209417288	77.4045432223148	0.938434942404035	87.0556591877223	0.988165728979784	103.259871031566	1.0889263001524	124.988431715432	1.21456885343128	151.755332825569	1.26432376628746	172.74096607323	1.41292822316653	209.97951625216	1.59332588001515	260.046552446355	1.70581812479281	294.031813075419	1.86285819473393	346.740370397884	1.92094630221682	380.918729507266	2.07831074716214	433.337120857143	
0.0296859535083335	0.224636250240311	0.0401871674472575	0.559268412682983	0.0461571552788057	0.640476990658253	0.0494917288112133	0.718672036298878	0.0624427015389994	0.818761292399368	0.0905541207088064	1.68430759052964	0.119252024286474	2.56034559769297	0.150468881665686	3.4080165792327	0.169119433088972	4.25386385890871	0.183974489723703	5.13327733589879	0.211402626843813	5.98542274694162	0.207627455625339	6.84348220816536	0.252113671698251	7.73604457207767	0.282174321143304	8.54518994718637	0.273929662803679	10.292308143557	0.362767218267123	15.5930706106733	0.365658281265054	17.2414625863729	0.426173995635489	21.5435410235933	0.578459073083209	34.4677967768382	0.594125400876567	43.2165938691984	0.676499465825073	51.8659606453658	0.752755439712847	60.5008868664315	0.835673723861836	77.104918137841	0.937593943306484	86.7231323408952	0.987486059190311	102.860192105008	1.08831006856162	124.488698946791	1.2133753986779	151.170685793897	1.26327801775238	172.075331234317	1.41179320332886	209.147033119284	1.59201686579648	259.048621728602	1.70449616503918	292.863204465459	1.86135907375912	345.406150290282	1.9192731943116	379.418987308984	2.07646345387912	431.669293568578	
0.0295159116761707	0.224299475282177	0.040031728710904	0.556146095692226	0.0461229578879455	0.636842911937052	0.0495643102022499	0.715906415837256	0.0624115007687533	0.814719585448151	0.090251019366343	1.67760870398394	0.119088334040827	2.55106264037141	0.150121244340812	3.394203901954	0.169090239595381	4.23657059650335	0.183819893490877	5.11263503767418	0.211046847431322	5.96208147602397	0.207515439670288	6.81540469651946	0.251873592264837	7.7062143114296	0.281824750378231	8.5120581481681	0.273591913773014	10.2523721021317	0.362405593076737	15.5326901770611	0.365484571987978	17.1754821103856	0.425887229370973	21.4598933592047	0.577911797034693	34.3335224196982	0.593429062479065	43.0518131112532	0.675787714958645	51.6643106910879	0.75218163825577	60.2657949827327	0.834928099117017	76.8054495155522	0.936810763432808	86.3899423924264	0.986590909453361	102.464357677856	1.08730775646896	123.988966178149	1.21269211978956	150.586545401682	1.26243935509618	171.407938058466	1.41070100722831	208.313775126063	1.5907245997438	258.051465871195	1.70306479173969	291.697337669028	1.8598790432324	344.072019589642	1.91769233455373	377.919900761764	2.07475949717102	430.005102163171	
0.0293791699681434	0.222927026014517	0.0401537949724613	0.554206383692077	0.0460826692457971	0.635004190223791	0.049603312379425	0.712419893529462	0.0623131129413429	0.81179610581763	0.0900034328355587	1.67055347015504	0.118916763551804	2.54100133024508	0.149790601345034	3.38097819070007	0.169096265365979	4.2195138900207	0.183540688241389	5.09207516149351	0.210727394675039	5.93927152460991	0.20742031045329	6.78899006125155	0.251643877965673	7.67505086257929	0.281554901867665	8.47751167022618	0.273261170392334	10.212865400393	0.362108710617561	15.4728974079657	0.365132853150704	17.1092613531854	0.425528599054997	21.3763853931956	0.577344090268855	34.2011926640015	0.592872331387672	42.8847599263338	0.675286527762429	51.4625042746249	0.751662965667384	60.031932444774	0.834414708093962	76.509676381064	0.936058560023253	86.0562160021802	0.985744052080767	102.063084327126	1.08626059141242	123.489836906507	1.21182670801217	150.004744491664	1.26152698015559	170.74097701627	1.40951240021879	207.480561836324	1.5895542834675	257.053535153442	1.70179093983795	290.529682733338	1.85845487808464	342.738574342384	1.91626172917666	376.418936668322	2.07313585315847	428.338139141914	
0.0295882222589742	0.221968200365661	0.0401853501313277	0.552430468041958	0.0459567060191717	0.632712554722475	0.0496274214600389	0.710071447353793	0.0622845852997224	0.808307953695408	0.0899659303846037	1.66359020442602	0.118770024058089	2.53046737393458	0.149627838143706	3.36697226399632	0.168825519677429	4.20303413784563	0.183279335336843	5.07261703986628	0.210650841917928	5.91581244139216	0.207230256479496	6.76140102827284	0.25136881297474	7.64492071607643	0.281358117644709	8.44446555288071	0.273018021383747	10.1728036304262	0.361862771223948	15.4129910175215	0.364799070253308	17.0410326646098	0.425187140173656	21.2939670745471	0.576849874374203	34.0683711700089	0.592526953375881	42.7164773956744	0.674789855629707	51.2610219584025	0.751240006724224	59.800450367203	0.833851019542861	76.2098352297631	0.935281747357564	85.7230186031312	0.984997538024871	101.661095720693	1.08542650305745	122.990431963397	1.21068939159093	149.422600854954	1.2604044791558	170.074343799604	1.40836496958227	206.649404906731	1.58823069173966	256.051312901469	1.70055305172003	289.361640367477	1.85696133328734	341.403162141943	1.91481323666102	374.919492493249	2.07147495264561	426.670848295127	
0.0295493470778227	0.221911025893445	0.0401849730300885	0.549380270339648	0.0459811688131913	0.629100711326686	0.0492584814728916	0.706922820501552	0.0621550055263417	0.805801997596788	0.0897176241888491	1.65691040999219	0.118747211902387	2.51984657179813	0.149656422692066	3.3539751924236	0.168512180512525	4.18730037501739	0.183047797627386	5.05286648296451	0.210506987204641	5.89234683891671	0.20706420786317	6.73477451712928	0.251046390184201	7.61543131947448	0.281227701761968	8.41166716732832	0.272700694353804	10.133283890172	0.36160916091626	15.3524867180129	0.364512390159394	16.9747131872214	0.424797538795232	21.2109415336088	0.576279087939972	33.9350057836584	0.592005596465455	42.5503853356064	0.6742061285673	51.0615214965247	0.750549420265259	59.5667815443307	0.833164958243592	75.9059037099087	0.934612000126131	85.3900968755512	0.984031010573117	101.260537625667	1.08474333779328	122.489283584509	1.20990332937022	148.838564770863	1.25940559492995	169.408455640962	1.4071290452682	205.820974889507	1.58702012050599	255.051206614285	1.69916026638035	288.196429222107	1.85559116684541	340.070879185203	1.91330623670904	373.418498597486	2.06977121945492	425.004421715647	
0.0293525457083068	0.220868686807061	0.0401231068341786	0.547312094037964	0.04592414076531	0.626399526742635	0.0490575748814804	0.703731702058863	0.0621176152066212	0.802264892834062	0.0895600597058079	1.65003445575039	0.118682716021147	2.50996919787155	0.149558139458014	3.34091083279807	0.168337871111496	4.17052213397133	0.182915433863088	5.03272570192251	0.210260630921897	5.86844165220691	0.206891853124885	6.70981833294395	0.250789740551815	7.5853202650835	0.280857159440182	8.3790671534749	0.272489197504239	10.0927499396823	0.361342057144326	15.2927665920748	0.364304205020184	16.9078833450864	0.424373649812801	21.1274577819855	0.575993369104915	33.7999565661731	0.591323661082203	42.3825461144715	0.673668645532919	50.8611493167585	0.749816994814732	59.333135073199	0.832349080993349	75.606375482978	0.933984818710772	85.0567057614158	0.983085785466392	100.860687335763	1.0837447851239	121.988336371288	1.20883209585629	148.254975721586	1.25863266202354	168.74314862758	1.40586975546185	204.985183699004	1.58586250560118	254.049043966954	1.69776888402575	287.030830646565	1.85405955019235	338.738745240069	1.91167123519419	371.919680271155	2.06810780976695	423.339485252217	
0.0294162152284929	0.218546041175865	0.0400900659771545	0.545755097390143	0.0457838699529876	0.623938332333132	0.0493445224309463	0.701438262120144	0.0620283719657455	0.798845018294849	0.0897139599409314	1.6435306812748	0.11863793790069	2.50072931421702	0.149517649650202	3.32744134787181	0.168166467975327	4.15423982217269	0.182934537195466	5.01222263641619	0.209845769837031	5.84474554740519	0.206527202096509	6.68424375059845	0.25061718951693	7.55550583691844	0.280642781538397	8.34460635720577	0.272407972546251	10.0523482369919	0.361000587279172	15.2331954777415	0.363902215180089	16.8418767920683	0.42386584802299	21.0440932396462	0.575758923975306	33.6683085385687	0.590728660432723	42.2162007346752	0.673023779538579	50.6614029857327	0.749436956838781	59.099905834561	0.831714635270581	75.3069739159115	0.933310602981974	84.7229942723301	0.98229151040351	100.461097816169	1.08273927787885	121.48872281193	1.20742343682692	147.67141647463	1.25756110613823	168.07638130047	1.40482588178991	204.150733612944	1.58461968008806	253.04860985424	1.69639130502426	285.86362274569	1.85253989406112	337.405240388169	1.91021862015006	370.420534119292	2.06643410480266	421.672909661132	
0.029529305331748	0.217692178486567	0.0401409943132719	0.543515033873947	0.0456888381144683	0.62156101515902	0.0494766930069543	0.698499823121479	0.0617772334346763	0.795477472440311	0.0896716440161755	1.63695368156526	0.118466141667806	2.49065170594641	0.149225189715926	3.31437279729489	0.168092017900115	4.13703876069784	0.182843272000908	4.99264251153749	0.209588590040527	5.82220987047632	0.206167492156412	6.65700675753622	0.250215675891131	7.5256644004	0.280621836608818	8.31076582174189	0.272053156613178	10.0125509626237	0.360645694450891	15.1737035258234	0.363569699667201	16.7746166789242	0.423420269134368	20.9615035576521	0.575246301616239	33.5353790111625	0.590282518015459	42.0505706105823	0.672453039225267	50.4616380282563	0.748834457628186	58.8675743908423	0.831055935070285	75.0068272908206	0.932627717996222	84.3895733558738	0.981558638768175	100.059109209736	1.08191159994524	120.988878284585	1.20661964243971	147.087350588217	1.2564051862925	167.407423502768	1.40371974498365	203.315910997871	1.58338217445249	252.04954664829	1.69508313547462	284.69808377479	1.85100547739837	336.073821698738	1.90861083493098	368.922401246342	2.06475675589909	420.00639367469	
0.0294104612964253	0.216968206186427	0.0401734928669848	0.54140011682277	0.045571701157051	0.619682421199928	0.049152798106802	0.695100204847301	0.0615115169171307	0.792370638686621	0.0895847626646557	1.63037854450077	0.118049631941147	2.48116828145018	0.149057975820044	3.30167281760936	0.167907686408778	4.12043700527129	0.182455581056054	4.97236715438985	0.209437412943177	5.79920853228226	0.20602289969304	6.62954997235682	0.249959960107534	7.49530980516733	0.280234219188986	8.27838653132816	0.271740605268622	9.97302284046678	0.36024564730021	15.1132811826974	0.363361532036856	16.7076117481535	0.423138794304221	20.8772374951033	0.5747062802912	33.4013169955593	0.589774976379067	41.882750015898	0.671925744792938	50.2616979821442	0.747995076770435	58.63482571463	0.830369545945465	74.7061740262732	0.931876157219617	84.0562418463804	0.980843915434634	99.6598102627705	1.08118249042831	120.490151344277	1.20602534800099	146.50467050973	1.25558288858051	166.740089931559	1.40252162553264	202.48232517912	1.58216031500129	251.04863569844	1.69379913187156	283.536448907937	1.84961694522865	334.743297078936	1.9068577004325	367.422569641097	2.06320396604672	418.340294920742	
0.029288957961162	0.215552392213446	0.0400073224685619	0.538728792767349	0.045494473947747	0.616610279210495	0.0488461005087692	0.692531559100855	0.0614880496458366	0.788300992059493	0.0894557801397171	1.62417384097275	0.117805267556561	2.4714501636763	0.149090247125241	3.28818796586135	0.167512966327142	4.10451464963064	0.182101542439706	4.95208155269437	0.209366170293452	5.774944320737	0.205922495898613	6.60358516587109	0.250016353037111	7.46570864986173	0.27986301486274	8.24558535180818	0.271336055595262	9.93261461851865	0.359854707576292	15.0527340423523	0.363142567016349	16.6417150911939	0.422927507345711	20.7936773750325	0.574392902837434	33.2677318170918	0.589068265964262	41.7170975400643	0.671275845285288	50.0622645754886	0.747423409724259	58.4011270894366	0.829606749579748	74.405617619269	0.931077922999608	83.7235287350472	0.980131159357057	99.2590286503368	1.08031391131006	119.990046046623	1.20490293393424	145.923569954255	1.25473792081808	166.076630662077	1.40140534272359	201.648918174294	1.58087833353218	250.048678422861	1.6922668583041	282.370045669729	1.84816470793458	333.408629936519	1.9052688221153	365.921814163902	2.06146920572797	416.674911422496	
0.0293163245185651	0.21473522945261	0.0398576728100626	0.536832852926128	0.0454069673499003	0.614013868411111	0.0486012239578758	0.690208840710087	0.0615125900015657	0.783913531618873	0.0892697960077245	1.61727728121997	0.117787471149192	2.4606940869423	0.149031858848735	3.27407796386483	0.167224535783283	4.08753198328916	0.181869529074704	4.93254007770068	0.209260079261291	5.75128220920764	0.205715100244415	6.57660894311737	0.249831931539282	7.43636453957451	0.279667732438185	8.21116367108533	0.271092712368084	9.89222129773101	0.359715477217248	14.9921198467851	0.362770381381736	16.5755259989598	0.422571823946827	20.7102588159864	0.574075431912442	33.1341540892044	0.588580174900936	41.5503125760338	0.670559427736048	49.8618067140496	0.746887884661757	58.1675327723667	0.828912939956029	74.1064097672887	0.930431856903152	83.390264280776	0.979303937462895	98.8592156133348	1.07932294554945	119.490536795389	1.20376490620375	145.3394444632	1.25350667857674	165.41056368951	1.40029311538782	200.81588369848	1.57946254309275	249.049853635479	1.69082588289422	281.200155559966	1.84658115594414	332.072889910546	1.90366062387212	364.423264058459	2.05967589922986	415.008365633733	
0.0292763470807645	0.214331937693127	0.0397615793831318	0.533702736109179	0.0454185793999348	0.611580206223912	0.0486943538348834	0.686594669007973	0.0615071570061694	0.781400066732352	0.0890338222749408	1.61005464216624	0.117819464477879	2.44998900011685	0.148818529959572	3.2609593547019	0.167144425394293	4.07009064060147	0.181823836683617	4.91197927019748	0.208961942633611	5.72904222718216	0.205624126152199	6.54957032175411	0.249504735167567	7.40458874616048	0.279415958989626	8.17776551382337	0.270963682313719	9.85238583913906	0.359497672927344	14.9328057774702	0.362415347493019	16.5083497048435	0.422166989835961	20.6272202365326	0.573472988010651	33.0013139687611	0.588025167058989	41.3842167906757	0.669908471081231	49.6615760953081	0.746220253630843	57.9339570817474	0.828453716505059	73.805562787655	0.92972738259405	83.0567316056161	0.978557188713707	98.4595739396784	1.07835426538933	118.990997741834	1.2031817223968	144.754797431529	1.25232146565574	164.74349833919	1.39908906484972	199.982491594814	1.57817143389405	248.050224185431	1.68941967567117	280.032739042845	1.84510024572504	330.738461186697	1.90209340653481	362.924177511238	2.05801389725924	413.347541890596	
0.0291026978710085	0.21368915052419	0.0396492984260329	0.531012610980176	0.0452499284092767	0.608703700173517	0.0486964967673916	0.68335523820902	0.061291394728261	0.778972923802865	0.0890618167023837	1.60295877939196	0.117804510167243	2.44037053385372	0.148519738137718	3.24754505063557	0.16691840577692	4.05427631837435	0.181803686550529	4.89292813651602	0.208656896887533	5.70540758966744	0.205386860028918	6.52343927419671	0.249330552190682	7.37517758065108	0.279276539615723	8.14405256954615	0.270861144952418	9.81137691415884	0.359160336580289	14.8728267438687	0.362067714862654	16.4421941402205	0.421953163396524	20.5440438213444	0.573086802924314	32.8682093527192	0.587538272468689	41.2168357802256	0.669232917836268	49.4617478078996	0.745676748882997	57.7005788315045	0.827950069505589	73.5055726247492	0.929033519465891	82.7216790120865	0.977819573654579	98.0595448358493	1.07739432377657	118.490475211687	1.20215994309542	144.172340870449	1.25139008669379	164.075583622722	1.39800102555033	199.148592851692	1.57706588843707	247.050326514494	1.68808023882284	278.866097386069	1.84359925211664	329.404777520872	1.90067141628739	361.428011591473	2.0564792734591	411.681681555215	
0.0291383089688008	0.212281107273572	0.0395171632868549	0.529049208463161	0.0451155822346316	0.606113284762923	0.0485286347961323	0.679409748516723	0.0611246237286405	0.775486401495071	0.0890396924011587	1.5968281160051	0.11755791172024	2.43025567268189	0.148370760352801	3.23438290214434	0.166559666103223	4.0378002914894	0.18155839183	4.87204974802996	0.2085726166385	5.6819163758224	0.205139195252508	6.49670286699455	0.249121073674288	7.34629261237134	0.279110553974272	8.1122488364562	0.270673280343394	9.77098918130638	0.358749796526633	14.8127415394987	0.361621626450342	16.3760683779185	0.421580887679755	20.4605656576563	0.572741993514019	32.7351680666094	0.587130146158804	41.0507586213181	0.668876581213685	49.2620797079664	0.745004300536577	57.4674278239591	0.827253379274947	73.2056122641644	0.92823478430493	82.3894278367284	0.977149040535399	97.6594486767981	1.07664947244591	117.990004835601	1.20105491075595	143.59022703606	1.2504872346255	163.408890801415	1.3968983806915	198.315230550348	1.57580877204095	246.051829552643	1.68673849247495	277.699813357144	1.84209087824247	328.072136936281	1.89920042657478	359.930713183511	2.05491727786724	410.007595779246	
0.0291247295696753	0.211650892958795	0.0394889416370859	0.527048611252588	0.0450037419910174	0.603563498297717	0.0482239040902628	0.677635811926982	0.0609774791823565	0.771276707242437	0.0889369056607352	1.59014529477304	0.117331511788554	2.42051822996551	0.148076987049965	3.2208056166352	0.166402263565549	4.02020993719685	0.181475797941305	4.8521585614261	0.208331167674857	5.65896020677106	0.204839631815362	6.47054108579365	0.249015662181653	7.31583510599906	0.278934044378971	8.07881901422821	0.270327246674536	9.73204499837601	0.358556164813168	14.7527178024157	0.361213372965333	16.3090336448268	0.421290003915891	20.3771657250608	0.572104867983102	32.6012625131913	0.586445297144509	40.8847708693736	0.668487057720158	49.06231475049	0.744579793805146	57.2332337351796	0.826513669970996	72.9061063889744	0.927460270707976	82.0559771179511	0.976281632491133	97.261319470931	1.07576377920719	117.490510485528	1.20034979505401	143.006176050808	1.2493131877325	162.743852008921	1.39576740440616	197.483239155768	1.57433542415495	245.055597567185	1.68537328999963	276.531621979677	1.84055116729609	326.743638874305	1.89748075089343	358.42825897402	2.05322751369447	408.342450699569	
0.0289078689772286	0.211111948251996	0.0394633504701022	0.523754290632001	0.0449351370709048	0.600670461272408	0.0480886741079548	0.674788526120978	0.0609561555245948	0.768508292813224	0.0887413371658668	1.58359541983219	0.117239935482767	2.41087042704267	0.147719893573319	3.20833124983265	0.166403881040053	4.00403519315047	0.181337514917718	4.83209321750907	0.208091744911163	5.63620566904755	0.204672769118331	6.44296043471771	0.248739019591393	7.28556479545538	0.278766903763649	8.0449225994125	0.270016705930276	9.69287450407075	0.358369164002947	14.6923233989656	0.360997975570955	16.241566778081	0.42089766809289	20.2941997887644	0.571507900793574	32.4682249523716	0.58586623984697	40.7181535433985	0.667778304938264	48.8625162654025	0.744076172210332	56.9989278876965	0.825933199726296	72.6058256534392	0.9268715729443	81.7242847361112	0.975473290062661	96.8614319281265	1.07480598616143	116.991239652861	1.19948591441168	142.422706210815	1.24831258733526	162.076935670206	1.39446828931975	196.65007056951	1.57314470385246	244.057070803013	1.68387459025018	275.365993601814	1.83912190754025	325.411117498997	1.89584287609127	356.926341206307	2.05169884333316	406.676173131694	
0.0290280823288629	0.209511441379709	0.0395092337619706	0.521942460856805	0.0448470390803122	0.59716676770546	0.0480749360405691	0.671197521066807	0.0609171943925603	0.764763153880275	0.0885762328203882	1.57708477685294	0.117057870088427	2.40116627910674	0.147562715877282	3.19531368916427	0.16622701888675	3.98777337044751	0.180998383871263	4.81279854298592	0.208002273810601	5.61232702502987	0.204470391796887	6.41582309316623	0.248474646192374	7.25538435753588	0.278478084610912	8.01136239203025	0.26977989870457	9.65305953457448	0.357949461108834	14.6329171287203	0.360745280884336	16.1741800050728	0.420562225235255	20.2107383888819	0.571091654698287	32.3355971734652	0.585310225149276	40.550757631788	0.667094578775987	48.6602888911558	0.743447648706636	56.7653596476574	0.825127139294129	72.3104473997038	0.926149104822353	81.3910649853215	0.974581925564097	96.4595774321379	1.07398695587809	116.491320619714	1.19812530064932	141.840726486871	1.24736562924417	161.410198145417	1.39313052219852	195.816887082091	1.57201167808721	243.054580330152	1.68243049892599	274.199977793778	1.83748623719007	324.078149088876	1.89431574208605	355.426599008025	2.04979516435873	405.008316040808	
0.0290500387926719	0.208225532347801	0.0392842678051094	0.520602636981537	0.0447734155189455	0.594437934483788	0.0480830352466187	0.667512510644726	0.0608529311789759	0.761654050027918	0.0883983842102002	1.57068752239176	0.116867642687796	2.39122767072379	0.147591177290247	3.18127423484942	0.165981136976063	3.97049314655757	0.180809303106268	4.79366731556685	0.207699929493714	5.58896293671023	0.204210690045788	6.38894838456832	0.248181747986444	7.22623489365752	0.278298508609832	7.97903804964582	0.269561135769391	9.61242686389652	0.357487731616957	14.5731355354952	0.360402641347883	16.1081157100578	0.420073761756306	20.1272583625487	0.570575469611268	32.2019151374545	0.584817065927438	40.3846320441089	0.666666897483084	48.460114151766	0.742806202659804	56.5336875802902	0.824357319062336	72.0119175505257	0.925491034859727	81.057331144495	0.973768673301952	96.0587660173833	1.07316796061248	115.991051409295	1.19712808962588	141.258150716507	1.24637376143382	160.742357934752	1.39211144058387	194.984627466622	1.57068527591888	242.053177642006	1.68093270569102	273.034379218236	1.83580111858782	322.743988585915	1.8925735483461	353.926499181891	2.04798404224762	403.342574914711	
0.0290381065510289	0.207039900558969	0.0391285801233203	0.517696037571879	0.0446585866699127	0.592215624303327	0.0478390702859054	0.665168837497024	0.0609065487352299	0.757532889623328	0.0883769677461481	1.5642996975712	0.116772526075649	2.38060314329721	0.147381357004643	3.16717564155389	0.165760713559641	3.95328649714753	0.180699819201928	4.77210161105337	0.207312923519156	5.56638535026749	0.204118714537329	6.36282897854255	0.247809114170261	7.19635992952799	0.278155425925138	7.94557842509686	0.269247955109797	9.57237068186488	0.357192034361804	14.5128594100064	0.360004466196332	16.0426157964961	0.419693997050596	20.043636775191	0.570188166283003	32.0686242569065	0.584483458206113	40.219154656911	0.666209663331198	48.2621559599985	0.74213440625956	56.3008383212446	0.823677771878457	71.7087832427574	0.924730120469965	80.7243125593718	0.973219899224291	95.659802346529	1.07233975031452	115.489709315321	1.19642745136201	140.674800085798	1.24535940387708	160.076588985394	1.39101424077234	194.151384374562	1.56946632674595	241.050448750576	1.67959194632388	271.867320328966	1.83456406023776	321.40848697851	1.89092041058135	352.427144413782	2.04643644710303	401.679098765008	
0.0289718216383992	0.205957892953556	0.0392104753018304	0.515015749537104	0.0446326824475749	0.58977812041069	0.04781044528615	0.662654266664998	0.0609261755756499	0.754532110222785	0.0883315213726359	1.55719487081756	0.116693736107069	2.3704212269032	0.147190063268769	3.15425796522689	0.165720721046075	3.93711780669761	0.180555915632038	4.75139831120302	0.207229850732755	5.54218819394442	0.204054748226499	6.33628721774925	0.247649827828962	7.16577529763031	0.277732839618461	7.91273254209542	0.269006357483807	9.53271124323118	0.356896943790548	14.4533376557673	0.359433401610895	15.9756965473982	0.419465190211839	19.9601977270492	0.569908233248709	31.9348341874822	0.583922258244826	40.051315435776	0.665395578422778	48.06293862017	0.74159507991956	56.0666032542738	0.822970158025611	71.4089197397157	0.923921233959855	80.3912567213474	0.972512512943145	95.2598924519838	1.07143559435949	114.990669450642	1.19526440954692	140.090704397065	1.24437140080513	159.411028652283	1.38989637940645	193.324667990794	1.56821836192128	240.051385544626	1.67825545551661	270.698503102759	1.83326508945454	320.078200777276	1.88919272703342	350.927461820142	2.0447182608686	400.020778416833	
0.0287702562235738	0.204807535005563	0.0390873596609218	0.513806834685012	0.0445751610606619	0.587462852600165	0.0477412099916206	0.659243763558746	0.0607999802779901	0.752287448301595	0.0881398623167426	1.5502041310739	0.116432718053724	2.36125701320426	0.14702228995361	3.14033096810759	0.165658292718427	3.92020731785223	0.18028685702852	4.73169012947639	0.207010809419419	5.51798172439605	0.203780518169163	6.30917641888988	0.247536798918002	7.13645866135774	0.277505522837562	7.87805754164431	0.268691788274637	9.49289813637996	0.356620754291666	14.3935253288987	0.358980260758371	15.9073356110233	0.419103498984887	19.8777402928544	0.569476795957967	31.8017780002119	0.583318246467338	39.8841318657024	0.664834793246413	47.8613929740155	0.741215441556663	55.8339253585737	0.822395657611017	71.1080578589215	0.923294283643462	80.0578283543109	0.971744064602012	94.8612417054997	1.0706433733083	114.490959033741	1.19415577052107	139.508277638306	1.24323926666444	158.745229900605	1.38868172513798	192.492721299696	1.56690213283974	239.052843879294	1.67680504243298	269.532040259909	1.83154259514268	318.744904541623	1.88755266965351	349.429179935587	2.04285720297551	398.354173023428	
0.0285747667325012	0.204288832011885	0.0388234786521185	0.510534807597496	0.0444678703685814	0.584892286001	0.0476582803029085	0.656352996632105	0.0607280802949454	0.748238989262033	0.0880413857459366	1.54362061210664	0.116271433909059	2.3506504137364	0.146906246147722	3.12752085953284	0.165422707574177	3.90455132045528	0.180082791906084	4.71233585031129	0.206736205668894	5.49460785718984	0.203470743545392	6.2828083497485	0.247256250416151	7.10659394177604	0.277397236520938	7.84451596071267	0.26831715246126	9.45348456689428	0.356258190642444	14.3334345365936	0.358749969894903	15.8410105456997	0.418647689025903	19.79514316028	0.568844096828634	31.6690831660833	0.582762620710322	39.7196677574175	0.664269684748407	47.6621532824463	0.740583739291851	55.6003124150532	0.821764708920125	70.8077920245468	0.922598138582904	79.722857717164	0.971049802664138	94.4619651102751	1.06960117396479	113.992194840531	1.1936825789489	138.924196850733	1.24204487534989	158.078999015272	1.38753594309377	191.654173394502	1.56572541556591	238.050711034284	1.67540998931701	268.366769509897	1.82997797266778	317.410863247947	1.88602624844766	347.931404690489	2.0411317712901	396.681905189038	
0.0284868999252737	0.203020778179114	0.0386243028946116	0.50822524413747	0.0443463543498711	0.581329569868689	0.0476715404941357	0.653354079876623	0.0606205999710369	0.745291004207431	0.0880263179798346	1.53741043705875	0.116251540707487	2.34039864815261	0.146922233641456	3.11543881234622	0.16522321166291	3.88725340143726	0.179876950309116	4.69255642241108	0.206678659214876	5.47207963084121	0.203377637082451	6.25662980474205	0.246909637921572	7.07571175232991	0.277222710238182	7.81171664383774	0.268106291352858	9.41341441502468	0.355999759666489	14.2733884477698	0.358519457245694	15.7746296010243	0.4182197393548	19.7113390337063	0.568576245519078	31.534983897579	0.582214599109018	39.5519216685356	0.66361806981442	47.4616842451369	0.740100709236302	55.3670012200325	0.821197837137561	70.5079508732458	0.921898712074182	79.3911429835834	0.970237010364753	94.0611015414588	1.06861821098633	113.492238554483	1.19273685421402	138.340622702616	1.24098433621904	157.411203508088	1.38630816075675	190.821630656984	1.56441968441649	237.051781938778	1.67415957268107	267.201230538997	1.82874619545225	316.077119977479	1.88430360288339	346.431364468998	2.03945176542799	395.014673946893	
0.0284887799177666	0.202410747369801	0.0386167925405516	0.506021735030591	0.0443138685087172	0.578769888101598	0.0475843357466682	0.650012902091226	0.0603726952015035	0.741418157672504	0.0879140186000159	1.53035706587492	0.1160733137737	2.33096341959733	0.146592073821652	3.1019288148899	0.164990881601662	3.87087888870812	0.179726827416532	4.67265545692066	0.20649449817304	5.44922590726822	0.203289302160511	6.23048432168542	0.246773994996686	7.04516157936585	0.276804905065129	7.7788078965655	0.267886143500262	9.37298849794847	0.355636552918654	14.2129074313244	0.358353862454174	15.7093587928052	0.417832233885822	19.6278180291818	0.568177090689018	31.399699986816	0.581738184196911	39.3843357671289	0.663022121942979	47.2616100885804	0.739505054705318	55.1344350830361	0.820621201697972	70.2079756115006	0.921166172455264	79.0585937850156	0.969479645833308	93.6607520626793	1.06784577069989	112.992535588162	1.19132906146599	137.757495589315	1.24013104714177	156.744555390262	1.38508695200879	189.987016658159	1.56311525939459	236.053433988532	1.67276138103712	266.035512754171	1.82738570089424	314.74361512558	1.8826492409475	344.930608991803	2.03790091377432	393.347383100105	
0.0284276991818545	0.201582918055609	0.0386875514264373	0.503291271994491	0.044078108331105	0.576232907321185	0.0473420100679412	0.647192566430945	0.0603054703035438	0.738367319685954	0.0876924940226906	1.52416202481814	0.115768493858778	2.32098662699063	0.146421200954363	3.08716502447705	0.164962806536264	3.85377002816378	0.179575204270963	4.65184086402793	0.206225821458349	5.42569883750575	0.202910451760302	6.20365804185909	0.246539882785675	7.01477625048967	0.276555723577524	7.74450123417516	0.267691667452637	9.33277678505425	0.35538202929784	14.1524413160395	0.358069946979688	15.642677962275	0.417592069539135	19.5442672223364	0.567628031172317	31.2673441540885	0.581127818884411	39.2215703911395	0.66236836341583	47.0621133519928	0.738925828448478	54.901295251361	0.820047104490758	69.905355393769	0.920251868751044	78.7246960314237	0.968466427801815	93.2609837291588	1.06702541864281	112.492191871941	1.19030456411131	137.174934720111	1.2391658440223	156.078369208411	1.38400715776639	189.152521868617	1.56195388134121	235.052523038682	1.67130925327222	264.868006830087	1.82565716075635	313.411659994371	1.88118125092013	343.430598572632	2.03631361378715	391.6807777067	
0.0282623035201232	0.200259174045905	0.0385435954347055	0.501302083484916	0.0439035885821249	0.572926828753652	0.047097017482987	0.643756451955108	0.0601122777813673	0.735342558730254	0.0876304487421863	1.51706348449159	0.115624086984694	2.3098638420103	0.146171485548232	3.07411370336693	0.164706183673565	3.83703369663158	0.179351563405705	4.63270265168988	0.205957831474732	5.40212566727804	0.202633423229962	6.17724713188131	0.246363698614851	6.98491339355304	0.276277262146288	7.71195570268976	0.267450032201214	9.29349360072282	0.355154768259538	14.0921977868393	0.357684661961248	15.5756059762821	0.417434895839137	19.4607238660712	0.56737266716102	31.1334274248001	0.580770603043799	39.0557055737689	0.66190540567553	46.8622738887139	0.738288245387999	54.6673731087604	0.819280018703543	69.6067659399489	0.919493008920006	78.3915954899178	0.967531172864164	92.8614761659467	1.06605774408988	111.991691693534	1.18983142916356	136.59028768844	1.23806108710993	155.411646584782	1.38286081096817	188.319621503248	1.56077279566973	234.053146908362	1.66983533041697	263.700173080472	1.82422766082988	312.076992851954	1.87980514667997	341.930319932572	2.03442744644202	390.015155789887	
0.0280545095479588	0.200003496907486	0.0384752076087956	0.498511841183897	0.0438342385311903	0.570663889627803	0.0471455247325614	0.640716149554682	0.0600817506105475	0.731386067790567	0.0875697731519756	1.509910461797	0.11563621882624	2.29995852840781	0.146065537151021	3.06039392551064	0.164416560265555	3.82061098796149	0.178978813139263	4.61308713655502	0.205849401699494	5.37911361887488	0.202513101076601	6.15037707989605	0.246166140387159	6.9550598498417	0.275919059749694	7.6787382219987	0.26724148683222	9.25300342239202	0.354883115617099	14.0324916307392	0.357220469522797	15.5086215346071	0.41700302344607	19.3774934341762	0.566953428513834	31.0011665869707	0.580130674662703	38.8861638950484	0.661351650960164	46.6631832087495	0.737629409659818	54.4345201244247	0.818349912696145	69.3081094309066	0.919054640787999	78.0572730532521	0.966746634636214	92.4622889776851	1.06510176481812	111.49247301493	1.188665037224	136.007860929681	1.23685833450935	154.747174036387	1.38180866690727	187.486020783335	1.55950473106448	233.054992673202	1.66850750242306	262.535677190805	1.82283378196053	310.745365546276	1.87832312206957	340.429683664661	2.03272174823055	388.350189524135	
0.0278420902058731	0.198253047107808	0.0384511007895548	0.496290200391505	0.0437946874703298	0.5682705653477	0.0470644455643483	0.637510071743849	0.0601250994360814	0.727634060353956	0.0874348925786192	1.50356908668765	0.115499884458346	2.2899652048262	0.146082942088615	3.04777986032854	0.164366417124614	3.80363041709571	0.178870534965875	4.59310654298825	0.205834673487803	5.35586548021027	0.202253414086965	6.12335475667707	0.245810546325331	6.92531759917275	0.275691853927149	7.64522737471056	0.26697148491246	9.21316982644514	0.354542135423895	13.9725712704571	0.356965104559727	15.4406526850174	0.416462654135202	19.2946597456791	0.566261516488774	30.8694291524034	0.579420391834192	38.7198557681534	0.660787362046399	46.4625688851254	0.737101829264931	54.2010599177991	0.817753995942637	69.0076796837665	0.91839665887319	77.7249324709311	0.966042570167333	92.0609932752147	1.06430009180611	110.994058998991	1.1874996248146	135.424733816379	1.23576358081054	154.085011167867	1.38070931703862	186.651540894954	1.55812924326614	232.057866618115	1.66719883044235	261.370615057041	1.82119264447325	309.417046298226	1.87664080298824	338.931103756897	2.03119597797863	386.686743176753	
0.0279054324956845	0.196928968404069	0.0383644054406104	0.494676247550185	0.0438324748157829	0.565563676413151	0.0467900240852694	0.635050856394722	0.0600596540278109	0.724978219535603	0.0871781718106224	1.49690675455126	0.115406544809675	2.27976093669146	0.145845769976512	3.03435112076299	0.163964967940502	3.78678698347252	0.178781570283601	4.57325866288205	0.205543650543529	5.33297450373606	0.202100065893338	6.09705327709661	0.245556077623408	6.89613460768329	0.27542533052631	7.61153585085153	0.266560743250726	9.17329059569426	0.354186811503856	13.9128427626162	0.356763229631561	15.3743853616907	0.416225645452831	19.2113846103026	0.565820611832556	30.7355496760162	0.578914641992589	38.5523071196479	0.660144090648024	46.2627927517787	0.736538963481952	53.9680243942474	0.817163252904323	68.7078087301446	0.917582077590366	77.3919809410301	0.965402502885565	91.6609194679042	1.06325660868681	110.494490143115	1.18687058901114	134.839311924363	1.23479007872798	153.415412620264	1.3793169295712	185.818864046992	1.55686391459559	231.059637877153	1.66576716630828	260.203109132956	1.81971758636508	308.083213620796	1.87495670664076	337.432106616639	2.029486520827	385.018439051052	
0.0278962554642019	0.195476076152847	0.0382648686201637	0.491874014471588	0.0437638510887745	0.56285870833132	0.046611795111295	0.63245723956293	0.0598682572643647	0.722185765343575	0.0867939165642158	1.49002288406795	0.115353860927604	2.26999788260549	0.145777537320598	3.0209142321253	0.163661970137838	3.76995775251792	0.178584707133952	4.55237049550942	0.205189468893499	5.3095717655314	0.201809970622026	6.06943304481313	0.245352846322819	6.86616837394579	0.275151078562529	7.57782290657431	0.266276446591699	9.13315897653766	0.353781723482415	13.8528069183403	0.356437864254623	15.3083834652852	0.416059893765492	19.1272191305871	0.565350429988842	30.6011300325614	0.578244322410852	38.3842704581365	0.659572947741425	46.0625062536853	0.73587001179488	53.7340128446839	0.81626866859939	68.4086381310656	0.916865344474269	77.0582545507839	0.964493782122665	91.2620973580745	1.06235448108252	109.993356665388	1.18577830300857	134.25706397953	1.2337482438432	152.747021066661	1.37798081454638	184.987349489548	1.55552441416101	230.057341119378	1.66424746771437	259.038285417759	1.81832601524323	306.746698734478	1.87316594311293	335.935672475985	2.02769738156087	383.351148204265	
0.0278349546625858	0.19457516712385	0.0381341379678189	0.489508164206132	0.0436365722409532	0.560080864261487	0.0465149448596235	0.630074159830662	0.0595452961373321	0.718543362927259	0.0867347994579358	1.48320117936355	0.115108821290494	2.26021107979499	0.145625579929166	3.00798957087932	0.163607929094681	3.7533026788765	0.178428507690428	4.53184414693985	0.2051689501313	5.28511197625477	0.201554121324602	6.04268732438568	0.245104841407035	6.83601215041208	0.274969444417134	7.54561637648997	0.266017163644737	9.0930012803502	0.353673317595644	13.7931761993652	0.356003040497379	15.2432979902496	0.415626304828502	19.0429642439087	0.564793743702757	30.46773484389	0.577623292383828	38.2190128630557	0.658911731331509	45.8625550317028	0.735315340404934	53.5008879141693	0.815476152723247	68.1096910493939	0.916019378304538	76.7276499536594	0.963547444734476	90.8620011990232	1.06152963966644	109.492431803908	1.1845286103472	133.675456784597	1.23261706688094	152.080745477847	1.37689220725081	184.154583234623	1.5541666359155	229.055923530071	1.6627216934921	257.875100830216	1.81649809405151	305.412657440801	1.87161432006786	334.439804579429	2.02590948434726	381.685079252637	
0.0278527272644905	0.194200615395577	0.038048462216281	0.4867931844071	0.043540522376637	0.556515121330953	0.0464879609695752	0.627064649281397	0.0594364588065798	0.715523025753578	0.0867934313335273	1.47668529769506	0.115045570418737	2.25152603153793	0.145430713663171	2.99441740764409	0.16370601950425	3.73646297054343	0.178198166733393	4.51149474965105	0.204922538853956	5.26175673549916	0.201323135656609	6.01741635318508	0.244885046659562	6.80569760204821	0.274693338911876	7.51224895287151	0.26567698745065	9.05232576883585	0.353372451040345	13.7345708664959	0.35573719231709	15.1755694218728	0.415159192495885	18.9597040096927	0.564333261385773	30.3363643503996	0.577217998493656	38.0518963482043	0.658439764325847	45.661858751696	0.734662880452907	53.2679417975805	0.814857397888334	67.8079947036124	0.915303659253204	76.3974253361274	0.962930346664334	90.4618826882312	1.06066312168146	108.989905067675	1.18378573273365	133.091584613271	1.23168704620058	151.412890366021	1.37578465404843	183.320282160168	1.55289388350389	228.054625150048	1.66145777748676	256.708131347909	1.81505085301785	304.078049903026	1.87014390554007	332.936754323519	2.02441554167771	380.017132754788	
0.0278744860638137	0.192617614476478	0.0378995510209156	0.484333823538828	0.0436102559054679	0.554943281730304	0.046516542380531	0.623193898222164	0.0595116248360474	0.711922125397522	0.0867106413926827	1.47012331556132	0.115038418897454	2.24118672163628	0.145239043108362	2.98072044718979	0.163589865470517	3.72020766709818	0.178032976223128	4.49220333475675	0.204653797226081	5.23887879754038	0.201006544712001	5.99099938961085	0.244716593147157	6.77583521077284	0.274485304329653	7.47801959025119	0.265516440092774	9.01161393574282	0.352963514337085	13.6743683154871	0.355427350376206	15.1089472646621	0.414791389374301	18.8769746293191	0.564151188811663	30.2016764860561	0.576840105673666	37.883617542835	0.657744781741973	45.4607824920969	0.73403929844785	53.0349807798313	0.814034018051841	67.5084590261015	0.914626580667912	76.0605100975371	0.962204871947968	90.0632319417471	1.05954837374402	108.491304787231	1.18299051447113	132.50815947676	1.23070916826978	150.746123038911	1.37461341833537	182.486159899638	1.55150129859046	227.055666252222	1.66006715088297	255.539522737949	1.81373507569218	302.743025132757	1.86848333211333	331.434449125634	2.02264351889818	378.351481035654	
0.0277636236608818	0.19165810488764	0.0378990241339009	0.482781483503659	0.0435357302534116	0.552140408367467	0.0464834030332353	0.620348067607613	0.0594271132697453	0.708933977058798	0.0864576958484348	1.46436227080371	0.114775755872326	2.23028233178933	0.145056461866092	2.96707983174858	0.163159609367331	3.70494259233335	0.177841223412171	4.47250772588428	0.204568137554433	5.21553938926779	0.200909751291409	5.96303689629745	0.244564792022943	6.74543172110732	0.274283336472918	7.44451386523698	0.265315341710073	8.9716872075429	0.352596514693656	13.6131627301131	0.355198869654581	15.0427106749789	0.414392442764624	18.7941781937232	0.563639010582871	30.0688531294183	0.576311629398767	37.7182332878901	0.657061456068774	45.261371437182	0.733565232078157	52.8007084599592	0.813227964808325	67.2084614126155	0.913913139561758	75.7256959225754	0.961235414363294	89.6692378079149	1.05863245483852	107.993933852526	1.18178230961704	131.925494299433	1.22963262804499	150.079176897875	1.37347287447424	181.654347318984	1.55017791574081	226.055902691729	1.6585886805542	254.371688988333	1.8122590246428	301.410026920314	1.86675149027412	329.935422183055	2.02070650627636	376.684994851533	
0.0278306063189339	0.190310131940231	0.0378444636426491	0.480415836965006	0.0432121870381254	0.549771414888471	0.046447188208499	0.616424696825413	0.0591012349173494	0.704905250415348	0.0862371945617925	1.45702927003013	0.114353126334791	2.22060612352931	0.144948330084962	2.95473026216511	0.16292278468512	3.68803955406822	0.177644870414834	4.45333924556399	0.204335830290224	5.1921156963062	0.200807523245601	5.93712470953469	0.24416992732148	6.71503940731216	0.274119090713754	7.41122746667866	0.26505117280913	8.93264057913418	0.35227491555902	13.5526994087957	0.355079578030071	14.9759767590645	0.414172560682439	18.7101673135478	0.563083666745894	29.935675870219	0.57561181805281	37.5518022264211	0.656633211622569	45.0622807572176	0.733007799049015	52.5679150802655	0.812675267679712	66.9078454009693	0.913183833838253	75.392640084551	0.960464143529767	89.2692534075673	1.05768915112314	107.4952888686	1.18078343010592	131.34141351186	1.22863966000507	149.413244035752	1.37243100184781	180.822624145293	1.54900565057307	225.054723520991	1.657355265404	253.204391680496	1.81053447292295	300.07911487034	1.86516125963579	328.434547496576	2.01903917075523	375.018389458127	
0.0278296904359391	0.190374014845049	0.0377346042930515	0.478520741134828	0.0431231390228341	0.546673021245213	0.0464261239968352	0.6133355581998	0.0589216963175681	0.701765471127146	0.0862862760212163	1.45052060611125	0.114258169459018	2.21065796909042	0.144748880675791	2.94151479545902	0.162933796960522	3.67114000826258	0.177498168977298	4.43332978099878	0.203919443052871	5.17003869572354	0.200389355267099	5.91011775313747	0.243875768157168	6.68485710674761	0.273916166097693	7.37819438784861	0.264855508111588	8.89294668156686	0.351992780351288	13.4932270146507	0.354676143630081	14.9084996477709	0.413736781399893	18.6273522515013	0.562853155383153	29.8010699622582	0.575063274648928	37.384726689761	0.656245504510747	44.8625418767721	0.73234957242617	52.3357922527935	0.812096178813404	66.6073933020884	0.912473366602245	75.0599195226375	0.959603340850142	88.8641877114939	1.05674424225003	106.994505568145	1.17990402546875	130.758569520608	1.22758258301932	148.747206865506	1.37127799652389	179.992644407379	1.54771773205641	224.05501956514	1.65605847347886	252.038763302633	1.8089261964543	298.74960352945	1.86364735800726	326.934358263479	2.01738008923178	373.35109861134	
0.027652398731907	0.189776382266921	0.0375349988058456	0.475961001160079	0.0432022514444084	0.544535461415017	0.0464024899140243	0.610934026639899	0.0589740815506973	0.698598858108538	0.0863560611045789	1.44388574798951	0.114184114919405	2.20087023495739	0.144705979932853	2.92714355749272	0.162827157719868	3.65523371793558	0.177210776412828	4.41278853126872	0.203723132261915	5.14590067838115	0.200308442613571	5.88250916238562	0.243793962036417	6.65481450456261	0.273379678897244	7.34521532572532	0.264687871564091	8.85264090509707	0.351792107783844	13.4331259777977	0.354237573170842	14.8422276678316	0.413128169811367	18.5448203115041	0.562312135342707	29.6679001536391	0.574553495914586	37.2188134436189	0.655682332721324	44.6621249935244	0.731738653180547	52.101259162613	0.811625625552618	66.3084313192562	0.911801719784168	74.7255300307497	0.958667054097298	88.4636296164676	1.05574741171251	106.494526930355	1.17897640718145	130.175829837478	1.22638654407872	148.079262346717	1.37012357901227	179.158596652652	1.54654568023721	223.0562543824	1.654564990527	250.87098915766	1.80743163960622	297.419764363031	1.86216700039442	325.435241913938	2.01577125518652	371.686102543267	
0.0274665715088453	0.188131943164647	0.0372882952881839	0.473718056364804	0.0432196669466817	0.540910695919119	0.0462992618547508	0.608664393633363	0.0590708595753999	0.694882997627638	0.0861514430762872	1.43688173689978	0.114143798692657	2.19021241275036	0.144511050616318	2.91420189961056	0.162577463029849	3.63742776247725	0.176998149554632	4.39264961287178	0.203484235957413	5.12242902230925	0.200186724692884	5.85595436307689	0.24352433222076	6.62490228753186	0.273256709078207	7.31071587957119	0.26452876504082	8.81343688318072	0.351507476867347	13.3735995669459	0.353898690729364	14.7749722113002	0.412744009941212	18.4619493701058	0.561796472189232	29.5358199923806	0.573885326389971	37.0520135784278	0.655143427702886	44.462330233727	0.731299478304792	51.8682273643514	0.81089648658238	66.0100877345841	0.911191301435956	74.3927647653547	0.957983583775385	88.0633024894288	1.05484505300925	105.993430705529	1.17793329945801	129.592926241584	1.2253082474494	147.411690356941	1.36885008921999	178.323833642222	1.54530515677306	222.055537147636	1.65305215784686	249.705718407648	1.80594995750695	296.093054440313	1.86041510198801	323.936691808494	2.01402251690914	370.019526952183	
0.0275017145515589	0.186856977172471	0.0371861297399161	0.469918260440853	0.0431704875179532	0.539304106346556	0.0460598139686092	0.604350973333908	0.0590068384969545	0.691626279154215	0.0860789418663154	1.42975060028466	0.1140842651484	2.18073387769742	0.14420397641473	2.90175686946773	0.162523930098828	3.62023904102592	0.176985144024859	4.3726382856615	0.20329557046916	5.09914502772722	0.199932616479734	5.8299876939461	0.243144890465643	6.59489460994175	0.273264214254736	7.27886511469346	0.264188255954207	8.77381656009329	0.351160181247692	13.3131688419172	0.353536087385435	14.7084571561805	0.412623494812059	18.3778919238038	0.561432986100006	29.4030990812212	0.573259986321386	36.8866554005138	0.654360258163824	44.2631873997009	0.730588563201461	51.6354824134292	0.810040701088695	65.7094642723577	0.910634697502305	74.0584572298495	0.957234600777515	87.6632659350194	1.05406196117777	105.493377561937	1.17694880645926	129.010499482825	1.22436938391356	146.745861802941	1.36754018983723	177.489368655001	1.54410679219232	221.056146116156	1.65175902774239	248.539851611217	1.80449429979103	294.756211728465	1.85868898831816	322.434952854707	2.01244878185649	368.353696419123	
0.0275766303899447	0.185757987482793	0.0372430947052493	0.46870279722722	0.0429658080572902	0.537461892173806	0.0459290951673443	0.601866612276461	0.0588093600253689	0.688260013868157	0.0857405658692523	1.42336906189118	0.113984157654233	2.16999596175277	0.144066378140239	2.88848645473234	0.162341126800155	3.60427151624256	0.17685729490496	4.35282579581146	0.20328856830584	5.07594345518913	0.199721158879579	5.80270366909608	0.242915092952806	6.56456329777233	0.273184531526181	7.24577848481791	0.263895054655177	8.73405560730378	0.350880984668279	13.2538687424403	0.353292499194256	14.6409548991785	0.412182762296209	18.2945869861064	0.560951868154366	29.2689010925286	0.572810115269786	36.7196580949463	0.653648088443797	44.0634522445455	0.730026951260979	51.4012771487794	0.809306667185947	65.4100478041306	0.909816992592662	73.7249096535291	0.956539128824605	87.2624470696846	1.05326718313678	104.994225938555	1.17584943549585	128.430889043398	1.22348197090349	146.079392499041	1.36639804603377	176.655365603756	1.54288013343797	220.057753462428	1.65023232588209	247.372300983651	1.80290505066173	293.418325935383	1.85713281008705	320.934614610006	2.01078045339415	366.687925490705	
0.0275048279571149	0.185281499593188	0.0372710542051797	0.466503682798531	0.0428547440972383	0.533970480422727	0.045858211842217	0.599020257792987	0.0586370520918381	0.68557314836801	0.0855381377121219	1.41720370674007	0.113893276531273	2.16021754084504	0.143818725791149	2.87526819405866	0.162056043042555	3.58792703866502	0.176451637341882	4.33259141685516	0.202999375852809	5.05293746038241	0.199472560813173	5.77620521480045	0.242724732032554	6.53549625593791	0.272807256376628	7.21229464588316	0.263622088123196	8.69430955567475	0.350612959946373	13.1942631691734	0.353019177615946	14.5752007345661	0.411761793036249	18.2114645876249	0.560387540011471	29.1346174221633	0.572247614396378	36.5511855744907	0.653002358403296	43.8632514281249	0.729494307922987	51.1684241644436	0.808462910145348	65.1096478593115	0.908975812315035	73.3919208707269	0.955697553331589	86.8629246053121	1.0523819714675	104.494463367592	1.17491693568709	127.846942366269	1.2224503165561	145.413787462449	1.3652788946697	175.823359308016	1.54156473163282	219.055486506974	1.64876457428456	246.20641928606	1.80131218914752	292.08473167652	1.85565998350364	319.437495015969	2.00903628047169	365.021171085695	
0.0272377598474908	0.184321902692862	0.0372480761372607	0.464363212585427	0.0427113238371787	0.531171448765328	0.0458372265426797	0.595141997945852	0.0585832466179797	0.682478538222532	0.0855909082683304	1.41018386316733	0.11379079353007	2.15049732759546	0.143729866112579	2.8611914868426	0.161869899360465	3.57125729669375	0.176257812975564	4.31314773072715	0.202628868513817	5.02908256508926	0.199258420261847	5.750739597191	0.242687016614346	6.50565155979062	0.272386349043742	7.17857518234822	0.263506397733886	8.65295417871323	0.350265239661086	13.1335316269673	0.35270786647295	14.5096281778471	0.411490472908013	18.1279696601313	0.559772213482451	29.0010005787296	0.57173445448669	36.3849780304289	0.65235708944314	43.6629872817722	0.728846840133548	50.9355786306881	0.807889653273403	64.8099929725167	0.908212463125006	73.0582391839621	0.954954054869092	86.4626123794338	1.0514061667275	103.995684273222	1.1740660263892	127.261088340599	1.22125451480589	144.748018513091	1.36416444277099	174.989833093906	1.54032283200568	218.054888481494	1.6475315649698	245.044158570466	1.7999112608182	290.750839394448	1.85397233560408	317.937633608403	2.0075139944547	363.354714703895	
0.0271075332560262	0.183736653794005	0.0371084367005268	0.462409472539664	0.0426731499754	0.528648554238187	0.0459016147281195	0.592453910084884	0.0585888497078104	0.678743585629759	0.085418530340092	1.40364947146355	0.113743537791789	2.14102251783264	0.143787611534977	2.84762398022002	0.161625086145345	3.55465880089605	0.1762193771706	4.29278063831027	0.202475653900947	5.00599275125481	0.199055120733144	5.72372938116492	0.242624469735169	6.47628416644014	0.272103668747427	7.1450173032723	0.263035898518611	8.61265771546874	0.349782895533144	13.0729863492673	0.352401926578669	14.4426390795594	0.411190894182691	18.0451173451836	0.559274265917931	28.8691159952025	0.571123061698381	36.2188449921696	0.651716856362435	43.4646602862827	0.728160278862396	50.7071326645661	0.807495440067322	64.509332257389	0.907535342333333	72.7262934823939	0.954202864444629	86.0619127233828	1.05056973968476	103.494655103618	1.17318626088199	126.677305576235	1.22026722129115	144.079910081537	1.36304016375437	174.154533641698	1.53899282788325	217.057673019444	1.64613014390079	243.878902721615	1.79857367946149	289.415576205612	1.85227607134668	316.43753378227	2.00575382070022	361.693354518981	
0.0270628421574682	0.182721497683976	0.0370573546612657	0.45936535753763	0.0426113959398333	0.525458774571635	0.0456744774334167	0.590090097087463	0.0584503434752869	0.674552750658365	0.0853295178751328	1.39792183790171	0.113368237043162	2.13099566663994	0.14360656554014	2.83454704774032	0.161325795542048	3.53713736447074	0.176134782600193	4.27243263800526	0.202230388991474	4.98254251560111	0.198790652703017	5.69676899089421	0.242360744603603	6.44644226426044	0.271899828070837	7.11204988268065	0.262739150230982	8.57198686056705	0.349539172041159	13.0136583101145	0.351914913698641	14.3764853775814	0.4107880928376	17.9622147388193	0.558765017097365	28.7365571341634	0.570593633329504	36.0516129933245	0.651192030127023	43.2627756387272	0.727354303308567	50.4745702528599	0.80669342739591	64.20985618452	0.906767279521834	72.3942732750233	0.953238084456709	85.6620698840598	1.04966143288904	102.996196384198	1.17221053176257	126.093642021156	1.21924789578621	143.413798405489	1.36188703746911	173.321216043835	1.53754348299731	216.057879656631	1.64467414990737	242.709131821137	1.79687878466718	288.083680679045	1.85068253230714	314.937910793271	2.00398938557453	360.029133311253	
0.0269913076050263	0.181839942701314	0.0370800800846581	0.457211063005715	0.0426392577032817	0.521963288284486	0.0455328358714212	0.58769397883977	0.0585227673127379	0.671088929337249	0.0853611897112624	1.39043167645113	0.113032298087367	2.12070734664683	0.143383949720518	2.82107453601584	0.161111898045532	3.52060988201599	0.175764048661682	4.25311747438645	0.202061140184879	4.95835932911599	0.198601170162561	5.67028683474286	0.241862014789118	6.41560338131197	0.271741997017112	7.0782810590516	0.262580076304001	8.53245687576507	0.349343459040013	12.9539838189804	0.351514562785467	14.3100057127178	0.410375346096616	17.8787216739708	0.558286901575642	28.6018934842056	0.570090048073654	35.8851558548246	0.650781465934814	43.0619601494365	0.726752723389032	50.2375933723596	0.805762788279098	63.9097095594291	0.906006501608664	72.0621636606898	0.952517005091052	85.2626666289711	1.04876384854985	102.499652463901	1.1711343258301	125.50975494867	1.21824128681585	142.747850642205	1.36076694680801	172.489507771304	1.53617329246284	215.057803171768	1.64336758897883	241.541149059917	1.79519411485182	286.749579780726	1.84904518851018	313.439777920322	2.00237785407566	358.359279464862	
0.0269073505030743	0.180128361065364	0.0368649425990516	0.455357207301336	0.0426553132737738	0.520569156664166	0.0455974116717963	0.583129741741352	0.0583942567064058	0.669259986510557	0.085119047634055	1.38350158908726	0.112890495389112	2.11082764441393	0.143259333654924	2.80758502765519	0.161045802914633	3.50398763749376	0.175378666843847	4.23248821467726	0.201775992541469	4.93583249975116	0.198510907714299	5.64295298413747	0.241604416173949	6.38588720767386	0.271431289502076	7.04532574565283	0.262209544485796	8.49293061625321	0.348993035323191	12.8930017510137	0.351143859577746	14.2426347721927	0.410083596796474	17.7948821571409	0.558051024458992	28.4686491697842	0.569644673459096	35.7186689140037	0.650246521022208	42.8634915929224	0.72619930323388	50.0033247777777	0.805092517222336	63.6070371876359	0.90537642468522	71.7281690495548	0.951827734943238	84.86349434187	1.04796185476997	101.997624916545	1.17018172475064	124.926732143491	1.21719335991144	142.081262129021	1.35937184277741	171.656711714058	1.53489166143296	214.058888977423	1.6418531056924	240.374194478771	1.79394225722722	285.416551765962	1.84733208966007	311.939767501151	2.00083246535068	356.691929013433	
0.0268824661182471	0.178861165795551	0.0365387449427093	0.452247783306859	0.0425458010281017	0.517476758409697	0.045596971490914	0.580710340430399	0.0582689317966354	0.665132656094204	0.0849653069781599	1.37704088827869	0.112826537981126	2.10011301153254	0.142968927883558	2.79443847881634	0.16090817541408	3.48646201011707	0.175087635136407	4.21195860647883	0.201429711507495	4.91300438754775	0.198340803997237	5.61595021869163	0.24147015420836	6.35516986231561	0.271139088941162	7.01147356865732	0.26202345639787	8.4529675664746	0.348554352808377	12.8323977999943	0.350901876972139	14.1749928168112	0.409576891828171	17.7119180834896	0.557752365944463	28.3356674883163	0.569049717140571	35.551880224683	0.649671064721286	42.6631380396068	0.725602154317241	49.7697863400596	0.804382913761785	63.3088798674699	0.90462401625373	71.3942191419012	0.951055800615135	84.4633236770163	1.0470453027863	101.49748981657	1.16937422607445	124.34332935872	1.21608797241802	141.416297842329	1.3580546108126	170.822812970936	1.53365113498858	213.05820154498	1.64019118740635	239.208208473056	1.7925995293703	284.087278843641	1.84579790794691	310.442290279263	1.99906925264408	355.024578562003	
0.026744053381775	0.178282843608014	0.0363652107891273	0.450454434463125	0.0422526986791409	0.515379827524888	0.0455404484585216	0.577506474510575	0.0583459237422231	0.66146248862495	0.0850570727207981	1.37115190308847	0.112662470986393	2.09005007159178	0.142720387157504	2.78100904075889	0.160550846129473	3.46952451291832	0.175049922849761	4.1911775411972	0.201224242392997	4.88950013518729	0.198070056713809	5.59039146882914	0.241262133718207	6.32534705224778	0.270969612469863	6.97819834596937	0.26186167140251	8.41326342435944	0.348110037864163	12.7735484606221	0.350502109552931	14.1094994225073	0.409151649407026	17.6283262984528	0.557187368160263	28.2012590207318	0.568485639683558	35.3855311195967	0.649026458883178	42.4630638830503	0.725159620617882	49.5362367264712	0.803718372012336	63.0103053148103	0.903909072324719	71.0607907748647	0.950305719491904	84.0628996924344	1.04611946573482	100.996982187584	1.16832746845126	123.76054497211	1.21516008242328	140.74987324191	1.35719120627431	169.989018535938	1.53235604482243	212.057454507896	1.63884733719495	238.040225711836	1.79076485428545	282.75711185169	1.84408981306972	308.94680981288	1.99716314198058	353.358300994129	
0.0267205081427703	0.17726661065631	0.0363251886245619	0.44822467370242	0.0421590903555397	0.512409781767848	0.0452430329422488	0.575340218304912	0.0583076548069628	0.657616592235746	0.0847885466475144	1.3643083123046	0.112383936079599	2.08097666183955	0.142702439055153	2.76722244051105	0.160410076483332	3.45386176343302	0.174940789329343	4.17292920753693	0.201184068958387	4.8660457085822	0.197672681198686	5.56464366049299	0.241109519901538	6.29624927676985	0.270683712061709	6.94500927061548	0.26144315284219	8.37384612958364	0.347724492616723	12.7136262376949	0.35020095251522	14.042430230482	0.408838759756685	17.5444327649161	0.556506738633833	28.0681097012084	0.567966636603635	35.2186381221526	0.648209825422171	42.2620472280931	0.724538445342451	49.3019457801485	0.803057668662325	62.7097265560653	0.90312339432084	70.727571024075	0.949414112849467	83.6634666350247	1.0451988262404	100.496794933547	1.16722245250306	123.178267224956	1.21395578352453	140.082673781146	1.35598342686031	169.156535403062	1.53115488321223	211.058748929798	1.63761107435134	236.874120496837	1.78924278855497	281.420418151447	1.84245962426906	307.445339079981	1.99550893750824	351.692261844822	
0.0266291555173724	0.176750687078308	0.0363524021351107	0.444390506156333	0.0420076887745001	0.509843173289437	0.0451548514935112	0.5726711061405	0.0581555948012339	0.654813020381011	0.0845673185480013	1.35742222993029	0.11227507925802	2.07133002306988	0.142610701764441	2.75463701349676	0.160443572815325	3.43722159095209	0.174562805603364	4.15335234228708	0.201058393941199	4.84268208592382	0.197416248081334	5.53691492913472	0.240881971538545	6.26616383374845	0.270559288034853	6.91140948202569	0.261081402877839	8.33290332850307	0.347495555267634	12.6519559223782	0.34997527133762	13.9754830417081	0.408329570814282	17.4612973279192	0.556053839928164	27.9359364076969	0.567530001654019	35.0511565288692	0.647503494402029	42.0630422298015	0.723866661980724	49.0689661359486	0.802315249873242	62.4100306910792	0.902310994256611	70.39327093915	0.948627433505094	83.2629532434799	1.04433082629419	99.995445388993	1.16632319022919	122.593910765914	1.21295382037535	139.415742541271	1.35460454174254	168.325259264185	1.52995702404278	210.058851258861	1.63624516827927	235.708417613172	1.78792614047761	280.085005951005	1.84096782767503	305.942378231034	1.99379378795004	350.026312102478	
0.02664659705593	0.175139295373947	0.036340968180151	0.442769481084548	0.0418337752495776	0.507296064376506	0.0452820861646356	0.569069507292546	0.0580791241721987	0.65099628602854	0.0845432513885563	1.35025651796623	0.112214008394137	2.06130852698172	0.142477331094911	2.74001781090675	0.160294244786184	3.42074067462385	0.1742774199139	4.1332059733099	0.200783587357349	4.81906281523085	0.197230845833889	5.51055710454117	0.240666579080134	6.23502739325152	0.270304105424704	6.87799688926451	0.260996549719922	8.29240383694696	0.347196868254549	12.5920187982905	0.349565810576244	13.9091523884494	0.407974385003589	17.3774503605091	0.555676143663762	27.8020718324702	0.567055182586428	34.8858020762453	0.646978000332657	41.8632884481955	0.7233413232851	48.8358263042735	0.801652820424517	62.110796762068	0.901647538106276	70.0588292932004	0.947807814780022	82.8621418287253	1.0433899736394	99.4950271669693	1.16516021546933	122.009144524959	1.21208826206028	138.749005016482	1.35359577749402	167.489870405015	1.52855681422262	209.05883437864	1.63469932381682	234.54129911926	1.78636920698445	278.751381889822	1.8393992401352	304.443351288456	1.99206300710862	348.36206109243	
0.0266857623833551	0.174568743908773	0.036346004810485	0.440151649866966	0.041877720508641	0.504400931875503	0.045211833365265	0.566739105490903	0.0578493272996137	0.647943410773954	0.0845134559055014	1.34353062306714	0.112038587104538	2.05110169771002	0.14220934998504	2.72772458633636	0.160082140923818	3.40446674472799	0.174157215034418	4.11198439247139	0.200555159974265	4.79549383595452	0.197239004568941	5.48353943793485	0.240553634407301	6.20486837575022	0.270117998590992	6.84504250718828	0.260894708114791	8.25353229717396	0.346817434808611	12.5323694528647	0.349150956176579	13.84218843587	0.40748402989207	17.2946967657497	0.555254008018376	27.6692223988016	0.566397438723296	34.7193374871652	0.64648370600326	41.6630392030033	0.722709288089931	48.6009951908833	0.80119898129861	61.810676214008	0.901049831077237	69.7262800946326	0.946996877363796	82.4631930590314	1.04251048132975	98.9949144187354	1.16411439490799	121.426084466879	1.21104769456001	138.08158203831	1.3524359045043	166.655807749127	1.52726601075965	208.06069504464	1.63332748814778	233.37577504952	1.78459088901688	277.416982968294	1.83769165785796	302.942744822865	1.99035736552156	346.69652858258	
0.0266663652740267	0.172998475914894	0.0362432302587407	0.437894415091616	0.0418771619188258	0.500891883204006	0.0450393655440214	0.56337738040218	0.0578212091430672	0.644907881401496	0.0843542498063464	1.33715467260884	0.111904549826318	2.04087484500392	0.142029570280406	2.71562717232799	0.159906716261092	3.38747243685488	0.174251027262392	4.09245176504173	0.200299910972445	4.77184010632793	0.197091585972284	5.45705914442855	0.240248245596917	6.17556943460573	0.269932784441613	6.81225622882878	0.260738868828282	8.21348822233521	0.346662403627814	12.4728756383015	0.348952301639648	13.7755495148537	0.407210158734506	17.2117010271323	0.554867195945309	27.5355664398217	0.565821156848527	34.5522507746348	0.645779656170459	41.4639596989092	0.722046378262032	48.3679559420415	0.800545995615068	61.5102278404173	0.900301809186725	69.3939395123115	0.94624288171424	82.0632608127455	1.04155264283544	98.4960980714639	1.16323082527402	120.84396318191	1.20998880603544	137.415470362261	1.35106062309267	165.824874336942	1.52595629268231	207.06070796674	1.63199716587992	232.213484531606	1.78317499574819	276.082673453728	1.83603459127981	301.441750927102	1.98866695709477	345.028731096335	
0.0265785055579477	0.171659510602584	0.0361135934243894	0.435959068665828	0.0416550840340229	0.497956179965273	0.0448327290864975	0.560641504053872	0.0576584222017314	0.642508037863682	0.0841916707042006	1.3304027006789	0.111648630548714	2.03074508267161	0.14184776252191	2.70107292948448	0.15963028962997	3.37095869140744	0.174055626926561	4.07285161672862	0.200142138175846	4.74885739458448	0.196831364979744	5.43082937668293	0.239940863974498	6.14573498300627	0.269536580047177	6.77934468758895	0.260319306624974	8.17313867370649	0.346237508950849	12.4130912511089	0.348733362882439	13.7093902249406	0.407000252223066	17.1279788569413	0.554340517210258	27.4022289931472	0.565205957939843	34.3855254152462	0.645015214719335	41.2639823998959	0.721260850320296	48.1355537178104	0.799716478924496	61.2106698111656	0.899553902780214	69.0604440900528	0.945436548395948	81.6637457989532	1.04055622234179	97.996566468489	1.16231917231787	120.260731760485	1.20876665725102	136.749418290854	1.34984066980829	164.991348122832	1.52462759021705	206.064118353431	1.63042424396443	231.048839630335	1.78175385289935	274.750837531803	1.83464015111419	299.942932600771	1.98687727367431	343.362334319177	
0.0265251796861101	0.170590090403246	0.0359716866391861	0.433941445715247	0.0414477315145833	0.495559712471631	0.0446684866189424	0.55688076546854	0.0573797963396398	0.638891654270558	0.0841208968414942	1.32418798543368	0.111608312389471	2.02010658540708	0.141644044026089	2.68734733086237	0.159526330569803	3.35326170068516	0.173799837393846	4.05232945911043	0.200075505529219	4.72624162391799	0.196553920165675	5.4040338305001	0.239735960638471	6.11657294627375	0.269322326747621	6.7459116057321	0.259960129055069	8.13375676918684	0.345832946457277	12.3523476017099	0.348337292767295	13.6433035781848	0.406621984883242	17.0452997679843	0.553892973082629	27.2688058647999	0.564622138088565	34.218785154697	0.644533363357242	41.0643590034441	0.720684166152087	47.902004104222	0.798939775884167	60.9104822078834	0.898809603060079	68.7272615921642	0.944445841848497	81.2639625642722	1.03952068090988	97.4971615253782	1.16138521438973	119.677723856467	1.20776882855126	136.082069818485	1.34893355289979	164.158119931932	1.52333172194833	205.066604868172	1.62898100524861	229.878845212449	1.78013014307101	273.416498214917	1.83301019950392	298.443637437303	1.98516100127287	341.693970588834	
0.0264137823795105	0.170432143922859	0.0359482908090629	0.431431124042266	0.0416510334327446	0.49298745785038	0.0446683344233747	0.553855247813284	0.0572895307947037	0.63432613660366	0.0840724835973039	1.31719328756926	0.111623638661635	2.01008928027031	0.141455480893086	2.6744084669478	0.159309207466644	3.33715796998173	0.173611544827522	4.03213745532926	0.199863688112582	4.7025557636641	0.196112583588115	5.37679171516395	0.239419538923911	6.0861899457039	0.26906077217974	6.71255396100021	0.259804987163278	8.09355995745311	0.34564814534367	12.2926935996714	0.347974791496322	13.5757677935718	0.406271267569913	16.9622425620799	0.553629360661588	27.135518709542	0.564073651440061	34.0534158009126	0.644047415916219	40.8647691346035	0.720150864162396	47.6689164266086	0.798154508025979	60.6118145229708	0.898038126532243	68.3929987601405	0.943716232551747	80.8634566233075	1.03860119691028	96.9967880068359	1.1603962975971	119.094060301388	1.20686996490101	135.416420078412	1.34760029003872	163.325368578167	1.5219563754491	204.063518348891	1.62758212762737	228.71089225355	1.77870814139141	272.084155653535	1.83129648672596	296.949766296252	1.98361280657774	340.02739499775	
0.0263531688561211	0.169479662908742	0.0359094655016942	0.42860147515668	0.041802838945853	0.491514745891558	0.044588374288714	0.550827518267018	0.0572475008645551	0.631710400861772	0.0838157398372808	1.31076087568256	0.111435902429572	2.00025009056748	0.141184198305798	2.66102396520244	0.159068441855113	3.32101069995	0.173331582904633	4.01232310283416	0.199681200596299	4.67888294192564	0.195870821959113	5.3501409896346	0.239167486497671	6.05558156508169	0.268721756157461	6.67846662506577	0.259608277518896	8.0529468445483	0.345357492443002	12.2342698746956	0.347684763940938	13.5088168795078	0.405819624842905	16.8789003714813	0.553258659709491	27.0021868508027	0.56354876048642	33.8862843849008	0.643494056585123	40.6639983487943	0.719604076214339	47.4342641271442	0.797548668042056	60.3105726625842	0.897340781404333	68.0609338492884	0.943196090420928	80.4646643157988	1.03788981495854	96.4958631453556	1.15924725236709	118.510970440987	1.2057903755552	134.748132832932	1.34629878349637	162.493377183588	1.52069599658343	203.061266294597	1.62599894619834	227.544250596774	1.77715337136641	270.751634278228	1.82952093724882	295.455805748239	1.98185212565992	338.362011499505	
0.0261754555016135	0.168551061586381	0.0357259644124743	0.426433065267665	0.0416150598583909	0.488925320011153	0.0442905285246939	0.548416266028206	0.0571982351808054	0.62869262482505	0.0837361910445238	1.30361972735024	0.111023955915784	1.99060927256362	0.141052013157521	2.64819197054823	0.159046132319661	3.30308995898979	0.173083366124591	3.9933804682275	0.19955824894095	4.65557054200643	0.195531754967288	5.32338455899804	0.239038340086179	6.02600462416188	0.268296980026189	6.64478162046446	0.259221821254599	8.01350347274164	0.344989488403097	12.1740133069801	0.347263242130185	13.4425886717274	0.405404173087138	16.795172613355	0.552515686768728	26.8694678022884	0.56286905935185	33.7188400445187	0.643054872367001	40.4628922868741	0.719077426548312	47.2005915789817	0.79681464531518	60.0110444356535	0.896777829634205	67.7264400492771	0.942277959289494	80.0644489474637	1.03694875728181	95.9952214059245	1.15853024170843	117.927634711438	1.20469461673233	134.082378784735	1.34533567454904	161.660730137946	1.51942400912525	202.061413327142	1.62440576628803	226.377549335356	1.77548562134231	269.421139460747	1.82786675535505	293.948702376677	1.98008007903853	336.696598198939	
0.025913149971921	0.167714137325603	0.0357127955228804	0.423971492508383	0.0413270642101448	0.485783590766403	0.0440977794110171	0.54550489359058	0.0570934942956913	0.625635092957812	0.083656626966435	1.29663143232821	0.111031773664517	1.98064388865792	0.140917275396668	2.63587499725333	0.158962018858852	3.2870258094939	0.172791200203041	3.97282431733695	0.199294688618546	4.63317549477965	0.195314329958466	5.2966574650212	0.238680658357109	5.99667541503515	0.268087290963959	6.61118090055214	0.259008982980381	7.97274134823197	0.344691565839957	12.1132528937755	0.346815345531806	13.3763548760119	0.405249512045975	16.7115137730961	0.552041578291496	26.7356609690586	0.562309089522167	33.5523419278274	0.642532296902514	40.2635110342802	0.718382559236015	46.9688040276207	0.796112894376607	59.7116689456178	0.89607033986267	67.3935034205366	0.941381339119349	79.6628552217835	1.03590318309595	95.496099584863	1.15760308785423	117.344798170766	1.203551192884	133.41579027155	1.34413548252694	160.825132662529	1.51821607547861	201.062216010748	1.62300283468365	225.209208946284	1.77408400878775	268.08954195739	1.82633489927079	292.446158760223	1.97836853642863	335.035506234913	
0.0259058173389462	0.166007154094648	0.0357327609136077	0.422132683483635	0.0412186900377517	0.482679143526697	0.0440192206490798	0.542105857392984	0.0570655043939069	0.621317016045705	0.0833970412057178	1.29133418619073	0.110993413532411	1.97088875081345	0.140680870202515	2.62159828852387	0.15859029502048	3.27078843400736	0.172479016783267	3.95235431378046	0.199144966800035	4.60926378881214	0.195267266971965	5.26933898123756	0.238258242837527	5.96666913442884	0.268111384369287	6.57715689454977	0.258727313011908	7.93362766460107	0.344419920182438	12.0534768884856	0.346670037251039	13.3083077953297	0.404696208140077	16.6284230395806	0.551799822241824	26.6020888291064	0.561951078180736	33.3853371716797	0.641820783599011	40.0640329241432	0.717535006709501	46.7359175156739	0.7953991336114	59.4118836736687	0.895090255130621	67.0603060214876	0.940755234895041	79.2641225189168	1.03496222911326	94.9966946417522	1.15644397783277	116.762311807365	1.20250460637979	132.749440176934	1.34285373426664	159.991099808962	1.51699058549917	200.061230555095	1.62172469336041	224.043520963779	1.77270620700827	266.756305326379	1.82464944166148	290.947131817645	1.97659384476963	333.36925846936	
0.0260152642421575	0.165205503674709	0.0357627844833934	0.419756501358858	0.0411331653671077	0.480727091503021	0.0441589875431361	0.538237551055392	0.0569419298816359	0.617875604672976	0.0831433235135643	1.28419967353144	0.11079934192031	1.96073873221611	0.140530806329582	2.60792833642295	0.158420480333547	3.25453778717476	0.172283423998357	3.93240491951845	0.199003197146286	4.58541122182531	0.195059604362881	5.24275857055925	0.238083995282154	5.93563001713634	0.267815671363107	6.54432311874122	0.258275497274218	7.89294283986142	0.344106260127482	11.9932035569645	0.346453287293969	13.2429978715642	0.404298010706655	16.5449560517629	0.551278548134668	26.469274785694	0.561369605212874	33.2201391812409	0.641066446799941	39.8630535220872	0.716975220836478	46.5016414705117	0.794469043250221	59.1130707024413	0.894246810801989	66.7272203811423	0.939881136770716	78.8646820109269	1.03395648480877	94.4971779399378	1.15564649775442	116.17876746157	1.20138391989906	132.082851663749	1.34171363770228	159.159361734111	1.51560904863264	199.060930552825	1.62044703211649	222.877579661546	1.77122686245883	265.424409799812	1.82293917262338	289.446108119561	1.9748017040662	331.700149680993	
0.0259510460172717	0.163920249478955	0.0356923079774289	0.417389428732581	0.0409808561132636	0.478142264027609	0.0441748985461716	0.536015357290247	0.0570896693422399	0.613862419474252	0.0830262113002292	1.27752616552468	0.110542738984996	1.95062433670555	0.140485242891739	2.59517294304686	0.158198375731443	3.23822683720831	0.172274735355366	3.91242572293548	0.198659422158758	4.56253374952779	0.194781853431811	5.21675045757586	0.237992629315595	5.90568892910715	0.267467672469728	6.51138876009939	0.258102810915264	7.85311296920466	0.343868087387905	11.9329376760236	0.346004294339743	13.1763589505479	0.404039735573007	16.4628879103858	0.550773307531479	26.3352872758932	0.560805332047153	33.0534734264942	0.640338033338606	39.6643204699745	0.716540500674514	46.2695372694904	0.793672735278841	58.8111173116415	0.893606534100621	66.3929053950568	0.938966173224526	78.4646231047768	1.03304403523703	93.9969459824201	1.15468461967182	115.593017744022	1.20015684936005	131.415994929676	1.34063867282728	158.326595479186	1.51415870931538	198.061986556159	1.61905026729947	221.711236027979	1.76967324034711	264.089504238827	1.82130876626577	287.946812956093	1.97311351573199	330.032888636526	
0.026115934685912	0.163492714229852	0.0355049441055851	0.415195320162492	0.0406760374992755	0.474973671948624	0.0437222505407479	0.533211785435513	0.0569523332990696	0.611612111410222	0.0831235772834304	1.27020445703678	0.110375979967431	1.94019678399415	0.140258071309826	2.58178331902759	0.15777033076559	3.22131402005661	0.172106435188122	3.89239856324218	0.198417316685458	4.5393214667806	0.194649932101042	5.18991160489537	0.237685986205786	5.87529056171554	0.267244739948066	6.47834590238277	0.257990435670529	7.81271219783677	0.343354344179121	11.8726075338281	0.345711945270752	13.1098858049421	0.403579947813062	16.379141525809	0.5503436123029	26.203000361033	0.56025038082962	32.8868113970376	0.639785658884044	39.4650696025348	0.715931794070889	46.0356151268898	0.79312284201617	58.5120212183649	0.892774102932125	66.0611012545133	0.938144063074773	78.0637148324791	1.03230068984042	93.4973324230626	1.15362064274402	115.009622409832	1.19900376554873	130.750509102368	1.33932406652857	157.493724916137	1.51280625541776	197.061895170136	1.61744564270944	220.545294725746	1.76810579104044	262.756446421742	1.81967749511693	286.447070757811	1.97136128550718	328.364852731714	
0.0259844147071228	0.162198918060266	0.0354012589968469	0.412948708284754	0.0406104155850047	0.471809154405709	0.0435525503831937	0.52945826459979	0.0568327351092851	0.609334736785152	0.0830591868919314	1.26381965901445	0.110387693220224	1.92992988441924	0.140063444385002	2.56809148084721	0.157678366235085	3.20417978097331	0.171871469457791	3.8728221636536	0.198255505691627	4.51579346569561	0.194458616135678	5.16357380373622	0.237592292625454	5.84588824377018	0.266997548338831	6.44460408710711	0.257710510194391	7.77206974827225	0.342870530290274	11.813117444555	0.345470829412141	13.042671326602	0.403213913072236	16.2946444952727	0.54983395399726	26.0699888772441	0.559529464337458	32.7199742789454	0.639165499506881	39.2660944065642	0.715420813816997	45.8021362938136	0.792496602979894	58.2124073097614	0.892031019801585	65.7271215445388	0.937266990466207	77.6644605889953	1.03130916042303	92.9966385295698	1.15250551432066	114.428424996813	1.19801859228878	130.083935490344	1.33799943790672	156.661033167015	1.51146340485871	196.061267342335	1.61594220448967	219.377028842477	1.76655190070782	261.424223069645	1.81796937464583	284.947298757208	1.96954884385749	326.698664570803	
0.0258077872296287	0.161780230375202	0.0353669652606652	0.410278082721231	0.0408037090625549	0.469276888445605	0.0435985082332558	0.526900852931367	0.0568351835767171	0.605313693552578	0.0828128545092316	1.25786536483178	0.110357438085825	1.9209792928257	0.140158753123204	2.55405738163691	0.15761886759506	3.18753099375897	0.171787165684129	3.8518399327054	0.198073843897582	4.49295836857322	0.194232535979439	5.1369961870255	0.237562029595209	5.816552981047	0.266830054202188	6.41196914865879	0.257409974730066	7.73289087206422	0.342746150690446	11.7540622829036	0.345046181366866	12.975873149433	0.402989191322802	16.2112818155783	0.549342989320622	25.9364875178043	0.558801640449845	32.551725275897	0.638454870869601	39.0691383178394	0.714881518900401	45.5698607294467	0.791803563766585	57.9123165640223	0.891373967498047	65.3945797965511	0.936553410706569	77.2650945868078	1.03032680282462	92.4974496532861	1.15148379611404	113.845357488153	1.19709247657996	129.41795792474	1.3370027849437	155.827313237818	1.51022585153942	195.062680973521	1.61459473567096	218.20885236617	1.76507052680067	260.089883752758	1.81633080544955	283.452324930282	1.96792602887338	325.032506212212	
0.025736045962865	0.160692081861854	0.0351606942744923	0.40843496632978	0.0408605835004246	0.466692963188895	0.0435776849343698	0.5236763232929	0.0566041167817711	0.60131762140535	0.0827071682211117	1.25061944271479	0.110128397354048	1.91036500994696	0.140157479216542	2.54178534465409	0.157530028693717	3.17097277766072	0.171486059103674	3.83201463717057	0.197917437345382	4.46995563339536	0.194047615673967	5.11036641625308	0.237164216719369	5.78608383314309	0.266565443566209	6.37961360696959	0.257018573381537	7.69287613388518	0.342442676629839	11.6942471620674	0.344664479472341	12.9093497124105	0.402516799663011	16.1285189075936	0.548821940034738	25.8014252618035	0.558223244784236	32.3853128408786	0.637731962301771	38.8676522763269	0.714366015387375	45.3361397525127	0.791170384552301	57.6116185959934	0.890758350847725	65.061501606786	0.935816234879538	76.867494372138	1.02963802040473	91.9979031491507	1.15060759556996	113.262304880654	1.19616978278312	128.754141027406	1.33568069109087	154.996558639559	1.50882454446991	194.064541639521	1.61315451504564	217.045056831047	1.76351831836678	258.759031307426	1.81479578278703	281.954162255011	1.9662140863885	323.366318051301	
0.0257175930531038	0.158774765258178	0.0349462457172995	0.406513036769196	0.0406027384456287	0.464452288492288	0.0435449322489245	0.521511347655716	0.0565583457201007	0.597459676030909	0.0825308645208284	1.24468924650259	0.109765127992174	1.90053233950184	0.139858402581692	2.52894543375838	0.157380715193209	3.15434657501774	0.171265906608993	3.81209877051965	0.197762310386748	4.4455256464397	0.193918674601638	5.08328355706963	0.236753375604013	5.75629408502509	0.266261438666255	6.34557050885535	0.256761950140515	7.65340621938641	0.342023721328732	11.6341861720832	0.344411356301667	12.8417003064488	0.402091490372904	16.0455958121336	0.548450269797028	25.6686913121287	0.557694917148423	32.2184421951752	0.637282678516036	38.6652237364136	0.713617174328691	45.1029403161956	0.790572000588499	57.3108498474523	0.890136643536926	64.7279391293051	0.934788880323019	76.4703933463444	1.02872919912605	91.4977680491762	1.14965862054839	112.679401284759	1.19509754863303	128.089608874369	1.33423701727238	154.167428267792	1.50738633607159	193.071617711692	1.6116254023579	215.878877110246	1.76212292922399	257.428864315475	1.8132503289857	280.451171603743	1.96431776383797	321.697656297748	
0.0256444242594594	0.158319464956139	0.0348997198885292	0.40338155207228	0.0401973665162536	0.46182520225706	0.0435320278956879	0.518678148102983	0.056432646229478	0.594804417289137	0.0824024048345642	1.23780362978954	0.109617616563009	1.89089652735658	0.139604484305947	2.51472181041315	0.157063960626853	3.13866077529981	0.171278261723499	3.79086578098015	0.197581637622356	4.42189519987637	0.19362727291467	5.0573587974527	0.236427600276298	5.72622400882545	0.265988103554626	6.31178399009822	0.256477171166987	7.6135502716988	0.341831169486705	11.5747324043888	0.344112595879998	12.7756760583025	0.40183925305591	15.9622666600504	0.548055855486193	25.536024417676	0.557240187430593	32.0522830798851	0.636714009897781	38.4652054592089	0.712762748437831	44.8705753448658	0.78985813426661	57.0098464056335	0.889452007362051	64.3938402100467	0.933939945908995	76.0671530424306	1.0276940483665	90.9990038559663	1.14850146139161	112.095596168656	1.19403540210926	127.419697402396	1.33328546029314	153.332948379411	1.5060501755926	192.072301186014	1.61027861206589	214.713010313815	1.76051425884082	256.094197173058	1.81157636522995	278.950892963684	1.9624319499123	320.033047659848	
0.0254571806941185	0.157196028050039	0.0347833960048269	0.400193431323986	0.0400942054743714	0.458885395378428	0.0434291429327433	0.515251288644792	0.0562385324488289	0.591897294010556	0.0821927707319768	1.23093815292622	0.109470125005939	1.8810619942664	0.139332964030586	2.50144045263803	0.156697949698702	3.12213771662708	0.171074989191499	3.77268054442132	0.197329464423942	4.39931575078857	0.193428934162984	5.03076301995264	0.236271788149473	5.69500328363952	0.265732000460166	6.27848129339563	0.256286126213599	7.57313366784789	0.341508643907294	11.514438583772	0.343844667250218	12.7082883539718	0.401514321168908	15.878287444841	0.547507586496468	25.4025845255232	0.556860565531656	31.8853789065706	0.636077299049962	38.2634884497089	0.712154530481701	44.6363142008641	0.789243837629213	56.7113165564553	0.888798649661743	64.0607322179606	0.933244303951881	75.6657604824171	1.0267459637125	90.4981460497082	1.14755435006294	111.512245537946	1.1929648436355	126.752050906817	1.33205884673102	152.497812839969	1.50494062506438	191.06697949266	1.60885679740149	213.547054110421	1.75858095249248	254.758993588863	1.80976821524257	277.450971951476	1.96085186031765	318.367097917505	
0.0254685246876874	0.155169193737555	0.0347045264343513	0.397628743698293	0.0401013606743945	0.455545498161511	0.0434312368660416	0.512501849912136	0.0560068369587542	0.589640699519445	0.0821689329136265	1.2237527667737	0.109279482101562	1.87073094985221	0.139212170849174	2.48837562735123	0.156567142733221	3.10461884133873	0.170557357026969	3.75351369391547	0.197120499208889	4.37666645251099	0.193411931067847	5.00297887490381	0.236123320097794	5.66537511998054	0.265498130346462	6.24567499160173	0.256025973306577	7.53258062524629	0.341151139289622	11.4537796847233	0.343546668391393	12.6414696877072	0.400991085536277	15.7946472310326	0.547100708729233	25.2694966732868	0.556443373704525	31.7190074497435	0.63541727812645	38.0652247841515	0.711639533497563	44.4020754086032	0.788588849299447	56.4127047508945	0.887943534638861	63.7261192086654	0.932433000450214	75.2659250936743	1.0259117510638	90.0022577804722	1.14661947593457	110.929304689151	1.19193916507867	126.085805120324	1.33067442242671	151.662811410971	1.50360961134752	190.066217554415	1.60729655599586	212.378385895819	1.75709732869043	253.424415853409	1.80799613930761	275.949560823219	1.9591212791518	316.700850151951	
0.0255863551646508	0.154660065903643	0.0345929767575583	0.396720762438831	0.0401118438625127	0.453031771340528	0.0432987445239107	0.509563003459863	0.0560254566931347	0.585342296795792	0.0821659881414955	1.21682070034945	0.109164733133821	1.86088861693584	0.139236979731406	2.47448169218175	0.156337222870776	3.08687970827195	0.17031680900441	3.73291679766421	0.196871665611	4.35252331289468	0.193197235334761	4.97624386468546	0.235815652148979	5.63613019554281	0.265216802324707	6.21223678747096	0.255756673577847	7.49254632929411	0.340844107343941	11.393163626511	0.343114337604247	12.5741918794351	0.400757461195749	15.7116347286097	0.546613953325051	25.1371035876581	0.555817159904023	31.5532916439778	0.634848038028291	37.8641000957807	0.711249859269518	44.1674380102993	0.787818966351812	56.1125283234827	0.887137651670256	63.3925865335055	0.931587143600373	74.8660151991291	1.02500912663674	89.5083662667412	1.14556452168317	110.346632061244	1.19075304713331	125.418695066523	1.32954235012022	150.828137807504	1.50213176788014	189.064919174392	1.60595118955056	211.211923052968	1.75574919277719	252.090106338843	1.80658400273827	274.450355066715	1.95731204457544	315.034423572472	
0.0254571813096671	0.154916135943754	0.0344079173386575	0.394219492056692	0.0399924172165255	0.451312695468592	0.0432929398143922	0.50621920632985	0.0560656612397716	0.58120076371085	0.0819802074947546	1.21016302482571	0.109042756858412	1.85055978441266	0.139118278850565	2.46095749205684	0.15598208285197	3.07078692060825	0.170325954903552	3.71194364711069	0.196503869899182	4.32883698697953	0.192844907048677	4.95022364450917	0.235602647365913	5.60612810588788	0.26478432617553	6.17824491209589	0.255367718577985	7.45307920876293	0.340484220117898	11.3335934435003	0.34260795232695	12.508494525497	0.400447835560373	15.6292070967359	0.546137844008942	25.0073889856268	0.555059763413388	31.3874566289282	0.634305285911284	37.6641227967674	0.710544246031368	43.9339703530935	0.787103530896898	55.8135737912307	0.886545090789261	63.0608717999249	0.930856877514569	74.4652559384362	1.02407402809738	89.0027028362263	1.1445437673605	109.763020660226	1.18963109624831	124.751108175586	1.32836276355193	149.995669575788	1.50086157556952	188.065304625504	1.60453566088281	210.046771512241	1.75429513351349	250.755468998747	1.80511866370898	272.951119507889	1.95549090312142	313.36883145798	
0.0253156284459598	0.153906771495711	0.0342697065594888	0.391621596962026	0.0398749178989567	0.448510229559362	0.0432241544301577	0.50285707378752	0.0558624491360376	0.578327400873995	0.0816103177797728	1.20286925601372	0.108833197899008	1.84066913914002	0.138821026094567	2.44806868672828	0.15596580854002	3.05390483710005	0.170238959424286	3.69286736772091	0.196292026312381	4.30541282835668	0.192682293065614	4.92335685215277	0.235351953780058	5.57557374197244	0.264412957665845	6.14481183023904	0.255142727146586	7.41334060771414	0.34030873648213	11.2739878702334	0.342344001125602	12.4422597984589	0.399868167297663	15.5460064671619	0.545743707232238	24.8719467500336	0.554602100244813	31.2187997066116	0.633646263144386	37.464972512161	0.709781395480059	43.702167900572	0.786310935913635	55.5131440440906	0.885836430621732	62.7282704472953	0.930006423272317	74.0658452327673	1.02312746191245	88.5003027598579	1.14346120614097	109.179021829036	1.18865958776067	124.084311046155	1.32707086034815	149.163141739431	1.49958373749053	187.064840710469	1.60307620649633	208.879772227613	1.75267392716172	249.423379757094	1.80349873442185	271.451645530496	1.95372527958737	311.702851913315	
0.0254003665841327	0.152355464646474	0.034182196277097	0.389062031610251	0.0397958585074781	0.445570015227123	0.0431546328208739	0.500035981427682	0.0556743311635737	0.574579351558139	0.0815235304481759	1.19762765639743	0.10887720484947	1.83033588283482	0.138452148954242	2.43519664520526	0.155873831902321	3.0368916699457	0.169777805664338	3.67280318795704	0.196025301897192	4.2828263943499	0.192351340978439	4.89730589833298	0.235045195512211	5.54632695488965	0.264174931961698	6.11263417115314	0.25487184967883	7.37316754470494	0.34006389530701	11.2144679786394	0.342066835522087	12.376292360987	0.399387336883258	15.4612291085439	0.545313827898651	24.7369534119001	0.554109845116008	31.0527281356393	0.633088254266814	37.2652224558451	0.709228659067015	43.4701568318037	0.785538869139701	55.2143422487335	0.885042628260278	62.3944397489256	0.92918300177963	73.6644079692723	1.02208463111186	88.0010319271915	1.14234812991019	108.595492384401	1.18772491231843	123.417528817884	1.32590367265777	148.329466513716	1.49830961338629	186.063616836249	1.60160836996217	207.714739896169	1.75110014268456	248.090009015639	1.80171707600994	269.95056222777	1.9519060870248	310.040508251809	
0.0254075009094298	0.151498051290028	0.0342252161158401	0.386326155261943	0.0398818121394855	0.443232453883528	0.0428431148921777	0.497922170322011	0.0555668559561186	0.571580201972025	0.0816010420921375	1.19103424212829	0.108671661328101	1.82121811884709	0.138347535904805	2.42176581016402	0.155692218720397	3.02039166150559	0.169477328515336	3.65350478814377	0.195832590528297	4.25907394453509	0.192083244888081	4.87024632221278	0.234855878709343	5.51591368633756	0.264215104497066	6.07925417468053	0.254568199481818	7.33330368077582	0.339583089895678	11.1544516921366	0.341542063803812	12.3102867392914	0.399052114880042	15.3778329012385	0.544735596247641	24.6030068802907	0.553368115429806	30.8871129127068	0.632395042243574	37.0646304839617	0.708556725817652	43.2364023272586	0.78495594993863	54.9135399725813	0.884128155055347	62.0622370023391	0.928351322563973	73.2636934120609	1.02111696028423	87.5004944958838	1.14141002114135	108.013065625642	1.18657999980334	122.7521845516	1.32480109932451	147.495388956668	1.4969556283536	185.0651943802	1.60010901131946	206.551152977293	1.74958273942846	246.756712779986	1.80000062405513	268.452250540895	1.95019206329007	308.376942695143	
0.0251104212615467	0.150520584638651	0.0341148861223778	0.384590024546169	0.0397639109009282	0.439901724372769	0.0427368608669009	0.494079882807611	0.0555296638247526	0.568334950407257	0.081322823212196	1.18334803728506	0.108309991777598	1.81130349201929	0.13827614337034	2.40809539240183	0.155589697910415	3.00422832616021	0.169398230634062	3.63275957877955	0.195729894129094	4.23557155481968	0.19206292743126	4.84377347928673	0.234734487170657	5.48609506722111	0.264051805997738	6.04559012483615	0.254371823047189	7.29390594377315	0.339180543310941	11.0940125852051	0.341196360524582	12.2430275574699	0.398661504355396	15.2958038754077	0.544309041837516	24.4688703588851	0.552949353221097	30.7205291143428	0.631769797440598	36.8642136007141	0.707999332276587	43.0032140668119	0.784227451607733	54.6133374681386	0.88340257187475	61.7283355234571	0.927713817618368	72.8652810841446	1.02024301509483	86.9994802274406	1.14048060100098	107.430154579167	1.18534616020811	122.08480627691	1.32376478648432	146.662637602904	1.49564675420584	184.065862953361	1.59858010005933	205.387506453774	1.74796586746361	245.426754404282	1.79840934385118	266.952776563501	1.94856688341018	306.707148453393	
0.0246983179712351	0.149268741638675	0.033934289575072	0.382934773371393	0.0395656940215054	0.437098327141009	0.0426159132023438	0.491654835353818	0.0554063064474296	0.564995926305212	0.0811220027361126	1.17702202899745	0.108313527692202	1.80095545096892	0.138088999171312	2.3946096093313	0.155579122725111	2.98719839520031	0.16927740753683	3.6131727018125	0.195527033823755	4.21326405191075	0.191760428904819	4.81740401316155	0.234662907556789	5.45610555042035	0.263596733940125	6.01245739449534	0.25406201313213	7.25424836778451	0.338903504573927	11.0335976926593	0.340903348054146	12.1763672160354	0.398150019603888	15.2128891618505	0.543889873598318	24.3359054412228	0.552455590854387	30.553613765158	0.630932341844853	36.6645082478796	0.707478809406354	42.7696644532235	0.783371108921211	54.3137384606956	0.88277597162505	61.3959539629447	0.926922579886533	72.4694243052516	1.0192946844407	86.4988086856886	1.13917733755904	106.847653314606	1.18433559783744	121.417465255121	1.32235728506592	145.831033638497	1.49427752383003	183.065279829042	1.59708272256676	204.217750454456	1.74655951372043	244.097094051789	1.79682033440376	265.453332388429	1.94671001957115	305.039529781075	
0.0245069578596954	0.148383505021634	0.0338843499950367	0.379834749913707	0.0395999868554738	0.435230501598673	0.0424375663491261	0.48796627426459	0.0554109695068172	0.561566331087088	0.0811201191158352	1.1708471277904	0.108190853521489	1.79078436119933	0.138022583362764	2.38119414111181	0.15560285113928	2.97046672028077	0.169149164880757	3.59274810022937	0.195319289156417	4.18977796033963	0.191467994750733	4.79043524098807	0.234410357682056	5.42592418117832	0.263360843121274	5.97939451334432	0.253847385531128	7.21318961704891	0.33865915325702	10.9737266924713	0.340530098194315	12.1094516922276	0.397906275113518	15.1287600037136	0.543437313838771	24.2026164233198	0.551773077230407	30.3870094776983	0.630324610030337	36.4640392105703	0.706880311893879	42.5359695533202	0.782759066145571	54.0131336249197	0.882063081509703	61.0624510901057	0.926022827410801	72.0718687940632	1.01843856021068	85.9992100274915	1.13837266273439	106.263296855564	1.18336671278073	120.751718657504	1.32124519482083	144.996628255918	1.4928572246601	182.066067611487	1.59565341710607	203.049395164224	1.74491801063083	242.763335880161	1.79513993265951	263.953769004073	1.94490046137766	303.371791899473	
0.0247563164965374	0.146812625847344	0.0338463559250813	0.377787673888103	0.0395240937803126	0.432459438721015	0.0424383455547156	0.484721692087891	0.0552918639110062	0.558910490268735	0.0810910174419068	1.16400435191375	0.108107027967405	1.78093609110182	0.137828371604081	2.36789811500684	0.155357557123058	2.95412876196095	0.168959484137386	3.57279544633851	0.195054276031913	4.16599477688132	0.191392268059289	4.7632629748417	0.23409114135948	5.39620241960504	0.263084049348259	5.94608855701287	0.253714892764124	7.17387523341271	0.338271522717212	10.9141937623619	0.340270084895489	12.0424914649383	0.397621324671914	15.0451440042911	0.543168868083475	24.0699141386111	0.551271190133593	30.2194869062237	0.629833896310286	36.2643636600568	0.70614137096881	42.3038131982372	0.782177601842076	53.7136985302421	0.881295674983764	60.7284155007794	0.925090745142836	71.6701931120004	1.01771451996985	85.499812534961	1.13776577618578	105.679208617411	1.18218678546459	120.08636694064	1.32013213100604	144.16286362324	1.49165196883361	181.06737693455	1.59442364887538	201.882008449424	1.74316595178062	241.43009924915	1.79343408294494	262.454026805791	1.94328641176299	301.704381843402	
0.0249176614041933	0.145442912339617	0.0337372676902055	0.375002641172489	0.0394038436734559	0.429880024557811	0.0424886228032199	0.482171294442275	0.0551421680327157	0.555203011690608	0.0809543736304407	1.15710546385464	0.108082148447294	1.77052530219597	0.137594591633649	2.35465401013293	0.154935172424417	2.93745669168335	0.168776146084936	3.55308051252352	0.194787844182982	4.14275641710327	0.191174809196891	4.73687441660465	0.233804022164391	5.36610626637454	0.262735928227524	5.91210273523425	0.253465339946572	7.13418692378056	0.337884157362777	10.854282715305	0.340065096305656	11.9755284436815	0.39722040164148	14.9616481454749	0.542722624309173	23.9371298975196	0.550783346132682	30.0547787914358	0.629441134823527	36.0651463202283	0.70550781469686	42.0705504319881	0.781344036756291	53.4136971914659	0.880477615164551	60.3938695467064	0.924219176310189	71.2681970549872	1.01661830031382	85.0001021180603	1.13659389449544	105.097109684183	1.18106295896577	119.419346293802	1.31883426840297	143.330812624019	1.49032951213188	180.07199431524	1.59304228884392	200.716231059956	1.74161532514574	240.097071234387	1.79171588948675	260.95494025857	1.94157620482101	300.039028147477	
0.0247230432788961	0.145305498610642	0.0335146320246687	0.373097271690647	0.0393625308442292	0.426914489894277	0.042362991552349	0.478833638220196	0.055015579897373	0.552339253117348	0.0808954843052904	1.15027968461417	0.107765247494484	1.7608508401657	0.137484056507671	2.3413267847232	0.154801372534508	2.92030848276209	0.168692730711521	3.53230922612846	0.194593197362789	4.1201685861127	0.190947125783388	4.71041321521023	0.233715855680875	5.3360026625638	0.262690448175091	5.87804985823343	0.253141327958843	7.09330465866447	0.337457034676992	10.7940410487499	0.339679469453993	11.9096010530784	0.396822125511299	14.8789681251954	0.541990265157056	23.8028648536048	0.550173649268235	29.8876026719425	0.628795210191905	35.864617678277	0.705076054732068	41.8361291005112	0.780698271151025	53.1138076113934	0.879710984767922	60.0611676112436	0.923469434319345	70.8666554833688	1.01529265614834	84.500436404641	1.13530477143478	104.514176285967	1.17999461089883	118.752333097544	1.31758193715951	142.498195380698	1.48883961724557	179.072975812772	1.59143414399425	199.549112566044	1.74001886290562	238.763104446512	1.79022600304115	259.455615292782	1.9399365582244	298.372929393529	
0.024409389393883	0.144087619779196	0.0334841783846747	0.370679209155832	0.0392769024067893	0.423726369145983	0.0421594049579868	0.475157708192786	0.0549343336760832	0.548529969345119	0.0807363017220308	1.14366857521695	0.107606921407858	1.75022223820305	0.137483776520106	2.32821050386659	0.154686115492475	2.90417820936654	0.168447098232305	3.51253468767153	0.19454122354726	4.09648365718134	0.190736255309357	4.6840791393412	0.233502388979273	5.30607228474371	0.262475731047787	5.84470758032329	0.252758814998739	7.05308176989989	0.337093746624696	10.7343730768735	0.339245044620045	11.8428000819418	0.396473919552955	14.7958084738127	0.541263133364314	23.6686221614308	0.549630835468532	29.7200745125327	0.627897589978983	35.6640182558133	0.704509790637406	41.6029706423855	0.779982488237121	52.8137801955865	0.878890648735209	59.7289201611756	0.922627916195799	70.4665593243175	1.01438883560041	84.0003162058269	1.13447911117671	103.930490379147	1.17886617136137	118.085968101767	1.31644189274922	141.66593576523	1.48740790889678	178.069621072602	1.58988052263322	198.382456008107	1.73847433723107	237.428183984367	1.78854337103543	257.96016462872	1.93839945382329	296.713685173404	
0.0243690556437072	0.142699978312759	0.0334207680006356	0.368136756855552	0.0392002281353392	0.421946058817674	0.0421114309749951	0.472865345095743	0.0548148133972543	0.545473485215728	0.0804570250109801	1.13746573433399	0.107564277613904	1.74010272041858	0.137328007047834	2.31475312613323	0.154570271277751	2.88709845265127	0.168201026768373	3.49260252287634	0.194313297617356	4.07244761965603	0.190309464081238	4.65690268224345	0.233038290129966	5.27680547422652	0.262141596872937	5.81182397875937	0.252299252304485	7.01255946094179	0.33693812813151	10.6739311759744	0.338870199046662	11.7759255363254	0.396178986928216	14.7119698883053	0.540795218869066	23.5365401375272	0.549199063972722	29.5539805898197	0.62718268134403	35.4643874087813	0.703678851662932	41.3699313935437	0.779124462665252	52.5150938842232	0.878149831890848	59.3950149570035	0.921668766029576	70.0649879503781	1.01348539069272	83.4987133415445	1.13361646290116	103.348339291857	1.17782136361344	117.420020338483	1.31504132131958	140.833244016107	1.486126124123	177.067696843839	1.58821947509886	197.216857432565	1.73705541745503	236.096854701898	1.78682594998127	256.462448988264	1.93641671016629	295.049761988886	
0.0245294440932618	0.14179989874289	0.0332472418709798	0.36626316875506	0.0389656086707232	0.419370631879054	0.0419911907925443	0.470186686875395	0.0547242740754942	0.541371998999592	0.0805578258253503	1.12990176557288	0.107328445360662	1.73146528602588	0.13710287449484	2.30143684376322	0.154393421860284	2.87070927159228	0.167980182001248	3.47278817038124	0.193927000353086	4.04960414063087	0.19025103525147	4.62955579312263	0.232756194017375	5.24650070474922	0.261888649861887	5.77879276257438	0.252030786540197	6.97328046756174	0.336808056049443	10.6126836810865	0.33862234676596	11.7101369127793	0.395896547748465	14.6282523747269	0.540255761200823	23.4036627641827	0.54877445039814	29.386793294456	0.626696204277319	35.2655463232551	0.702961485774145	41.1357559312148	0.7785430900039	52.2147423681757	0.877641817378522	59.0613928748806	0.920886064672428	69.6656219481907	1.01263592362923	82.9984813840268	1.13239475968465	102.768781006492	1.17670574044834	116.752820877719	1.31383685179692	139.99949428459	1.4848869082765	176.067545853174	1.58681594122563	196.049992258381	1.7355294425446	234.762873012863	1.78524051715597	254.959070906823	1.93445431636745	293.377881584669	
0.0245774224316445	0.141774971313288	0.0332592925826791	0.363990363431155	0.0389118088430078	0.416219560305171	0.0418152270802949	0.467677820393868	0.0546411000979598	0.538650383527531	0.0805081539772765	1.12412442267098	0.107143951266217	1.72103703482259	0.136886166921618	2.287999023803	0.15421160330718	2.85398923820436	0.167711664921064	3.45221222888692	0.193741749428094	4.02628056484129	0.190085624285518	4.60337398848733	0.232571884371389	5.21603807610302	0.261738727666424	5.74551614290264	0.251758909146313	6.93401171872954	0.336291763208316	10.5528387579293	0.338282911695125	11.6438602762274	0.395392745552563	14.5458191549179	0.539803720077358	23.269734859024	0.54819903741241	29.2201126385488	0.626066920019827	35.06459672352	0.70237200236991	40.902869419268	0.777883934311195	51.914603193665	0.876947854543547	58.7296110860778	0.920108329773366	69.2666135738549	1.01191572117375	82.4993595629653	1.13139700525195	102.187091855177	1.1755373934125	116.085353196066	1.31280241308043	139.166191587887	1.48369632804492	175.067618379916	1.58559784145401	194.884155264271	1.73376730474684	233.430381439877	1.78367893560082	253.458196220344	1.93264334028772	291.710680144844	
0.0245450734512526	0.14012041863041	0.0331346897855082	0.361736853945926	0.0388328662713935	0.414384884024152	0.0416408673150701	0.465045640988552	0.0544733883053756	0.535476843797603	0.0803053294434372	1.11737536112395	0.10706787383285	1.7110146074119	0.136697211649424	2.27443407831739	0.154017893313091	2.83794930309426	0.16760538107311	3.43275201178399	0.19361946801941	4.00308690854471	0.189821094229308	4.57703385902185	0.232445041545547	5.18616264631222	0.261532378941046	5.71261810583949	0.251541106928581	6.89286682065988	0.335734462732367	10.4937975661159	0.337949496652685	11.5765005115726	0.394823917093024	14.4633598580781	0.539562391952947	23.1364309399605	0.547546145509985	29.0528769144135	0.625317439782778	34.8650739099015	0.702024448282248	40.66994565442	0.776942800987557	51.6148067458456	0.876079602269841	58.3967675895903	0.919200866578253	68.8665844700258	1.01079666431234	82.0006475238171	1.13051526626638	101.600306506976	1.17456324361254	115.417684348747	1.31132639531361	138.333082606271	1.48236842454384	174.067586598534	1.58413290800949	193.721924350999	1.73219769074381	232.100780692025	1.78201035430749	251.958662638309	1.93081166934722	290.041243530946	
0.0242986729117411	0.139395165761791	0.0330822996600328	0.358131180561902	0.0386453702099524	0.411238934724186	0.0415116176286056	0.461512552554239	0.0543446091114355	0.531786303647998	0.08008883553889	1.11089580103415	0.106830830446986	1.70084607877926	0.13653826632642	2.26090289327349	0.15376379998945	2.82092868535967	0.167554646996357	3.41258585220304	0.193473512088138	3.98016985503965	0.189582932441463	4.55076451006869	0.232230447847584	5.15613354830392	0.261204402761296	5.6795454458019	0.251318373075495	6.85328980407011	0.335637938856939	10.4335810452691	0.337521887906743	11.5097507631752	0.394600843583736	14.3794309342853	0.539131815038377	23.0015922013671	0.546852154237462	28.8873622743144	0.62466660507592	34.6658975482643	0.701379339911248	40.4362433039365	0.776181830689299	51.314179558329	0.875320388646819	58.0626574944615	0.918427717150673	68.4671961160977	1.00966800621656	81.5001771477316	1.12945266326639	101.016814315242	1.17358799283796	114.751930300549	1.30983860179935	137.499496787519	1.48096558160699	173.066616044042	1.5825013969632	192.561094146813	1.73076710846917	230.767842084224	1.78019231908766	250.457549533262	1.92904337693371	288.374667939862	
0.0240609397228819	0.138398403271737	0.0330325105613526	0.355800080268361	0.0386168809912097	0.407366553850524	0.0415494650705591	0.458204698653133	0.0543634662079264	0.527388016582962	0.0798302793203581	1.104398080155	0.106697005909035	1.69076556012575	0.136305387235958	2.24774493573365	0.153514015124122	2.80402448294137	0.167087098368142	3.39280572581093	0.193114907016756	3.95552659522453	0.189510091991444	4.52428840751378	0.23201574402946	5.12493191522986	0.260940413625978	5.64552237112206	0.251135162660826	6.81410859955576	0.335394216761937	10.3742390362784	0.337106336857418	11.4429320969105	0.394284457646576	14.2963942174766	0.538544331605603	22.8692140168988	0.546164562210423	28.7215198086845	0.624159003733059	34.4645679689369	0.700649290401402	40.2038485302857	0.775579352267649	51.0157018632126	0.874459718680577	57.7290242364683	0.917558158304229	68.0678375644904	1.00882914897487	81.0007125999789	1.12834002762686	100.433426431632	1.17249123138813	114.087107574883	1.30876863467487	136.666775236076	1.47972939252976	172.068029675228	1.58098239127329	191.38934139199	1.7290285263747	229.431714628079	1.77834314796127	248.958567294165	1.92728673211764	286.709850685715	
0.0240134852592704	0.137732056553165	0.0328242229824039	0.353659260809308	0.0386220633560639	0.405565114142307	0.0416005099180424	0.454799521547602	0.054226159000832	0.524849347780462	0.0797675848876453	1.09696985165269	0.106357849495671	1.68081950116255	0.136185767873149	2.23431060823292	0.153368567558182	2.78739245953258	0.166877010827891	3.37228473234591	0.192967398725	3.93221698927291	0.189238399366125	4.49681439286757	0.231757951521662	5.09488093114209	0.260635256583953	5.6116320099028	0.250953141268602	6.77440585442439	0.335029333648015	10.3146055233356	0.336864356952646	11.3752631331756	0.393866736158736	14.2126264124816	0.537997043580858	22.7373331586619	0.545641517068281	28.5541201717839	0.623540338983113	34.2642889214237	0.700131946664813	39.9703398948886	0.774859324394165	50.7194705180394	0.873607477931625	57.3952270657098	0.916620768210618	67.6669441933532	1.00787858122279	80.5019484067691	1.12736071119257	99.8492562370961	1.1715901580761	113.420817084908	1.30777431058291	135.832503963942	1.47832138047903	171.068728050711	1.57961638659163	190.220077130968	1.72737260250006	228.096645154329	1.7767892136646	247.458527072673	1.92560651763927	285.044705606038	
0.0241230953462063	0.13529856898894	0.0328032500170677	0.351931395580991	0.0385620478349027	0.403180084453491	0.0415278651883467	0.451377318702062	0.0540916486252862	0.52162720465598	0.079719335943309	1.09060589197197	0.106096239810928	1.67075039121003	0.13602676462188	2.22135870580293	0.153142362453366	2.77115927499742	0.166571549409259	3.35280682011491	0.192979436671783	3.9096082035254	0.189011215310326	4.46990708798109	0.231421370142485	5.06600574174892	0.260316652550679	5.57806109231145	0.250474442910549	6.73424629559188	0.334553043113913	10.2549151997185	0.336756120211524	11.3093934845694	0.393322711360186	14.1299678126202	0.537597244386167	22.6039454205707	0.545036391705477	28.3867037710777	0.622869909161924	34.0655223416999	0.69950557619847	39.7379786488489	0.774093426139278	50.4203744247628	0.872824887660813	57.060688562217	0.915678941788104	67.2672131127338	1.00688199221505	80.001828207955	1.12624774746557	99.2646017548445	1.17055766203429	112.754534045514	1.30642889322297	134.998515813857	1.47675839643881	170.068457850762	1.57822201919101	189.052496701081	1.72597575050562	226.762916785022	1.77512271984352	245.960856135698	1.92376183836336	283.382570560778	
0.0241349783208868	0.134703133749907	0.0330135225209191	0.350139123578933	0.0383426111372713	0.401117350567845	0.0413553467002437	0.448522262173695	0.053957842233566	0.518186433567491	0.079731413165693	1.08352050657616	0.106243024156581	1.66037219859274	0.135795335268887	2.20734579418019	0.153053362325534	2.75393958707196	0.166226133367319	3.33269747120831	0.192816699652272	3.88624551218956	0.188825605060715	4.44335554830122	0.231221995207126	5.03612938063559	0.260180161839945	5.5446200942131	0.250003995383677	6.69343294834303	0.334129766129713	10.1948700422173	0.336305864753502	11.2440109176466	0.39286365275306	14.0457511101656	0.537164823150214	22.4693600017055	0.544373034225662	28.2218056664937	0.62235987277723	33.8658058129951	0.698780035660689	39.5036951531065	0.773400906734937	50.1173593262784	0.872081591071135	56.7288434434821	0.914835902084285	66.8664165991397	1.00592507500541	79.5006202244254	1.12522419164309	98.6817205106907	1.1693338589183	112.086835395873	1.30509696629175	134.166047582141	1.47545630177808	169.069543656417	1.57683248711826	187.886585201169	1.72439153962192	225.429218218037	1.77314572026966	244.466865785364	1.92177305308875	281.715398923275	
0.023837352322799	0.134641695566731	0.0327916362353632	0.347561164607183	0.0382269939993484	0.397682982321752	0.0413085208342627	0.446117412777279	0.053763968742873	0.515150147495477	0.0796319944922506	1.07726306690985	0.106228035433576	1.65109785600459	0.13575522516711	2.19462672238279	0.152878741894777	2.73799790648882	0.166165178813998	3.31241792310928	0.192427067802068	3.86264184114897	0.188569316336196	4.41645662531752	0.230947166809963	5.00590703320223	0.25990990541882	5.51187898499632	0.249832821021108	6.65212553449182	0.333711566244721	10.1340761014017	0.335891874306866	11.1775023817846	0.392577846554065	13.961597737643	0.536722061506626	22.3358605049107	0.543766274778816	28.0548139488614	0.621873365404703	33.6649940489946	0.698095580467866	39.2701045613267	0.772593813108061	49.8163968626509	0.871495410064114	56.3969945994571	0.914153254085282	66.4669611899894	1.00487523138365	79.0009917639074	1.12443035252379	98.0981463625743	1.16826456484881	111.420187278047	1.30391603634303	133.333370734179	1.47410024566443	168.069094642542	1.57531815284344	186.718140503974	1.72285004220675	224.095847476582	1.77150682719431	242.966035802366	1.92012290382775	280.045187449032	
0.0236116687600634	0.133656720127452	0.0325590498392016	0.345118683959774	0.0380690085439455	0.39501675143642	0.0412679195296647	0.442857842128607	0.0536983482546897	0.511971369076316	0.0793918165889092	1.07115487167903	0.105858644398181	1.64109102824628	0.135459255162441	2.18255282426832	0.152700302561242	2.72159172879364	0.166060543369171	3.29238983209346	0.192010068479145	3.83986448602347	0.188464921236631	4.38947760859621	0.230732084278241	4.97621879924004	0.259686066382687	5.47880632495873	0.249599019339249	6.61181370442559	0.333335625267178	10.0736081234717	0.335535283540749	11.1099787043645	0.392344896977117	13.8786588097	0.53615149369164	22.2025826628781	0.54321780047907	27.8870473708838	0.621173022841119	33.4652216409379	0.697608206470615	39.0370317848738	0.771770718759774	49.516280039881	0.870934210228168	56.0631713516677	0.913250262367767	66.0676920453451	1.00421342806915	78.4999551437234	1.12339903172366	97.5156078451117	1.16723010676644	110.755334750059	1.30269692996848	132.50047036881	1.47276434148542	167.06721511726	1.57371178675004	185.551424341395	1.72122249919438	222.763460211719	1.76989771919451	241.462940842975	1.91825722693556	278.37929731133	
0.0238274092101043	0.131754668482126	0.0324872370716042	0.342471807120776	0.0380792351730661	0.392794877813394	0.0410558590610943	0.439792394019862	0.0536431735038123	0.508927108555136	0.0792808353739615	1.06456227231711	0.105659767833882	1.63124205965688	0.13521781876	2.16856598967644	0.152460384496913	2.70379019711732	0.16577015322366	3.27226581485701	0.191885498572238	3.81681844434795	0.188294902494021	4.36389883529932	0.230388318117914	4.94643184508963	0.259379019989832	5.44561957791117	0.249187501166943	6.57287836905925	0.333161963880448	10.0139699539163	0.335293680804158	11.0430855322974	0.391839560069294	13.7956565518249	0.535517030334666	22.0693402111017	0.54246153526888	27.721268235186	0.620428998454707	33.2657100031898	0.696923395381599	38.8047264181859	0.77115063408644	49.2165133943825	0.870105564932515	55.7298882709459	0.912359611413634	65.6677970519604	1.00325463761184	78.0015634795257	1.1223368909216	96.9320411475756	1.16618032212961	110.089133667048	1.30150158519517	131.666422614083	1.47146759799467	166.06935890531	1.57206572501667	184.3860343821	1.7197887545499	221.430312987671	1.76818734137792	239.963004929607	1.91647904034889	276.71161903437	
0.0239989038167217	0.131206119511732	0.0324226795397117	0.340032149544787	0.0379560404919762	0.390102628104869	0.0407514010639382	0.437565107084629	0.0537604789083874	0.504573757802191	0.0793200198546257	1.05697897861349	0.105563267957415	1.62080775485714	0.135085906550356	2.15527834547424	0.152202030398677	2.68617632693088	0.165499236142656	3.25295251388325	0.191791544515527	3.79229462664735	0.187984680014685	4.33746184829069	0.230092577628985	4.91614663338547	0.259098310340075	5.41281886405245	0.249164018784982	6.53258004316971	0.333071825280665	9.95356530591835	0.334932476813146	10.9762193685837	0.391323019266467	13.7132801426903	0.535251339699309	21.9363715681492	0.54199625347126	27.553764290162	0.619791520921768	33.0648386345473	0.696266323377565	38.5701523498141	0.770605829471378	48.9165530337977	0.86932606401585	55.3962885405638	0.911703218675735	65.267268759255	1.00214312058958	77.5024863619457	1.12123651632424	96.3488246273109	1.16498794873497	109.42091347679	1.30046390364258	130.8337159638	1.47020559709685	165.06968475178	1.57063902734069	183.218886085867	1.71826861982946	220.097046554339	1.76651790572419	238.462920004633	1.91483025410176	275.045967315236	
0.0237707260164202	0.130152415380094	0.0322048247109395	0.338066884382711	0.037761316299228	0.386478415581724	0.0408194892077123	0.434257224079693	0.0537180065476276	0.501834854655659	0.0791105338818037	1.0509059408082	0.105364257151698	1.61002746373736	0.1349404156459	2.14135344383063	0.152044238111233	2.67020973347004	0.165360277121487	3.23282593550984	0.191609006009334	3.76913170399427	0.187788639819507	4.31061787333628	0.229797544779322	4.88560623930798	0.258893605570758	5.37939742372723	0.248967237568459	6.4926826516295	0.332787661684375	9.89391316652498	0.334467029973404	10.910410255942	0.390952538883513	13.6300385349249	0.534803420173012	21.802154953006	0.541573869302483	27.3870203043227	0.61923017706245	32.8643323443367	0.695775343066465	38.3367629237008	0.769699532376416	48.6162760235526	0.868573997082886	55.0634711211071	0.910882325991598	64.8678282512651	1.0011507460144	77.0056965725002	1.12032364292224	95.7641552438988	1.16389055718721	108.753296783532	1.29908870418733	130.001962987787	1.46874903883816	164.069265540226	1.56924128746386	182.053198103362	1.71662730598461	218.76139593533	1.76493451268742	236.961881405389	1.91295501857448	273.380166584497	
0.0236272009578307	0.12840136895192	0.0321086992232293	0.335257375346845	0.0376321440027574	0.38444516387493	0.0409378662327893	0.430556352070767	0.0532828734922618	0.498959512758427	0.078798322947252	1.04435350473039	0.105344316126711	1.60025393227292	0.134674817959306	2.12796335415009	0.151870276448591	2.65450158201139	0.165333597273355	3.21313358626622	0.191232234946844	3.74652315107739	0.187571878957187	4.2840705246078	0.229591607113532	4.85541881646951	0.258624140933895	5.34555968223093	0.248640158988686	6.45290772900202	0.332234084962052	9.83401422666106	0.334101160137771	10.8447278031644	0.390527919537543	13.5470372083724	0.534132574978966	21.6689329903253	0.54091332114558	27.2213138117823	0.618672595365082	32.6648579594898	0.695031088727814	38.1054447588951	0.768961441882816	48.3164982021837	0.867790160420157	54.7300278529101	0.909974883658111	64.4675905311893	1.00021759588335	76.5078338994998	1.11929551652944	95.1815049677326	1.16273515270047	108.088280342779	1.29766028737098	129.170329221059	1.46728006531029	163.070217235437	1.56772870836538	180.889939010016	1.71514719499162	217.428069897357	1.76322761340723	235.463539916193	1.91112769841217	271.712696923783	
0.0235539793290915	0.128474419562896	0.0320324973855291	0.333300201049251	0.0375414510913506	0.381879574030537	0.0408426145963211	0.428103277629575	0.0531375013285114	0.49521588722459	0.0786471995959275	1.03673086264986	0.105145604362851	1.59103069600861	0.134443519914064	2.11491110171745	0.151840601618388	2.63747421218845	0.165126049772824	3.1922232999835	0.19089024297639	3.72400540210723	0.187333043150821	4.25772015059449	0.229434021111145	4.82602068947553	0.258334598961334	5.31240646279447	0.248268709945799	6.41345876926019	0.331781480685201	9.77392995361359	0.333831815856928	10.7778541888705	0.39010115618805	13.462738549535	0.533694793390774	21.5356551482927	0.54017022969406	27.0534000848449	0.618141476558455	32.4645081314643	0.69432512369129	37.87322134859	0.768326156700802	48.0163962805743	0.867001935857299	54.3972625875152	0.909198962402086	64.0663618839411	0.99928314457825	76.0047930732305	1.11817824922483	94.5989589996898	1.16157986518785	107.422094160928	1.29665870695482	128.340409087787	1.4659483494868	162.071928889832	1.56628940170512	179.726098771411	1.71339143259748	216.095488917407	1.76149672874644	233.964036136478	1.9093812934762	270.04552528628	
0.0234487804384488	0.127723206078743	0.0319622526275471	0.330889385367875	0.0375444522579855	0.379152748973071	0.0407221856929921	0.42503809145529	0.0531094643192664	0.491368884889881	0.0785425640055658	1.03034664670411	0.105070741493452	1.58023131277696	0.134331663223888	2.10115709775816	0.151571864411376	2.62137327545261	0.164849263654101	3.1724832204602	0.190667533788782	3.70009788709111	0.186990793486325	4.23095813202275	0.229225569156705	4.79596504877511	0.258078512584114	5.27893659369767	0.247975948446393	6.3738472937368	0.331591684521906	9.71420423974032	0.333534269137752	10.7110615996367	0.389715607637355	13.377838256343	0.533202861849959	21.4027274835316	0.539713263864903	26.8868647152525	0.617540742291418	32.2645494589016	0.69375535002973	37.6433262446107	0.767594951119948	47.7159814345947	0.86633736817056	54.0625676218374	0.908224355296241	63.6647458065202	0.998456300757517	75.5034286275158	1.11738885476104	94.0164130316469	1.16063290560664	106.755371537299	1.29548752041559	127.505795088962	1.46460365311625	161.07156928292	1.56471137150857	178.557966998586	1.71178511220893	214.764606669754	1.75986156927927	232.466797333158	1.90763054249432	268.380886846059	
0.0234403216443929	0.125909149860623	0.032162555946034	0.32874454958041	0.0374357613864388	0.376941556455317	0.040559679941226	0.422100089014061	0.0529961001321476	0.488142376191038	0.0786727993689328	1.02402296672283	0.104874309659647	1.57094614356439	0.134238820427084	2.08825804788176	0.15130753012207	2.60444416015663	0.164715952164307	3.15272474731692	0.190463647931395	3.67667722092775	0.186691071686507	4.20410624082684	0.228896361710297	4.76611010807998	0.257770351721188	5.24552586358155	0.247879290250944	6.33316386598094	0.331333456984636	9.6543975008069	0.3331410507207	10.6437428131732	0.389324350661337	13.2954525339831	0.532681640828191	21.2693825862768	0.539223017660014	26.7211675359374	0.616729121985589	32.065697197505	0.693214826340681	37.4074222476654	0.766986802009007	47.4150934767696	0.86557896047917	53.7294931573624	0.907337211190704	63.2661621152583	0.997575003614562	75.0031743182574	1.11628714944924	93.4328612352713	1.15951542470912	106.088559506708	1.29417722738024	126.670719154161	1.46331133464758	160.070390112181	1.56326931375052	177.38980542344	1.71030695755796	213.434454578964	1.75800616606234	230.971018843565	1.90582263639723	266.714817894431	
0.0233037454804082	0.125154996889733	0.0319772116501084	0.326818312653122	0.0374285791635167	0.373730472785883	0.0404110564401365	0.419037522184394	0.0530375030581088	0.485659470325045	0.0786350275067282	1.01748007670096	0.104636342832523	1.56091708048067	0.133993427658651	2.0751813482327	0.151194849278356	2.58756300797096	0.164603118042363	3.13282890410041	0.190259546178883	3.65314176926251	0.186557487307564	4.17798171252715	0.228628565133283	4.73605539870209	0.257528729761477	5.21293097200204	0.247550500016691	6.29231559413721	0.33099152780865	9.59487202127766	0.332656415419901	10.5765506865739	0.389035812104508	13.2136116353034	0.532244678582676	21.1370062644537	0.538860217315284	26.5543043408143	0.616028620593672	31.865239336066	0.692399797432099	37.1721701764914	0.766124221513038	47.1164816712088	0.864797795303611	53.3966198585539	0.906530180105165	62.8668035636511	0.996626333828049	74.5036203635418	1.11507401762514	92.84944354934	1.1582506399422	105.421404749425	1.29289627834604	125.837788986471	1.46202610289178	159.071103388824	1.56168034726579	176.221897168023	1.7089042266305	212.100398384126	1.75623415271226	229.468981866568	1.90413846032291	265.048361512631	
0.0231792093557456	0.124508498982589	0.0318092374166426	0.323995444959712	0.0374772819297139	0.371008740898505	0.040095976199674	0.416167040626617	0.052891902283769	0.481928213918564	0.0783917290615744	1.01074498499188	0.104664459516431	1.55032491651203	0.13374273538536	2.06053001501539	0.150885636390517	2.57149373620115	0.164457558455783	3.11276961377982	0.190106582758264	3.62981376969092	0.186436335613543	4.15031212014956	0.228272347577183	4.70572688050026	0.257342025324262	5.17913141472949	0.247415093860209	6.25257652742716	0.330645584696387	9.53455864288772	0.332290895426864	10.5096435446688	0.388671735809914	13.1299937732358	0.531863804674747	21.0030858098752	0.53836534428819	26.3894006482951	0.615599345449861	31.665086948417	0.691620552003293	36.9383337155636	0.765501411335824	46.8166852233894	0.864136958858911	53.0632659973198	0.905677218419483	62.4674561879143	0.995635722100995	74.0028445136663	1.11410090523113	92.2668975812972	1.15717448368424	104.755166413512	1.29168145841276	125.002951470238	1.46068813832454	158.071637851542	1.56000706923665	175.055821755345	1.70736121298143	210.768547561041	1.75460499410571	227.96630413967	1.9024797769224	263.381636909942	
0.0232093331809496	0.123403499352208	0.0318456275017432	0.321618738966011	0.0374905168209809	0.368262823729167	0.0400547054371249	0.412780839217642	0.0528015347648305	0.478382436214775	0.0781135883225058	1.00455110808827	0.104646410461619	1.53982157742972	0.133421567927413	2.04804586932628	0.150755656730521	2.55479675304586	0.164148039608109	3.0929387303098	0.189896337678982	3.60632069320082	0.186282818998959	4.12342111340736	0.227985887220058	4.67586355790236	0.256962287248499	5.14526573355728	0.247221690093742	6.21301068670776	0.33028165484933	9.47448740835568	0.332151754026594	10.4435922881692	0.388243108488132	13.0461449431806	0.53150951653684	20.8693348559972	0.537639408141957	26.2272853354318	0.614992100551159	31.4665699631313	0.691060915272849	36.704839981327	0.764627887342648	46.516095288774	0.863455809788593	52.7306758205606	0.904762841626889	62.0683509560353	0.994416998697542	73.502627457309	1.11304962993674	91.6838151714769	1.15612508599448	104.089643333302	1.29033190213305	124.169425256128	1.45926012633102	157.072246820061	1.55853912217197	173.887347255829	1.70586532590203	209.433820813982	1.75301422825376	226.466234115858	1.90060950189273	261.716253411696	
0.0231480236743776	0.122589639875972	0.031575003336221	0.319839912932985	0.0372168034933965	0.365543303732799	0.0398080129381736	0.410427707325492	0.052778476859285	0.474766605594404	0.0779509934577252	0.997956762496602	0.104381075346869	1.53062697933323	0.133281911275777	2.03489559519732	0.150672325857164	2.53772793937032	0.163775277793267	3.07343869916871	0.189718210542246	3.58224507446797	0.186030919562819	4.09810404174151	0.227917954479136	4.64578509979994	0.25656605570601	5.11262567283505	0.246873049292106	6.1728529905203	0.329975746733513	9.41400173529762	0.331832835951386	10.3767820038074	0.387754797131993	12.963417425452	0.53080175932124	20.7368877536617	0.53687061824964	26.0594237625561	0.614191091053745	31.2662015086552	0.690471165993484	36.4700647472885	0.76367664750431	46.2173195704479	0.862442452876452	52.3982346554063	0.903903812005	61.6682920498853	0.99349845101474	73.001985717878	1.11210563850959	91.1010978400884	1.15488877596716	103.424232011796	1.28912734990894	123.336502539018	1.45792265674427	156.072378951445	1.55714886835914	172.719558209695	1.704248180984	208.102044496699	1.7513980889373	224.965240220095	1.89876196423067	260.050869913451	
0.0230681388094967	0.121082949196706	0.0313244772166844	0.317169461992436	0.0369665603387633	0.362316940553101	0.03962095396097	0.407458389164179	0.0525232006773744	0.471848306445458	0.0778091144986999	0.99111340454337	0.104162432208842	1.52062864989301	0.133290799344075	2.02104822615436	0.150421134560865	2.52124562605829	0.163674337720011	3.05283668064354	0.189475423250597	3.55902976492255	0.185793482923106	4.07140442177931	0.227695827740674	4.61605309367882	0.25644885310785	5.07957117358681	0.246516583954734	6.1336336017822	0.329562307912144	9.3533456302165	0.331292158227205	10.3106748679559	0.387513814932745	12.8789501972366	0.530196637226757	20.603544719052	0.5362754148687	25.8905582239927	0.613454360878888	31.0665073316911	0.689869871824083	36.2370515754776	0.763057109965529	45.9166290529992	0.86166736519189	52.0637036024938	0.902922216795867	61.2683449024389	0.992697254356761	72.5033556351125	1.11114822147378	90.5162123898493	1.15382875666564	102.76033315808	1.28772783847574	122.502305772686	1.45671743966081	155.073300844335	1.55571050248602	171.55540504672	1.70261897421623	206.772652365094	1.74973489308662	223.466421893763	1.89708300372577	258.386827519649	
0.022892209970182	0.120499090005688	0.0314079292434906	0.314836848299783	0.0369776965702725	0.3600939900884	0.0397260319615806	0.404871029655638	0.0523064126058564	0.468310415879347	0.0777352657522704	0.983815211949363	0.104011531431975	1.51078026338019	0.13297794227539	2.00731471129074	0.150047427060703	2.50438123767817	0.163456838924238	3.03366866598452	0.189166622016076	3.53657022361054	0.185548334484256	4.04451574334345	0.227418136236719	4.58717697296312	0.256358561535393	5.04570735505966	0.246242241166636	6.09400769075959	0.329017157520012	9.29331164858567	0.331035846516528	10.2430785473784	0.387215596351661	12.7961388604803	0.529785268237886	20.4698943480073	0.535650487320721	25.7233485768882	0.612994368868396	30.8665691482241	0.689302885747787	36.0042917233949	0.762518620404388	45.6171827824512	0.860903945221344	51.7307297208521	0.902149202596326	60.8676042681966	0.991843879734402	72.0080932146169	1.11000510312243	89.9375183717921	1.15287670545659	102.09450460408	1.28652837936958	121.668474084786	1.45519529522735	154.078454666803	1.55401091020522	170.388718686463	1.70111767811425	205.441993634847	1.74785523600625	221.967618468591	1.89527167001816	256.723202358342	
0.0227495807304066	0.118884802470334	0.0314265341290937	0.312960669958504	0.036962720053406	0.357518795980412	0.0395119318441801	0.401738439013217	0.0523551365014349	0.46537739019289	0.0778295955278273	0.977297001974549	0.103892758644296	1.50024886820666	0.132664970863575	1.9947246276638	0.149733258867366	2.48784281218368	0.163220427074047	3.01263730777285	0.188934820535696	3.5126361659023	0.185330647735955	4.01813230738031	0.227164705319187	4.55671108468807	0.256064593999437	5.01133503443092	0.246173007641662	6.05419970618229	0.328759785740133	9.23404228275228	0.330623410339589	10.1769434718511	0.386880140176113	12.7128106397196	0.529202212752111	20.3364376920489	0.535191940361945	25.5544346095532	0.61244229107791	30.6666253768218	0.688589065078087	35.7710438583063	0.761669794460219	45.3174496645638	0.860255891248863	51.3968803960318	0.901375456356867	60.4673628228306	0.990868084066065	71.5114971402578	1.10889459694033	89.3601207546972	1.15175134979594	101.424585681527	1.28535878308693	120.836147414096	1.45365286720517	153.077260594903	1.55244317379488	169.222240942452	1.69951919992746	204.105448946209	1.74601066599757	220.468099787717	1.8932848914876	255.054153174617	
0.0226507279984046	0.118336631849718	0.0313305809040449	0.31070227102999	0.0368158560476735	0.355051169624683	0.0393083789695166	0.397725312022151	0.052503300959455	0.461661704334964	0.0777179404456981	0.970621864153367	0.10378776604598	1.49061352172266	0.132592897046272	1.98104582799884	0.149524566564746	2.47155933623188	0.163156335529427	2.99189535803749	0.188707061420217	3.48920572085237	0.185175886181738	3.9900482764767	0.226729363586478	4.52636394003564	0.255853005341829	4.97854037416865	0.245788637507923	6.01435865965517	0.328551309731411	9.1746686087955	0.330390253863492	10.1097159549956	0.38640501189187	12.6278553984984	0.528774908234409	20.2029810360905	0.534758305787336	25.3865078441004	0.611875950213127	30.4660669325495	0.687949081248447	35.5383920396371	0.760970785044275	45.0179437893738	0.85951457508463	51.0656946536484	0.900614108381227	60.0681942610196	0.989667216377783	71.007800662927	1.10791256219082	88.7713013980897	1.15043834392832	100.75760973817	1.28414645396424	120.003686632961	1.45218369970026	152.075604587029	1.55103055242519	168.055301262466	1.69809346911003	202.769470501669	1.74424766861837	218.966852572226	1.89139169852436	253.386027862842	
0.0228560104620643	0.116422553047026	0.0312332007472914	0.306797031933303	0.0366119806007032	0.35199002888264	0.0394382662219625	0.394882741036457	0.0523033117848104	0.458391365269535	0.077488552371342	0.963481006859336	0.10367750992969	1.48131740947036	0.132761320060824	1.96801220201681	0.149312944271822	2.45501718544727	0.163152202672011	2.97183304091867	0.188441943009694	3.46647539751465	0.185056469006167	3.96322339363416	0.226514796198379	4.49607174341249	0.255494674655549	4.94660579026318	0.245353371433543	5.97415998527637	0.328116202331138	9.11469330048408	0.330233631605392	10.0433955462847	0.38589495452609	12.5443092482656	0.528445095800976	20.0700366075238	0.533988968332638	25.2218481580841	0.611118521024378	30.2664528493231	0.687344590436537	35.3055129782705	0.760221813769311	44.7178344171842	0.858784493121216	50.7358537409989	0.900020228503071	59.6678149799191	0.988575839983327	70.5051323656698	1.10677601120615	88.1860508694187	1.14917079044416	100.090857312221	1.28276095029198	119.170383936258	1.45070489756435	151.074797945302	1.54957305262868	166.886945972234	1.69649964892729	201.436367981102	1.74253504537724	217.466633536808	1.88952236577195	251.720316539066	
0.0229081565279152	0.11564761266622	0.0311594295945778	0.305544112091651	0.0364669625752718	0.349252493616075	0.0393433138951093	0.391710307252034	0.0520924587672308	0.454620091098077	0.0772333467865966	0.957582999482097	0.103502293254571	1.47133817214202	0.132646904180607	1.95483899407053	0.149122722578461	2.4382002945162	0.162776225262244	2.95265664435688	0.188063889498555	3.44304891058547	0.184742810869113	3.9370369323862	0.226419973759042	4.46658933172952	0.255080385513353	4.91264278588655	0.245090950284564	5.93355199464548	0.32772594975739	9.05409586872238	0.329818707077135	9.97713287957068	0.385532582388829	12.4618397068779	0.527910083905826	19.9381762383825	0.533299857519293	25.0552773982355	0.61043425065248	30.0673938343247	0.686610180090217	35.0712518342688	0.759373532724521	44.4171997790874	0.858126736959002	50.4012556328642	0.899089937415801	59.2686911215895	0.987718828479374	70.0030377630913	1.10567794163799	87.6025214247838	1.14816115842982	99.423307674185	1.28144097717707	118.336611853	1.44944617675554	150.074155216341	1.54817058050392	165.723105733629	1.6948513052559	200.102803524561	1.74071210505601	215.969096710278	1.88774562985408	250.051773994797	
0.0227511252175833	0.114808614757621	0.0310519130713241	0.302958120463077	0.0363853172153172	0.347160859628158	0.0391987562660833	0.388916281453236	0.0519079118114895	0.451541662681564	0.0772074796600071	0.950227064891207	0.103384424047698	1.46086591594916	0.132366556541733	1.94115553779292	0.149018674204458	2.42139644210055	0.162382116817984	2.93289165195589	0.187875073517306	3.41899610925461	0.184356029119202	3.90994336299365	0.22613373369754	4.43679678964393	0.254994417486633	4.87874450842578	0.244730884081582	5.89396147387902	0.327382722742648	8.99390635622898	0.32937356867206	9.91060199196792	0.385255529955579	12.3788244104874	0.527292505991788	19.8043358775416	0.53276743212817	24.8884570439488	0.60992869921173	29.8660288647411	0.685960720326933	34.8378624081556	0.758612524669866	44.114676418899	0.857030453344202	50.0658938402546	0.898070126292761	58.8689153374887	0.986865247828094	69.5030144218204	1.10465810724083	87.0188057156428	1.14716010850063	98.7563391814082	1.28024047074047	117.504158522445	1.44809135077349	149.07504730691	1.54665191359424	164.557060123272	1.69326354431023	198.768225789107	1.73903990366526	214.469384314317	1.88614050531321	248.386062671021	
0.0226037909863515	0.114769506487303	0.0309873454753275	0.300619103928027	0.0363206995461792	0.345322574472333	0.0391863096549832	0.386053134060386	0.0518863779134767	0.448601914010591	0.0770343639351121	0.944249429437621	0.103150995031622	1.45093347757797	0.132018191135062	1.92780246818297	0.148910346056879	2.40418932702925	0.162126269869232	2.91294365467768	0.187535631761271	3.39598732048031	0.184131336325103	3.88313454546476	0.225948708868575	4.40666478049601	0.254774029661305	4.84526579176494	0.244496341186277	5.85424056795831	0.327019673333031	8.93412569432641	0.328952803953802	9.84362406955058	0.384945689798778	12.2962682561044	0.527011959195544	19.66986221738	0.532323173892895	24.7221749940846	0.609344185030406	29.6653046450584	0.68522945744929	34.6039588920056	0.757955690528602	43.8163328342269	0.856181884474209	49.731757668095	0.897125487939631	58.4700187218566	0.985889421481411	69.0044513942771	1.1035991876682	86.4348590385143	1.14602475685581	98.0908831564209	1.27902813416719	116.671772247112	1.44673268091467	148.073450903678	1.54498920204255	163.389911827039	1.69166913228945	197.436494175305	1.73750996816023	212.970372272898	1.88427712152929	246.719978818233	
0.0225836206413594	0.114110384794298	0.0308641279273574	0.29815552300454	0.0361712424822804	0.341500688742115	0.0389123555688708	0.383467462573931	0.0517892020103161	0.44492787573207	0.0768992707029767	0.937760905368463	0.102920136369817	1.44030860090545	0.131839262423524	1.91401633359638	0.14882352145784	2.38795171871207	0.161945307323817	2.89221101816763	0.187270543129788	3.3729592067635	0.183889076362853	3.85691967887963	0.225754602829576	4.37639540127486	0.254357120944439	4.81248742964695	0.244226207260274	5.81345329774032	0.326682312585324	8.87439066722784	0.328730920049015	9.77735767754646	0.384529255160087	12.2132743801321	0.52654321343669	19.5369978825509	0.531703707783489	24.5549206434988	0.608591721554685	29.4660556402639	0.684711458786293	34.3701783104296	0.757446468469203	43.5175235882897	0.85550378737417	49.3982063664844	0.89632863005149	58.0689726138243	0.984873210537249	68.5050091982652	1.10253614854731	85.8511805822745	1.14483988170804	97.4249875471991	1.27778236757211	115.837173149448	1.44534522041163	147.073270110691	1.54355187083389	162.224506966584	1.69000217675918	196.102601893233	1.73574909550618	211.470615173456	1.88231992296209	245.059810726158	
0.0223850458553962	0.112612316124395	0.0307326643299646	0.296297912906209	0.0361760875541127	0.338524705803944	0.0386664877356907	0.379688883341376	0.0517435785749149	0.441867404378096	0.0767942878864554	0.930301477561384	0.102951332023626	1.43075905250956	0.131752940412709	1.90184778982975	0.148595792607426	2.3710398328829	0.161925221126024	2.87252053156907	0.18732175083942	3.34973551531531	0.183711203104654	3.83030527492896	0.225418700460231	4.34527758722854	0.253958881409357	4.7794636640422	0.244026114484767	5.77256544468905	0.326189640622603	8.81480558305665	0.328542077132221	9.7103732358714	0.384077397911654	12.1298036670243	0.526107738740342	19.4033884896975	0.531037286840294	24.3888248581407	0.607813640849496	29.2660466762845	0.68419681149632	34.1369900499829	0.756524219081603	43.2176079311863	0.854585984402899	49.0651952319415	0.895569717117682	57.6681910013907	0.983996209652281	68.0049933075745	1.10144077319059	85.2679938643308	1.14367251122213	96.7568493133242	1.27661162311425	115.002685810486	1.44386291168905	146.07569702079	1.54207414310681	161.058342146943	1.68841600830527	194.770289134173	1.73398957815349	209.970947480976	1.88044415818165	243.394755053443	
0.0221475953404024	0.111062551778099	0.0306064950132947	0.293793441102872	0.0361157803310786	0.336782958049159	0.0387117905924055	0.37686019488215	0.0517590852238813	0.439141277812529	0.076539626549163	0.923508469232451	0.102710847217486	1.42089867521917	0.13168280658981	1.88923267690981	0.148456306210292	2.35391327721048	0.161965878135381	2.8524856884649	0.187261819573873	3.32604429995687	0.183571302717184	3.80367620264843	0.225262522146098	4.31544499827414	0.253741004566484	4.74588622719315	0.243651918005353	5.73330600908214	0.325949422265	8.75453225153552	0.327798832932038	9.64403140674231	0.383673726001143	12.0465117678422	0.525570349041866	19.270295049526	0.530410979962833	24.2217660852862	0.607246552484839	29.0661420204286	0.68354813382281	33.9048746730912	0.755667607298153	42.9184261562369	0.853818236881928	48.7322958561022	0.894667796199942	57.2673088061238	0.982863920283211	67.5044558762668	1.10030764635307	84.6848816521894	1.14261153224509	96.0889047945357	1.27540148577192	114.171044593178	1.44261060800712	145.074547652372	1.54047611147736	159.890135868316	1.68694492546602	193.442178502369	1.732137845436	208.470296311905	1.878367938964	241.724260457151	
0.0221561775041445	0.109369174587236	0.0305380959183818	0.29111588882803	0.0359166322862392	0.334196267928686	0.0387159377019948	0.37404262408563	0.0516018364009815	0.435929932208633	0.0763007976258287	0.917552894481303	0.10237873719947	1.41097450233544	0.131370827374144	1.87581557887589	0.148125683968458	2.33820628990499	0.161717288215129	2.83272698249099	0.187009249719353	3.30288393844074	0.183360888294357	3.77732908826398	0.224969224280547	4.28574465711906	0.253475414781605	4.71195349079875	0.243268447214903	5.69356647671082	0.325627254854788	8.69520421238272	0.327184715093752	9.57790843840786	0.38326255392582	11.9631882036942	0.525034132347087	19.1368402562126	0.529947896092314	24.0550202368019	0.606733637542132	28.8656524940235	0.68284846955314	33.6710344868733	0.754923640851764	42.6182907070164	0.853217456890019	48.3986439716584	0.893613093713929	56.8685649273867	0.981823192470117	67.004618799502	1.09941950912901	84.102961532887	1.14166400913805	95.4232699556225	1.27408133607825	113.339038297438	1.44117582248703	144.074679783756	1.53891642938914	158.724969426428	1.68520440096443	192.111832696493	1.73041945379237	206.973191619029	1.8767262555591	240.055792418685	
0.0221940017205108	0.108567313164536	0.0303532287477437	0.288965872558989	0.0359074186217675	0.330835968927588	0.038613600313068	0.371961234645547	0.0513439299080011	0.43202990269735	0.0763041609110582	0.911204883698916	0.10222083489372	1.40065556511414	0.131176030107511	1.86155342206096	0.147723005971143	2.32228230444992	0.161258398040526	2.81276431688293	0.186657064234119	3.27998318307996	0.182957378882105	3.75152935869676	0.224685530545193	4.25549995794497	0.25322158379409	4.67866709224044	0.242976187168677	5.65348794293845	0.32519022141831	8.63402563536205	0.327128679451643	9.51071351784094	0.382804818116895	11.8793859397656	0.524517464014246	19.0034432048962	0.529514722729016	23.8893025683911	0.606048701999277	28.6664239783246	0.682006160777277	33.4380064139019	0.754214568879546	42.3193659770854	0.852458420349254	48.065036790696	0.892869761157817	56.4688673743784	0.980851351430275	66.5048562285396	1.0985394229849	83.5178376640801	1.14057091770453	94.7581268550053	1.27285274333925	112.505504632748	1.43965545356768	143.07572088593	1.53737328658872	157.558119153405	1.68352840237926	190.772874019856	1.72887594169382	205.478068780497	1.87499746805068	238.38979797286	
0.0221819886815404	0.10818965460251	0.0303547837974255	0.287057796421044	0.0357303251453825	0.32825605999929	0.0386037209363079	0.368436848256128	0.0511886038995156	0.427780307095055	0.0763562823616246	0.903854886289157	0.102207080082908	1.39041078444933	0.131045768163639	1.84767927749526	0.147574735982659	2.30431592868572	0.161031206507945	2.79275298967265	0.186446819038421	3.25649127074303	0.182558051998803	3.72483160137962	0.224493639336801	4.22581964022429	0.252991363347301	4.64574390946897	0.242960195591736	5.61331487992924	0.324899309813694	8.57364147645981	0.326965083953584	9.44363966920297	0.382370478420402	11.795817437792	0.524170698020364	18.8695041238671	0.528814574913676	23.7216887273085	0.605415673592194	28.4665360862742	0.681195696236986	33.2048591316465	0.753509667492064	42.019662661519	0.851438307419414	47.7319436997704	0.891935852953356	56.0695348998021	0.979699849423593	66.0054512854288	1.09735184045902	82.9335855131616	1.13940660080998	94.0912850220927	1.27151724622949	111.67235839823	1.43828241235957	142.076866296227	1.53593055801648	156.392118246529	1.68183385478202	189.437506522896	1.72717930464547	203.977149390537	1.87301903616693	236.723684317751	
0.0222193247997469	0.10772130123313	0.0302963305757079	0.284965929602494	0.0355163924041106	0.325723444793238	0.0385067405730528	0.365081147660023	0.0510886891629201	0.424209762032723	0.0762695409034862	0.898154552118991	0.102085242880152	1.38096496210027	0.130943605316217	1.83475752663219	0.147486839591406	2.28742755875044	0.160719082078724	2.77396681725109	0.186151058639553	3.23322636827287	0.182398086717524	3.6964888956432	0.224314714202143	4.19608158050672	0.252791203350668	4.61234947749714	0.242787931337277	5.57381143781938	0.324468964967161	8.5137891027224	0.326564366116777	9.37628176719323	0.382006988413742	11.7131579066081	0.523615999051511	18.7366993936799	0.528082534992784	23.5546727952904	0.604618733537883	28.2664004624307	0.680597024622488	32.9706315152559	0.752782805852912	41.7190093969716	0.850553406817504	47.3973269651851	0.89093714772158	55.6701577217443	0.978643401534414	65.5059271330342	1.09624766769536	82.3519708676492	1.13821277525643	93.4239440003038	1.27025127703582	110.839696451428	1.43679792675778	141.078324630894	1.53453316857887	155.227473345258	1.68015460617209	188.103763252429	1.72530774781889	202.474650477565	1.87123939295101	235.056929912741	
0.0221322118479422	0.105735903497292	0.0300860739043457	0.282052403481516	0.0355524780049381	0.321844108104427	0.0383719613683342	0.362273559476876	0.0508879268886725	0.421849208664159	0.0758934605330841	0.891376444950544	0.101813912181319	1.37033531239977	0.130818779572076	1.82109106699076	0.147271362120689	2.27078366097939	0.160498320827952	2.75331730127687	0.185884587675074	3.21037916395759	0.182388703919078	3.66980883345414	0.224097603374996	4.16621266997364	0.252487305730343	4.57950731978582	0.24238303629167	5.53458320151724	0.324193693065489	8.45389575079366	0.326152668405883	9.30958324153501	0.381752703429813	11.6298417930403	0.523013983689075	18.601847616571	0.527516993642198	23.3893202053115	0.603896328463409	28.0667006975315	0.680001343641941	32.7383298738582	0.752059148306851	41.4181475161774	0.849972886552089	47.0634403874636	0.890081770234611	55.2699572545696	0.977807362183801	65.0055685156523	1.09528637724238	81.7694398007668	1.13719943597287	92.7570872662308	1.26892182426198	110.005224013628	1.43544371198528	140.077652099612	1.53298140670231	154.064959309937	1.67848861229059	186.76934942974	1.72340453328319	200.974952982764	1.86948501442112	233.392187164396	
0.0219569654228768	0.105149112095494	0.0301342747225982	0.279802677494067	0.0357001937400963	0.320341913966753	0.0382822224950449	0.359262535528499	0.0508499749959885	0.419380359947609	0.0756688490579749	0.88421806715141	0.101711448982363	1.36041707669718	0.130655040170064	1.80775220004939	0.146984670705326	2.25459960370771	0.160487458495529	2.73233763146563	0.185820098924289	3.18678806577116	0.182222343551249	3.6440261005231	0.223903455053952	4.13636611118128	0.252184403007002	4.54581113931414	0.24204283173881	5.49419127771339	0.32393603309657	8.39523453857261	0.325943965003119	9.24338856136571	0.381312352925021	11.5472642182391	0.522598671302879	18.4689776938068	0.526959591046854	23.2221608496237	0.603412471157632	27.8666731071015	0.67933360010726	32.5058792208556	0.751330630976973	41.1181350015309	0.849366660898792	46.7319491712903	0.889223203555713	54.8698163920369	0.976937646197162	64.5054632179987	1.093984162621	81.1855452777	1.13598633296167	92.09152693312	1.26760960122357	109.171258215283	1.43405397327513	139.077516010107	1.53132787801452	152.896931845235	1.67685766550957	185.439167536629	1.72179472019652	199.474361418334	1.86766524045132	231.731110101532	
0.0218999631144206	0.104464269893545	0.0300715368087568	0.277356733490998	0.0357338555710054	0.317962908770555	0.0379860338769427	0.356195981474249	0.0508291571744435	0.416101056902824	0.075624362627747	0.876608754624598	0.101543638326983	1.35141095499777	0.130614964445732	1.79468935382296	0.146863097794464	2.23796338934753	0.160226875605581	2.71200057420036	0.185553927417853	3.16322001781736	0.181880856543902	3.61645872079322	0.223578801740022	4.10644458092523	0.25196712837768	4.51303277719615	0.241602845206473	5.45344871097686	0.323429093961731	8.33507575972272	0.325634149046136	9.176506565169	0.380892090186741	11.4638978132547	0.522069631659274	18.3365119650207	0.526292161199002	23.0547854271089	0.602771286914271	27.6664890544864	0.678726444886232	32.2723594095881	0.750639627695935	40.8181485639152	0.848444979163983	46.3990721471917	0.888528853570023	54.4691465383069	0.975910440719316	64.0045532576789	1.09294785897151	80.6028130451511	1.13489060990158	91.4254152570712	1.26649412285604	108.338901742272	1.43271159683495	138.07669446722	1.52971084534394	151.727742090016	1.67519491323599	184.108717422629	1.72023172969583	197.97393376667	1.8656864819702	230.063714946621	
0.021953752923875	0.103168050830188	0.0301075043935499	0.274657557071154	0.0354954525385719	0.314569635131116	0.0377295791674285	0.353694274534673	0.0506219864579041	0.411886560518393	0.075527229466475	0.870233560865856	0.101237684977934	1.34139981987276	0.13049691576718	1.78146434106093	0.146824336236142	2.22085383031129	0.160267910877423	2.69273057972426	0.185288898484148	3.13959492635858	0.181640012093017	3.5897311611551	0.223297151108123	4.07623247803971	0.251477908033185	4.48032240162287	0.241305995590946	5.41379113498822	0.323052057187134	8.27419706855683	0.325312063944476	9.10953423068684	0.380598762775044	11.3799232546579	0.521472762258618	18.2024965155441	0.525653499029527	22.8884977893095	0.602225094017271	27.466813503973	0.67814571977339	32.0382919806727	0.749734573026035	40.5190897235398	0.847630702740874	46.0653457569455	0.887624601918581	54.0688343124286	0.975002211278671	63.5030472509396	1.09197757787962	80.0192388970347	1.13390588989888	90.7588565462078	1.26516757391689	107.507223272062	1.4313017926169	137.077124621814	1.52816690927788	150.559729526475	1.67349754625755	182.774258896458	1.71839297901552	196.475338957745	1.86386625421931	228.393533274699	
0.0218699454883706	0.102233541430524	0.0300906042269891	0.273128965760509	0.0351355678328542	0.31181766436533	0.0377333513847568	0.350078152876011	0.0504238491949215	0.408286998938474	0.0754544174072193	0.863937180276248	0.101019149570648	1.33032418309554	0.130270191482039	1.76814922284409	0.146457782573938	2.20521063859913	0.160225977365374	2.67323450670392	0.18516522002757	3.11672932842332	0.181387463225271	3.56408719528109	0.222928131661728	4.04659360417163	0.251334002140826	4.44599990674951	0.241239714151903	5.3740208689734	0.322882507059891	8.21437356581787	0.324960315677408	9.0436077714063	0.380438492456582	11.2955137684395	0.521024028363486	18.069602378394	0.525165598086973	22.7220853542911	0.601612912462807	27.2676408676259	0.677476901955206	31.8052154789297	0.748873171494227	40.2200569601953	0.846925464354357	45.7326326456123	0.886621336174768	53.669587519525	0.974035508191235	63.0042011013471	1.0907708028327	79.4359180686466	1.1326097688048	90.0958368609599	1.26381482024961	106.673838618977	1.42993466312437	136.078270032111	1.52664323716709	149.393713718439	1.67191765187936	181.442870009348	1.7165470000613	194.976267311685	1.86231587966474	226.726018910504	
0.0215982731658525	0.101841338229918	0.0297923384044733	0.27037082498296	0.035037752151826	0.309993931124042	0.0377825519079473	0.346926324602573	0.0504275733269003	0.405151730743779	0.0752956148734194	0.858073049756052	0.100916198550746	1.32073668330654	0.130098057461371	1.75462828234803	0.146108639882538	2.18826173269937	0.159954270464618	2.65272445627863	0.185047262886398	3.0934939954435	0.181232093162343	3.53754077787514	0.22247571883566	4.01642713609009	0.25125820008502	4.41276007431772	0.241023209912625	5.3335386068841	0.322664066563164	8.15460035449555	0.324360074338882	8.97741774784966	0.379942467159265	11.2126186126554	0.520556286293882	17.9380698347834	0.524486661160784	22.5560938770564	0.600987999900431	27.066175315209	0.676920638204469	31.5720979989953	0.748377781100138	39.9193552668763	0.846182051032126	45.3996811157113	0.885729303842243	53.2698638894859	0.972995144973467	62.5052655447917	1.08986506606247	78.85264194374	1.13135836296982	89.4358644630314	1.26244747815923	105.840819044323	1.42847374365668	135.075988175496	1.52507971269221	148.226043881589	1.67041981941262	180.113954714879	1.7145936801323	193.48194913582	1.86053036645649	225.058847273	
0.0214062671842891	0.100593591593884	0.0297535263684512	0.267408462636795	0.0351310047393131	0.307426391323101	0.0378690581198343	0.343610438044642	0.0505879513936661	0.402081742437697	0.0752506040794762	0.851159900820699	0.100839631608411	1.31106187203032	0.129833937093945	1.7423811582429	0.146099442932412	2.17109187052929	0.159627456758783	2.63303816063145	0.184819306735075	3.0697601720793	0.180968304855089	3.51060436915959	0.222325671508273	3.98667557219583	0.250769068821531	4.37915888874414	0.240622241873066	5.29369383506685	0.322310940104565	8.09563459980707	0.324068489812967	8.9101203818044	0.379391344602927	11.1304517510901	0.519884770899737	17.8047286628188	0.523773045771965	22.3890053018809	0.60031703007804	26.8659875373038	0.676367916934152	31.337661766358	0.747522774343466	39.6200393814825	0.845265946964949	45.0655970976134	0.88485071114352	52.8698943902988	0.971976564925112	62.0067770230508	1.08887335894592	78.2695967868209	1.13033642569295	88.7640381919363	1.26124792294058	105.007948481275	1.42704984227072	134.07641833009	1.52341148456765	147.059491631776	1.66881368230835	178.781239624485	1.7127009593203	191.986453768276	1.85840044857021	223.393284960829	
0.0214882531587453	0.0992790807739532	0.0297862746621339	0.265069882659182	0.0350821912097643	0.304434546798084	0.0376824147074951	0.341032944734157	0.0503709219262464	0.398684074120068	0.0751335130362673	0.844274691561257	0.100582351779117	1.30089520604274	0.129671972292178	1.72948618290258	0.145989947112958	2.15419279038491	0.159240166032344	2.61330809282535	0.184535226212717	3.0456570793318	0.1807567476267	3.48431662658645	0.222209022267059	3.95718245030376	0.250311795204659	4.34530438344229	0.240343826056272	5.25387094932907	0.321851068251984	8.03546650773187	0.323856445188597	8.84323186634998	0.379020187873144	11.0471524013278	0.519384278004425	17.6687388095777	0.52327641304288	22.2212349986132	0.599601122541415	26.667250759901	0.675686748349601	31.1030374065694	0.746659946971346	39.3193488640339	0.844436405958167	44.7321761811571	0.884009828947403	52.4702601672226	0.971107259727399	61.5071113096316	1.08758473310092	77.6862387055315	1.12907909867784	88.0950654930742	1.26010885880551	104.174981060683	1.42563986370909	133.078591920461	1.52185632760121	145.894548707295	1.66723795341009	177.444575726563	1.71096698653354	190.481451460343	1.85653976793843	221.727454427769	
0.0214374167827328	0.0983258066804938	0.0294385469727628	0.263529533401592	0.0348671751569817	0.301366362929405	0.0375467354086097	0.3381313511831	0.0500473177180644	0.394651272940548	0.0751848609157484	0.837839194668673	0.100384595878185	1.29120828757363	0.129526125069525	1.71457698975967	0.145764905931443	2.13768905665468	0.158943927105381	2.592554734389	0.18430242161643	3.02265923359723	0.180636472854376	3.45697276426386	0.221963781039382	3.92667418685357	0.250228372852161	4.31096046815073	0.240105984174839	5.2130338533557	0.321487931167079	7.97428886203373	0.32349124955775	8.77762857598748	0.378525222572262	10.9627522283347	0.519051200569405	17.5366120821927	0.522855532572983	22.0553701812426	0.598941275030168	26.467252971792	0.674976686489089	30.8708549744556	0.745911379779785	39.0197461313008	0.843721624824343	44.3971198623374	0.883280003452847	52.0696424675543	0.969925806607831	61.0070842430705	1.08645735183103	77.1047879727844	1.1277034360233	87.4271060731251	1.25865405621192	103.343451602078	1.42426381063287	132.078023697302	1.52033320709532	144.727564323828	1.66553566169682	176.109342340047	1.70926225492994	188.979623099593	1.85468832381472	220.060208284463	
0.0212227315015308	0.096497380446768	0.0292125043924512	0.261587260264484	0.0347248109934399	0.299375049840307	0.0375963641393687	0.33524492072699	0.0500059848275675	0.391886350970824	0.0749963123142801	0.831576225274842	0.100359257396487	1.28083964101227	0.129301207654956	1.70138305988709	0.145547398605336	2.12088008196511	0.158773798402672	2.57262303525507	0.183992976608088	2.99981622023333	0.180346233693725	3.43079142528982	0.221829708961735	3.89633169881379	0.250288043970275	4.27813600556749	0.239706378421559	5.17320863931159	0.321001484906611	7.9138376479093	0.323109067863295	8.71135566472564	0.378095848681928	10.8795478734705	0.518417179666325	17.4034925649903	0.522398930594094	21.8897437824399	0.59824435437856	26.2696412320058	0.674303918009264	30.6386315641504	0.745089869969178	38.7197000890432	0.84301581160516	44.0633338674492	0.88228123265596	51.6709209405579	0.968619749733573	60.5070869788305	1.08554713192421	76.5254159519251	1.12658111905286	86.7586325631393	1.25737278009724	102.513792239115	1.42278949189548	131.077857805476	1.51879319835253	143.561205789101	1.6637671917088	174.776508040369	1.70746371573171	187.479091139805	1.85283971248325	218.391919059923	
0.0210224760755828	0.0958895542525069	0.0291542986929916	0.259293907637252	0.0347037240458634	0.296513270327424	0.037434496037977	0.332751624794018	0.0501070457195834	0.388542815775272	0.0748568599249593	0.825478274591862	0.100273870285107	1.27069078656809	0.129070838149966	1.68814035199699	0.145394422073433	2.10450440508281	0.158557682033029	2.553273179872	0.183794561758613	2.97625515719851	0.180014167648706	3.40451136612755	0.221615780225182	3.8664741969817	0.250037798295284	4.24537626990011	0.23940721646595	5.13393709651179	0.320524019878696	7.85452357859445	0.322709225714183	8.64433583279443	0.377841724668375	10.7968957928669	0.517940254788128	17.2705649002292	0.521611306256801	21.7237802448811	0.59759151087875	26.0723629056855	0.673700900404153	30.4046628554232	0.744476417875468	38.4195460133721	0.842199911659787	43.7322002791275	0.881307739825189	51.2718045328086	0.967657772561066	60.0064564152697	1.08459890594792	75.9395693768346	1.12551954898283	86.0920515005352	1.25602868302093	101.680243673264	1.42117810496038	130.079584361032	1.51724081904403	142.395771126324	1.66225225590457	173.441274653854	1.70566438475795	185.977381988339	1.85095118646474	216.727146509258	
0.0211507771961836	0.0952658810233148	0.0291669437223745	0.255625399086256	0.0346171298763867	0.293887522868334	0.0371869960183244	0.329378752938759	0.0500189144953262	0.385371458832525	0.0746727431820459	0.818097718161575	0.0999678220459279	1.26162855268623	0.129011497596124	1.67445817628786	0.145268308278157	2.08780229965361	0.158204559337511	2.53292331692193	0.183559770776418	2.95265753975438	0.179609429269004	3.37735889058495	0.22123546688019	3.83608747112173	0.249620436088352	4.21258533492796	0.239279290124881	5.09443318874066	0.320431310878077	7.79481183455914	0.322261247214717	8.57664731128641	0.377587644333851	10.7138069219965	0.517640961836289	17.1371063816257	0.520828142835327	21.5564085476564	0.597020118488296	25.8700237727352	0.673053462044508	30.1715230237481	0.743960808864043	38.1209416583915	0.841438094853373	43.3991109134921	0.880501402167513	50.8746066494719	0.96678210276307	59.5067720753999	1.08367917855309	75.3552278189532	1.1243360134902	85.4264017604615	1.25469207573392	100.844556790884	1.4198782363527	129.081147003823	1.51575625073517	141.22980002177	1.66057066948288	172.108172133287	1.70393064495317	184.479144807266	1.84917143149011	215.061509691284	
0.02091141419718	0.0946510626341186	0.0290968103622125	0.254374341889665	0.0344166079677653	0.291397050006781	0.03735994511507	0.325653986686162	0.0497614258635025	0.381840291250931	0.0744562105286576	0.812005646452069	0.0997660732566085	1.25094325646454	0.128778134270309	1.6615950987442	0.144928459758249	2.07113488598866	0.158015773117834	2.51312037312782	0.183353383063536	2.92924432417125	0.179597095758328	3.35062737282609	0.221134617226726	3.80548630824913	0.249245867397132	4.17932175377164	0.238954363101078	5.05360633731513	0.320200660375657	7.73435689514458	0.321859617834297	8.50930989837234	0.377068698067418	10.6304740446232	0.517095653919759	17.0036143354112	0.520163612593379	21.3895956439499	0.596278621158388	25.6679789377044	0.672415072252039	29.9388469906932	0.743127975707577	37.8249897099774	0.840804779564168	43.065667645295	0.879733120346859	50.4742906983034	0.965832070224616	59.0072032195238	1.08241061970611	74.7712885924049	1.1231911367379	84.7606998663261	1.25342814010638	100.009749076972	1.41857627457424	128.085451460143	1.51419896606335	140.063396783561	1.65882307465969	170.775769967264	1.70202834736276	182.979372806663	1.84735300361905	213.396066588397	
0.0207544918712358	0.0927222209141289	0.0289565360486988	0.251948159386538	0.034108832628695	0.28823713086886	0.0371960618295281	0.322848901432316	0.0496010036491439	0.378530545600934	0.0742847484106548	0.805408099439198	0.0996519325792981	1.24183922948413	0.128643048817635	1.64820757020062	0.14457568272019	2.05414965851022	0.158137225384632	2.49230950552522	0.183181211033276	2.90700853309717	0.179546097663273	3.32400644961771	0.220910866089977	3.77608212765871	0.248919790160835	4.14544955334172	0.238720535481886	5.0135538805736	0.319675016808475	7.67479602535918	0.321657252116594	8.44340299686494	0.376516191580284	10.5462303338151	0.516370447790693	16.8705786372365	0.51946971054156	21.2231887968666	0.595509509726991	25.4669529695219	0.671730538641854	29.706040572484	0.742215665569142	37.5257259786454	0.839862888021755	42.7325261255979	0.878808568604822	50.0723430700618	0.964792272022794	58.5071649770924	1.08108741890626	74.1880720721402	1.12209368335032	84.0937015712284	1.25230593366084	99.17646128143	1.41706214519602	127.083214307009	1.51252610552865	138.897693899896	1.65709740754718	169.442369423488	1.70025602853887	181.480390567565	1.84547060389284	211.729148270621	
0.020712916779386	0.0923793123240173	0.0288967632374774	0.249409767070414	0.0340054219516168	0.285519939178818	0.0368582348500302	0.320072134204159	0.0494463537197314	0.374341369547798	0.0740485466639102	0.798191863227865	0.0996174970900085	1.23149118843376	0.128352198089446	1.63496311608077	0.14436397719031	2.03843987723714	0.157876592296396	2.47247443110382	0.182973704356691	2.88341627075758	0.179257039399277	3.29738482791743	0.220474562778349	3.74625582513139	0.248635029740992	4.11222927868306	0.238539188154749	4.97393169484111	0.319405248627422	7.61443514952019	0.321456949618915	8.37732752597953	0.375900397445781	10.4627642773199	0.51578055339951	16.7372989325589	0.519024662207137	21.0557127915185	0.594980564446814	25.2676052445391	0.670987822330055	29.4729845598366	0.741390198874499	37.2220477785193	0.838925994602396	42.399425584092	0.877773048581569	49.6727684516275	0.963769296492765	58.0071565369819	1.08018999797353	73.6034920956911	1.12090481456911	83.4268150348344	1.251089653373	98.3425848900486	1.4156830251174	126.081483793333	1.51086839768796	137.730530702502	1.65548452224832	168.108924176231	1.69855054144638	179.986117095182	1.84350538352415	210.062796196944	
0.0205961407989603	0.0914384219098291	0.028822002800455	0.246681006608315	0.0341573844828034	0.282477046537605	0.0367535541399965	0.316412851566979	0.0495132603236551	0.371480201215325	0.0737314354766681	0.79061974539461	0.0994097780398465	1.22139134483774	0.128191407176133	1.62169794003462	0.144378221754593	2.02104975728862	0.157563879157802	2.45275414218428	0.182521288268075	2.86010363800774	0.178896085791382	3.27121582896691	0.220135615144247	3.71603208071423	0.248349735644208	4.0797982998689	0.23809164287741	4.93374326501015	0.319150194449598	7.554727130775	0.321172511783057	8.31132283560644	0.37556873221005	10.380180183261	0.515350933794324	16.604255783804	0.518473554362883	20.8892705541791	0.594336582615204	25.0681122332416	0.670354106484714	29.2390437907854	0.740691789864759	36.9210853148918	0.838259193915525	42.066596988765	0.876850393073416	49.2723221153049	0.962750455784685	57.5067271390878	1.07912924451033	73.0196944301674	1.11969645796193	82.7592653967987	1.24975814542635	97.5104742861849	1.41430976311018	125.080289721433	1.50933430364097	136.564142365454	1.65385190522757	166.772707313123	1.69673046520983	178.487224263047	1.84149781502731	208.397010367366	
0.0206096950800272	0.0900460801749964	0.028723799501516	0.244185978997513	0.0340786909090111	0.280426128806563	0.0366127994764914	0.314242695448219	0.0492952989981475	0.368306166720303	0.073617282014042	0.783917308181756	0.0991229477002518	1.21114400303597	0.128124798429561	1.60793811530952	0.144168023774033	2.00390690347191	0.157377545666353	2.43343502044471	0.182215571483708	2.8363581731119	0.178413490316899	3.24501632920352	0.219982614473643	3.68625537111166	0.248043410534496	4.04621993169731	0.237732110351368	4.8933634483992	0.318723943586517	7.49486218418344	0.320831795544142	8.24421545935738	0.375192979484841	10.2973660525371	0.514864783080431	16.4703632689013	0.51789825252177	20.7237521887898	0.593712763521576	24.8670806771239	0.669774782866832	29.0046038328579	0.73986528565639	36.6209610415416	0.837544939558122	41.7330941159261	0.876040531672373	48.8717081409267	0.961582006550547	57.0062642135825	1.07785963833291	72.4371335609641	1.11846375983639	82.0941148456013	1.24831737044834	96.6750928775945	1.41285719848493	124.080861437052	1.50796634883968	135.396189406555	1.65208649926173	165.441065106284	1.69507919087604	176.982877606175	1.83952539495885	206.734443188453	
0.020766705764477	0.0888176002738097	0.0285095663534149	0.242383695278253	0.0338496114051036	0.277020777078057	0.0364532324199844	0.311476318287042	0.0490099618131074	0.365864646499253	0.0735356424573968	0.777220167865793	0.0989620602116932	1.20111831599642	0.127884423015992	1.59471007574926	0.14394160989871	1.98748768726131	0.157082186781017	2.41297619275859	0.181818829954786	2.81336544965125	0.178037999042974	3.21870483790586	0.219852442184141	3.65556852656627	0.247878107395335	4.01213864935932	0.237650915288835	4.85266279117653	0.318361765766775	7.43546057055074	0.320270407630198	8.1783001759472	0.374867548333267	10.2138320094972	0.51428532049746	16.3373573730476	0.517333127044552	20.5565146020095	0.59301778740166	24.6682135145668	0.669024741423567	28.7720395585066	0.739050036510465	36.3219729816786	0.836814817472172	41.3991069553713	0.875271863649709	48.4707067363759	0.960709662421071	56.5074292398604	1.07688615489997	71.8582979818823	1.1173912139901	81.4281521811574	1.24714430158977	95.8411121780898	1.41147285043285	123.081388449189	1.50632963090275	134.228310953459	1.65034525451019	164.108826853026	1.69325329978146	175.483016198609	1.83751563047321	205.072427352477	
0.0208428936985519	0.0886400741924133	0.028547112324794	0.239816810313466	0.03381463628131	0.274342817349607	0.036503131976439	0.308155367662852	0.0488621089814511	0.361916595669998	0.0734426666619013	0.770198578063309	0.0988658110850995	1.19045024924155	0.127647834630686	1.58226527843706	0.143932629821598	1.97042283170653	0.156731539188752	2.39288640162513	0.181617708786677	2.7895827318542	0.178068294352345	3.19087389389988	0.219615743018034	3.62604164423247	0.247632415014632	3.97932070603379	0.237284655234832	4.81361988805794	0.317777269810106	7.3755257747694	0.319755948938673	8.11148244100508	0.374545492769104	10.1306481437287	0.513696160567634	16.2035542651079	0.516763154076976	20.3900034468029	0.592165783429675	24.4684727714762	0.668409267198543	28.5398552637476	0.73835670398584	36.022541612291	0.835845444262342	41.0656599618842	0.874424808464197	48.0714115147008	0.959729206140986	56.0074170744598	1.07571285606845	71.2767280398513	1.11638430300928	80.7606770489241	1.24597048517602	95.0100595566206	1.41002777261667	122.079851650598	1.50459171467462	133.062876290682	1.6487592082458	162.775292198806	1.69133102758022	173.982901471315	1.83573501789601	203.401724139938	
0.0206647713646494	0.0872537933299854	0.0284898627050851	0.237057607246155	0.0337923379711878	0.272225979445712	0.0364636477845405	0.305093353805937	0.0489282334839596	0.357781494531281	0.0733468767762854	0.764033048289219	0.0989029749624825	1.18033562090036	0.127494859056297	1.56815376304143	0.143816794908458	1.95325005915353	0.156769967420946	2.37240196256942	0.181758313722646	2.76596532380629	0.177944185263853	3.16321966834404	0.219260082529622	3.59696365935831	0.247346931495567	3.9465102132885	0.236791585582795	4.77392785313568	0.317285830828256	7.31497956574686	0.319332239165969	8.04439648517422	0.374151314301101	10.047918763355	0.513142644288233	16.0702913242359	0.516224706943246	20.2220096261278	0.591624009352714	24.2678100190805	0.667703921753469	28.3059834125637	0.737632841790374	35.7214524887994	0.834939267895929	40.7323433535513	0.873410557872454	47.6706000999462	0.958584291265386	55.5080791865713	1.07461738061202	70.6899948457119	1.11508269562779	80.0934030823574	1.2446256350672	94.174946368919	1.40857617113032	121.079886924439	1.50289577080345	131.896085622301	1.64699261536172	161.44187675387	1.68959634076591	172.480491965306	1.83388358420312	201.734373688509	
0.0206922204874376	0.0856109767661813	0.0282237530486293	0.23560842573314	0.0338075766146202	0.269906171437851	0.0362377252080548	0.301951042484606	0.0488720944184023	0.355285433734547	0.0731737431816383	0.758234110346149	0.0987759591434481	1.17038001588123	0.127252220988707	1.55481489610006	0.143399311778	1.93758451570064	0.1565686544615	2.35281089465098	0.181622586510147	2.74307923677537	0.177577974075166	3.1373305318139	0.218961551693477	3.56729707864495	0.246992830160479	3.91320937923097	0.236540026029936	4.73384326576685	0.31713545250013	7.25443195974053	0.318945142794966	7.97724813073382	0.37369288780298	9.96420218109916	0.512502823745516	15.9383247843261	0.51558766600556	20.0554258277638	0.590934907005714	24.0670485464966	0.667031601370773	28.0715527678615	0.736829117790444	35.4208998070853	0.834200168340549	40.3994551535824	0.87252523299789	47.26974025642	0.957514181956666	55.0087450239728	1.0736800417501	70.1044164915101	1.11386283771647	79.427179647605	1.24326440660313	93.3399076870198	1.40716210654804	120.081993459587	1.50133340195437	130.730501947919	1.64537805263449	160.107015896366	1.68778980115167	170.982657115566	1.83210435252118	200.068051417153	
0.0207234028451508	0.0852893357991659	0.0280038793235133	0.233368493184174	0.0337496708301351	0.266887405870941	0.0361030860800714	0.300016423654545	0.0486268080157268	0.352513759676477	0.0730975527119	0.75161578319932	0.0985056399220502	1.16100427555258	0.126948186813186	1.54152818322039	0.143215652896559	1.9210778715875	0.156200455044622	2.33316161907439	0.18125896651989	2.72083669361293	0.177195431725997	3.11104395339393	0.21872615645174	3.53609963652228	0.24678110176665	3.87953834446761	0.236265250473699	4.69399756262707	0.316816701050164	7.19505036954223	0.318503122894435	7.91136451228967	0.373088706396628	9.88056941787103	0.512075836008458	15.8039740587385	0.514795337601588	19.888754485082	0.59019404498914	23.8677455249952	0.66640731172645	27.8388469324855	0.736037698922075	35.1223513314565	0.833330538413742	40.0667457675393	0.871822766608699	46.8706536509917	0.956451866682866	54.5087775620537	1.07256418711632	69.5213862357515	1.1127734937853	78.7609413116921	1.24197148140088	92.5085048882791	1.40583885184838	119.080948399293	1.49994053167807	129.566140168697	1.64376006527697	158.774569026861	1.68593923598091	169.483972899679	1.83040589424262	198.398897925304	
0.0204226418973989	0.0847450796435605	0.0278183513736864	0.231005058536531	0.0336687099457086	0.264772226885302	0.0361677114646403	0.297230081266622	0.0484762332308581	0.348500399854779	0.0729734120835632	0.74474058565708	0.0983174604211857	1.15105030034788	0.126950220551044	1.5280120157523	0.143038209309841	1.90380917281388	0.15603174862865	2.3126494731734	0.180962084735879	2.6974169587721	0.176861641011265	3.08382069733902	0.218282854824291	3.50577065265919	0.246577162704564	3.84528104217138	0.236002067575611	4.65418585275965	0.316417619087277	7.13407109554307	0.318221961887962	7.84442384277355	0.372817850701498	9.79697763283424	0.511705171564207	15.6702771215673	0.514309252164716	19.7201031507005	0.589531261177879	23.6675521591549	0.665644781681075	27.6061131574337	0.735285388940074	34.8215229782734	0.832527712761786	39.7344722404404	0.870900202501123	46.4715670455634	0.955322601716927	54.0075546773637	1.0714251046048	68.9387136078445	1.11150765572747	78.0952245163962	1.24082995875465	91.6773852115878	1.4043490560548	118.080938969652	1.49828459391488	128.404013563548	1.64188660404686	157.445728238194	1.68407882581083	167.983694259619	1.82842328618619	196.733618735183	
0.0200996795552788	0.0833885647223184	0.0277661085950834	0.228199653140565	0.0336501327611369	0.261823921688581	0.0360074909631098	0.294176944077575	0.048495942219751	0.344678135774783	0.0728567690123346	0.737923130111724	0.0981369490055032	1.14172252312954	0.126804579459178	1.51558898810425	0.142732259968398	1.88693675177693	0.155653612151217	2.29232638574608	0.180789887009849	2.67316438875847	0.176731069370637	3.0571273638039	0.217940440868675	3.47610407194583	0.24623553085619	3.81234086276373	0.235752354719007	4.61382419693804	0.316157186731119	7.07357517793717	0.31801829837807	7.77785244264072	0.372645683191135	9.71330575405984	0.511199142389819	15.5373541134188	0.513647257064311	19.5552236725671	0.588966917316083	23.4674873158237	0.664950948288181	27.3730813591721	0.734376927631889	34.5201507327326	0.831578125532119	39.4009805434718	0.869783811582486	46.0712510943949	0.954443307723689	53.5077325017593	1.07061758879227	68.3554821864193	1.11012423418671	77.4298206454705	1.23953262614979	90.8445817037614	1.40281687040982	117.081913016604	1.49659322433932	127.236954674279	1.6401207463139	156.114056229034	1.68225073846553	166.483057991708	1.82643558948215	195.069203812369	
0.0199922644297695	0.0820623323352281	0.0276619503162683	0.226137268500868	0.0334548390966456	0.259346953003719	0.0358025677287649	0.290224993335223	0.0483067713405462	0.342364206740396	0.072715783051962	0.731244732661685	0.0980333797067368	1.13149660174597	0.126658892019464	1.50135570228776	0.142522186275744	1.87082475558604	0.155420463920179	2.27276488731798	0.180650296633466	2.65025641564808	0.176622120930219	3.030207020402	0.217750205234595	3.44578416847741	0.246029230513019	3.77895900364606	0.235432595030838	4.57361993462407	0.315857341196404	7.01385458633782	0.317828098390404	7.71079628913083	0.372041138531141	9.63103179040354	0.51057408703524	15.4032548449144	0.512943108854704	19.3889602491535	0.588288389028086	23.2678508808565	0.664134848766086	27.1394404759757	0.733596080456385	34.2204772194871	0.830783908656448	39.066747513769	0.868860132213214	45.6719484221395	0.953447722218934	53.0089459568087	1.06938660931768	67.7731895381048	1.10914722341327	76.7657504284084	1.23821562493178	90.0174704392408	1.40139078469407	116.081449101568	1.49509717234578	126.067586105134	1.63859484766131	154.783859434763	1.68031143050589	164.985044328042	1.82458252805857	193.409035720294	
0.0199934720619317	0.0813546945591565	0.0275696405124524	0.223824445411985	0.0332607482090703	0.256210899005639	0.0357656502968141	0.286506484405877	0.0480626545218672	0.339265376539702	0.0726016913942313	0.723924246534607	0.097941485558018	1.12047975470347	0.126614745315346	1.48807539225049	0.14221301468042	1.85434255868933	0.155358328935863	2.25292096533254	0.180510042599526	2.62716380784604	0.176340306260395	3.00390903328103	0.21753519986295	3.4153243337988	0.245836124571864	3.74550985647556	0.235002250478228	4.53422825121785	0.31536513655389	6.95414377362503	0.317560803452877	7.64389287251592	0.371399392877663	9.54787493298843	0.510077141128528	15.2681748937856	0.51238578536648	19.2232835589341	0.587568975387923	23.0677953507506	0.663543202825008	26.9054419649276	0.732774871911167	33.9219659967596	0.829994758952667	38.7341387105592	0.868049031498307	45.2723589025448	0.95236362414825	52.508527734785	1.06790519741751	67.1895632359267	1.10818959217045	76.0988787931748	1.23698438518192	89.1876695152524	1.39990703994192	115.080046413422	1.49347365325793	124.899595893333	1.63694101301096	153.455182558861	1.67848148393805	163.484810391464	1.82267531269515	191.744710204443	
0.0200012832310048	0.0805500537207799	0.0275001106842465	0.221085542265454	0.0332646688617541	0.253384160502961	0.0358352932487052	0.283566677527246	0.0478801625061086	0.336101179138906	0.0724185834919459	0.717823967545302	0.0977019936930855	1.10978491242585	0.126403035155045	1.4746856518159	0.142002267516397	1.83814406591843	0.15522098313711	2.23257832013208	0.180227753941806	2.60333196278552	0.175932936361813	2.9780606421116	0.217113416452372	3.3858181733913	0.245477250112526	3.71219179295121	0.234785731663752	4.49389174110456	0.315037283171964	6.89483203261652	0.317028104436153	7.577579448724	0.37098668413464	9.46400188854747	0.509542748676396	15.1369413047072	0.511861624348549	19.0579477327608	0.586919543348911	22.8659609946117	0.662924824896261	26.6727361295516	0.732060754001214	33.6212046987986	0.82933332867632	38.3999019555663	0.866926490314546	44.87215471008	0.951285586190663	52.0088992742669	1.06706689662078	66.6049534571565	1.10683497455398	75.4296527745844	1.23561350543363	88.349099258318	1.39852931193444	114.082585082225	1.49179991526603	123.733572634717	1.63500063932125	152.117892812198	1.67686973116257	161.985425821034	1.82062416567662	190.073604660571	
0.0199074510581991	0.0798184998731664	0.027423165936347	0.219736259645737	0.0332272760274625	0.249872201448556	0.0357327254563934	0.281515585173229	0.0479795502421921	0.331299309276096	0.072231220810454	0.711070482216251	0.0975735936318423	1.10002930892012	0.126192741984581	1.46076843358317	0.141863874459954	1.82145278711364	0.155012236718832	2.21228852748522	0.179890183119697	2.57980372886989	0.175535676516956	2.95115613119271	0.216788477883067	3.35647546008788	0.245230854586187	3.67958409568691	0.234565138796125	4.45336850082393	0.314634811456829	6.83591796632847	0.31638579431095	7.51143599129388	0.370748445320666	9.37938564872726	0.508932330118402	15.0042669596743	0.511287950872578	18.8897881366754	0.586254623395069	22.6666654236906	0.662297905301755	26.4390449549385	0.731296271769919	33.3215907901952	0.828528698322025	38.069759294417	0.866003255503378	44.4706801936838	0.950147541457611	51.5113458003466	1.06609839726539	66.0217518380523	1.10561671123862	74.7633995375111	1.23420129683736	87.5145448641346	1.39698121981789	113.083462271633	1.49015083719421	122.566513745447	1.63315862692207	150.783791913879	1.67515111275935	160.486041250603	1.81871049269126	188.405643261561	
0.0197271279777611	0.0777023168054249	0.027422514685755	0.217153818684309	0.0331003189603208	0.248424024017644	0.0356118644863282	0.278223592858968	0.0481212865837284	0.328200158933282	0.0721745512693821	0.70478422975916	0.097387860456363	1.09062318419391	0.126040808330235	1.44760640150726	0.141609331348253	1.8043825764543	0.154767336721914	2.19201037636999	0.179628787717743	2.55622310806194	0.175325325959576	2.92417036238305	0.216577510219709	3.32656580419409	0.244919294107727	3.64606346951221	0.234210741987315	4.4139274573236	0.314173555850984	6.77594498632338	0.315959255704126	7.4453535354895	0.370263645618168	9.2956476460532	0.508350328296069	14.8693686164389	0.510480072024197	18.7240071383325	0.58570493458378	22.467842964615	0.661753050467955	26.2055251436711	0.730398977234797	33.0222376519002	0.827701994467233	37.7397991724836	0.865271084373959	44.070781475009	0.948924803448487	51.0148950123022	1.06470849476714	65.4393474310341	1.1045655138	74.095410315241	1.23283231084621	86.6797744031241	1.39544289569775	112.08215644103	1.48855240371653	121.397778475623	1.63144937839795	149.449914532968	1.67323373400051	158.987014308024	1.81667317909009	186.737175223095	
0.0196496245578229	0.0773922809902529	0.0272724706965459	0.214653712455333	0.0328854786481079	0.245872171180574	0.0356008993591564	0.274188026815686	0.0479706099267206	0.325205520440674	0.0719757015213473	0.699214571781539	0.0971883091866914	1.08070005904803	0.125881605039607	1.4343811559146	0.141272819370056	1.78845579703164	0.154533008106447	2.17288403839421	0.179516459807458	2.53353888518947	0.175164022783935	2.89783791632846	0.216231946187713	3.29656767265992	0.244478111984203	3.61272934067422	0.233962999265041	4.37432808899311	0.313943629472241	6.71507002044762	0.315662164058265	7.37855768662685	0.369896722375229	9.2132144262442	0.507652355505986	14.7368479396235	0.509619080867886	18.5572948174593	0.584920414958766	22.2685585695643	0.66094709856972	25.9727261760421	0.729543509025249	32.7229888217286	0.826879924623297	37.4044262040036	0.864415617107492	43.6714788027536	0.94769818827654	50.5140148543033	1.06358060870004	64.8561234601892	1.10338914684567	73.4285610317482	1.23143962211341	85.8455627356319	1.39397750948474	111.083614775698	1.48702268279948	120.233133574352	1.62989979983858	148.115500710279	1.67144822154294	157.488091673569	1.81486175273336	185.069929079789	
0.0194987467256772	0.0764093937507103	0.0270170927050695	0.212753508903152	0.0327689323150975	0.242634806753485	0.0353516612267287	0.272280125300715	0.0477792728494106	0.321816204921989	0.0716947225388919	0.691844550937376	0.0970147504840392	1.0700572544168	0.12561231848906	1.42149991758159	0.141202269292537	1.77090828357549	0.15432013438665	2.15293999923675	0.179288016405625	2.51013009338837	0.175200824059624	2.87088567512989	0.216068366661793	3.26571388855096	0.244068981749171	3.57947321009814	0.233707684302321	4.33314407537717	0.313642898703775	6.6551068193291	0.315136187400662	7.31095903774301	0.369519581100444	9.13064337070071	0.507194319313573	14.6037535681294	0.508821307044089	18.3905079907837	0.584000958491043	22.0680429661284	0.66017985104662	25.7394187063115	0.728751332654023	32.4229204277302	0.826090368097445	37.069064411394	0.863409698130432	43.2714795012455	0.946807154540218	50.0110820614475	1.06242051380204	64.2721171784187	1.10229658466531	72.7626728731067	1.22989937470135	85.0135564398916	1.3924280732427	110.084290799439	1.48551360358215	119.066707984403	1.62835258740316	146.78016301564	1.6696973130975	155.98873690546	1.81300779049384	183.405126726803	
0.0193628905198835	0.0752768691739818	0.0268627588839999	0.209950722851803	0.0328259293543078	0.241098604791538	0.0352134951073882	0.269235631948903	0.0477084697751864	0.318167341455618	0.0716106461039649	0.684505089113742	0.0968841134150702	1.05993436058815	0.12529687379007	1.4086316013487	0.141129852949346	1.75383353271882	0.15397854751532	2.13319246913321	0.178889498658284	2.48670966005563	0.175016088170573	2.84468547687461	0.2160166859655	3.23682403082794	0.243903418803025	3.54571626083135	0.233392424310824	4.29341758152128	0.313327827328406	6.59530427134708	0.314717530373081	7.24336783943941	0.369107046925106	9.04729838613447	0.506718372754819	14.4701376560184	0.508157550379047	18.2227805283524	0.583341980800159	21.8684419214173	0.659491954701277	25.5061335883217	0.727957614213425	32.1223565701458	0.825196568257202	36.734764326469	0.862478761802508	42.8719868391939	0.946022505738204	49.5106824658743	1.06123943855507	63.6864568678343	1.10112293216996	72.0982375776126	1.22856929954209	84.1807603826455	1.39096800217496	109.082619890404	1.4840037109826	117.899321269602	1.62658552189034	145.446926384629	1.667632319035	154.492481578731	1.81102493779644	181.737746473052	
0.0195244358117776	0.0741770500251757	0.0267684976494307	0.206688576514258	0.032612663413807	0.238719192141733	0.0352852623536914	0.265516511839147	0.0473492336134072	0.315751141565863	0.0716101730066554	0.677867378816749	0.0967298899528225	1.05148051314926	0.125032880664592	1.39511205783644	0.140905875504105	1.73806112000556	0.153845079222819	2.11272828634253	0.178640979503999	2.46396955783135	0.174618630242136	2.81748806501992	0.215638713729724	3.20803731707516	0.243694322617836	3.51300798073377	0.233022332105978	4.25404266192061	0.312852081647116	6.53471289318182	0.31463133928591	7.17759411705385	0.36882035153424	8.96294198530024	0.506530962645874	14.3365291944875	0.507765172271189	18.0561091856705	0.582836755397978	21.6683640395707	0.658871552016129	25.2732116861187	0.727247444860904	31.8230369594619	0.824300671389926	36.4009708810006	0.861627427495346	42.4722818356054	0.944999594283168	49.010033275863	1.06024306773593	63.1045740014331	1.09963884308128	71.4345175378219	1.22734768596567	83.3456471949438	1.38956909326691	108.083236309504	1.48221614533672	116.734706170652	1.62468383626015	144.113838765223	1.6659048756577	152.994944752201	1.80925556925714	180.077384665891	
0.0194233839026643	0.0728832829594179	0.0267059942789938	0.204170935228264	0.0324696317859294	0.234307575522981	0.0352486788037935	0.263006655827431	0.0471958934698726	0.312106527258537	0.0715473856977978	0.671367911707859	0.096664746677246	1.04125587233416	0.124675868061672	1.38182895383158	0.140522789559399	1.72175796986531	0.153639872994486	2.09341638235257	0.178465552841849	2.4401740343495	0.174265885649039	2.79108344146922	0.215052641084643	3.17751182415816	0.243484822069848	3.47979585514726	0.232659512273174	4.21470359823736	0.312537054835533	6.474464707369	0.314302175984236	7.11091794313636	0.368451930925415	8.8795662670905	0.505878939734311	14.203804558038	0.507028169748466	17.8909707998736	0.582127085670799	21.4686400602857	0.658341020978861	25.0396993254314	0.726437372651969	31.5223017385318	0.823554278368049	36.0682577696673	0.860618527701052	42.0725321285355	0.94373534622562	48.510315408382	1.05909905838537	62.5234212918957	1.09844562054164	70.7656938505646	1.22595343555042	82.513409931216	1.38812785187692	107.084262510517	1.48043799501284	115.566887322197	1.62283112774341	142.782107151422	1.6641246977169	151.492699158958	1.80733341875668	178.412343894337	
0.0192390753538588	0.0719682585733196	0.0267090919000874	0.202753302265966	0.032378245967615	0.231849844469137	0.0347718983997693	0.260510973380474	0.0471781669611653	0.307472673800973	0.0714266441785879	0.664607674290463	0.0964636446885459	1.03092378018213	0.124430044830123	1.36850941183271	0.140228650459252	1.70501744738173	0.153408156689372	2.07317804527552	0.178143609801756	2.41725581669128	0.174126439613108	2.76445832730945	0.214930482846289	3.14626525477201	0.243291543470218	3.44579955599016	0.232337652670871	4.17503484637835	0.31225172396318	6.4151166447818	0.313841539055986	7.04475818756195	0.367966516474345	8.79742827652363	0.505241046400688	14.0707558213479	0.506316334606036	17.7242696548708	0.58119186572736	21.2688713775192	0.657562293330479	24.8097800070664	0.72557610299544	31.2219502224842	0.822723682449274	35.7340172893843	0.859671968154593	41.6723838154225	0.942543429446607	48.0103330453024	1.05794796790986	61.9403202556248	1.09743395693441	70.09572277395	1.22463974396182	81.6804872141058	1.38667442916599	106.084320136099	1.47887349473309	114.399880586989	1.62113809515188	141.449779491201	1.66215569382677	149.991511548108	1.80533825781652	176.740716809848	
0.019175290912836	0.0708926392583888	0.0265985942671069	0.200419830010355	0.0321590481920594	0.229671626589724	0.0348164081829243	0.256518073550615	0.0472016500591308	0.304562843866288	0.0713557552946341	0.65726943482765	0.0961591819765773	1.02192243151069	0.124184417481905	1.35550477326444	0.140138566408729	1.68726830259775	0.15332246676429	2.05241490795259	0.177985946202729	2.39318112928096	0.173852429781548	2.73741900745429	0.214860920910769	3.1165625853106	0.243018900025674	3.41191757667367	0.232073021068502	4.13379402208806	0.311790389334613	6.35593389194374	0.31362565883488	6.97757211455907	0.367512754927355	8.71481065485362	0.504999881481827	13.9380935835079	0.505733229472076	17.557203431436	0.580294845679079	21.0690915188823	0.656685178873321	24.5769270227307	0.724928677601628	30.922742370504	0.821918666507063	35.4009092972982	0.858806376361068	41.2720082596121	0.94165967999452	47.5095907230381	1.05690284995865	61.3570553065885	1.09626187282703	69.4292460194693	1.22340101043544	80.8483170056002	1.38525415756321	105.084832247075	1.47707228219629	113.235310191521	1.61951150484759	140.116960092684	1.66022796912766	148.491352117333	1.80335752537391	175.074871375627	
0.0189074268978464	0.0710708856595548	0.0266901180157569	0.19695078455192	0.0321154469883013	0.22685246963452	0.0348337483353792	0.253646806189453	0.0472019786122775	0.301277312602082	0.071076852806456	0.651871838687516	0.0959548922977056	1.01163492642479	0.124202563679511	1.34229931827555	0.139959261690256	1.67042102726912	0.153242130966135	2.03268018353384	0.177744321809927	2.3697055150883	0.173514487271512	2.71078644271428	0.214430958520546	3.08699169798724	0.242664580956099	3.37852035073425	0.231847833043639	4.09374761894298	0.311438731007105	6.29592924697262	0.313270780188904	6.91111712974254	0.367141657336557	8.63091991528457	0.504420450377559	13.8047729006389	0.505159470314428	17.3899006520786	0.579630971938097	20.8684287664866	0.656078706759944	24.3411236086187	0.724138074778475	30.6228546530765	0.82113688701076	35.0673579956877	0.857881215644659	40.8716029014808	0.940737782559776	47.0106141882913	1.05580886529355	60.7736040930461	1.09511404543235	68.7634919712722	1.22198048823685	80.0150441112185	1.38359550074535	104.086320384064	1.4755796722313	112.067901124979	1.61757217055461	138.782918799007	1.65849910015161	146.989881384434	1.80131868510803	173.408027563654	
0.0186772015732176	0.0700287939557177	0.0266386369135011	0.195623562634642	0.0319917869369608	0.224266448902116	0.0345137888726518	0.251820075253771	0.0469380540263082	0.298441057147297	0.0709079221483641	0.644970796945058	0.0958598437303152	1.00032995147446	0.124064295169996	1.32891004350222	0.139598572700196	1.65524826985012	0.152958719136292	2.01325884914656	0.177354123523509	2.34721873259227	0.173145371960006	2.68437995651852	0.214036192003767	3.05561753741443	0.242358063606856	3.34459064113807	0.231458019073324	4.05377525593907	0.311121779137205	6.23446801356398	0.312790839082766	6.84473152845452	0.36653750582566	8.54698819752419	0.503603226827578	13.6710480237918	0.50464137635668	17.2230113799246	0.579094209767763	20.6676691565478	0.655498294888721	24.1061975003303	0.723339043110561	30.3231271231243	0.820300090535442	34.7337321882747	0.857081921224568	40.4721847452316	0.939557659409593	46.5109298484214	1.05482431293172	60.1894972284424	1.09390386028097	68.0983116177538	1.22065963244932	79.1810038070719	1.38214911333829	103.088784547064	1.474079700627	110.901348875166	1.61584339024609	137.448817900688	1.65670943387311	145.491569697559	1.79933856387497	171.740617507583	
0.0187528215656864	0.0687094737280326	0.0265223957996356	0.193881480185822	0.0317639529503968	0.222048344224956	0.0344223048376418	0.248070774473264	0.0467526095026128	0.295243361239237	0.0708517316970884	0.63844112006159	0.0957089030346332	0.990880753081222	0.123887711429755	1.31441156359521	0.139404255556548	1.63845862010306	0.152713556235741	1.99333599757667	0.177148154189833	2.32416919845726	0.172950679964853	2.65769640186996	0.21384133052537	3.02608134185532	0.2420678033081	3.31179947333529	0.231122684866057	4.01470208483824	0.310753177912892	6.17336207970069	0.312179456434115	6.77854150489788	0.366116763194318	8.46387324962296	0.502990834735927	13.5376453845402	0.504168967744006	17.0562897458261	0.578491598583053	20.4682897665989	0.654816928491252	23.8735512695963	0.7225410928042	30.0239546614002	0.819382769506142	34.4004491075529	0.856209817309262	40.0732657778588	0.938485809715091	46.0108096496074	1.05376597936762	59.6065116761652	1.09258385872851	67.4308066831996	1.21926174480031	78.3487590927638	1.38097417508266	102.091598887335	1.47240239096645	109.734662514908	1.61422453362701	136.11596869985	1.65465705028502	143.991991412042	1.79761158790538	170.07469756756	
0.0189760521637278	0.0669392551524555	0.02648609589276	0.190808930742782	0.0315855067090518	0.219353664346703	0.0344329277474318	0.244159831026079	0.0467979741758642	0.291796507450471	0.0706745821754617	0.631874190276905	0.0955530190009495	0.980842726018154	0.123648217606137	1.30146257154813	0.139196774721247	1.62142915480443	0.152319271756963	1.97305761363081	0.176953652772379	2.30012734016614	0.17284055633213	2.63115929768932	0.213644927350132	2.99604595741993	0.241707428796591	3.27983951089087	0.23086907634241	3.97464357450027	0.310337215908741	6.11292669805927	0.311938792575455	6.71135450057247	0.365861598331743	8.3802609754905	0.502815749651012	13.4035684677765	0.503438906758442	16.88994809132	0.577797383001527	20.2686384304712	0.654008906388074	23.6409907205351	0.721757351051935	29.7236683379298	0.818210402026013	34.0687716268735	0.855093348904586	39.6737246870356	0.937439263822173	45.5123099519961	1.0523315030607	59.0241929508198	1.09142505840683	66.7633688038675	1.21773245528313	77.5163132127892	1.37942237767014	101.088601775017	1.47070152385056	108.567082085022	1.61233851504282	134.780824720298	1.652763273685	142.493411504278	1.79587782946853	168.408390197365	
0.0188874267607908	0.0664359480843578	0.0262156715235789	0.18930587804215	0.0315746876816535	0.216130837282238	0.0343287248626299	0.24254350622269	0.0467622093458242	0.287920663221149	0.0704518063953599	0.624548756498885	0.095382392483029	0.970436651932611	0.123395057322194	1.28875397712919	0.139140003145067	1.60479457025868	0.152034749089206	1.95337597459629	0.1768434848931	2.27630643814534	0.172567442328114	2.60425664941549	0.213367557725812	2.96622477716653	0.241326673681648	3.24704927441062	0.230576410210438	3.93407842470577	0.309836963640899	6.05411135195944	0.31158526536585	6.64502757260387	0.365481246444609	8.29796372877094	0.502196890979254	13.2711670002451	0.502575990628213	16.7242956154863	0.577153087052276	20.0677391221528	0.653254873174009	23.4074168925609	0.721085199855703	29.4238812033356	0.817565805597331	33.7344529154979	0.854306684833903	39.2730585585958	0.936288641749437	45.0109268798309	1.05120771195494	58.4409466282341	1.09031160988577	66.0971602702756	1.21630607378495	76.6870636317388	1.37761884718185	100.088182563463	1.46899992929606	107.402228567504	1.61042773148536	133.447766903213	1.65102910744508	140.994891201156	1.79361256674458	166.741129152898	
0.0185708079827051	0.0653084220902728	0.0261367614187429	0.187146533995892	0.0316131540413004	0.213455016685225	0.0341771358601978	0.23957737493066	0.0465885669114424	0.284936385691692	0.0701849400116683	0.61702442715297	0.0951577963892974	0.960850723750383	0.123263411788039	1.27507331481918	0.138785765426499	1.58877372726045	0.151886748241308	1.93271819313461	0.176619543236848	2.25335492570666	0.172361426841588	2.57712117050908	0.213013816134438	2.93614771604791	0.24098401737553	3.21298498870881	0.230388973433543	3.89395984406459	0.309315787546627	5.99535048822765	0.311205425767234	6.57807107060473	0.365128275511089	8.21470535720002	0.501395732729173	13.1382244343234	0.501945232762252	16.5562719924903	0.576534348355317	19.8681995447288	0.65245118495425	23.1747185077652	0.720371724764965	29.1235129234825	0.816969674537804	33.4020601791152	0.853527249037137	38.8728692672915	0.935463207619301	44.5091079487214	1.05024126417805	57.8576928550682	1.08905485857935	65.4315254313624	1.21498474909398	75.8531648886167	1.37602859320167	99.0877633519091	1.46734660948646	106.236659794282	1.6089276324705	132.114232248993	1.64902222243404	139.495074497071	1.79156177340744	165.075581741887	
0.0185957099848113	0.0641257079603056	0.0260420970058994	0.183368696910978	0.0315415642745286	0.210851868349411	0.0340346875298353	0.236153993380043	0.0464695435368644	0.281458332598158	0.0701077713680058	0.611092892164638	0.0949249928640158	0.951484587685326	0.123080156969627	1.2613472505358	0.138258160045721	1.57156835841889	0.151755275799283	1.91275913640135	0.176307034159767	2.22932028516514	0.172016430369209	2.55054238964519	0.212909125598983	2.90530184818046	0.240654954479122	3.17941081148861	0.230010135146364	3.85337001422304	0.309276372508407	5.9347535221272	0.310899019344369	6.51119978461711	0.364811754494322	8.13074569976374	0.50094911467379	13.0046355305657	0.50142711179615	16.3896528038702	0.575776392762677	19.6670282902315	0.651606241012798	22.9407572496183	0.719459480750433	28.8235879531539	0.816029428627833	33.0683784923503	0.85234954484298	38.4740508827519	0.934617129181743	44.0090957833208	1.04905291707126	57.2719915662924	1.08769904387576	64.7651753367459	1.21362529864112	75.0185359886309	1.374670684571	98.0876496141451	1.46563745633539	105.070085192728	1.60725103187841	130.781293641192	1.64715273221808	137.994646845407	1.78971524507786	163.40919986589	
0.0184588850667489	0.0635853589937535	0.025856750864791	0.181460911811323	0.0314141102245584	0.207552309039591	0.0338424351341448	0.232822914623335	0.046325660063148	0.278743963979537	0.0699770555935449	0.604030789832083	0.0949001762838497	0.94044439937191	0.123050370360338	1.24771140812256	0.138100917954553	1.55464727577974	0.151644975058102	1.89254058992807	0.176045395365388	2.20589985183241	0.171746490609394	2.52372961399555	0.212616025351351	2.87589906457383	0.240217389496071	3.14628506606678	0.229575101777483	3.81311802162938	0.30913530420754	5.87432885069488	0.310574182289268	6.44446214341261	0.364371413954681	8.04806847345178	0.500501675971878	12.870158145114	0.500836781685736	16.224350505308	0.575043101132638	19.4670547165083	0.651154531024104	22.7057473223022	0.718523756711303	28.52426834247	0.815088671346098	32.735263049684	0.851428307482992	38.0776129585999	0.933350841970127	43.5115795623017	1.04786836615753	56.6892556084534	1.08649669137136	64.09670182676	1.2122403637101	74.1840933531511	1.37332100013568	97.0871484462084	1.46408280180002	103.904665431112	1.60553485958792	129.452989294302	1.64541369488751	136.494815240162	1.78772633016315	161.743324629348	
0.0182079346933963	0.0628837093305139	0.0258532794719372	0.17979505229085	0.0312503854341113	0.205436009556533	0.0336488027643227	0.229649156614689	0.0460658767805511	0.275421936513671	0.0696905000261202	0.597856936362877	0.0947731340443575	0.930752998913117	0.122807690546212	1.23479000650543	0.137979819267326	1.53781629859539	0.151310434838235	1.87281238476703	0.176004184565483	2.18372413106153	0.171546733319546	2.4976767975307	0.212264735859562	2.84631211193682	0.239976740058319	3.11305990196484	0.229382888197614	3.77301899876134	0.308785708634394	5.81416029295842	0.310194948676058	6.37826699758205	0.363923871870083	7.96464712043805	0.499808018625027	12.7376840344252	0.500282800126346	16.0570868414968	0.574276534901068	19.2678615910656	0.650658906381935	22.4733264716206	0.71765111743965	28.2239261396477	0.814332132190478	32.4016931216229	0.850604585731903	37.6791782789429	0.932047683956715	43.0121522674502	1.04679628847245	56.1072870603794	1.08526793148303	63.4285486917247	1.21077451727803	73.3493154415604	1.37173862140174	96.0852838220873	1.46235277374606	102.742203549852	1.60372524206297	128.126905220325	1.64351281369321	134.994521698942	1.78589302675969	160.076570224338	
0.0181752214189034	0.0603246241919185	0.0257059711191066	0.177223423401923	0.0311601640309527	0.202702810760501	0.0334937582757328	0.227131835470816	0.046069314743295	0.272874623873936	0.0695947968117126	0.590824694558952	0.0945187345134856	0.921341926535969	0.122460204261487	1.2217406644557	0.137698412045298	1.52108625349028	0.151032370042718	1.85221665266894	0.175748864946129	2.1607765767436	0.171214201351304	2.47150849707208	0.211941660470922	2.81652748609274	0.239837090563338	3.07937443170226	0.229109434065877	3.7336014711549	0.308328341477842	5.75395634496579	0.309670256259901	6.31146835475181	0.36341357986631	7.88117361336262	0.499165565617557	12.6047573009866	0.499612443981464	15.8916895480365	0.573646377042624	19.068826790453	0.649912782817757	22.2402369313621	0.716856026188828	27.923447963736	0.8135028189299	32.0682684798765	0.849429217224925	37.2751929170048	0.931057181884162	42.5125536092532	1.04566763758287	55.5248901039414	1.08400248335251	62.7634800969099	1.20941075654205	72.5168621110055	1.37031610437441	95.0855128110144	1.46049349063889	101.576262247619	1.60193329061554	126.792416891833	1.6415191089048	133.49477950066	1.78394220184407	158.411782772512	
0.0182000318898253	0.0600572218483618	0.025453764959124	0.175437219548227	0.0311072085170017	0.200203548542568	0.0336068597105668	0.22389092037658	0.0458866751449236	0.268912515895238	0.0693996791468205	0.584313993372039	0.0941895474833917	0.911746452297805	0.122407913572171	1.20804568306178	0.137494034720248	1.50485400027765	0.150850379072705	1.83267331503018	0.175469508513886	2.13718105477515	0.170959973984162	2.44445963116099	0.211612914128143	2.78660898263491	0.239605097856252	3.04598395785118	0.228823007154884	3.69430874076754	0.307779216815041	5.69501154503425	0.30918364062679	6.24361592047844	0.362883869830462	7.79861280236696	0.498708516033358	12.4708917944373	0.498824342972906	15.7236715129757	0.573111454350796	18.8678622895575	0.649088455375016	22.0070207312395	0.715946709347349	27.6238098407468	0.812592361206662	31.7345644413709	0.848352611111655	36.8749328451881	0.930144511271737	42.0122583218034	1.04453155265239	54.9418002435408	1.08293326578244	62.0983407215829	1.2080846052427	71.6903021894228	1.3689443804697	94.0871276078668	1.45883697019955	100.406319983795	1.60021790063602	125.456289435688	1.63973732830337	131.994918093094	1.78193377898683	156.745445599996	
0.0179551650014015	0.0599116153915027	0.0252463732251827	0.173432897047533	0.0309982613658542	0.198281415255179	0.0335888315639357	0.222273445971943	0.0457178994210696	0.265009605104877	0.0692902857117201	0.577759752856832	0.0942374269691709	0.901341367742451	0.122344852105237	1.19519285006595	0.137444817325591	1.48771091363031	0.150661315653593	1.81336862878983	0.175234481333732	2.11367168014077	0.170905225880918	2.41668526499873	0.211395870379505	2.75606928704932	0.239159830946084	3.01257043376747	0.228432929791992	3.65469656675225	0.307395926724476	5.63527512095188	0.308719927615739	6.17638467833284	0.362479434363496	7.71386152077984	0.498159065006108	12.3379035937117	0.498471519316506	15.5570858519666	0.572447710380882	18.6681755631736	0.648442149227138	21.773927465691	0.714895007597114	27.3246615934084	0.811761048894188	31.4006666877791	0.847551353774985	36.4746802239518	0.928927788782825	41.512495750841	1.04353495246597	54.3576635766161	1.08173231304132	61.4317857360096	1.20664916381521	70.860702431101	1.3674909056047	93.0877067740654	1.45709160638851	99.2380541005258	1.5984318780405	124.121629743851	1.63794684938772	130.495637830787	1.77980908412054	155.082222770021	
0.0176199415247075	0.0583846611712438	0.0251583325895094	0.169355654321016	0.0307127495010786	0.195312955656824	0.0331993756143484	0.219648135070289	0.0455110986578713	0.261643048780528	0.0691888222468005	0.571486597122825	0.0941955254946082	0.8906198663574	0.12209200048779	1.18167132749331	0.137242757590953	1.47104012392119	0.150449364350601	1.79329536863128	0.174802489085201	2.09075695494203	0.170758446517883	2.39063384551768	0.211314324391702	2.72569909216426	0.238800260884824	2.9793871791794	0.228121811211551	3.6144832240436	0.307161059210889	5.57606303145411	0.308270680372615	6.11001490952784	0.361987976376871	7.63076799329681	0.497667714499989	12.2037130555994	0.497895587694695	15.3910440833152	0.571597685344226	18.469109097595	0.647712950221444	21.5398488609052	0.714148266659278	27.0249862175179	0.810879397033552	31.0676685917516	0.846620717836428	36.0744574050364	0.927991310244587	41.0115373617495	1.04231270259803	53.7744768586724	1.08041088466193	60.7649066501958	1.20533705525381	70.0210443894511	1.36590507616345	92.0885169082515	1.45529143894698	98.0721276994529	1.59657254798905	122.787901374545	1.63606677209461	129.001036532872	1.77771525395966	153.419581085305	
0.01770405475962	0.0562611766803832	0.0251862689562602	0.167387871677725	0.0305873229447238	0.192202091022807	0.0329387355775548	0.215798702565852	0.0454333692154046	0.259045764866272	0.0690056060346109	0.564195680486086	0.0937565506579509	0.880687602609187	0.121790303728212	1.1677478228335	0.136980709110676	1.45399028594221	0.150259068529787	1.77267227893386	0.174548565722117	2.06748925850428	0.170442083645443	2.36420989702447	0.211067605649859	2.69632354974165	0.23841815645227	2.94644769826365	0.228103353309073	3.5739623120693	0.306673183143254	5.51626746839106	0.307940082793426	6.04403909015319	0.361548288155936	7.54838879019457	0.497275132458643	12.0686396237282	0.496911362241157	15.2243094107013	0.570768456365276	18.2689921002022	0.646895701164982	21.3063346375729	0.71347222608243	26.7254393641366	0.810036642090264	30.7345103082488	0.845611850079632	35.674387323016	0.926956939953724	40.5117896919476	1.04107654307525	53.1916887467717	1.0791517160641	60.0984336210053	1.20396169385904	69.1863633354036	1.36440935673337	91.0886266878948	1.45371917890499	96.9054115368743	1.59480737448132	121.45393458667	1.63407503854938	127.504319270169	1.77586459836932	151.74899708205	
0.0177798058590234	0.0559045238069913	0.025045539333691	0.164967306213609	0.0306223858267586	0.189454995148392	0.0328808408452493	0.212669415208031	0.045362125643064	0.255254409052753	0.0689390273843028	0.556956103003835	0.093518502433233	0.871472515417026	0.12166174166923	1.15506472336883	0.136756620776932	1.43705302157409	0.15008526840214	1.75307504100366	0.174432686539148	2.04393797435603	0.170008658859811	2.33743064898592	0.210697758641865	2.66586534487746	0.238206504683007	2.91201041788842	0.227708715760107	3.53447726357941	0.306023036823317	5.45572638164244	0.307751165883052	5.97779458422852	0.361096008383912	7.46459583949122	0.496647044412163	11.9353086963114	0.496347485056333	15.0582313204713	0.57006217302885	18.069510264775	0.646195279150889	21.0732506852497	0.712648404164572	26.4257770267616	0.809262554555926	30.4013464368109	0.844496100303829	35.2744811537609	0.925660750430526	40.0131633344723	1.03999816598247	52.6090496464758	1.0779994015456	59.4320760758085	1.2022164373476	68.3535374758365	1.36282487913012	90.0941083358932	1.45204963422209	95.7383824499254	1.59302153990237	120.12194220256	1.63221581503561	126.001269014259	1.77401005297053	150.080931374917	
0.017714940057538	0.0542738253500181	0.0247444819095845	0.162840340177196	0.0306267076393663	0.187164130898546	0.0330144552710221	0.208934899172695	0.0453121657631073	0.252357384802861	0.0688032250693505	0.550737196807223	0.0934224876361305	0.860734890510667	0.121406556384415	1.14214250684449	0.136577738360861	1.42053019573198	0.149743899148882	1.73342506693517	0.174269078698103	2.02018855133945	0.169653181754632	2.31106630513466	0.210300503718469	2.63663788273718	0.237832168091925	2.87869957211369	0.227228674091472	3.49410839000819	0.305685952995647	5.3954958909577	0.307430382019475	5.91145228943816	0.360608910730267	7.38109998067506	0.49614838445863	11.8037267926067	0.495890395230307	14.8906621828701	0.569413475582161	17.8694249323482	0.645537276231731	20.8388908210598	0.711988007909451	26.1244010559306	0.808357461041183	30.0685699955457	0.843502585420087	34.8732227041917	0.924617295250907	39.5133150818371	1.03867999869592	52.0255202018409	1.0766528573812	58.7662437965188	1.20068458623932	67.5194226658875	1.36118541509524	89.0992100042994	1.45032683269	94.5718674530133	1.5913491341094	118.787982865266	1.63028774958303	124.499969644706	1.77202481626777	148.414653807043	
0.0176972429855318	0.0538930781441312	0.0245854723966131	0.161319737867632	0.0304318646273182	0.184728111301191	0.0329511191570491	0.205649746258266	0.0450307099871422	0.249755298756808	0.0685233894075919	0.545576389420438	0.0933234450016451	0.850717061504977	0.121215544912042	1.12867593230115	0.136378276073247	1.40516977682311	0.149339882340443	1.71269929892878	0.173939704387787	1.99654972287334	0.169299063443271	2.28475644365142	0.210031273050206	2.60728166525707	0.23746875232908	2.8453198084717	0.226930118875062	3.45331692883881	0.30524834001459	5.33556528612775	0.306787713445677	5.84434584451163	0.360144283722169	7.29799760562798	0.495514749105634	11.6712992480444	0.495108239595903	14.7245812986725	0.568747065899278	17.6691104945788	0.644659231977036	20.6062408650356	0.71097990863336	25.8257855250796	0.807408889794223	29.7362871552215	0.842623378028092	34.4725789274926	0.923613329944259	39.0119245590915	1.03728322022562	51.4436634124705	1.07554128708166	58.0994429417976	1.19960533615124	66.6840338067168	1.35963159428547	88.0937094970196	1.44864585450325	93.4054865665456	1.58963758800666	117.454343902922	1.62815399155089	123.000138039461	1.76993368154652	146.747795093909	
0.017454656793685	0.0536778735180194	0.0245582444156478	0.158477399712571	0.0302016098277872	0.181707031979869	0.0324276763283318	0.203662274874606	0.0449012863441729	0.245688038643664	0.0683836377552251	0.537923595772989	0.0931999341540121	0.839817793931939	0.120993840403203	1.11518525978733	0.136218583454101	1.38774286963464	0.14907240481707	1.69309647306339	0.173630925202327	1.97386969095226	0.168945231574722	2.25785589085329	0.209935161875791	2.57704418383259	0.237276477837796	2.81265110958166	0.226676947752884	3.41343187732212	0.304848728146618	5.2753375894106	0.306428985931619	5.77772601560722	0.359704022531213	7.21452689252014	0.494699530847411	11.5379850844331	0.494275571987694	14.5588505917463	0.567999883985905	17.4693418118123	0.643930329393854	20.3737455085516	0.710012917481798	25.5253613658747	0.806540046855367	29.4025291000092	0.841842926193317	34.0734550691631	0.922523141344062	38.5132944763261	1.0363938336294	50.8628683307848	1.07436957637934	57.4315058735893	1.19822285850319	65.8523031824455	1.35799964287476	87.0918970269602	1.44695524988113	92.2398730898429	1.5876054189437	116.120965710887	1.62631693219313	121.49827242581	1.76783152262022	145.082039066652	
0.0174502904347595	0.0518667276828064	0.0245778384080292	0.155805100678876	0.0300657185744357	0.178651246342376	0.0324025436310801	0.200330730456633	0.0449588104639436	0.241154768019381	0.0683036577077283	0.530547521332379	0.0930428233967813	0.830678318487713	0.120737140476468	1.10149330519163	0.135994936165626	1.37094262609379	0.148867485182888	1.67319236435942	0.173469344818518	1.95030932640934	0.168829429281167	2.23126197599829	0.209692580819714	2.54721904545843	0.236836336214047	2.78028066673198	0.226369397930708	3.37391074008418	0.304635374760817	5.21471547760184	0.306196351389064	5.71210037350399	0.359114101358625	7.13153720749924	0.494341179506262	11.403938901313	0.493547121989372	14.3923152221539	0.567264978574656	17.2695898928513	0.6434486660018	20.1404100991451	0.709194451390531	25.2267104447676	0.805665027015562	29.0691491617442	0.8409042975309	33.673578702229	0.921439692259687	38.0200288113356	1.03555015087375	50.2797821956744	1.07304952863328	56.7644628750101	1.19671088067782	65.0195443781006	1.35648366023445	86.0900026005181	1.44518917284479	91.0741031509551	1.58569483357169	114.785926039458	1.62442052471161	119.998716492034	1.7657766723197	143.41613402779	
0.0175704197468995	0.0511066157029137	0.0244000709873378	0.153143424542793	0.0299736611852317	0.176088013908138	0.0326785311887426	0.196224107414666	0.0449225614378404	0.237573410884548	0.0681000595853417	0.524713134925497	0.0929269358027894	0.820853564284101	0.120607551969041	1.08770600645188	0.13578193051525	1.35459162925854	0.14881452626381	1.65253726045002	0.173317342581007	1.92646444283339	0.168754798270361	2.20450158724098	0.20938885282233	2.51722813167387	0.236550008835237	2.74681382443341	0.226032145254232	3.33355863031851	0.30416682778395	5.15489663147553	0.305781709322215	5.64528682951326	0.358654259116309	7.04833564660268	0.493947559727091	11.2701479005662	0.492918353303288	14.2248634311916	0.566380740998593	17.0693145706283	0.642734168612743	19.9071082173497	0.708349218852659	24.9296967886689	0.804653341812896	28.7359070592138	0.839814799421875	33.2749093292943	0.920318665645207	37.5182769354483	1.03420696639142	49.6940399287073	1.07171037045353	56.0998040621087	1.19540605504151	64.1843641351768	1.35493524748101	85.0895386854826	1.44352533152314	89.9137050804226	1.58399442369463	113.45461165815	1.62238855856075	118.499600142492	1.76373164764698	141.752017128185	
0.0173413000415038	0.0503770154498268	0.0242147809264009	0.150674837760705	0.0299919028972313	0.173296098136947	0.0323476913579248	0.19406169291444	0.0446672337770737	0.23516990026427	0.0678552176621916	0.517496665883531	0.0926097620917899	0.811632947364415	0.120635912566335	1.07467470877617	0.135450442935044	1.33844307865834	0.148715116734807	1.63254595667415	0.173208479548686	1.90323749175634	0.168412253152508	2.17842036543896	0.209055777951237	2.48739391290505	0.236277763560197	2.71349762355412	0.225646908140665	3.29329243505626	0.303709179143879	5.09523378187306	0.305208299800406	5.57907957648981	0.358214074014408	6.96410404298752	0.49344468584449	11.1375042891768	0.49247536865455	14.0572141998528	0.565719121436597	16.868847395964	0.641857673878	19.6748792191093	0.707567601825539	24.6309005812471	0.803795466082141	28.4016162875141	0.838909650569187	32.8744741688419	0.919146233077472	37.0144463476732	1.03295885999941	49.1102124608626	1.07048660881923	55.4339643322388	1.19392466747826	63.3503834356721	1.35329982748159	84.0905797876563	1.4418701167282	88.7488962663862	1.58206463313558	112.120629969115	1.62043157431397	117.000997882987	1.76168687629401	140.085367031299	
0.0173005417242846	0.048687570913867	0.0242485427959048	0.149569183294169	0.0297485756843906	0.171396156519229	0.0318731810526818	0.191602390253826	0.0443033678914404	0.231302467041551	0.0679024729843063	0.511059480968861	0.0923477412164884	0.801128269505968	0.120428023543985	1.06172711371288	0.135137398501722	1.32203573681	0.148666391151233	1.61275849611711	0.172795982506855	1.8809120608887	0.168110983253007	2.15113331379072	0.208797340691731	2.45696923565196	0.235914172414759	2.67959794910955	0.225126708261605	3.25432799586085	0.303334264952387	5.03586662717398	0.30475065463243	5.51256079607995	0.357772471305667	6.88040608718227	0.492826376821856	11.0041538039869	0.491826321187691	13.8924613815835	0.565015333995201	16.6694177145985	0.641204160504097	19.4410986375333	0.706784658106131	24.3271814029297	0.80307486221188	28.0679439139746	0.83812363509192	32.474143316513	0.918086831938209	36.5148961182477	1.03185150350079	48.5263291136662	1.06925952226147	54.767267785641	1.19240342408755	62.5193308142029	1.35184057128617	83.0898551023123	1.44012191688275	87.5771584127237	1.58022165014695	110.787140018376	1.61834436218934	115.49954950183	1.75967815515161	138.417465236931	
0.0173590650214815	0.0478049463654856	0.0242784006339281	0.146576582069597	0.0294528415444296	0.168332294569167	0.0319204313893079	0.187488796844796	0.0443291563663954	0.228076234829083	0.0676351614546141	0.505712874737265	0.09222530770826	0.790824291652818	0.120193346407232	1.04835972501902	0.134821715689749	1.30472734041352	0.14823311633181	1.59357453255976	0.172393400846138	1.85720349964813	0.167926757036057	2.12438386807314	0.208431526525862	2.42710987117481	0.235488649971049	2.6465548585623	0.224853458057498	3.21514492870144	0.303025342119194	4.97596954995512	0.304552123495742	5.44468787271091	0.357473738046621	6.79819405647423	0.492117980326067	10.8712782932874	0.490893082013085	13.7251809539668	0.564237968752389	16.4690753371533	0.640353025878121	19.2076533320683	0.705816261361791	24.0271707509283	0.802160646741741	27.7354375562431	0.837085943404863	32.0735479685855	0.916818497860015	36.0151111955446	1.03064497221882	47.9428443725127	1.06795912737174	54.0992375851796	1.19099367947978	61.6874213760058	1.35037357470002	82.0892272745115	1.43841519393064	86.4090191893187	1.57858925392532	109.453262637465	1.61643071752181	113.9995614344	1.75770387261844	136.750785337724	
0.0173977956206244	0.0470342042120235	0.0240146785567772	0.143988975178508	0.0293979130861738	0.16509884460709	0.0318081524956706	0.184778037100979	0.0444149857687032	0.224707233783092	0.0674713459868245	0.497682138765456	0.0921242291007583	0.780702561977332	0.119871800791574	1.03510968296399	0.134598807251488	1.28735980503636	0.147701692545932	1.57362595320497	0.172230944518522	1.83330762616364	0.167601779365752	2.09770590135977	0.208124187092356	2.39685353046909	0.235170206931433	2.61364774110449	0.224512764251783	3.1750980598951	0.302590232297483	4.9160184560295	0.304179762082725	5.37798282779497	0.357057956471694	6.71549075313143	0.491568116460981	10.7378709974231	0.49026094062669	13.5573501147346	0.563609925988637	16.2693532205133	0.639433885102597	18.9744222307852	0.704802164743746	23.7271377471861	0.801273510159468	27.4027169943297	0.835954752708188	31.6734369083737	0.91563031517231	35.5141677076136	1.02951486829432	47.3590616081495	1.06668129923132	53.4329135675939	1.18958051631279	60.853317741927	1.34873803996166	81.0914157660426	1.43667064797216	85.2416697274194	1.57671437156681	108.120443238948	1.61447680027744	112.502121465413	1.75570096335383	135.083881921109	
0.0174045771896684	0.0474306165539096	0.0237822291668966	0.142450168423859	0.029391579870009	0.162492640369223	0.0316669984024643	0.182054704503003	0.0443550194388374	0.221830291175261	0.0675823369748545	0.490534587590738	0.09193691390799	0.771200452822839	0.119676980416499	1.02107861055191	0.134485880337798	1.27066561584866	0.1474602338878	1.55304046565472	0.171914927338466	1.81024796389612	0.167267675642232	2.07133899637155	0.207844783235429	2.36691104545611	0.234842788899126	2.57954108022754	0.22415121721389	3.13439973097876	0.302230656869509	4.85560402914501	0.303758771015246	5.3109946608298	0.356472043656182	6.63107102236513	0.490987030131649	10.6051864078424	0.489656153092421	13.3888291655074	0.563039748456096	16.0685079289017	0.638821800117594	18.7401778505891	0.704004132350033	23.4265124223146	0.800433222985267	27.0698921242928	0.83498387013886	31.2732289906188	0.914522553102984	35.0139208489354	1.02832054292022	46.7762995732797	1.06547328412267	52.7664964177552	1.18821775783124	60.0199368141319	1.3471081261043	80.0919651299202	1.43495973096598	84.0745437829273	1.574713887297	106.788540261801	1.61255168708832	111.003131775735	1.75375030682133	133.417410638148	
0.0170422669252376	0.0461968652216819	0.0236678770487943	0.140008022470484	0.0292558410101341	0.160186656680173	0.0319999882176509	0.178633432979993	0.0441770493885466	0.218921174284388	0.0674526771775857	0.484281397083476	0.0916097228506072	0.762108882281269	0.11935514280502	1.00847478991765	0.13427151063163	1.25431275636835	0.147248497176081	1.53309502951347	0.17152839464458	1.78748504426983	0.166944942791121	2.04495020530387	0.20753152968819	2.33667868630554	0.234613106669476	2.54578319963822	0.223963718713591	3.09489838434458	0.301910199772093	4.79508901942724	0.303325187922284	5.24487122683408	0.356041867000713	6.54679937188116	0.49027708579229	10.4718731755537	0.489068978235962	13.2215329054076	0.56215104363122	15.8697040962766	0.638104074607324	18.5073248662534	0.703149621691434	23.1267830297173	0.799499737563344	26.7368176598179	0.834118776250755	30.8746955907735	0.91332889184037	34.5131934278315	1.02712824975311	46.1936790994344	1.06418406531923	52.1003921922867	1.18668897149018	59.1870066464414	1.34549654519217	79.0910839823912	1.43315649428688	82.9074774430773	1.57286007903382	105.454163692013	1.61065533623121	109.503009597861	1.75171400430469	131.752474174717	
0.016828043614595	0.044296206922172	0.0236936003588168	0.137433439542907	0.0291976701465046	0.157544945770835	0.0318881900232516	0.175663154392321	0.0438963500400557	0.215576023826323	0.0671443221105881	0.477823810384625	0.0913095038496609	0.751597685165109	0.119161139909977	0.99536386416559	0.133901138800064	1.23819773337924	0.147033335225815	1.5132959274248	0.171320871716416	1.7640552977118	0.166762774904751	2.01808108464114	0.207063026393229	2.30598159721232	0.234073795477783	2.51375920876984	0.223708302073727	3.05473114210119	0.301594693952204	4.73508344313359	0.302847962354874	5.17861507937778	0.355664526059099	6.46395124788488	0.489862131164932	10.3376994012469	0.488456756363921	13.0568694941012	0.56141251570111	15.6697975777756	0.637407463611785	18.2725105166686	0.702180306697958	22.8268599220338	0.798570083221242	26.404085922034	0.833105109991168	30.4748620646758	0.912075892512273	34.0146751037697	1.02594765657907	45.6100192696452	1.06299720950446	51.4361133589777	1.18516378252228	58.3544825353742	1.34399668758737	78.0916482474293	1.43120078685968	81.7417149547697	1.57112064135076	104.122044648039	1.60857574975838	108.002611748517	1.74945134787534	130.086435025411	
0.0166866848490619	0.0436195974658723	0.023809975808692	0.13555842535479	0.0290878269582642	0.155488236377807	0.031194907799885	0.173588269658036	0.0438835731659645	0.211468032904389	0.0669499213079668	0.470965696790051	0.0911507009724413	0.741189515603873	0.119068787774652	0.982105673038417	0.133506682285629	1.22191344252023	0.146781396179356	1.49292243216552	0.171076995379802	1.74036175404703	0.166607909927161	1.99103128740752	0.206837936346398	2.27632409689363	0.233801877879863	2.47943997352534	0.223382627014541	3.01456343419653	0.301191819084989	4.67565342416372	0.302565201816426	5.11175357227674	0.35512798759522	6.38146261438532	0.489384449846164	10.205514931865	0.487719755517579	12.8917143444988	0.560745671573708	15.4692801116947	0.636776998556628	18.0401678970795	0.701354938054116	22.526748687199	0.797853356624404	26.0702943392107	0.83203392154431	30.0749950109671	0.910953323959387	33.5147001912704	1.02464633841388	45.0262551317327	1.06171033585276	50.7738424570442	1.18374845514207	57.5192836659998	1.34241232323295	77.0959974072308	1.42948614097761	80.5754979810674	1.56906522008507	102.793814806951	1.60644319503575	106.504389468605	1.74735785921298	128.424925828892	
0.0167161405740086	0.0423743901389251	0.0237085715016688	0.133241163931974	0.0289333086305514	0.152256780028021	0.0310422418611368	0.170022817765792	0.0439332374776118	0.208225793585931	0.0668441551618456	0.464518354639034	0.0908860723444463	0.731751260250369	0.118861859993618	0.968640611894182	0.133430819062283	1.20520144178914	0.146616058982876	1.47282414271397	0.170796225333764	1.71725994943501	0.166201722694747	1.96472491838377	0.206830237303506	2.24644889993347	0.233682416772066	2.44623320304337	0.222853704708741	2.97414752883753	0.300638224667537	4.61593143558057	0.302100307093813	5.04497076192951	0.354728843367625	6.29836862124102	0.488758021401965	10.0715041390011	0.486990187649858	12.7249889851102	0.560095569931223	15.2695943166334	0.635935594991385	17.8071826649445	0.700605123594616	22.2259762133677	0.797089325499611	25.7366107898008	0.831049216809162	29.6765845456958	0.90973584111835	33.0157199312335	1.0233419342473	44.4415186930984	1.06029772714556	50.1047244718674	1.18224827839611	56.6867483790622	1.34080816382671	76.0982082505026	1.42781065105152	79.4088041702295	1.56706784826621	101.462619634927	1.60447635684896	105.004282191891	1.74538851780592	126.758856877264	
0.0168449905921263	0.0408092153151343	0.0234357434594945	0.130763736861804	0.028674572214193	0.149834773924366	0.0311302415986592	0.16768783211107	0.0439472228518953	0.204796256575464	0.0667059269815012	0.457546998045532	0.0905159159510677	0.722576802003595	0.118579038945335	0.954680145371443	0.133260800284738	1.18871796432394	0.146490983644292	1.45255868086822	0.170607061267791	1.69441425851884	0.165962780982453	1.93715986696021	0.206685482271961	2.21607032314563	0.233406692719073	2.41359873025633	0.222354817241728	2.93351648797401	0.300244108184847	4.55531956831964	0.301647008940905	4.97818282930837	0.354264896719775	6.2130101173641	0.488333322116564	9.93700626445369	0.486398328005096	12.5567921361236	0.559282358382191	15.0707383299466	0.635160844509506	17.5738714699238	0.699587459536706	21.9275115567667	0.795942530973293	25.4038622882114	0.830106390608952	29.2754825583117	0.908830995833284	32.5144784200928	1.02210188888294	43.8589354721543	1.0587822762464	49.4362993906531	1.1809076214857	55.8551779422662	1.33943046684973	75.0958891409867	1.42607914747992	78.2429075714775	1.56541319550136	100.128481483707	1.60255794417072	103.506499496213	1.74333039013469	125.089345757564	
0.0167902790341663	0.039954235766395	0.0232964062733172	0.12806122805353	0.0286245567721126	0.147493370875333	0.030749043628155	0.164337253788882	0.0437062946634407	0.201643438771837	0.0665994961941132	0.450924858297094	0.0903177916713117	0.712026198302868	0.118473727011063	0.941416948385669	0.133086352998492	1.1710448387415	0.146266469955158	1.43305376028384	0.170305662010489	1.6706945214079	0.165673658981068	1.91117561911666	0.206382518421842	2.18525914704244	0.233116333871839	2.37951931056339	0.222263468236892	2.89431083624323	0.299848080139283	4.49563343565391	0.301255265258599	4.91203285262054	0.353716717084574	6.12869888567259	0.487817308337602	9.80388488460623	0.485725060426514	12.3909506018163	0.558454080900594	14.8702013060925	0.634276237338117	17.3409123148196	0.698858813925876	21.6265081149479	0.79496946664396	25.0732204381858	0.828927045308001	28.8748853477391	0.90792069134482	32.0132592606929	1.02102004791336	43.2768290883458	1.05749699841885	48.7694389312899	1.17934511864802	55.022899700347	1.33788531555885	74.0946429150257	1.42425825042183	77.0796410275514	1.56363846335855	98.7946041027959	1.60060194269626	102.011711933792	1.74134428938577	123.422613704295	
0.0166120372708748	0.0397622487199272	0.0231745138605861	0.125988715281315	0.0284375060822247	0.14444117956073	0.0307507727725876	0.160688230251451	0.0432902656578387	0.198721487092343	0.0664050550768654	0.444469890942859	0.0903220466280648	0.701308946076862	0.118353809546449	0.928689902139102	0.132788578387534	1.15427963621087	0.146000318361558	1.41383405722439	0.170016762426395	1.6470335740317	0.165616293130874	1.88456761800839	0.205957040733998	2.15631597110455	0.232860001517774	2.34623547314204	0.222173294168247	2.85472450642816	0.299371819640334	4.43564276052074	0.300813486282488	4.84601372674822	0.353356542781283	6.04698837214717	0.487090422396555	9.67173114886783	0.484910029617368	12.2262033714821	0.55771087349072	14.6693411133204	0.633686870162941	17.1068635123549	0.69805598042167	21.32614542303	0.794099458469218	24.7420197946419	0.827854720179027	28.4750164313852	0.90660413877362	31.5136270748847	1.01964581594482	42.6946072205436	1.05625456928788	48.1015540171433	1.17791971828072	54.1883862843549	1.33633201979382	73.0929869071514	1.42242155939593	75.9151525884655	1.56152441444025	97.4614792304889	1.59859243127407	100.510874500214	1.73927279895268	121.754853470952	
0.016428508926281	0.0378663925522146	0.0231220783760625	0.122836632349372	0.0283211699108848	0.141375935178788	0.0308696815944952	0.158490600118045	0.0431960217284076	0.195286289387121	0.0662897299464088	0.438115448214247	0.0902964757610109	0.690990416309175	0.118271933573576	0.915261977480767	0.132525811115402	1.13759650647822	0.145870728087536	1.39324321456958	0.169714851459723	1.62388345706341	0.165329058769013	1.85789686904463	0.205673220920849	2.12733204980596	0.232346220834866	2.31356491160694	0.221768313007317	2.81408368667807	0.298944228749585	4.37553567007128	0.300273126177142	4.77900413936485	0.352794007023924	5.96526668275138	0.486496866650358	9.53868520614533	0.484230790587599	12.0586854566202	0.557027575664066	14.469651592969	0.632838853389584	16.8740719953061	0.697056994719071	21.027343627673	0.793142645628636	24.4057508938877	0.826937742866045	28.0746315623496	0.905279866487042	31.013884993018	1.0184037990957	42.1112752162851	1.05490547247306	47.4339634009163	1.17653789952593	53.354614201097	1.33458712142849	72.0974180233356	1.42066895166475	74.7465663302458	1.559649740698	96.1265736695039	1.59654355352758	99.0080701134525	1.73724264358997	120.087562624164	
0.0161732046926407	0.0375023473062378	0.0231181814459163	0.120878672248393	0.0281433730749514	0.13900841144316	0.0305298673676145	0.155122675913729	0.0431511365407721	0.191664550689448	0.0662853733416373	0.43165928760302	0.0899815798205627	0.681729461482392	0.11798627434302	0.9023984924835	0.132266026930602	1.12064108132076	0.145595911809198	1.37199462537769	0.169701083150571	1.60013124007923	0.164844510424592	1.83076243787606	0.205396122302668	2.09707454494708	0.231931717380793	2.27947128924542	0.221308709451285	2.77396999548018	0.298614840143509	4.31566001327062	0.299892643619612	4.71165601624168	0.352257335762178	5.88183229122223	0.485938216236974	9.40446765967961	0.483588007193484	11.8926828035151	0.556260810557291	14.2701734828319	0.63200632000541	16.6410606861402	0.696097395326372	20.7280351928594	0.792427593348975	24.0711322966574	0.825980387233277	27.6755784845323	0.903985308067654	30.5148637547898	1.0172515985739	41.5279059591254	1.05370623627586	46.7684328701265	1.17495939596683	52.5231816000354	1.33286229878068	71.1102757457747	1.41884042049729	73.5777863569398	1.55789536415261	94.7937766227277	1.59463499601754	97.5072326798748	1.73520185320445	118.422030114314	
0.0161205939302959	0.0361030424802991	0.023076158441024	0.118193683945222	0.0280879788346261	0.135885308649018	0.0302145613876562	0.152235852555927	0.0430462528984594	0.187760854095702	0.0660736572179521	0.425150390853511	0.0896272255178636	0.671421932962095	0.11781504802426	0.888895479946152	0.131970971897984	1.10396493650709	0.14529823184099	1.35200925878295	0.169413482569385	1.57712268413556	0.164712584006474	1.80397445868879	0.205000370597942	2.06645731676084	0.231696978052087	2.24626219045713	0.220980002934199	2.73455828863955	0.298236825468564	4.2554653785033	0.299543936193518	4.64487972515217	0.351830774687217	5.79778462380682	0.485301078319466	9.27068597215811	0.482844329864392	11.7260803787005	0.555507869385849	14.0688802250832	0.631386833706754	16.40806986607	0.695318858022945	20.4280003264722	0.791569821125992	23.7380801839231	0.824968022444604	27.2763726698201	0.902971133428292	30.0155221416111	1.01593941862633	40.9436202805958	1.05230441013333	46.1029023393367	1.17351785294456	51.6909331604372	1.33128184185417	70.10738294158	1.41714448035141	72.4109584356575	1.55598591876017	93.4609795759514	1.59251585174049	96.0067826764696	1.73310964582078	116.756803078254	
0.0159747556301336	0.034747044152023	0.0229898676447821	0.117081677567991	0.0279216073098171	0.13295151171109	0.0303418928610303	0.149939967895566	0.0431429651033931	0.184703191261233	0.0656669409622776	0.417776673823056	0.0895115453730648	0.661796423572326	0.117541268459281	0.87546965076351	0.131767251524969	1.0879843732083	0.144992771342038	1.33252214974197	0.168893776864618	1.55368013189273	0.164437539394038	1.77818800046763	0.204561794923254	2.0366172772262	0.231457518032592	2.21251152761742	0.220545156938688	2.69470629907269	0.297645910103278	4.19606003958048	0.299104734975692	4.57809412083735	0.351469006122658	5.71382682901559	0.484745647683223	9.13837670555714	0.482238709148571	11.5590700346175	0.554835224873751	13.8695231868751	0.630710337523914	16.1744699610649	0.694528278855385	20.1278760531221	0.790615962597783	23.4041004739486	0.823911641971422	26.876218768772	0.901826226934595	29.5161004346948	1.01466637725685	40.3613052805405	1.050898392786	45.4360828581648	1.17198638569251	50.8620747348496	1.32962494687745	69.1003476147702	1.41541470066372	71.250560365125	1.55401928099962	92.1271245467806	1.59018690427631	94.5079792512982	1.7308789401703	115.089579286688	
0.0156762806853153	0.0340801262708051	0.0227900232507796	0.114637268791906	0.0278740538742658	0.1310011477095	0.0301037091827122	0.146626889857141	0.0431150529714078	0.181881153026951	0.0653020318876775	0.410698709903655	0.0893940771762303	0.651861540479497	0.117352128927826	0.861473561153984	0.131604744879731	1.07141288576398	0.144935645004721	1.31261396650193	0.168724663684782	1.53041441451536	0.163875891303446	1.75125426930435	0.204164568894141	2.00710087227086	0.231168223852954	2.17915411571617	0.220168815175182	2.65416233686576	0.297106188599993	4.13630685169256	0.298722782890088	4.51179885783478	0.35103131597573	5.63193051664535	0.484119236654756	9.00419175537999	0.481647855614498	11.3921807624636	0.554072489349473	13.6706765134137	0.629864665826628	15.9409650509579	0.693795876428976	19.828060978852	0.789672744625012	23.0705808373041	0.822937061073574	26.4766143480167	0.900727358515667	29.0155928057081	1.0132742494506	39.7784165858065	1.04956935812632	44.7679595254504	1.17040235598539	50.0267864585122	1.32798932694054	68.0988406185007	1.41348682819243	70.0838442025464	1.55230651098767	90.7966297292995	1.58813853890857	93.0091460238058	1.72875400587844	113.424203239023	
0.0156484118096235	0.0330992617473832	0.0227023806230852	0.111127419765109	0.0277606394743074	0.128276767373676	0.0298798139004806	0.143675266823905	0.0428218434388612	0.178582321312858	0.0652203869671962	0.404055207944676	0.08921685761333	0.641447550152446	0.11720453328382	0.848132424113949	0.131252900398252	1.05419703954395	0.144662443302124	1.29340951384891	0.16851734347353	1.50723123559724	0.163802508721825	1.72337827257097	0.203958643428677	1.97679144618091	0.230746761841802	2.14643396125633	0.219885818031292	2.61467798686777	0.296820959893728	4.07593712828953	0.2982780470783	4.44578951084903	0.350532568853258	5.54896877130037	0.483721572298795	8.86991926088498	0.480988608983809	11.2248276916895	0.553113908497595	13.4703220287755	0.628988425101386	15.7084696944738	0.69281538156862	19.528523438696	0.788631931004899	22.7375846039216	0.821901985366861	26.0771440377059	0.899500821519518	28.5162046264029	1.01204249757199	39.1947530307272	1.0483514153169	44.1007749658467	1.16883101077535	49.1919824698906	1.3264088118995	67.096528959565	1.41159739217223	68.9147513048702	1.55033635051111	89.4707170186678	1.58619846450538	91.5097018487334	1.72647820647936	111.757717054902	
0.0157081192689256	0.0317436999765432	0.0226120349945904	0.109636474257372	0.0275189205726113	0.126209871640472	0.0298637812492609	0.140292732497394	0.0427742618337146	0.174639916626443	0.0651892161971813	0.397439762076925	0.0889983366473642	0.630227500175351	0.11701160429393	0.835651130600086	0.131009203236452	1.0378066943318	0.14429223252825	1.27341017741621	0.168132262577664	1.48359275637709	0.163585224136074	1.69752068459155	0.203621003551916	1.94713254887843	0.23032061012962	2.11286234517309	0.219429887495089	2.57421388556782	0.296266941322871	4.01590920025515	0.297695611667019	4.37889168216931	0.349973348575171	5.46592460391144	0.48333800682496	8.73790336088108	0.480212539818931	11.0592730047215	0.552489149044652	13.2673253821187	0.628192763039969	15.4750905129084	0.691875735794148	19.2274939198463	0.787686354358747	22.4049143334248	0.820917995590596	25.6761314572847	0.898311233611562	28.0156709203853	1.01110963925933	38.6121176557215	1.04713216427574	43.4353040396988	1.16745140876038	48.3587803560213	1.32480770880292	66.0954615475299	1.40980176177341	67.7489292119207	1.54831036883521	88.1345821119426	1.58433015699924	90.0156369925966	1.72430018372143	110.091171266139	
0.0158777767391688	0.0313766206563854	0.0223935421792946	0.107229864079297	0.0273325385897954	0.123291819874074	0.0298422912674744	0.136913821597602	0.0427695244693449	0.171991351765358	0.0650663887365879	0.391075307631111	0.0888157288740367	0.621399668532853	0.116632620484658	0.821527624426873	0.130943774242758	1.02134428803885	0.144009039492273	1.25407464111705	0.167812170133739	1.46035847113511	0.163192162166614	1.67183841807847	0.203183833085837	1.91688284384573	0.230001308329099	2.07944788976685	0.219111975946725	2.53371811930183	0.295982952722095	3.9545071058272	0.297315602483294	4.31135729454006	0.349317534811043	5.38247717386686	0.482687421636805	8.60444391095509	0.479369326184527	10.892136932097	0.551835839397522	13.0678873188505	0.627412910461604	15.2405043373436	0.690868568923297	18.9286492836529	0.78677528454994	22.0705099403764	0.819720809289369	25.2788665187258	0.897019255278765	27.5158599206513	1.0097507004486	38.0338520460283	1.04592186276434	42.7690135497242	1.16607411736255	47.52520943843	1.32335058999864	65.0961003183704	1.40791091382745	66.5803131513801	1.54638921299852	86.7961077230212	1.58229369355568	88.5205663081269	1.72216127668635	108.424550971573	
0.0157773489391453	0.0306629729396099	0.0222655581653041	0.104682471404033	0.0271245520201252	0.12041464443561	0.0295520303211237	0.133687705800451	0.0425270463520301	0.168421665265984	0.0649490529301643	0.384363993750389	0.0886934621278462	0.611701807024006	0.116339745943033	0.808057673839354	0.130747831781141	1.00489166063247	0.143716940544459	1.23284875291184	0.167520038400461	1.43718670091799	0.162849675640593	1.64517127798952	0.202944874141167	1.88721637954769	0.229695619728892	2.04632563680451	0.218732553411789	2.49442329343877	0.29578183285788	3.89433156317175	0.297025217588168	4.24570604106725	0.348895773309893	5.29818224031963	0.482041201810773	8.47053183827934	0.478591085076448	10.7255643096033	0.551053936125381	12.8697242361264	0.626634024319586	15.0076224820095	0.690001849004065	18.6282307123832	0.785922308780837	21.7372417608151	0.81841584786571	24.8816015801669	0.895829334198887	27.0163841970283	1.00824248304158	37.4499798747022	1.04459894907096	42.1033451831999	1.16443400956239	46.6913628493696	1.32169587737846	64.0945262668788	1.40608262953614	65.4136118899619	1.54449219554126	85.4618131096161	1.58000361020594	87.0151095147984	1.7199667772255	106.759063165204	
0.0156233572601598	0.0289862395009983	0.022145492229669	0.102535081755566	0.026969986521651	0.117654895671504	0.0292522093426996	0.130564966804173	0.042380556468765	0.164486551088752	0.064790558934804	0.377688215644967	0.0886842546042909	0.601458889004253	0.116187026819955	0.795929118733873	0.13055141564304	0.988628324530395	0.14361794467984	1.21326827878718	0.167397067350318	1.41406824891574	0.162526062305476	1.61849237995362	0.202794882204192	1.85691091157849	0.229497028600437	2.01315868036072	0.218435237756623	2.45487864030694	0.295217025348615	3.83532739142889	0.29660645080422	4.17921240636571	0.348533271494696	5.21473574159758	0.481380279008952	8.33813037074786	0.47796170937177	10.5596352309782	0.550364830984412	12.6689907032184	0.625948841929722	14.7744826503344	0.689087244508808	18.3268994450336	0.785135103608749	21.4033775348344	0.817362027976646	24.4785792057252	0.894714434324902	26.5170295453342	1.00708292248118	36.8629039538716	1.04319801590089	41.4357061382013	1.16281560446537	45.8587679577901	1.31988831004336	63.0935482618066	1.40414720815403	64.245077785804	1.54267364672011	84.1295450540371	1.57783284899323	85.5124168867401	1.71782463554996	105.092956960675	
0.0156004230839072	0.0286805892690699	0.0219167410387959	0.100394073121624	0.0269061711272515	0.114615073484258	0.0291544604680602	0.128073169718397	0.0422628661835025	0.161320025381631	0.0644769174247449	0.371799114039425	0.0884315368761022	0.591145947171748	0.115933454053243	0.782797878509121	0.130392806149141	0.971738848649612	0.143358939226238	1.19307301537715	0.167339628510625	1.39046387938325	0.16225228371258	1.59141441021345	0.202436183258411	1.82638518583086	0.229009644451536	1.98027624294996	0.218115235304672	2.41482827904111	0.294719400199156	3.77525196594546	0.296144698148613	4.11284124057691	0.348064067164188	5.13193185542149	0.480686906777777	8.20507884009018	0.477422467054449	10.392772035855	0.549450035928795	12.4696094506245	0.625256668139108	14.5407709866256	0.688101996221674	18.0271477006956	0.784214571408308	21.0703738508717	0.816558874778622	24.0768215672798	0.893580990206057	26.0166709279523	1.00575644420002	36.2806299320076	1.04166827560883	40.7692033066897	1.16106584034102	45.0255434921801	1.31826002146031	62.0960347765474	1.40216172954547	63.0768938589174	1.5407467582437	82.7938273798056	1.57578046838536	84.0128087989024	1.71568626548055	103.430061956231	
0.015252636573329	0.0277284520439337	0.0219117650215604	0.0978583001501176	0.026945302464315	0.112110688992408	0.0291791107329488	0.124860354371133	0.0422152105134716	0.158118269489416	0.0644275823661993	0.364927612683478	0.0880825927950543	0.581305884354043	0.11571634332212	0.768844164074728	0.130040001183046	0.955032901514971	0.143023535984663	1.17288008027345	0.16703135583077	1.36726626496592	0.162033094441194	1.56414004783469	0.202108627661024	1.79592791228921	0.228627164177936	1.94654769902035	0.21784644804201	2.37421679595073	0.294348144498859	3.71567968745907	0.295553846931088	4.04597321421815	0.347757257836645	5.04862598640153	0.480132826282787	8.07063684489463	0.476575582099881	10.2259693766964	0.548558334547334	12.2712126059452	0.624539122318798	14.3083948394254	0.687137465519585	17.7294038877331	0.783100738986961	20.7376961297946	0.815458322531267	23.6772804764566	0.89239456461264	25.5186201278007	1.00442373580155	35.6969924539592	1.04026686696075	40.1040453049121	1.15930945207425	44.1903483480958	1.31649417390748	61.0962265125733	1.40021852929154	61.9133888964236	1.53881644215679	81.4605534958937	1.57363225529551	82.5120086182259	1.71364246423392	101.767353216293	
0.015007712366368	0.0258822943023443	0.021765990407129	0.0958654445580787	0.0267418213225884	0.109653969296624	0.0289463236440477	0.122151064370685	0.0422592265326791	0.154515535592128	0.0644926339356258	0.35787942198122	0.0877837406671501	0.5707683773764	0.11553918277306	0.7555662987591	0.129628325986817	0.938131434856608	0.142709050772036	1.15269063762924	0.166544740197605	1.34488856362126	0.161895422702828	1.53796185207419	0.201740711695095	1.76662291754827	0.228283271433412	1.91347911351883	0.217512830410685	2.33389402284476	0.293844969481748	3.6565332561997	0.295164211218856	3.97920716767647	0.347373858039219	4.96497552804532	0.479579002163438	7.93817856668881	0.475873407665496	10.0581580952373	0.547753981593137	12.0701726679247	0.623838131432504	14.0741783989052	0.686217529356823	17.4290933498769	0.781904610147148	20.4048898862084	0.814310052545593	23.2774320491984	0.8912427526618	25.0223146260711	1.00345625881717	35.1126620719482	1.03890601129326	39.4380826404682	1.15783387303603	43.3573995539547	1.3147965749653	60.0960531701673	1.39828472312546	60.7468925259621	1.53681729158165	80.1289559925366	1.57160539716377	81.0118342862897	1.7114287399526	100.098572253457	
0.0150799099220794	0.0246812902347931	0.0215650617884829	0.0928945984457391	0.0266099883924941	0.106942212746662	0.0287841708453471	0.120231004731118	0.0418767828702054	0.152253193094775	0.0642046905112965	0.351941716981124	0.0876581366982186	0.560336691921272	0.115304657526286	0.742953746976112	0.129203868469709	0.921723918385296	0.142473930509098	1.13238582740658	0.166282925729596	1.32095112986885	0.161469864819376	1.51209436879288	0.201179556405116	1.73703491717341	0.227834990911814	1.88064312581927	0.217160233708717	2.29464180498746	0.293408999688411	3.59608693151854	0.294883331137107	3.91173098770538	0.346892179262705	4.88186058014409	0.478748524536947	7.80511772280582	0.475214350969314	9.89117941612044	0.547071906595938	11.8696235368778	0.622954408051316	13.8414762888194	0.685197283032447	17.1291665169032	0.781023959237094	20.0709772314561	0.813246411760999	22.8771216859652	0.889841377657552	24.5205292225727	1.00204215660315	34.5289649892578	1.03751934753048	38.7709949384076	1.15645283339079	42.5249313222393	1.3131774763242	59.0975897359271	1.39646327569065	59.5800348023588	1.53489975088891	78.7952574255509	1.56955839529303	79.5130085093775	1.70932551853276	98.4297987412012	
0.0150790265546119	0.0244200178852352	0.0216296308120282	0.0906718662597563	0.0266409173962719	0.104606637739401	0.0287171504570941	0.117408806425776	0.0416061512977608	0.148274699660307	0.063900557094617	0.344194888861935	0.0874266278917619	0.551665788125143	0.114932004376409	0.729188276108172	0.129060278292772	0.904707899055697	0.142436107348497	1.11271350159736	0.166240763091826	1.29692510406074	0.160896321946679	1.48587414710319	0.200848548304714	1.70699662235512	0.22757847324493	1.84693867986014	0.216793397890725	2.25453533153918	0.293014528427115	3.53674911347918	0.294372874391081	3.84582105939975	0.346340639863843	4.79931467030891	0.478199202218479	7.67084243434322	0.474449662781695	9.72550179457848	0.546147032127108	11.6709919989208	0.621971348916402	13.6085087518124	0.684193200169372	16.829040380908	0.780038750839708	19.7389942769867	0.812143037393779	22.4762432159884	0.888607569974477	24.0188145995866	1.0006643995321	33.9456143585487	1.03608427541586	38.108232298178	1.15474525087411	41.6928058172151	1.31139841278595	58.0980645940023	1.39461481450525	58.4150136467855	1.53288292179145	77.4630936780953	1.56744355262034	78.0150171974526	1.70726301873859	96.7630815890924	
0.0148574605119625	0.0231871032880933	0.0215013788630801	0.0885300863743439	0.0266718937519821	0.101797543433099	0.0283396443977152	0.113518905047011	0.0413955193965338	0.14456599872136	0.0638556105182765	0.336639563938057	0.0870738858452315	0.54115185524905	0.114625409794307	0.716494524642067	0.128837529870281	0.888013942698635	0.142227998545669	1.09286876470471	0.165965857263913	1.27429827393921	0.160495292675556	1.45801037397802	0.200755202704333	1.67638824173291	0.227309924109802	1.81304086806063	0.216448676691122	2.21383513997778	0.292519841649862	3.47684854380083	0.293934115650432	3.77915815682831	0.345856802834569	4.71504488247001	0.477657962208371	7.53759858558301	0.473689700174308	9.5603168426551	0.545371887070008	11.4711851319306	0.62122277425381	13.3749190913552	0.683471167338827	16.5301212389122	0.779136064427119	19.4048841818579	0.811275636110337	22.0757726652799	0.887456208970034	23.5179996341649	0.999734553701633	33.3624127394445	1.03463792650113	37.4422770843144	1.15304286652858	40.858720809587	1.30964590154541	57.0967699392698	1.39264018948344	57.2474332168986	1.5309550614974	76.1325467065525	1.5652424393429	76.5202594373531	1.70487225766641	95.0957013353419	
0.0146089944806922	0.0226531371550551	0.0212849490335215	0.0859572496765109	0.0263779022511671	0.0994971840590179	0.0280091800034025	0.109875862346455	0.041243194077375	0.142141824382439	0.0637802018065286	0.331298603849302	0.0869091238655777	0.531217554232803	0.114312253034747	0.70348418172329	0.128553627335301	0.871225922766005	0.141982780638878	1.07349597550433	0.16560686956738	1.25120752878223	0.160385458442594	1.43085300899214	0.200629709894595	1.64665507145863	0.226945447136895	1.77890452127803	0.216048596586149	2.17420596932631	0.292110981803999	3.4158774188738	0.293477476136217	3.71167778590583	0.345287359821456	4.63190991113437	0.476935828436816	7.40567162688076	0.472854519403769	9.39243291803867	0.544688833101439	11.2713307674913	0.620566496819272	13.1414942749858	0.682618056126279	16.2300398063984	0.778271697249945	19.071843244994	0.810231274590751	21.6759372765372	0.886269563136292	23.0176037638818	0.998251380312491	32.7804851695618	1.03318370952881	36.7731479232672	1.151555892357	40.0260365110446	1.30783411184404	56.0970883351598	1.3908218381083	56.0814472111838	1.52899663452116	74.7984383576535	1.56322383744402	75.0193773002939	1.70266638654153	93.4302433312941	
0.0145333522861871	0.0219207411153877	0.0210550449700721	0.083976282998649	0.0261917190351445	0.0968652011045485	0.0281513387273758	0.107100361134863	0.0413333944501132	0.138264117508056	0.0634604702646346	0.324918928100882	0.0868576035692033	0.521187326995926	0.113838630466198	0.689873776056658	0.128392955663295	0.854494597092411	0.14153019916192	1.05411096269573	0.165257915986857	1.22782004098401	0.1602048018221	1.40478738684249	0.200306185206839	1.61681596324652	0.226457602920462	1.74607528566682	0.215742842121071	2.13492115518045	0.291704370758735	3.35515565555429	0.29299019027099	3.64598019913713	0.344840827712535	4.54975748506828	0.476269580542049	7.27195140664627	0.472193050817855	9.22456203193767	0.543787960832314	11.0714195923776	0.619551802289142	12.9088312804462	0.68158699793841	15.9290922439314	0.777207782784492	18.7379343155318	0.809082948911988	21.2766457801521	0.885099600648484	22.5186309544251	0.997021302378528	32.1959983253657	1.03193037353944	36.1051922286082	1.15007112412189	39.1940302153043	1.30619047770755	55.0984162846728	1.3889471442551	54.9149992694939	1.52701645492289	73.4635775001499	1.56116124649645	73.517280718655	1.70064977376159	91.7639508622591	
0.014492081339917	0.0208101135320591	0.0210532889744532	0.081072608523813	0.0261797222441181	0.0940513264943215	0.0281982430958526	0.104172712380827	0.0410949258161899	0.135526858727867	0.0632678919555227	0.318025773496103	0.0867110172867822	0.511394994457903	0.113727926767924	0.675958536884301	0.128207883069106	0.838482659865878	0.141263746966497	1.03334980443318	0.165014281180022	1.20398493629463	0.159789108120302	1.37804876774933	0.199858562373601	1.58649803883848	0.226185725151131	1.71363150116786	0.215463082714299	2.09489174867156	0.29124765715489	3.29523739074786	0.292578038604368	3.57927375723739	0.344234359437774	4.46625603831694	0.475720613738511	7.13866844233978	0.471533593987658	9.05931095611463	0.542825293587261	10.8710017778074	0.618735660764399	12.675610423711	0.680550501167204	15.6302345692226	0.776133024604313	18.4033231688817	0.807953670840473	20.877872099094	0.883802944512305	22.0178495166145	0.995738492750709	31.6113214913733	1.03057171473677	35.4377245469552	1.14828323598771	38.3646055456182	1.30445010494713	54.0985186137359	1.38709116060846	53.7478956767426	1.5248385538826	72.1368750280124	1.55885221031316	72.0194533194954	1.69843470364347	90.1040807933937	
0.0143424662851446	0.0185681364391009	0.0209077508308275	0.078988781638045	0.026064481258652	0.0914029071523824	0.0279784183204696	0.101443282530659	0.0406518806662165	0.13219167633126	0.0631576386215565	0.310975574629639	0.0864209773127284	0.501411682593495	0.113675854604719	0.662352031130765	0.127879489589885	0.820951677384637	0.140954759851629	1.01274906647649	0.164824828933741	1.17947357503287	0.159534822766688	1.35157976652872	0.199745847938261	1.55631038316937	0.22584276035314	1.68037839739001	0.215009132184445	2.0550912146745	0.290807756164554	3.23544951109569	0.292173603789306	3.51270584956405	0.343578407334411	4.38191826393331	0.475014936320476	7.00588699521591	0.470786271136036	8.89278396842497	0.542108471488958	10.6700419335245	0.617939048602612	12.4426372987688	0.679684265052589	15.3295254253234	0.775122447399027	18.0703697763356	0.806891361701645	20.4778876987464	0.882496729368507	21.5171612110569	0.994275429200425	31.0283843678677	1.02910296721431	34.7706554713452	1.14652872843957	37.5333405826121	1.30278798076876	53.0983005678484	1.38518408060055	52.582438662225	1.52276139568183	70.8213782285605	1.5566403077859	70.5279961664436	1.69609807639456	88.4410591290854	
0.0143573182017863	0.0178418594794964	0.0207301279652234	0.0771552913380602	0.0257393513134392	0.0889850556203277	0.0279980705030503	0.0981890815384517	0.0405532732023835	0.129190824171145	0.0629552148794774	0.304766068969818	0.0862782867788404	0.491315389664619	0.113340583872876	0.649928945275052	0.12760162276735	0.805197425460728	0.140579723508402	0.993256951576904	0.164505831588378	1.15665698794578	0.159362096878895	1.32578760395706	0.199502530814295	1.52702471337094	0.225458675436932	1.64678012219934	0.214510629732006	2.0151575015556	0.290368535758564	3.17567699826527	0.291720342353791	3.44555074303531	0.343211154327611	4.29823520928855	0.474224963338946	6.87250484505994	0.470078948449397	8.72643300069354	0.541355098984193	10.4707882721173	0.617025940055808	12.2082010661315	0.678921494763905	15.0287082480106	0.774023961462442	17.7388413072611	0.805895233948756	20.0777468362137	0.88105069463235	21.0185944582235	0.993107867609931	30.4462854346395	1.02767578250842	34.1040520570004	1.14492350032302	36.6963051452077	1.3009661091396	52.0993938240838	1.38310768258583	51.418501566077	1.52062906347527	69.4846398248357	1.55448835687945	69.0281943635196	1.69381379001583	86.7684932714857	
0.0143148978703062	0.0168564001890594	0.0207767934865665	0.0743423771541927	0.0254706887839312	0.0857797636128795	0.0277287299197747	0.094943116929872	0.0407167017376707	0.125174728589513	0.0628711283367901	0.297527684744559	0.0861892407891835	0.481375529817018	0.112990452661137	0.63604403229259	0.127377649937977	0.789378854074565	0.140178376731942	0.97311570487364	0.164133660002134	1.133528407811	0.158918644205472	1.29924281636553	0.199141970585419	1.49692192446741	0.22529699858849	1.61281572083891	0.214048555845749	1.97473600826141	0.289828318646149	3.11633242813755	0.291328435302954	3.37876071493847	0.342806111422955	4.21501083098999	0.473663719427924	6.73921117054436	0.469216536519749	8.56028599259628	0.540392840106627	10.2708342561672	0.616171096539535	11.9731911388154	0.677840203236481	14.72987199372	0.77305027318191	17.4053440223573	0.804926411526087	19.6774010827243	0.8796978131232	20.5184537703137	0.991856702728385	29.8634842842233	1.02616900956535	33.437523148458	1.14333068140459	35.862506984919	1.29911262264216	51.1028600901266	1.38117041788933	50.2547581850154	1.51866918009097	68.14235818941	1.55223997617564	67.5240786746349	1.69148674125665	85.1006361805997	
0.0141520001186809	0.0155646594774009	0.0207008169357979	0.0724060703020454	0.0255914623937633	0.0831241483492017	0.027479618263865	0.0917704503148161	0.0405528667266532	0.12188689812281	0.0627833539924384	0.290787528969224	0.0859921537903193	0.471820800939559	0.112788332742685	0.622248817311336	0.127218429726388	0.771775344851271	0.140046011471707	0.952989883199786	0.163792248623997	1.10975220927166	0.15847755811003	1.27176961662654	0.198837194602755	1.46604217974292	0.224824368187007	1.58018869863211	0.213760402123001	1.9345215013996	0.2894657689202	3.05610240311408	0.290855623247044	3.3115704509842	0.342291677286351	4.13203139051692	0.473033916374202	6.6048404215224	0.468298482580132	8.39349357798546	0.539472008127845	10.0704313427575	0.6153768917593	11.7388815660421	0.676765524544643	14.4308457496331	0.772326710473629	17.0717014511387	0.803900720724968	19.277304923673	0.878440817553955	20.0189705961104	0.990338408795248	29.2803329565358	1.02476309367688	32.7719628153473	1.141675556511	35.028764703982	1.29744163735438	50.1048511412812	1.37923048554155	49.0858590024255	1.51653409108809	66.8059029077345	1.54993958291034	66.0216766192061	1.68907832103367	83.4324959676645	
0.0140639044122817	0.0143118605985386	0.0207629083629834	0.0699481973670348	0.0255471511191129	0.0805844900165135	0.0273912545982276	0.0886497704144443	0.04037264899699	0.118717207374277	0.0624909003271198	0.284477498683779	0.085751033193539	0.461497119794125	0.112723732693019	0.608865654342117	0.126758973258177	0.755201878346577	0.139802725826434	0.932484372971827	0.163686341286482	1.08652688800905	0.158305630677098	1.24481411579912	0.198419521415569	1.43636104711502	0.224168937138192	1.5474837945787	0.213371200680634	1.89524506915652	0.289252911632473	2.99506678410183	0.290374048406109	3.24560604031055	0.341869904981859	4.04784449038322	0.472262773731095	6.47187503819878	0.467636446929363	8.22674586685609	0.538510318681274	9.87160422706924	0.6146380863795	11.5076434949741	0.675767908261675	14.1297184419178	0.77138751984818	16.7388356029106	0.802856653448021	18.8768008453535	0.877342008180879	19.5178725086395	0.989165107597592	28.6965129392714	1.02337554090849	32.10467022233	1.13992583410991	34.1951230058784	1.29572474132109	49.1021073486914	1.37736500733481	47.9182040667362	1.51441980274422	65.4706248177373	1.54764771808602	64.5203921508137	1.68677615597392	81.765912926	
0.0140311587301248	0.01435058870009	0.0206306702690062	0.0667406061570897	0.0253246063302877	0.0777703534718249	0.027535290720087	0.0852901844571583	0.0400446387388027	0.115543907750939	0.0622885037214522	0.277996628921668	0.0854546499726825	0.45128164668519	0.112451337509947	0.59523842666228	0.126425974179265	0.738252157539609	0.139320729134151	0.913939471293293	0.16342264800323	1.06318771256709	0.158031134863953	1.21808713823759	0.198118900385971	1.40713277006753	0.223790387328175	1.51310413978504	0.213140335275506	1.8551290496523	0.288890779913199	2.93520416581659	0.289949293002622	3.17988144518847	0.341351385150572	3.96479473505911	0.471812247063286	6.33871873375642	0.466975986223651	8.06016486245967	0.537921932348804	9.67094799393127	0.613944324325915	11.2738983036542	0.674904420319911	13.8310861472613	0.770339629704433	16.4061187662872	0.801645020153752	18.4762129480062	0.875962702896537	19.0182161084455	0.988006537446366	28.1131753470777	1.0219614584357	31.4366474724489	1.13850082665014	33.3612279880465	1.29381798653665	48.1016546095263	1.3755008289226	46.751193606238	1.51259076541478	64.1341024808395	1.5454382906824	63.0178261826195	1.68455925319341	80.1016321136307	
0.0139250958215146	0.0131446078777672	0.0204607741233444	0.0649469662750649	0.0249803834959027	0.0752875058134899	0.0273906574734879	0.0832523343453705	0.0399008699298145	0.111682891922531	0.0621113191762756	0.271779934616065	0.0853020127157672	0.440608166618112	0.112254449025405	0.58142481806105	0.12621893224137	0.721381191694116	0.139024433862172	0.893749562987817	0.162995859307139	1.04053340843091	0.157639838178605	1.19066818803598	0.197736709704211	1.37732951777284	0.223452453703547	1.47956151111555	0.212853611616038	1.81425633059214	0.288249806785949	2.87615435926974	0.289471665144604	3.11310073031693	0.340745713261387	3.88242437952092	0.471205941627426	6.20584042908939	0.466374670706513	7.8933035299816	0.537406698127662	9.4709138842436	0.613162851112386	11.0418760590156	0.673950071476519	13.5315681648784	0.769341670368833	16.0720421987695	0.80051941451999	18.0770946776118	0.874408493293928	18.5168255857	0.986209329345676	27.5315644268554	1.02049507586431	30.7709399903783	1.13669090549016	32.529307373979	1.29194582123571	47.1009150230219	1.37380720051144	45.5839857053633	1.51059863796066	62.8004858702365	1.54325259049676	61.5190041309975	1.68230256212381	78.4350565225464	
0.0137132669731394	0.0123104312003534	0.0203247282726256	0.0634371542101308	0.0249575014517079	0.0721867984158204	0.0269141278004189	0.0805230791181773	0.0398971024447768	0.108430480815811	0.0618525106857408	0.265531196994651	0.0852336021539526	0.431224073490515	0.112034445885753	0.569110347695442	0.126031375032796	0.70520429396439	0.138780480816588	0.8730968455924	0.16271257869774	1.01752613305572	0.157375306131692	1.1643479655896	0.197297342288919	1.34631193731384	0.223184814330879	1.44566102176377	0.212515189358475	1.77423134786526	0.287560926567949	2.81641700386484	0.288918851873974	3.04556727401022	0.340176324870344	3.79874318752121	0.470424292399636	6.07107526497581	0.465653484232667	7.72689249194697	0.536480191120206	9.27041783858085	0.612224772477245	10.8093034027615	0.672814854165821	13.2308403945286	0.76838263844266	15.7397742596059	0.799488429676799	17.6776429937516	0.873142094006372	18.0181563873883	0.984708381749556	26.9477537228163	1.01890649882025	30.1061805946436	1.13471253122519	31.6948051338572	1.29021090171822	46.1010546049861	1.37205137304094	44.4157645255756	1.50840899704632	61.4684003538735	1.54102464686363	60.0197015169498	1.68006717217106	76.7737484916941	
0.0137183358328714	0.0116440426450267	0.0199882272858381	0.061042880417605	0.0249768702568383	0.0694926351305336	0.0267776307515631	0.0767040382872513	0.0397644116974684	0.105201949400847	0.0617653450625583	0.257251303142137	0.0852009225773383	0.421506799727675	0.111698409018855	0.555253665427183	0.12586577183021	0.690039802032844	0.138530556590481	0.853038777632631	0.162446124601841	0.994510242947124	0.156993711833982	1.13767581964204	0.196859685457085	1.31637841628022	0.222912349412141	1.41226752111446	0.212150170713813	1.73414303520632	0.287184982423909	2.75598069090089	0.288410761182059	2.97873417224636	0.339661514240767	3.71498120329199	0.469659020028251	5.93852432017821	0.464907353802818	7.55980997036794	0.535601392072181	9.07032691821882	0.61137553404732	10.5750860309187	0.671620804666603	12.9318104251516	0.767333760907808	15.4055626503213	0.798345357248178	17.2781149414438	0.871901399120077	17.5193754303729	0.98379247369988	26.3638722382649	1.01746292719094	29.439737367774	1.13310153042206	30.8609268798309	1.28847925744687	45.1002740402903	1.36997193372833	43.2504080938913	1.50613988412386	60.1352270527949	1.53876793791826	58.52156119342	1.67778757460567	75.108864182325	
0.0135579227185503	0.0105170332439079	0.0197838536143944	0.0584165108641684	0.024807491238952	0.067075191052086	0.0266942401651322	0.0738747750274013	0.0394525432305968	0.102046046591338	0.0616304601963874	0.250952856180664	0.0848665504320805	0.411466531669768	0.111423079392593	0.541412291773017	0.125478419639388	0.673198114639401	0.138392540888488	0.832573954557718	0.162022789863956	0.971422408173054	0.156608084286693	1.11040890784353	0.19666708344293	1.28698494589889	0.22258585101722	1.38033317003963	0.211678934545892	1.6943948881016	0.286805845805029	2.69563681169808	0.287909680633761	2.9122854738569	0.339051063010755	3.63265578406589	0.468941145549908	5.80493169113037	0.464117332570086	7.39280428289766	0.534756633231051	8.87089444288577	0.610438623107338	10.3422051069071	0.670654466671937	12.6316759072537	0.766301713681595	15.0713044749102	0.797049082459372	16.8781119146456	0.870552520743863	17.0201306747374	0.982471271393128	25.7811344177808	1.01606438486271	28.7732010086514	1.13144850492164	30.0289280346708	1.28674851931746	44.0995270032056	1.36796067857884	42.0853310589661	1.50405941386645	58.8028286120617	1.53636690206448	57.0205933746879	1.67537163154891	73.438645257502	
0.0133440882596389	0.00927533110937485	0.0195985554382182	0.056029076471475	0.0246017852338009	0.0641297380306137	0.0265978867660524	0.0710706429239569	0.0391006920537662	0.0985395736087133	0.0614759808649	0.245057700978674	0.0844373624627517	0.401436275329062	0.111294572741485	0.528175113610435	0.125082713010658	0.655772546227067	0.138185997822265	0.812988008913193	0.161779131820623	0.947819668455	0.156410835010709	1.08428705709611	0.196344206778154	1.25748681814822	0.221997820097623	1.3466530548816	0.211086057873443	1.654602619592	0.28622110254438	2.63590131893824	0.287492762408714	2.84549614425196	0.338460173553725	3.55025399639229	0.468523758171192	5.67007432608629	0.463297180991437	7.2269688021868	0.533916922618129	8.67100189422272	0.609449220885692	10.109003807945	0.669652223939293	12.3313383610441	0.765184835157301	14.7395292053651	0.795922012242279	16.4777233203198	0.869008126897042	16.5206270114384	0.980903965031946	25.2015277036439	1.01467735315185	28.1052453139925	1.12966489261165	29.19767238489	1.28500575137582	43.1008437768483	1.36577089472958	40.9183839283999	1.50196739771202	57.4676548301879	1.53381919914477	55.5220097416337	1.67331294907134	71.7792296740313	
0.0133274867481268	0.0093076627349925	0.0193598435613913	0.053450509957293	0.0245718509640327	0.0610654467990736	0.026573347271805	0.0686282786918644	0.0387942946086314	0.0952431356845613	0.0612861816791108	0.237658154299916	0.0843420084128239	0.390912388943426	0.110996193035692	0.515187122432387	0.125002722532359	0.639405833324117	0.137829636196371	0.79319513504395	0.16148500643712	0.924120769685684	0.156111935475594	1.05830746586521	0.195998056353451	1.22653140346813	0.221527077417156	1.31333871664738	0.21086783868804	1.61535366136356	0.28574934285969	2.5763772363928	0.287007377628981	2.77897759667273	0.337951987866928	3.46618095043793	0.467925364434128	5.53765982003938	0.462695449097438	7.05972376482622	0.53299510142343	8.47139619289901	0.608551660958483	9.87596921571583	0.668586001621532	12.0296028997164	0.76413379931439	14.406437045762	0.79488739016533	16.0782641858793	0.867577698484648	16.0206111207477	0.979571589750101	24.6191065328201	1.01311727791104	27.4396849808817	1.12799489125434	28.3626281150556	1.28305516575694	42.1021419240403	1.3635228011463	39.752457527327	1.49988840867078	56.1340866483565	1.53167633946006	54.0222451916109	1.67109192108477	70.1334635535659	
0.0133137530893324	0.0079463083926721	0.0192466615675253	0.0506758054630215	0.024508880838731	0.0586678806358837	0.0263412502259948	0.0658397680686757	0.0384668044475381	0.0914163386831871	0.0612031849046192	0.230890771892482	0.0842088171538525	0.381320290749435	0.110512751553586	0.501995171620187	0.12459450648646	0.622018914796794	0.137518798962637	0.772905691643039	0.161244983561173	0.900546144266517	0.155708737360825	1.0316684982828	0.195722440584166	1.19736156690941	0.221090835744533	1.28062228747766	0.21063542999118	1.57475440188139	0.285253782024558	2.51612229849164	0.286612220803681	2.71285299852385	0.337375053420152	3.38292700264903	0.467169422625663	5.40502645319784	0.461902253108278	6.89263332700568	0.532120514069299	8.27238933196235	0.60779377654803	9.64225382671697	0.667887115233302	11.7288667474637	0.763084410128377	14.0727944745435	0.793722778704777	15.6781214607015	0.866273574500551	15.519474849053	0.97814204741557	24.0329228189736	1.011488862659	26.7731299953085	1.12630149717519	27.5295899139516	1.28115972601212	41.1022256266527	1.36143270036132	38.5891239281787	1.49773744102541	54.801803691617	1.5293746202126	52.5240080105379	1.66840553224859	68.4619556783608	
0.0132209342687515	0.00617617940231885	0.0191327289003763	0.0485866234727038	0.0243372514490039	0.0560167873796484	0.02629588486008	0.0624723386294541	0.0384778188489587	0.0881379524090185	0.0609391081332686	0.22502889691904	0.0839567718172813	0.371104643017526	0.110196045174441	0.488101236450712	0.124138031970533	0.605184503360619	0.137286391106854	0.752761650972184	0.160806800826023	0.878145392689235	0.155444464212858	1.00503302315988	0.195364564811127	1.16769906073212	0.220517088714294	1.24734869460414	0.210256149902034	1.53403511820811	0.284820240977892	2.45639961141659	0.286164828475733	2.64612397205276	0.336799509781409	3.29940739510834	0.466446724126292	5.27192556244605	0.461016067246091	6.72548328454319	0.531084545515039	8.07284137263553	0.606996757229475	9.40880479596179	0.666984223659038	11.4309143182544	0.76214322948486	13.7393651761844	0.792493768246715	15.2785012074633	0.864840193676262	15.0194244994287	0.976518959549764	23.4495181715578	1.01000598686245	26.1063719814236	1.124537508478	26.6976394975631	1.27937430197141	40.102640880086	1.35925206797292	37.4261591327525	1.49550336376562	53.4684292248719	1.52682474514595	51.0289559525188	1.66575078595844	66.7832505426409	
0.0130453141512303	0.00477883908484265	0.0190822581485123	0.0462508447386389	0.0241546904859063	0.0535420633276038	0.0263237358038154	0.0590850494648679	0.0384704100883686	0.0849185086646829	0.0606773854281618	0.218363727159315	0.0837617686090277	0.36117563889817	0.109998651438669	0.474792666595411	0.123909736334659	0.589392998535495	0.136932874360021	0.734078564313205	0.16046488840798	0.854832119655155	0.155025086932362	0.978750402860659	0.195000330270213	1.13795960403076	0.22014143956956	1.21352096482504	0.209917742859954	1.49385798066283	0.284246650622335	2.39654816900172	0.285718360823048	2.57924314000921	0.336389709864384	3.21600466854522	0.465820837732204	5.13931547866777	0.460294869922337	6.55918074558335	0.530207907382776	7.87160492556114	0.605950966708706	9.17559977170956	0.665745966212498	11.1305851539476	0.761302300702164	13.4061351808468	0.791393505864781	14.8783351992223	0.863541407078569	14.519484045863	0.975089867809465	22.8656497255218	1.00867812341949	25.4424526386114	1.12258396147432	25.8649756881164	1.27753611866969	39.103141815192	1.35709167889936	36.2563025506014	1.49337279940138	52.1367497651321	1.52445297170947	49.5309497394334	1.66331909810771	65.1113179843619	
0.0130453141512303	0.00477883908484265	0.0189769228005594	0.0445904676519671	0.0239132349920667	0.0511148258106726	0.0261055775177713	0.0556068835939969	0.0382433159240877	0.0821233914722943	0.0606010037026013	0.211384221493673	0.0835606953254357	0.350556495679973	0.109840343885365	0.461704994802784	0.12348300134968	0.573022793173057	0.136462578563035	0.714485284503753	0.160172602502982	0.830928329929155	0.154587127863065	0.951839256268746	0.1946642200384	1.10664667791433	0.219930126190534	1.1802472555362	0.209386652560341	1.45465838252851	0.283844305543789	2.33636773690299	0.285277827028134	2.51214088603406	0.335925336609675	3.13263849639142	0.465037405036229	5.00646883896677	0.45952889367485	6.39274130221154	0.52934569567006	7.67162343559643	0.605070395639072	8.94320686070383	0.664567974562599	10.8324120012986	0.760071570364798	13.0737359252064	0.790142906921558	14.4785948053776	0.862079492227274	14.0205568712103	0.973921562127158	22.2818967634796	1.00719871828091	24.7796415696102	1.12078777538403	25.036676056047	1.27567708877729	38.107472348543	1.3550307062699	35.0881782283568	1.49124198246246	50.8075960520947	1.52205760404788	48.0278696812025	1.66107371809051	63.4407712340082	
0.0130453141512303	0.00477883908484265	0.0188803166448973	0.042040164593795	0.0238069446422986	0.0476357831869508	0.0259896156977251	0.0533455997484265	0.0381783471965436	0.0792482169220794	0.0603794400941289	0.205579491888617	0.0832872046247004	0.341063234089519	0.109727923078551	0.449044683636285	0.12309594221988	0.555524232357404	0.13613776918271	0.695219364563731	0.159744515060096	0.807619073223488	0.154085276715138	0.92492886637639	0.194283270987169	1.07579580418827	0.219533046178253	1.14699694572594	0.20897728819082	1.41464865020806	0.283415122082702	2.27627019250946	0.284852497769869	2.44533362847041	0.335250603658949	3.04966278120847	0.464248691950792	4.87185641174817	0.458632746808383	6.22743062174656	0.528337909670395	7.4721932885697	0.604016300977636	8.70891498305866	0.663497782863613	10.5317168272373	0.758858933305531	12.7400290927332	0.788626016057684	14.0792278718676	0.860648660662799	13.5200250278378	0.972429478379112	21.6981233123417	1.00557791985057	24.1096779435758	1.1190386451935	24.2016597258885	1.27372374710715	37.109046167204	1.35306481718774	33.9196403989087	1.48911027849117	49.4736702424116	1.51962652171378	46.5272334132913	1.65874381344229	61.7741881923437	
0.0130453141512303	0.00477883908484265	0.0187370918468908	0.0395602491462392	0.0238562827069167	0.0453822773397005	0.0256537959188327	0.0509604572822728	0.0380959075835964	0.0760041658902614	0.0600724270396813	0.199344200236236	0.0830344145385679	0.331473871655461	0.109603794368241	0.435229095974679	0.122806821446666	0.538622649283726	0.135890590466456	0.674991039203876	0.159545827434969	0.784512029922229	0.153743052824995	0.897909104294372	0.193899912493836	1.0463019838043	0.219144144761447	1.11381520453698	0.208507612567382	1.37521121558254	0.282871948251026	2.21693423711515	0.284344066874547	2.3796288239521	0.334479308072244	2.96597530278169	0.463618107357357	4.73847984952738	0.457787956086879	6.06014926280729	0.527380948047963	7.27156266680132	0.603116648549043	8.47406803718538	0.662491583881392	10.2322882518174	0.757801249050512	12.407482688133	0.787397522559322	13.6789854951791	0.85933185790052	13.0206210160496	0.970950555482185	21.1146180820926	1.00396642133391	23.4422121245679	1.11722811814998	23.3667030003719	1.27187321272184	36.1057286799354	1.35092531583439	32.754637869786	1.48686153468777	48.1368945857856	1.51722407989469	45.0266828270528	1.65634479092185	60.107567897778	
0.0130453141512303	0.00477883908484265	0.0184334771010275	0.0379953962835574	0.0237697080784801	0.0425611194962476	0.0254459233303144	0.0469434703958761	0.0380128883525858	0.0717350852744011	0.0598942690397692	0.19149336958385	0.082795747554772	0.321625165000521	0.109125105835609	0.422256122372434	0.122607747942574	0.521648132014387	0.135703444675456	0.654699965988538	0.15937743298878	0.760880186375101	0.153538180941476	0.870706279127476	0.193581766997227	1.01724064632037	0.21882916784544	1.08035290243574	0.208127418967203	1.33453209519339	0.282429144930668	2.15661107983864	0.283701532239486	2.31345672835417	0.33403596283568	2.88151273117899	0.462752453680045	4.60475031606758	0.457204891512019	5.89267744841055	0.526651614297316	7.07066382414419	0.602316959271267	8.24230749417778	0.661413524386736	9.93296398452084	0.756589566524129	12.0710517372585	0.786293819304264	13.2791221667604	0.857839851361929	12.5202037253483	0.969712558529809	20.5320143720529	1.00233709863607	22.775636649899	1.11550295210589	22.5330613022683	1.2700425240523	35.1040428697401	1.34865513483608	31.5867594166894	1.48477084105215	46.8021380364054	1.51498180078567	43.5252158194445	1.65401938531838	58.4414691438294	
0.0130453141512303	0.00477883908484265	0.0185254489513517	0.0345928075998247	0.0235991908599859	0.0401569976955588	0.0252927437184151	0.0439672764549441	0.0381110809136746	0.0675162815232668	0.0597760970497364	0.184048944800659	0.0825478541532026	0.310817428969922	0.10878613040733	0.408226476047985	0.122263307350435	0.505426705426176	0.135419016886188	0.634069542126192	0.159063301009348	0.737158411996133	0.15342031255826	0.84430963002594	0.193304041147844	0.986434243245147	0.218298411029151	1.0469134177365	0.207841596676649	1.29374063402401	0.281848268535911	2.09686045308768	0.283312594923145	2.24652793320031	0.333595861357813	2.79871862388947	0.462219187487949	4.47134907379974	0.456493616999585	5.72719121364859	0.525687953040034	6.87109118477032	0.601588273630948	8.00991644581711	0.660383959932595	9.63299524203326	0.755536982837647	11.7375218560661	0.784955391164691	12.8800113469463	0.856500565762511	12.0182544090846	0.968024341768617	19.9496099650347	1.00067038128496	22.1078411427153	1.11360100259069	21.6982871159677	1.2678974291288	34.1041153964822	1.3465317804218	30.4194490703364	1.48231932564021	45.4694527483328	1.51246671338795	42.0278950597414	1.65156576666613	56.7751133448623	
0.0130453141512303	0.00477883908484265	0.0186279985659619	0.0322782037204007	0.023611505249116	0.0375211548457584	0.0252031829158209	0.0414492822850231	0.0378995997211974	0.0654792826984794	0.0595650606183647	0.177564335196512	0.0823676039327581	0.301151436153912	0.108680539018077	0.395484092083497	0.121868453344613	0.488569854937785	0.134816625161613	0.614394480557042	0.158631126765834	0.71378989989447	0.153141180970572	0.818465662638527	0.192928550845993	0.955565557975701	0.217444775793092	1.01355193129917	0.207226120335551	1.25484511269585	0.281292281250991	2.0360560348936	0.282888934324274	2.1789502390734	0.333061137645825	2.71627236556505	0.461492518396633	4.33930057750728	0.455585570621644	5.560367599733	0.524694813298612	6.67071760802032	0.600637243785403	7.77497916165838	0.659324874060343	9.33265490185607	0.754402830433234	11.4056813939439	0.783718722737938	12.4796637308118	0.854989463598257	11.5200732237788	0.966299475060046	19.3653596767612	0.999127943084777	21.4409881339323	1.11156018470108	20.8652172498977	1.26592595083623	33.1051564986558	1.34440229096078	29.2543720354112	1.47981684462471	44.1371064616612	1.50978088014952	40.5281826637803	1.64891794668018	55.1089996897532	
0.0130453141512303	0.00477883908484265	0.0183674117153249	0.0301706463000011	0.0234897379286516	0.0341977194821614	0.0251939203590961	0.0385779057845024	0.0376230413966822	0.061651154196925	0.0592896951609132	0.170902483273302	0.0821114696593375	0.290897895236547	0.108473992412821	0.382754746634433	0.121859765143998	0.470859971219223	0.134407064451807	0.5945380439251	0.1582721264557	0.690825290732701	0.152571292211856	0.792084089320452	0.192584203592762	0.927042059253068	0.216975216523851	0.979772164630393	0.206736594493976	1.21609476126711	0.280879692296397	1.97599620906255	0.282293712925032	2.11258303140536	0.332392958577965	2.63369618774764	0.460559776865475	4.20569723825035	0.454672681409957	5.39422385126459	0.523865969962878	6.47129165194498	0.599589584589166	7.54227099797612	0.658018056717311	9.03352993758102	0.753246769186158	11.0723768928039	0.782451598028563	12.0769244784194	0.853245830340938	11.0211702635119	0.965062297319383	18.7813850599568	0.997578863923068	20.7746063743497	1.10968614602711	20.0332780093796	1.26392091027405	32.1053072564905	1.34213239520911	28.0881885893199	1.47749281594053	42.8073939551056	1.50708398135531	39.0299864608987	1.64625058783179	53.442733297749	
0.0130453141512303	0.00477883908484265	0.0181000433482132	0.0276661508498027	0.0232315666191866	0.0329458546543134	0.0250576238098025	0.0350276060732706	0.0373096069731074	0.0582386611163603	0.0589876792123398	0.164718341600519	0.0818791633380764	0.281107192512953	0.108255074109722	0.368686857878581	0.121537585213268	0.454858133021379	0.134292265207212	0.573829796423809	0.157922248944974	0.66758215792669	0.152120671911079	0.764455999003121	0.192279049327238	0.897671406273738	0.216835960873546	0.946695721095023	0.206308170072407	1.1756916615929	0.280399849022778	1.91545349249951	0.281631214505778	2.04595994287209	0.331649912694215	2.54945503807654	0.460024461469762	4.07232440131968	0.45398692131771	5.22825193180303	0.522970319744588	6.27145591395628	0.598770229844371	7.30935002709566	0.656837372680784	8.73272207349357	0.752033101187721	10.7398845049104	0.781101377657145	11.6775016655576	0.851676389440703	10.5220260907096	0.963582217251243	18.1980828580193	0.996037304111417	20.1080644272919	1.10789236975728	19.1990700671775	1.26183466663118	31.1034910611409	1.33975421147312	26.9225862884876	1.47511398373647	41.4754723515079	1.50455037623797	37.5359439565026	1.64363701236744	51.7797824139531	
0.0130453141512303	0.00477883908484265	0.0178887680318674	0.0258441274584732	0.0230667216856031	0.0306623027415225	0.0249872263101893	0.0318704699890046	0.0372141278672845	0.0557865434635492	0.0588398633265443	0.158127095566643	0.0816841830490898	0.270948995739636	0.107970580193632	0.355538912055941	0.121068571300314	0.43836217001351	0.13404222605881	0.552647214716264	0.157588499045448	0.644498223065716	0.151895202449247	0.738592648465544	0.191879392525828	0.867451619977334	0.216283363145844	0.913386621550032	0.205924827234039	1.13467260848016	0.27994261989114	1.85614303205947	0.281008545502243	1.9789466301986	0.331022207406705	2.46459246344705	0.459387765959582	3.93866611403346	0.453211237991047	5.06111259954965	0.522046642261011	6.07222320730599	0.597899775906515	7.07583021582818	0.655824925979265	8.43210606184738	0.750645246699531	10.4075746562328	0.779861606596163	11.278621813731	0.850307150996719	10.0217457044203	0.961878501454648	17.6160547053034	0.994371601811686	19.441487089978	1.10594485330594	18.3652178901819	1.25979453936985	30.1043533493887	1.33746188762861	25.7578575681888	1.47286584358144	40.1417551580716	1.50197599372621	36.0358553062392	1.64116483389978	50.1171258280767	
0.0130453141512303	0.00477883908484265	0.0177862101377684	0.0236940529817746	0.0229090235073817	0.0273970368372985	0.0247722006327699	0.0288985324830747	0.0372592176141108	0.0528152171380299	0.0587477898356513	0.151177406773887	0.0814094138840191	0.260597956994872	0.107547828297777	0.342538813684999	0.120590447457668	0.422016033517716	0.133508456678814	0.533417208901319	0.157196813172032	0.620971153303255	0.151521748120407	0.712375337158765	0.191374461799733	0.837230960566058	0.215703022779586	0.880108022817911	0.205820146884935	1.0946299306252	0.279615050262831	1.79626749167412	0.28039867087148	1.91359258502829	0.330605241559078	2.3823632032722	0.458663510769075	3.80521597733277	0.452094388352111	4.89503124969077	0.521137878083695	5.87165032753449	0.596729766575781	6.84335302013345	0.654800890708681	8.13368890269542	0.749530334779276	10.0743232404771	0.77861213213473	10.8790052857829	0.848862073625247	9.52270025180633	0.960431175116784	17.032633294082	0.992672620495374	18.7734606148067	1.10403810057604	17.5330011155498	1.25780531810744	29.1054726826549	1.33517622685581	24.5947102335466	1.47060916109125	38.8116067925718	1.49936467918693	34.5321941027493	1.6387674643314	48.4476184336668	
0.0130453141512303	0.00477883908484265	0.017693763465551	0.0204761772062303	0.022669010032676	0.0241920285921838	0.0247008365139986	0.0263126408989125	0.0368005168039258	0.0491488004247486	0.0586920561908241	0.144627138931348	0.0812378196579121	0.250774017698475	0.107165171250397	0.328767900401022	0.120326834922987	0.404690582277398	0.133244418288156	0.513529107303344	0.156679820479781	0.597683317015786	0.151162689410532	0.685447252138331	0.191009854962619	0.80666699238702	0.21535323545	0.84686813217846	0.20537051306724	1.05486327348519	0.278994481938852	1.73553222417792	0.279867903534197	1.84615226097462	0.330133079298589	2.29958003902241	0.457936483299011	3.672203795052	0.451242100678859	4.72768609515817	0.520195585621309	5.67212099465828	0.595756263468253	6.61032215319441	0.653781546428429	7.83383657552415	0.74858646784056	9.74047205301175	0.777380128472843	10.4797584928793	0.84710997134533	9.02208552072862	0.959092183460328	16.4504375033106	0.991074730871659	18.1063300719097	1.10209639060082	16.7002013330136	1.25576893927978	28.1052304223817	1.33286472885478	23.4261817173238	1.46818876918181	37.481462152362	1.496810329028	33.0318707592083	1.63616939360099	46.7796868369784	
0.0130453141512303	0.00477883908484265	0.0175181446240511	0.0190660766786943	0.0225764690205723	0.0219175516170961	0.0245091322292919	0.024321662503849	0.0364989835904006	0.0449585184261071	0.0585987359791414	0.138775974167005	0.0811599080312957	0.240903628690875	0.106952614715779	0.314746956121467	0.120089735945904	0.388256755944603	0.132832973489494	0.494323665120138	0.156492042460453	0.57461958021219	0.150705900264747	0.658116719369457	0.190703628928164	0.776645344958955	0.214798826340631	0.813482955224268	0.204926594534638	1.01478718443446	0.278381730877558	1.67620511634765	0.279595815286003	1.77943347905135	0.329580994310591	2.2156688103577	0.457101190033395	3.53955087043732	0.450446010438899	4.55997958748378	0.519263548490238	5.47235650284315	0.594911773389396	6.37636974261156	0.652545510285187	7.53403174580192	0.747365277698098	9.40816779226938	0.775985869133852	10.0796204243142	0.845504256734575	8.52188057156428	0.957557506329059	15.867409110197	0.98938036173832	17.4422039754957	1.09972722631033	15.8673195940947	1.25379434164448	27.1056326372995	1.33049085316674	22.2584261988013	1.46582489643978	36.1454650813714	1.49422419572825	31.5310556773713	1.63351440122048	45.1125375512155	
0.0130453141512303	0.00477883908484265	0.0171969277890345	0.0161706481371803	0.0222577463635049	0.0190914479416899	0.0243726461787739	0.020392638302851	0.0366762769198868	0.0409924232228256	0.0584459126105011	0.132237347856096	0.0807143363763466	0.231001181815549	0.106640580156269	0.301883296501225	0.119666422919469	0.371773016544945	0.132570856117544	0.473415270586302	0.156207866826775	0.55146760059884	0.150343614324235	0.631628626036969	0.190312615527863	0.746393544450569	0.21441243977709	0.780163785754418	0.204543221405002	0.974071043974722	0.277732585825431	1.61702003520326	0.279098596981909	1.71301586355135	0.328824825658082	2.13305235284085	0.456279377240075	3.40624369174505	0.449647024309592	4.39394713205775	0.51838015135131	5.27277175627639	0.593887764408226	6.1436280513182	0.651357020665339	7.2339726650289	0.746224344744369	9.07364698390471	0.774465795224777	9.68025162815915	0.843838611344279	8.02299064981283	0.956041081397354	15.2837576623106	0.98772898733294	16.7755931105707	1.09763147032473	15.0333863920391	1.25188199168354	26.1065619807695	1.32782139803288	21.0906073503467	1.46348827277608	34.8098256382324	1.49161568201938	30.0312184841911	1.63101235407946	43.4438869735336	
0.0130453141512303	0.00477883908484265	0.0168283340601621	0.0141069119884202	0.0219281420722399	0.0159423217768819	0.0242074601453877	0.0169726109685347	0.0365949206330023	0.0382837953344889	0.0583837496399282	0.124041971523213	0.0805609603288793	0.220894396956292	0.10631041125607	0.288464102991612	0.119363667059859	0.354798091821999	0.132469459993084	0.452826290576558	0.15564948088559	0.528292163299257	0.150126220305173	0.604591634488139	0.189875591806207	0.716950131898553	0.214097695357032	0.746650260914009	0.204053637486734	0.933627722808729	0.277143092397636	1.55703774197287	0.278300482488926	1.64740640317709	0.328265554390082	2.05051808453731	0.455416965304569	3.27192905490554	0.448932853124921	4.22786904182773	0.517438124167429	5.07286337513031	0.592933268823244	5.90924211009746	0.650234400726495	6.93460043462203	0.745064082047946	8.73915597786101	0.773177460726371	9.28042648396423	0.842136476418186	7.52292446770552	0.954526700872955	14.7001257721973	0.985926882434282	16.1087997064297	1.0957638457974	14.2009703143854	1.24964588831945	25.1117716825891	1.32538369398905	19.9244890968325	1.46116920879794	33.4759408067407	1.48896740505653	28.5333836344513	1.62857998301047	41.7787865973375	
0.0130453141512303	0.00477883908484265	0.0167298915383998	0.0117303758428469	0.0220464265008412	0.0131674144653015	0.0237561011860885	0.0149209983835733	0.0363320726144585	0.036050549390253	0.0580669277694976	0.118124158990289	0.0804402617378223	0.211431141413614	0.106028136655486	0.275860369668833	0.118847968320994	0.339034352049812	0.132001645614882	0.433429927274624	0.155546987511798	0.505033256217888	0.14977868241355	0.578415941656936	0.189426573234746	0.686947169128754	0.213589189926763	0.713523118508391	0.203626637112682	0.894900305197304	0.276626813398291	1.49705440100464	0.277814887262305	1.58071858772796	0.327766924171878	1.96638729658606	0.454440688904554	3.13939068296209	0.448077154846528	4.06052388729513	0.516335756585873	4.87337455478418	0.591904349123646	5.675585394418	0.648901213019621	6.63542564459161	0.743797208050527	8.40666917790269	0.771736010480781	8.87926023532556	0.840603933476534	7.02314606426009	0.953017871976988	14.1178210166899	0.98415916358043	15.441480105059	1.09364659393794	13.3682645954248	1.24750392912996	24.1123191838217	1.32300213527974	18.7562567411744	1.45879606154987	32.1417393255886	1.48636797418751	27.0336675132	1.62625772487568	40.1130454712405	
0.0130453141512303	0.00477883908484265	0.0166619122918451	0.00940181347993957	0.0218845068456509	0.0111896564845951	0.0235047175401941	0.0117308640141049	0.0359636556882662	0.0322187865480429	0.057587522266175	0.112320891852645	0.0802143542298533	0.201316935077943	0.10586397508495	0.262195714464807	0.118374389530429	0.322712429939807	0.131326942070593	0.413824773102911	0.155296526948664	0.481243611709518	0.149431403188044	0.551927324455526	0.189207701043776	0.656502002779998	0.213092499743648	0.68047781607013	0.203177599874035	0.855989067801444	0.276155853926332	1.43634940149067	0.277243796343722	1.5140626700755	0.327171373489008	1.8828492954254	0.45370982374228	3.0061018978898	0.447115600776387	3.89444905669397	0.515283309614481	4.67262798336076	0.590680078090313	5.44230213907323	0.647708020962908	6.33464246055121	0.742578262960089	8.07465176449967	0.770306910163369	8.47965022663515	0.838758680577313	6.52407919122787	0.951286380139374	13.5338836527867	0.982331047558151	14.7755919464175	1.09144447717712	12.5338303418478	1.2453600784185	23.1090445373895	1.32048808639363	17.5896113591081	1.45630466825561	30.8076551910754	1.48354405745841	25.5369055470152	1.62343423483803	38.4528550274245	
0.0130453141512303	0.00477883908484265	0.0162847398827104	0.00672288310752643	0.0215242047151064	0.00806446048849613	0.0232672283269304	0.00829434572263934	0.035764908645465	0.0278958129166941	0.057337939872546	0.10476065565761	0.079933648004135	0.191219347028674	0.105622476423594	0.248831468984486	0.118122589038572	0.305500861982658	0.131033899681366	0.392938351960026	0.154768823971108	0.458193000732834	0.148919316976708	0.525049414436416	0.188775952272078	0.626605036155687	0.212497861308646	0.646934488908749	0.202559341983813	0.815350459942363	0.275650896124978	1.37684091859761	0.276519917730511	1.44733259586656	0.326489158347996	1.79966217002806	0.453054278731714	2.87221846338185	0.446140537767494	3.72703940807614	0.514383632980191	4.47212914373042	0.58959252862516	5.20831899484688	0.646421738217498	6.03480782850802	0.741247210688613	7.74048020208389	0.768933271327775	8.08021716922552	0.836819089683624	6.02251777079803	0.949543706665366	12.9503495515391	0.980522535870297	14.1092018049322	1.08946707322223	11.6987199481137	1.2431663840154	22.1085321935825	1.31785417501711	16.4256053450928	1.4536857272145	29.4757559392184	1.48067366783749	24.0410301998793	1.62044690920438	36.7893826030115	
0.0130453141512303	0.00477883908484265	0.0162847398827104	0.00672288310752643	0.0215242047151064	0.00806446048849613	0.0231190952589007	0.00487492183802904	0.035745435887825	0.0248082913725846	0.0572000060316098	0.0971196417849786	0.0795745397493345	0.180702867567537	0.105312744810904	0.235675708783739	0.117751660017083	0.288136528026696	0.130802196912444	0.372564652973946	0.154194920481573	0.435578947192266	0.14846045132209	0.498020339129094	0.188336448185196	0.596954171510029	0.212010992815594	0.61344296656312	0.202254327265347	0.775489389980832	0.275096937566221	1.31621286960772	0.275943697613954	1.37967271252635	0.325918553693322	1.7167749304855	0.452283244797236	2.73816599383464	0.445238330997478	3.5609368706297	0.51334864134839	4.27190690689161	0.58856596852153	4.97607742375233	0.645074389462715	5.73399810177551	0.739915580781769	7.40753751974695	0.767407590655971	7.68007258140268	0.835196551702584	5.5222900042317	0.948127436512835	12.3655944864542	0.978846572977277	13.4429122462801	1.08738643536109	10.868219600905	1.24105368195214	21.1075467379301	1.31522698512369	15.2580491295918	1.45127893108383	28.1415302436805	1.47788756584346	22.539013711978	1.6174807661826	35.118720368664	
0.0130453141512303	0.00477883908484265	0.0162847398827104	0.00672288310752643	0.0215242047151064	0.00806446048849613	0.0231190952589007	0.00487492183802904	0.0355285649242311	0.0220993215142562	0.0569147660882918	0.0914319677804605	0.0792819299026783	0.171407177320754	0.104982114191529	0.222326233496674	0.11736816351046	0.271391523553438	0.130447591938463	0.353395154019646	0.15371181711032	0.412184678201872	0.147989791060751	0.472976756145055	0.18787553383628	0.56767467172336	0.211461032704023	0.58104254676949	0.201837241020944	0.735391356642978	0.274512362167735	1.25707249194479	0.275308059777643	1.3127447322797	0.325118078769109	1.63384252180022	0.451351352224814	2.60516801422246	0.444302238797646	3.39490185406671	0.512215990506482	4.07284370094186	0.587724331854978	4.7431494679529	0.643806403946315	5.43309012051605	0.73871811489452	7.07445932998183	0.765902532303645	7.280614843946	0.833456785008476	5.02337493677193	0.946497803984257	11.7816981007423	0.977100346682358	12.7766720477221	1.08504442841366	10.0366128425302	1.23900487109148	20.108843022477	1.31259477028512	14.0907201567881	1.44855814507605	26.8094465899626	1.47492361218625	21.0374517094716	1.61474675393361	33.4505093752165	
0.0130453141512303	0.00477883908484265	0.0162847398827104	0.00672288310752643	0.0215242047151064	0.00806446048849613	0.0231190952589007	0.00487492183802904	0.0352794644241832	0.0188150962843796	0.0566432154867306	0.0852750818436053	0.0789909599622856	0.161628581790054	0.104593488847816	0.209121127753732	0.117186285070403	0.255270359656389	0.130195884037536	0.332983940197889	0.153324887047284	0.388847976585387	0.147704548308937	0.446853537517673	0.187301634176818	0.538201107604423	0.210859369753932	0.547258530941663	0.201150721091564	0.695252112283155	0.274023578549533	1.19725748752392	0.274906334517562	1.24636611591066	0.324325377670116	1.55047891078338	0.450493894290953	2.47133556962305	0.443321508373641	3.22732293757898	0.511274215446175	3.87268782083334	0.586766139664422	4.50934979426503	0.64268376477566	5.1339102082117	0.73747398478396	6.74190733744638	0.76456395879335	6.88068399464388	0.831475122851373	4.52415858647359	0.944721494331457	11.2002864835415	0.975454254174023	12.1072644212383	1.08299411857167	9.2029655564914	1.23691936893273	19.1087069329723	1.30967413666062	12.9244808313451	1.44590853479667	25.4795589947712	1.47190582902704	19.5375828513254	1.61195389003146	31.7841908291506	
0.0130453141512303	0.00477883908484265	0.0162847398827104	0.00672288310752643	0.0215242047151064	0.00806446048849613	0.0231190952589007	0.00487492183802904	0.0351539322489374	0.0144866838749726	0.0565343018944882	0.0784698862862466	0.0786497649216354	0.151605164849181	0.104316757723683	0.195652312215546	0.116905790358236	0.238510162984353	0.129798125978747	0.313335304905538	0.152915870759556	0.36582105612557	0.147259503915009	0.420309797663996	0.186900475120078	0.50708771734012	0.210450031027789	0.513813574722553	0.200752275606143	0.655192903453286	0.273480028457715	1.13713666006713	0.274178944902636	1.18064000738946	0.323791193770157	1.46718200574277	0.449724128509324	2.33824399209656	0.442344176648397	3.06213682150243	0.510304416892436	3.67309725350075	0.585774181058345	4.27670123522471	0.641433684308328	4.83585067691141	0.736176975233951	6.40836907435126	0.763137640092003	6.48054266644989	0.829521281074977	4.02413431388014	0.943155444568909	10.6172087303338	0.973858970938028	11.4413548421787	1.08071642909319	8.36937787509451	1.2346484781209	18.1070881779992	1.30689322577094	11.7570885286094	1.44332910722883	24.1481552065004	1.46896368144978	18.0362387782911	1.60911561267513	30.1172594728598	
0.0130453141512303	0.00477883908484265	0.0162847398827104	0.00672288310752643	0.0215242047151064	0.00806446048849613	0.0231190952589007	0.00487492183802904	0.0348101471927339	0.012173527911045	0.0563419397911849	0.0716884103495836	0.0782684411003537	0.142691884364521	0.104106026897093	0.181564181746573	0.116393095482473	0.222266370103499	0.129327858671502	0.293457127713277	0.152609571924771	0.343348621817278	0.146622511423395	0.394213209040217	0.186506293762003	0.476683179936752	0.209925824284675	0.480811724301101	0.200359273293731	0.615271646773229	0.272731675173209	1.07641093862686	0.273512923138735	1.11287057723661	0.323069930613442	1.38339231466827	0.448721018523079	2.20574054474801	0.441494808697616	2.89515302011162	0.509240823372229	3.47240306896967	0.584480969141917	4.04388457246766	0.640145259608305	4.53469822348772	0.734583623697379	6.07557167832906	0.761634638300743	6.08098294917613	0.827464092533511	3.52530120280305	0.941438108144701	10.0349626481458	0.971841136701172	10.7763523712636	1.07819077709153	7.53704235683972	1.23220403147604	17.108440341898	1.30410934481206	10.5921120765175	1.44053097218603	22.8119439313278	1.46583028442974	16.5374502542802	1.60627269787952	28.4512277741333	
0.0130453141512303	0.00477883908484265	0.0162847398827104	0.00672288310752643	0.0215242047151064	0.00806446048849613	0.0231190952589007	0.00487492183802904	0.0348101471927339	0.012173527911045	0.0559177136691639	0.0643356262481905	0.0780617390675438	0.13151681435526	0.103888596659752	0.168531792677273	0.11596868141593	0.205424348016021	0.128905535961112	0.273891438333788	0.152195800737613	0.320122223712985	0.146008975210564	0.367748718913109	0.186159291957123	0.447420356644142	0.209188363053415	0.447589674308871	0.199750077736796	0.574959176422755	0.272230245137376	1.01573085199059	0.272778296146214	1.04675866835721	0.322307757051982	1.29943405421578	0.447947667685039	2.07211974319363	0.440653859719577	2.7281077514338	0.508204477090995	3.27208490591023	0.583324971911511	3.80998431594651	0.638853024262257	4.23527244203536	0.733172853790176	5.74049487041375	0.760046577575797	5.6793612838201	0.82528853059622	3.02558519796716	0.939634754211404	9.45114542484897	0.969645785463168	10.1107315021883	1.07572207440025	6.70364792486788	1.22994292922537	16.1089803925503	1.30105857484125	9.42665878729001	1.43778645411739	21.4761647898092	1.46278331753252	15.038380470865	1.60326697850274	26.7852463668235	
0.0130453141512303	0.00477883908484265	0.0162847398827104	0.00672288310752643	0.0215242047151064	0.00806446048849613	0.0231190952589007	0.00487492183802904	0.0348101471927339	0.012173527911045	0.0556557258856406	0.0580475038700817	0.0778649266705971	0.121489803091496	0.103455417894604	0.15520849628446	0.115551509802688	0.188917369208847	0.128573125524639	0.253329030119989	0.151576047181146	0.296714013988464	0.145570131638024	0.340587657740935	0.185652755502848	0.417340821700048	0.208561675937163	0.413936276465931	0.199186296542078	0.5352504359026	0.271548790479428	0.95677120910621	0.272084633196798	0.980278945285965	0.321667110350413	1.21665636148586	0.447300269849452	1.93861908224567	0.439583103010312	2.56039193053411	0.507163549738778	3.07210271745362	0.582318705224971	3.57717114564895	0.63764259682688	3.93631278750945	0.731938443852609	5.40623809198644	0.758346002728408	5.27965488324781	0.823010544296115	2.52465754251924	0.937807516076973	8.86742785306292	0.967676054476882	9.44445498205167	1.07328663499493	5.86958620030303	1.2275549519047	15.1095260311378	1.29799603908816	8.26062900941625	1.43500158915238	20.1436769421131	1.45975323775463	13.5386960145799	1.60029217941385	25.1238377531378	
0.0130453141512303	0.00477883908484265	0.0162847398827104	0.00672288310752643	0.0215242047151064	0.00806446048849613	0.0231190952589007	0.00487492183802904	0.0348101471927339	0.012173527911045	0.0554476148865485	0.0518671493330567	0.0774148454367703	0.111208409809708	0.103027949033252	0.141629580960886	0.115054575172117	0.171958960908901	0.128123577967764	0.233163394407961	0.15106733656595	0.272459930575726	0.145142489859189	0.312821760792937	0.18512071931709	0.387600084430208	0.207946815561169	0.380249787569333	0.198740960114508	0.495710875940854	0.270850540059089	0.89751266989724	0.27151011219097	0.913817848665327	0.321071522554338	1.13348949235355	0.44626675666888	1.80546685233939	0.43859081689293	2.39468310968738	0.506062246824819	2.87333590489916	0.581015306662268	3.34390279146466	0.636300943464719	3.63766629018438	0.730576444770904	5.07458016908015	0.756770373320499	4.88104930590642	0.820655344046406	2.0250726213295	0.935944017028974	8.28479527202476	0.965723938645144	8.77710464703749	1.07059816635147	5.03742157973256	1.22529384518369	14.1101107852715	1.29478157483208	7.09502810556774	1.43211685541736	18.8094326201246	1.45645766496496	12.0382171401763	1.5972054609917	23.4583965128956	
0.0130453141512303	0.00477883908484265	0.0162847398827104	0.00672288310752643	0.0215242047151064	0.00806446048849613	0.0231190952589007	0.00487492183802904	0.0348101471927339	0.012173527911045	0.0549416825295429	0.0453052181310161	0.0770408665157311	0.101605703270019	0.102648863437696	0.128523937553806	0.114579895587371	0.15527629683752	0.127563045114122	0.213267187393589	0.15079598844849	0.24836204741363	0.144624059347492	0.285722225115426	0.184686496405475	0.357433412621865	0.20743624496092	0.347310714107193	0.198161124219505	0.455113828349691	0.270335262080176	0.836614071712271	0.270973862634979	0.846630029432702	0.320259528674516	1.04978606502843	0.445189326387205	1.67265443874139	0.437793693455344	2.22821363116397	0.50478025313117	2.6738561649477	0.579791195481723	3.11129474495441	0.634708061989898	3.33654806286369	0.7292140932942	4.74189872271298	0.755203269754599	4.48131356867441	0.818296879912697	1.52629422545107	0.934063443814251	7.702374101201	0.963710551540533	8.11083185219097	1.06776697255802	4.20460177376197	1.22289993230559	13.1108948424268	1.2914385834096	5.92776385967996	1.42897104361688	17.4757191519784	1.45294730027148	10.5392498022395	1.59401276754814	21.7885966832112	
0.0130453141512303	0.00477883908484265	0.0162847398827104	0.00672288310752643	0.0215242047151064	0.00806446048849613	0.0231190952589007	0.00487492183802904	0.0348101471927339	0.012173527911045	0.0545620557609854	0.0376113044110636	0.0766262252287987	0.0916277756139889	0.102467173359083	0.11506663258002	0.113868525899417	0.138534697512263	0.127203742311867	0.19332749925858	0.150378095763117	0.225423369763566	0.14427707532796	0.258555284969779	0.18421609171943	0.327560340241224	0.206752849019237	0.314585117231315	0.197770648372787	0.414939019110738	0.269673468660463	0.776583407917959	0.270236446017018	0.781129533794493	0.319492980868446	0.966369252212036	0.444340911351094	1.53934248702115	0.436609332181686	2.06194881076661	0.5035877917522	2.4726318250662	0.578780695774001	2.87761078809095	0.633175338845825	3.03638676944296	0.727917337800258	4.4080936357129	0.753425109912871	4.08211287623611	0.815632134194015	1.02760826333377	0.932276444953143	7.11871520273436	0.961610643276312	7.44575068452206	1.06502576209257	3.37234844472048	1.22020435095972	12.108841159832	1.28794642125833	4.76063558688162	1.42602864551946	16.1451367901794	1.44964652158069	9.04080773020983	1.59094211764768	20.1216317993093	
0.0130453141512303	0.00477883908484265	0.0162847398827104	0.00672288310752643	0.0215242047151064	0.00806446048849613	0.0231190952589007	0.00487492183802904	0.0348101471927339	0.012173527911045	0.0545986508672977	0.0309106498077401	0.0763305410099198	0.0812434930204652	0.102066917502594	0.102206079793532	0.113428919856709	0.121272074162959	0.126886056514616	0.173311588195225	0.149772247382415	0.201661344788989	0.143684499155457	0.231674173529471	0.183789251876274	0.298596296857892	0.206088378765949	0.281322787539647	0.197303549858619	0.374741596196595	0.268809108587212	0.718593562825999	0.269564909787364	0.713935078888839	0.318842548897348	0.883673574072446	0.443389028731182	1.40615614742719	0.435373364766984	1.8956071562605	0.502463816989183	2.27320982711161	0.577599227034096	2.64376710941352	0.631539454563823	2.73783410286283	0.726429634463631	4.07610183367948	0.751602640074149	3.6826334855306	0.815632134194015	1.02760826333377	0.930377716489539	6.5359475799293	0.95947750856867	6.77869464742748	1.06215282257951	2.53861827097644	1.21769086988914	11.1093216058423	1.28444048658074	3.59480837165823	1.4231849823592	14.8140068107326	1.44604465436835	7.54282340320387	1.58777143282927	18.4545719205093	
0.0130453141512303	0.00477883908484265	0.0162847398827104	0.00672288310752643	0.0215242047151064	0.00806446048849613	0.0231190952589007	0.00487492183802904	0.0348101471927339	0.012173527911045	0.0542482194548131	0.0245752173364816	0.0762044743468349	0.0708912755706242	0.101569577046022	0.089305931247588	0.113056522897669	0.104944695085004	0.126640427789795	0.153499505798792	0.149138173986083	0.178206117828598	0.143096872969725	0.205315403061475	0.183240846022756	0.268843190460696	0.205484652453226	0.247708767177444	0.19661170757787	0.335529919973201	0.268279285689594	0.657624999035936	0.268870811240916	0.647263852622284	0.31810807912083	0.800073348925225	0.442294392905182	1.27259518334539	0.434349364345174	1.72871823335246	0.501160649976516	2.07400575862914	0.576440994251156	2.40948501065491	0.629749822611897	2.43743834899507	0.724917331355811	3.74227043681792	0.749873456865663	3.28251986418189	0.815632134194015	1.02760826333377	0.928528316294567	5.95102441112767	0.957256200418752	6.11116317018115	1.05889406002288	1.70686098759769	1.21521728616554	10.1110062518845	1.28045257568248	2.42842143159407	1.42006583049986	13.4819948688494	1.44217007010784	6.0435254457688	1.58451376088145	16.7888158932518	
0.0130453141512303	0.00477883908484265	0.0162847398827104	0.00672288310752643	0.0215242047151064	0.00806446048849613	0.0231190952589007	0.00487492183802904	0.0348101471927339	0.012173527911045	0.0535994679251585	0.0182983272174062	0.0759180925882183	0.0607055975067041	0.10102861981223	0.0760160969822531	0.112485875872833	0.0884195191087011	0.126310692315489	0.133472317001671	0.148689872160471	0.154678116743607	0.142430542860876	0.179282944725062	0.182434339978618	0.239400767438869	0.204684584479085	0.215276536898635	0.195967089323879	0.29701522224848	0.267679685616133	0.596391008324714	0.268262491808265	0.580000247018749	0.317272346201049	0.717291698074549	0.441119181383949	1.13988835843927	0.433273494669138	1.56210987135671	0.499777857796814	1.87297175778979	0.575241001560491	2.17670816193603	0.628046813744106	2.13710545939812	0.723158694663296	3.4093179755944	0.748010818697116	2.88227236521944	0.815632134194015	1.02760826333377	0.926402326099921	5.3671373386411	0.955024685552557	5.44338070151288	1.05889406002288	1.70686098759769	1.21248596006545	9.1116971767867	1.28045257568248	2.42842143159407	1.41702157106196	12.1468443700389	1.43822148449787	4.54300279920628	1.58117743002833	15.1229360000978	
0.0130453141512303	0.00477883908484265	0.0162847398827104	0.00672288310752643	0.0215242047151064	0.00806446048849613	0.0231190952589007	0.00487492183802904	0.0348101471927339	0.012173527911045	0.0535994679251585	0.0182983272174062	0.0755712553356457	0.0502608808121074	0.100505920619502	0.062044792921163	0.112015752782339	0.0716466477191038	0.125687804484562	0.114122010509247	0.148270418671591	0.131431316855133	0.141853208479382	0.152324286132186	0.181889630705934	0.209061640891346	0.203897866727411	0.183492550756714	0.195234332313557	0.257678224937092	0.266921503627541	0.536181647019884	0.267727859549226	0.512555615598372	0.316346861122078	0.633905618901656	0.440172110864137	1.00632948983316	0.432088170489426	1.39637916443052	0.498677045812089	1.67384312643227	0.573876377848667	1.94405611043623	0.626348051494807	1.83750738327764	0.721501153551647	3.07722256392947	0.746066833348999	2.48149890185796	0.815632134194015	1.02760826333377	0.9241865389873	4.78536716226607	0.952775456951318	4.77765785262054	1.05889406002288	1.70686098759769	1.20980702257744	8.11146143577119	1.28045257568248	2.42842143159407	1.41376968233592	10.8143388272146	1.43401392750321	3.04468156627495	1.57785073660018	13.4561788011201	
0.0130453141512303	0.00477883908484265	0.0162847398827104	0.00672288310752643	0.0215242047151064	0.00806446048849613	0.0231190952589007	0.00487492183802904	0.0348101471927339	0.012173527911045	0.0535994679251585	0.0182983272174062	0.0752706047048811	0.0417922449900669	0.100239616139836	0.0489014236756448	0.111476900743936	0.0554947538165306	0.125020878370003	0.0940496089136588	0.147795233765774	0.108433180082271	0.141443496576641	0.124884832283	0.181598511628807	0.178037046409548	0.202922196612458	0.149483213084194	0.194689189923499	0.218027852146145	0.266118448276195	0.476779771452723	0.266841981867382	0.446915654411238	0.31570090108551	0.549691593999256	0.43905316601421	0.872568931691567	0.431135467435483	1.22819616886653	0.49737139884165	1.47442753132009	0.572498653751844	1.71053117689482	0.624512198448674	1.53775400912521	0.719864201845956	2.74386940118726	0.74394192413443	2.08234337856238	0.815632134194015	1.02760826333377	0.922214333668914	4.20295111371623	0.95056802692224	4.11231684596566	1.05889406002288	1.70686098759769	1.20695508356213	7.11320102984263	1.28045257568248	2.42842143159407	1.41017702020514	9.48350966494508	1.43401392750321	3.04468156627495	1.57443545963932	11.7884995928374	
0.0130453141512303	0.00477883908484265	0.0162847398827104	0.00672288310752643	0.0215242047151064	0.00806446048849613	0.0231190952589007	0.00487492183802904	0.0348101471927339	0.012173527911045	0.0535994679251585	0.0182983272174062	0.074796352146444	0.0322080011919473	0.0998689945806663	0.0352836765681289	0.110790454128349	0.0396334743801903	0.124476991352552	0.0736778235043397	0.147129561118275	0.08492105513604	0.14090495431251	0.0988139859960378	0.181026183897791	0.148760355142385	0.201899722488498	0.115124192905345	0.193976898485243	0.178671442580765	0.265291825920544	0.416579315919591	0.26597324800064	0.38036779927613	0.314919739370105	0.466894721845974	0.437904818353012	0.73952444416052	0.429914726816041	1.06192692468715	0.495893925707936	1.27432857830123	0.571284347450989	1.47764501419394	0.622472120395279	1.23843509693321	0.718005536460795	2.40848595532882	0.741590254784606	1.68387365789511	0.815632134194015	1.02760826333377	0.919959268279813	3.62060724266249	0.948426393683625	3.44611785842966	1.05889406002288	1.70686098759769	1.20397330920398	6.11271662571152	1.28045257568248	2.42842143159407	1.40651367304236	8.15012495365215	1.43401392750321	3.04468156627495	1.57090300722832	10.1238741911318	
0.0130453141512303	0.00477883908484265	0.0162847398827104	0.00672288310752643	0.0215242047151064	0.00806446048849613	0.0231190952589007	0.00487492183802904	0.0348101471927339	0.012173527911045	0.0535994679251585	0.0182983272174062	0.0744741869615283	0.0206061780989903	0.0998689945806663	0.0352836765681289	0.110790454128349	0.0396334743801903	0.123783973823089	0.0530398435603704	0.146472707450929	0.0618948622719497	0.140234823495143	0.0721350879601388	0.180195657852593	0.118501846201397	0.200890767302637	0.0819999972624211	0.193085614034889	0.137540587108634	0.264551600585025	0.356428627934175	0.265177245825842	0.314098787927382	0.313944611520689	0.38426173335421	0.436792624386869	0.606467150944681	0.428361446795206	0.896848550985834	0.494507923940341	1.07355814173798	0.569924766379438	1.24458876871594	0.62020439692049	0.93955990171928	0.716258283097128	2.07538704363741	0.739250167146983	1.28327365335491	0.815632134194015	1.02760826333377	0.917508085974896	3.03719770580336	0.945673606080907	2.77965810058516	1.05889406002288	1.70686098759769	1.20088603085245	5.11225829861125	1.28045257568248	2.42842143159407	1.40272476038299	6.81729251661974	1.43401392750321	3.04468156627495	1.56702952568885	8.45893493373349	
0.0130453141512303	0.00477883908484265	0.0162847398827104	0.00672288310752643	0.0215242047151064	0.00806446048849613	0.0231190952589007	0.00487492183802904	0.0348101471927339	0.012173527911045	0.0535994679251585	0.0182983272174062	0.0744741869615283	0.0206061780989903	0.0998689945806663	0.0352836765681289	0.110790454128349	0.0396334743801903	0.123783973823089	0.0530398435603704	0.146472707450929	0.0618948622719497	0.140234823495143	0.0721350879601388	0.179444343197997	0.0873898238170603	0.200890767302637	0.0819999972624211	0.192210919782204	0.0964905384179275	0.263798839947389	0.296575439289558	0.264414223087347	0.247727243788806	0.312971400178887	0.300653562861651	0.435637037031411	0.473060029703368	0.426926575126809	0.730029768305872	0.492788888629055	0.874372525083135	0.568478580698863	1.01128490786019	0.617363200486195	0.641050192390862	0.714459329272722	1.74315449472988	0.736650920198332	0.884480589146629	0.815632134194015	1.02760826333377	0.91505944599144	2.45337605872454	0.942545680061986	2.11291685050585	1.05889406002288	1.70686098759769	1.19747841502018	4.11375342051846	1.28045257568248	2.42842143159407	1.39864450740787	5.48293271063751	1.43401392750321	3.04468156627495	1.56303201910109	6.79278588836819	
0.0130453141512303	0.00477883908484265	0.0162847398827104	0.00672288310752643	0.0215242047151064	0.00806446048849613	0.0231190952589007	0.00487492183802904	0.0348101471927339	0.012173527911045	0.0535994679251585	0.0182983272174062	0.0744741869615283	0.0206061780989903	0.0998689945806663	0.0352836765681289	0.110790454128349	0.0396334743801903	0.123783973823089	0.0530398435603704	0.146472707450929	0.0618948622719497	0.140234823495143	0.0721350879601388	0.179444343197997	0.0873898238170603	0.200890767302637	0.0819999972624211	0.192210919782204	0.0964905384179275	0.263159296694244	0.236869312293254	0.263297164628311	0.181504769462749	0.311815981125002	0.217859368260645	0.434321738852341	0.340597938895929	0.425498757412022	0.565431025707703	0.491000757983557	0.674924275474727	0.566994822948052	0.778535183910006	0.617363200486195	0.641050192390862	0.712325233180765	1.41085663682991	0.736650920198332	0.884480589146629	0.815632134194015	1.02760826333377	0.912566412389862	1.87011192459547	0.93904442741307	1.44823987681513	1.05889406002288	1.70686098759769	1.19415599505803	3.11366738959972	1.28045257568248	2.42842143159407	1.39422706098543	4.15082949914638	1.43401392750321	3.04468156627495	1.55873035028385	5.12599935273084	
0.0130453141512303	0.00477883908484265	0.0162847398827104	0.00672288310752643	0.0215242047151064	0.00806446048849613	0.0231190952589007	0.00487492183802904	0.0348101471927339	0.012173527911045	0.0535994679251585	0.0182983272174062	0.0744741869615283	0.0206061780989903	0.0998689945806663	0.0352836765681289	0.110790454128349	0.0396334743801903	0.123783973823089	0.0530398435603704	0.146472707450929	0.0618948622719497	0.140234823495143	0.0721350879601388	0.179444343197997	0.0873898238170603	0.200890767302637	0.0819999972624211	0.192210919782204	0.0964905384179275	0.262291870223948	0.177711123086933	0.263297164628311	0.181504769462749	0.311815981125002	0.217859368260645	0.432766429919041	0.207177371685583	0.423690295101141	0.401042907520546	0.489252623931999	0.477961492869271	0.56530967837807	0.545122882187118	0.617363200486195	0.641050192390862	0.710069374519906	1.07746156457383	0.736650920198332	0.884480589146629	0.815632134194015	1.02760826333377	0.909634808532692	1.28878587265212	0.93904442741307	1.44823987681513	1.05889406002288	1.70686098759769	1.19053975333515	2.11413107180453	1.28045257568248	2.42842143159407	1.38901601677779	2.81936284660478	1.43401392750321	3.04468156627495	1.55419933510967	3.46074973209925	
0.0130453141512303	0.00477883908484265	0.0162847398827104	0.00672288310752643	0.0215242047151064	0.00806446048849613	0.0231190952589007	0.00487492183802904	0.0348101471927339	0.012173527911045	0.0535994679251585	0.0182983272174062	0.0744741869615283	0.0206061780989903	0.0998689945806663	0.0352836765681289	0.110790454128349	0.0396334743801903	0.123783973823089	0.0530398435603704	0.146472707450929	0.0618948622719497	0.140234823495143	0.0721350879601388	0.179444343197997	0.0873898238170603	0.200890767302637	0.0819999972624211	0.192210919782204	0.0964905384179275	0.262291870223948	0.177711123086933	0.263297164628311	0.181504769462749	0.311815981125002	0.217859368260645	0.432766429919041	0.207177371685583	0.423690295101141	0.401042907520546	0.489252623931999	0.477961492869271	0.56530967837807	0.545122882187118	0.617363200486195	0.641050192390862	0.707751112682908	0.745094381353002	0.736650920198332	0.884480589146629	0.815632134194015	1.02760826333377	0.909634808532692	1.28878587265212	0.93904442741307	1.44823987681513	1.05889406002288	1.70686098759769	1.19053975333515	2.11413107180453	1.28045257568248	2.42842143159407	1.38901601677779	2.81936284660478	1.43401392750321	3.04468156627495	1.55419933510967	3.46074973209925	
