X_ZT3:(Ti36.1Zr33.2Ni5.8Be24.9)_91Cu_9_Pd_[¦Ìm]	Y_ZT3:(Ti36.1Zr33.2Ni5.8Be24.9)_91Cu_9_Fn_[mN]	X_ZT3:(Ti36.1Zr33.2Ni5.8Be24.9)_91Cu_9_Pd_[¦Ìm]	Y_ZT3:(Ti36.1Zr33.2Ni5.8Be24.9)_91Cu_9_Fn_[mN]	X_ZT3:(Ti36.1Zr33.2Ni5.8Be24.9)_91Cu_9_Pd_[¦Ìm]	Y_ZT3:(Ti36.1Zr33.2Ni5.8Be24.9)_91Cu_9_Fn_[mN]	X_ZT3:(Ti36.1Zr33.2Ni5.8Be24.9)_91Cu_9_Pd_[¦Ìm]	Y_ZT3:(Ti36.1Zr33.2Ni5.8Be24.9)_91Cu_9_Fn_[mN]	X_ZT3:(Ti36.1Zr33.2Ni5.8Be24.9)_91Cu_9_Pd_[¦Ìm]	Y_ZT3:(Ti36.1Zr33.2Ni5.8Be24.9)_91Cu_9_Fn_[mN]	X_ZT3:(Ti36.1Zr33.2Ni5.8Be24.9)_91Cu_9_Pd_[¦Ìm]	Y_ZT3:(Ti36.1Zr33.2Ni5.8Be24.9)_91Cu_9_Fn_[mN]	X_ZT3:(Ti36.1Zr33.2Ni5.8Be24.9)_91Cu_9_Pd_[¦Ìm]	Y_ZT3:(Ti36.1Zr33.2Ni5.8Be24.9)_91Cu_9_Fn_[mN]	X_ZT3:(Ti36.1Zr33.2Ni5.8Be24.9)_91Cu_9_Pd_[¦Ìm]	Y_ZT3:(Ti36.1Zr33.2Ni5.8Be24.9)_91Cu_9_Fn_[mN]	X_ZT3:(Ti36.1Zr33.2Ni5.8Be24.9)_91Cu_9_Pd_[¦Ìm]	Y_ZT3:(Ti36.1Zr33.2Ni5.8Be24.9)_91Cu_9_Fn_[mN]	X_ZT3:(Ti36.1Zr33.2Ni5.8Be24.9)_91Cu_9_Pd_[¦Ìm]	Y_ZT3:(Ti36.1Zr33.2Ni5.8Be24.9)_91Cu_9_Fn_[mN]	X_ZT3:(Ti36.1Zr33.2Ni5.8Be24.9)_91Cu_9_Pd_[¦Ìm]	Y_ZT3:(Ti36.1Zr33.2Ni5.8Be24.9)_91Cu_9_Fn_[mN]	X_ZT3:(Ti36.1Zr33.2Ni5.8Be24.9)_91Cu_9_Pd_[¦Ìm]	Y_ZT3:(Ti36.1Zr33.2Ni5.8Be24.9)_91Cu_9_Fn_[mN]	X_ZT3:(Ti36.1Zr33.2Ni5.8Be24.9)_91Cu_9_Pd_[¦Ìm]	Y_ZT3:(Ti36.1Zr33.2Ni5.8Be24.9)_91Cu_9_Fn_[mN]	X_ZT3:(Ti36.1Zr33.2Ni5.8Be24.9)_91Cu_9_Pd_[¦Ìm]	Y_ZT3:(Ti36.1Zr33.2Ni5.8Be24.9)_91Cu_9_Fn_[mN]	X_ZT3:(Ti36.1Zr33.2Ni5.8Be24.9)_91Cu_9_Pd_[¦Ìm]	Y_ZT3:(Ti36.1Zr33.2Ni5.8Be24.9)_91Cu_9_Fn_[mN]	X_ZT3:(Ti36.1Zr33.2Ni5.8Be24.9)_91Cu_9_Pd_[¦Ìm]	Y_ZT3:(Ti36.1Zr33.2Ni5.8Be24.9)_91Cu_9_Fn_[mN]	X_ZT3:(Ti36.1Zr33.2Ni5.8Be24.9)_91Cu_9_Pd_[¦Ìm]	Y_ZT3:(Ti36.1Zr33.2Ni5.8Be24.9)_91Cu_9_Fn_[mN]	X_ZT3:(Ti36.1Zr33.2Ni5.8Be24.9)_91Cu_9_Pd_[¦Ìm]	Y_ZT3:(Ti36.1Zr33.2Ni5.8Be24.9)_91Cu_9_Fn_[mN]	X_ZT3:(Ti36.1Zr33.2Ni5.8Be24.9)_91Cu_9_Pd_[¦Ìm]	Y_ZT3:(Ti36.1Zr33.2Ni5.8Be24.9)_91Cu_9_Fn_[mN]	X_ZT3:(Ti36.1Zr33.2Ni5.8Be24.9)_91Cu_9_Pd_[¦Ìm]	Y_ZT3:(Ti36.1Zr33.2Ni5.8Be24.9)_91Cu_9_Fn_[mN]	X_ZT3:(Ti36.1Zr33.2Ni5.8Be24.9)_91Cu_9_Pd_[¦Ìm]	Y_ZT3:(Ti36.1Zr33.2Ni5.8Be24.9)_91Cu_9_Fn_[mN]	X_ZT3:(Ti36.1Zr33.2Ni5.8Be24.9)_91Cu_9_Pd_[¦Ìm]	Y_ZT3:(Ti36.1Zr33.2Ni5.8Be24.9)_91Cu_9_Fn_[mN]	X_ZT3:(Ti36.1Zr33.2Ni5.8Be24.9)_91Cu_9_Pd_[¦Ìm]	Y_ZT3:(Ti36.1Zr33.2Ni5.8Be24.9)_91Cu_9_Fn_[mN]	X_ZT3:(Ti36.1Zr33.2Ni5.8Be24.9)_91Cu_9_Pd_[¦Ìm]	Y_ZT3:(Ti36.1Zr33.2Ni5.8Be24.9)_91Cu_9_Fn_[mN]	X_ZT3:(Ti36.1Zr33.2Ni5.8Be24.9)_91Cu_9_Pd_[¦Ìm]	Y_ZT3:(Ti36.1Zr33.2Ni5.8Be24.9)_91Cu_9_Fn_[mN]	X_ZT3:(Ti36.1Zr33.2Ni5.8Be24.9)_91Cu_9_Pd_[¦Ìm]	Y_ZT3:(Ti36.1Zr33.2Ni5.8Be24.9)_91Cu_9_Fn_[mN]	X_ZT3:(Ti36.1Zr33.2Ni5.8Be24.9)_91Cu_9_Pd_[¦Ìm]	Y_ZT3:(Ti36.1Zr33.2Ni5.8Be24.9)_91Cu_9_Fn_[mN]	X_ZT3:(Ti36.1Zr33.2Ni5.8Be24.9)_91Cu_9_Pd_[¦Ìm]	Y_ZT3:(Ti36.1Zr33.2Ni5.8Be24.9)_91Cu_9_Fn_[mN]	X_ZT3:(Ti36.1Zr33.2Ni5.8Be24.9)_91Cu_9_Pd_[¦Ìm]	Y_ZT3:(Ti36.1Zr33.2Ni5.8Be24.9)_91Cu_9_Fn_[mN]	X_ZT3:(Ti36.1Zr33.2Ni5.8Be24.9)_91Cu_9_Pd_[¦Ìm]	Y_ZT3:(Ti36.1Zr33.2Ni5.8Be24.9)_91Cu_9_Fn_[mN]	X_ZT3:(Ti36.1Zr33.2Ni5.8Be24.9)_91Cu_9_Pd_[¦Ìm]	Y_ZT3:(Ti36.1Zr33.2Ni5.8Be24.9)_91Cu_9_Fn_[mN]	X_ZT3:(Ti36.1Zr33.2Ni5.8Be24.9)_91Cu_9_Pd_[¦Ìm]	Y_ZT3:(Ti36.1Zr33.2Ni5.8Be24.9)_91Cu_9_Fn_[mN]	X_ZT3:(Ti36.1Zr33.2Ni5.8Be24.9)_91Cu_9_Pd_[¦Ìm]	Y_ZT3:(Ti36.1Zr33.2Ni5.8Be24.9)_91Cu_9_Fn_[mN]	X_ZT3:(Ti36.1Zr33.2Ni5.8Be24.9)_91Cu_9_Pd_[¦Ìm]	Y_ZT3:(Ti36.1Zr33.2Ni5.8Be24.9)_91Cu_9_Fn_[mN]	X_ZT3:(Ti36.1Zr33.2Ni5.8Be24.9)_91Cu_9_Pd_[¦Ìm]	Y_ZT3:(Ti36.1Zr33.2Ni5.8Be24.9)_91Cu_9_Fn_[mN]	X_ZT3:(Ti36.1Zr33.2Ni5.8Be24.9)_91Cu_9_Pd_[¦Ìm]	Y_ZT3:(Ti36.1Zr33.2Ni5.8Be24.9)_91Cu_9_Fn_[mN]	X_ZT3:(Ti36.1Zr33.2Ni5.8Be24.9)_91Cu_9_Pd_[¦Ìm]	Y_ZT3:(Ti36.1Zr33.2Ni5.8Be24.9)_91Cu_9_Fn_[mN]	X_ZT3:(Ti36.1Zr33.2Ni5.8Be24.9)_91Cu_9_Pd_[¦Ìm]	Y_ZT3:(Ti36.1Zr33.2Ni5.8Be24.9)_91Cu_9_Fn_[mN]	
0	0	0	0	0	0	0	0	0	0	0	0	0	0	0	0	0	0	0	0	0	0	0	0	0	0	0	0	0	0	0	0	0	0	0	0	0	0	0	0	0	0	0	0	0	0	0	0	0	0	0	0	0	0	0	0	0	0	0	0	0	0	0	0	0	0	0	0	0	0	0	0	0	0	0	0	
0.00173371988988446	0.0023176340882527	0.00167363394499906	0.00291057822141553	0.00127714847052833	0.00236841322140389	-0.00133642041343366	0.00600066795106715	0.00137690404450808	0.00298311110255782	0.00114374743809095	0.00396899603649504	0.00139509422139682	0.00298028302891698	0.00234148268511636	0.00238804170775157	0.000491885932181429	0.00378076372503837	0.000813405905731381	0.00364480712019358	0.00102873486864732	0.00358388985008327	0.00151811609490371	0.00285313522090097	0.000895293717763992	0.0033119204790985	0.00199065301905958	0.00230888133903225	0.00103150203875375	0.0031970299305961	0.000947763711179459	0.00384517788842407	0.00112452129680382	0.00296278435168601	0.00152490818357267	0.00314435131785048	0.00117160410777495	0.00279818400837725	0.000835490795284455	0.00334837734511379	0.000897076527176561	0.00367372041013698	0.00116470206769769	0.00360648192477591	0.000928733014165387	0.00315826021966406	0.000914979857347598	0.00426562271716841	0.000974573364056021	0.00404958681293863	0.00174822835365353	0.00275214902673885	0.00110349168158591	0.00407515452678047	0.00188490801630678	0.0115662618518068	0.00211324427060764	0.00194047961364085	0.00144211518327136	0.00343417361423573	0.00108299819075977	0.00437375435611562	0.00254245046949496	0.00269349389721808	0.00165618842110657	0.00228808665315861	0.000481668623372203	0.0036356976216933	0.00103722593000918	0.00280153640568875	0.000953042396432576	0.00335427087050135	0.00155612867958226	0.00244132740818178	0.00103631062781513	0.00513334792405298	
0.00263487149794058	0.00616780737608899	0.00254705344374267	0.00668595989812496	0.00339588906624325	0.0039153240282086	0.000125504660820017	0.00915102989174249	0.0028672836741883	0.00580501382213602	0.00257424686195577	0.00760018893114441	0.00271348386120166	0.0067570937491087	0.00361384060952397	0.00491344416641395	0.00220170273150643	0.0063869435770796	0.00236041828188212	0.00629969842612313	0.00247512548529477	0.00746472811457537	0.00248899126240734	0.00750489935677627	0.00123941083791756	0.00685191038625438	0.00302487618654594	0.00557946505852489	0.00211881198196968	0.00765425816122299	0.00224741510121982	0.00628433524235049	0.0033337051556809	0.00502429405752197	0.00282897753808748	0.00687859905226291	0.0026451387756748	0.00581318426740132	0.00240087470961668	0.00646056438436379	0.00216883551840832	0.00764098101713662	0.00250929481931676	0.00683190195851307	0.00286508317326192	0.005072655526497	0.00202351993430703	0.00787903226275868	0.00247544043837797	0.0065889340984536	0.00410997904764655	0.0048226736436306	0.00235235356751268	0.007366055447451	0.0104593645549281	0.111932249778374	0.00309599289283762	0.00609200804488043	0.00225730771549645	0.00740260985676842	0.00251532956096744	0.00787537791322053	0.00531901077225544	0.0039637814488701	0.00307996894693474	0.00489615717406476	0.00366550127816477	0.00444500234867901	0.00230398046004434	0.00679120025355256	0.00220302289772614	0.00682770191217978	0.00324079259752401	0.00646527738568452	0.00258221331674183	0.00979016430275666	
0.00383847070317473	0.00961189993907113	0.00441711409866838	0.0098379996290717	0.0044771301870185	0.00766988418895195	0.00250469337721655	0.0119190609689567	0.00400103952019415	0.00964551327003639	0.00412827935351432	0.0105397657076276	0.00414942282118805	0.0105626076659777	0.00486610200980287	0.00831525295847699	0.00378960462781618	0.00941925009837094	0.00350582145922077	0.00962745934631636	0.00386156150510145	0.0106250301497479	0.00346545710750078	0.0108195699203486	0.00212597397961643	0.0110675945707098	0.004096294688824	0.00978952947548497	0.00303172389001303	0.0121357430691414	0.00335737301148405	0.00936183233633316	0.0052062860437603	0.0079851066247882	0.00410237184021252	0.0104089080708993	0.00349785563912285	0.00970487371266488	0.0036904390154015	0.00972614679272893	0.00371082823952554	0.0104702139226024	0.0034042586096218	0.0111693602017943	0.00412598248280368	0.00849736857729424	0.00364184276940748	0.0113826767169949	0.00401360734588729	0.00902277818458463	0.00536031996713816	0.0092393961653959	0.00385494322753145	0.0108694397862149	0.0279125360031916	0.357815032942624	0.00436803750082028	0.00947683793590988	0.00335882353930228	0.0107727113912969	0.00399500230312356	0.0109005281326343	0.00688419502648847	0.00679883273272731	0.00434011240962388	0.0090581284229741	0.00379394941202939	0.00917240642682395	0.00353484050847268	0.0104752720771461	0.00316821393096718	0.0114773896717496	0.00433201074266614	0.0104940113050914	0.00382120377706985	0.0140246404658475	
0.00506342796326306	0.0132066994049577	0.00586449807762026	0.0128801619460741	0.0046300369841543	0.0133742255925831	0.00376323178829891	0.0162153909542825	0.00479001017923006	0.0143529539404256	0.00508050739329887	0.0152163926989843	0.00556989884852887	0.0143833483424205	0.0062351418345473	0.0126335117695157	0.00466246646499239	0.014223773866595	0.00394123942726122	0.0142011479132264	0.00493997124814855	0.0154085264014658	0.0044494656160023	0.0137409195143793	0.00457945274806131	0.0144470257014459	0.00512470198473941	0.0143754098182932	0.00375557882141751	0.0177117465909957	0.00405614200393973	0.0134124450592467	0.00605223444907647	0.0113492746161642	0.00502962432250877	0.0147300663509095	0.00417242367490287	0.0147489565549681	0.00438668235379679	0.0140221957442053	0.00475428034326708	0.0146746422011633	0.00370224140029282	0.0167578192529978	0.0046541643944722	0.0131162190109704	0.0046327593447498	0.0157091973775122	0.00465178198473479	0.0142029487126503	0.00595342889710785	0.0148767769342841	0.00487681725273315	0.0148496612605334	0.0455616049083157	0.661527750209984	0.0054934874970372	0.0122475752144807	0.00511857220953156	0.0142822693798032	0.004967543011636	0.0148130395486113	0.00790582661678195	0.0109296665225057	0.00521174809314438	0.0124817682700742	0.00489050703832428	0.0143760109942625	0.00429011192781149	0.0156620691832942	0.00396300673653897	0.0170805206907852	0.00503957788057064	0.0152389031465314	0.00454034798765864	0.0189593802223183	
0.00573653193648873	0.0169752505494075	0.00652527799942806	0.0171074421874263	0.00565571653330816	0.0179527324348205	0.00410260909883252	0.0216787417392419	0.00580924590235914	0.0174313550720989	0.00604000170659801	0.0199898608625967	0.00632937156896916	0.0184843961821306	0.00724561024073122	0.0169830853911438	0.00553159883982502	0.0199431328460285	0.00475993738297215	0.019495137377713	0.00585517149425301	0.0197439983084127	0.00513313685321501	0.0187024584404597	0.00666570146507262	0.018042103472698	0.00587142345100355	0.0186597408405884	0.00462639702581228	0.0224889673295694	0.00468584647404532	0.0168923062281612	0.00651247106930773	0.015573748157	0.00565418371922595	0.0196384525901535	0.00529630257849713	0.0195881993722886	0.00534319182352931	0.0190855216744946	0.00568013772830764	0.0193043524558102	0.00435083555243999	0.02233474773092	0.00563678089968249	0.016315180935595	0.00549499119536338	0.0199479590794342	0.00506917301867985	0.0194207741385703	0.00671093220189791	0.0204820871025217	0.00569722197887234	0.0189921038401338	0.0602878330432777	0.978404536821292	0.00640051280620072	0.0164778931679925	0.00641505067759134	0.0188920685226373	0.0058081699712595	0.0190957189286066	0.00914128807067591	0.0140744189275006	0.00607141835265053	0.0173253366439909	0.00736235703481505	0.0159421025886692	0.00513596133626266	0.02228994238606	0.00443675595732857	0.0226031941743447	0.00595360628913262	0.0199240666547535	0.0055703273070622	0.0237411829949819	
0.00671313047094668	0.0212367641697085	0.00745153888192984	0.0222496513179378	0.00729329419347554	0.0221757507842027	0.00445281340448701	0.0280115057531722	0.00681958792052179	0.0207710722090738	0.00716328965873326	0.0239174080442693	0.00716637561282802	0.0226164450567728	0.00814283198970033	0.0214783245867838	0.00678445649105254	0.0242036423842264	0.00577577669250972	0.024705359655661	0.00645270409459613	0.0243456738449563	0.0056824874616649	0.025365596389117	0.00717365392632475	0.0225928864166318	0.00682300100325968	0.0230200328567678	0.0054060170419204	0.0274796300936066	0.0052297454761088	0.0212280891822814	0.00769852438565635	0.0193989990174547	0.00607786127860792	0.0256556528803769	0.0064720561972858	0.0240922715800527	0.00654407350078571	0.0246937895193619	0.00644135923171232	0.0241074646883242	0.00579506972940097	0.0295900885745934	0.00673396978515311	0.0197536673735017	0.00641566359516134	0.0241315763012176	0.00621295396523927	0.0230546855127542	0.00798201386417232	0.0244014270043953	0.00653864408970511	0.0244182180947819	0.0732547282984138	1.30580375462678	0.00773644441091905	0.0221865219294442	0.00725788157680404	0.0238727195694729	0.0068042353652866	0.0242299981751899	0.0102342529364126	0.0188258409405892	0.00735627584125951	0.0221843555131674	0.00762449949392195	0.0206834692288126	0.00605982756859284	0.0286412855568756	0.0050250759558485	0.0283814174670705	0.00681348654733034	0.0226676482418086	0.00655385517252978	0.0291952260116054	
0.00788250587122408	0.0258583922000719	0.00952211938679344	0.0256390141303456	0.00832826104222883	0.0271044687765391	0.00591412399644545	0.0327592170280538	0.00764375005613674	0.0259929448862244	0.00809397816327213	0.0279843953090157	0.00819104326961194	0.025945191869176	0.0091625287693466	0.0244936340739918	0.00759798284716902	0.0289176823478583	0.00657223554645205	0.0295641643388454	0.00729656667003048	0.0303782464138989	0.00673829837625416	0.0310374379106186	0.00725315180993579	0.0279693895566439	0.00807334452245084	0.0274107583832124	0.00612829866399327	0.0328725696210885	0.00570184254847198	0.0273560895687802	0.00949835527620854	0.0222640236072799	0.00704917164087346	0.0305029429064364	0.00703038794861499	0.0296197144536018	0.00765686450123689	0.0312726991676887	0.00756656258369204	0.0316183808070143	0.00945233239377299	0.0641252815067867	0.00753596733637676	0.0260689181582864	0.00707700630283218	0.0295522081220638	0.00735567649461087	0.0281778216307807	0.00891045482867352	0.0282064470656646	0.00738372845485983	0.0296015773111205	0.0848789955183019	1.63761522933526	0.0091157204763215	0.0264605283683753	0.00797223008002548	0.0290160610208343	0.00797991050050262	0.0295189060656454	0.0108665251108823	0.023913499490974	0.00861624900870305	0.0280492791127057	0.00899237012538882	0.0253249769934231	0.0067688426075152	0.0325495878315726	0.00580457979710629	0.0322600920437698	0.00981710827325712	0.0543453035442061	0.00742923890082547	0.0315182063368349	
0.00874124436450135	0.030924675806991	0.0110485281172101	0.029694054273257	0.00885059119057232	0.0333975333486225	0.00796853524016048	0.0364058813363401	0.0086343299660064	0.0314123834500785	0.00897495176679636	0.0335257789166914	0.00927224094080079	0.0301342478690176	0.0103426683737777	0.0283388483422022	0.00836462557001728	0.0340782823698608	0.00767931404668539	0.0341509205250098	0.0088189363773926	0.0361699920732084	0.00798925352644935	0.0361330636342126	0.00874094853968416	0.0316091871802581	0.00937324184549601	0.0319380590845565	0.00734531548998003	0.0385646601316686	0.00679457166044566	0.0344650490661454	0.0107613158321669	0.0278136399606051	0.0081383920881749	0.0340450244239334	0.00778381751712254	0.0350351257751077	0.0103929803744752	0.0527257682246722	0.0113165738650743	0.0618045285339761	0.0158127552084949	0.140442571742394	0.00859862401214675	0.0314952506916525	0.00807605496536347	0.0344123802304674	0.00807611107882218	0.0338512456729882	0.00964823678308746	0.0332101628970417	0.00834009810015093	0.0337894109501411	0.094977120845875	1.96952449290943	0.00999369080682631	0.0302023276369379	0.00884676811466894	0.0329747674895095	0.00920045466382088	0.03404367473386	0.0111985181929875	0.0281858215457975	0.00955117556975132	0.0329366996810802	0.0106528523730382	0.0278757966445613	0.00956063245072504	0.0588759366339792	0.00861577797571954	0.0600444480953581	0.0344409423900155	0.484610273535248	0.0111226084016324	0.0642354431378119	
0.00961534031523056	0.0370304845238206	0.0116574937513768	0.0359259662434873	0.0100668319960222	0.0400286188865224	0.00905413613973492	0.0420373885887233	0.00976992261496294	0.0373484841015968	0.0100192606347367	0.0405312488358468	0.0108671565881842	0.0357886198171174	0.0114531778507389	0.0349956252852175	0.00997048780307298	0.0394061621064362	0.00900068140175322	0.0399828931330679	0.0107859934518334	0.047064643051359	0.0088537542702151	0.0426939980301073	0.010950990440054	0.0364589655837035	0.010226600581006	0.0407797114078861	0.00928092853380027	0.0523976809868905	0.00910229139808919	0.0493382080306778	0.0115243964135038	0.0344896036029376	0.00915169477662055	0.0418840898534157	0.00953378955183613	0.0408140948534535	0.0150425475740415	0.0981715137396267	0.0175524869683286	0.125842505829497	0.0222770554551468	0.230725661777417	0.0102633686736596	0.0391704033557879	0.00970631687622581	0.0435807885187723	0.00923830614446045	0.0443378536915588	0.0114593090125295	0.044169846381259	0.00994560183166965	0.0449760424555017	0.104294589258064	2.30226461259602	0.010893086700691	0.044788431897331	0.0108069200331917	0.0469826114080025	0.0114650900082442	0.0500245181570058	0.0123292214555167	0.0466359975366519	0.0117401572049156	0.0528477678381734	0.0123478370786067	0.0514736541952879	0.0306686818863718	0.394972993829406	0.0293975544779069	0.4438070580569	0.0838153354767298	1.60356903166322	0.04017151928713	0.536124811334428	
0.0112941006557516	0.0432467895657098	0.0136563469382104	0.0426351664586228	0.0111287527932577	0.0482662630741676	0.00916207709469342	0.0494740099077438	0.010844957144035	0.0440518053432593	0.0112615914180861	0.0500160193841688	0.012654905601197	0.0435118447309264	0.0129290046057223	0.0423745955568203	0.0118332933765841	0.0468969129095564	0.0099697999769104	0.0485581599278691	0.0120168194927914	0.0579099994190148	0.00992512907153704	0.0541622818413352	0.012149041614807	0.0476348905179434	0.0121522259363378	0.0544451997090199	0.011015838209877	0.0746497665672819	0.0111194683969832	0.0751718581106842	0.0126517432265868	0.0410295395861552	0.011000550983825	0.0615392444034792	0.0118236215568169	0.0617605862995471	0.0195982712022754	0.15209463713928	0.0239847641262032	0.199843444136946	0.0285518373475887	0.324443309233423	0.0153186751620706	0.0812959040144076	0.0151353083449777	0.107343349003805	0.0154916442356402	0.11602489206845	0.0174884068653989	0.127723505401962	0.0174114984538031	0.135105806243004	0.113553374050969	2.6352168409889	0.0176100844927282	0.166049921361454	0.0220060660982561	0.193945226666442	0.0246996796432395	0.219780277368222	0.0242294963868997	0.239988850323082	0.0281934363891996	0.293211446375904	0.0313077287265284	0.33913520955048	0.0676679315156574	1.26940586206415	0.0716656414252581	1.43740299329972	0.127551845351863	2.97644170182894	0.0963265118617731	1.77470065620403	
0.0124634454244317	0.0459009969316561	0.0152626286311352	0.0460421843813428	0.0112267825100372	0.0524971121725601	0.00982301119731426	0.0567069553549445	0.0111854139758538	0.0478148904248111	0.012053526951459	0.0546332945730963	0.0133799719447147	0.0483424109692041	0.0142282155247465	0.0469447261806259	0.0125982887331295	0.0526150186053503	0.0106686975788257	0.0558701513748358	0.0125228080711197	0.0661834540493467	0.0108676606362971	0.0671279249166321	0.0127062838929698	0.0617833277587374	0.0145715745899529	0.0717076848151354	0.0126651188369641	0.0982673201343346	0.0129537605977283	0.101769134457944	0.0145754451243098	0.0557397098319137	0.0139361716977571	0.0933797283535906	0.0148519839601245	0.100689984484749	0.0240628526781906	0.207944579542802	0.0301308044064953	0.278126050466331	0.0346207042169818	0.42185315575729	0.0256612040257142	0.179241952209184	0.0268054434333713	0.25559829796442	0.0286050691708059	0.287799693041915	0.0291991189013393	0.32723006453192	0.0335089811460078	0.356846482976879	0.122364172887927	2.96876721127692	0.0316195976210826	0.465068613004639	0.0451610735177757	0.565020546211933	0.0521217003399701	0.651057755020847	0.0527415610819567	0.73251126172666	0.0627092267036543	0.911552330212627	0.0681710870880566	1.08545692211291	0.0991968556154145	2.33880266192352	0.109352507426728	2.6570600687025	0.161448463233793	4.40457194961312	0.143638499346433	3.3019218749909	
0.0123662908187215	0.0465614574007981	0.0152144384128644	0.0459121739388889	0.0112020361155643	0.0521237500633008	0.0111943154146677	0.0633923922936408	0.0112177540461079	0.0495585444804006	0.0124840171589618	0.0561886432165959	0.0136920681643422	0.0492207863585405	0.0148184615776678	0.0493785629907997	0.0128955715664922	0.0561081038266006	0.0112534376446649	0.0610679133485876	0.0133859318188006	0.0751456653466382	0.0115786645807853	0.0784320122001796	0.0139004480648879	0.0754494927238972	0.0160492137270343	0.0905214112868724	0.0146790886606752	0.1220666707697	0.0154739450324898	0.129307876020016	0.0169365729008042	0.0822293020115985	0.0171985374303189	0.129677223619853	0.0188211911855087	0.144441348726737	0.0281214682562876	0.26710711977157	0.0359569006258016	0.358975381689442	0.0398453827470268	0.521035541887104	0.0366131747862292	0.29912091520483	0.0398636738837938	0.435894860161922	0.0422211766120791	0.498634932190989	0.0416229236985724	0.569448486440817	0.0495647028070215	0.630125850050088	0.130530114251913	3.30257485941395	0.0464035237769644	0.82796905986483	0.0674685972919009	1.02084366943696	0.0788707764142819	1.18383879469111	0.0813533905530799	1.3415169177648	0.0946612650801655	1.67427602951885	0.0995896724546468	2.00313837139047	0.126211895833638	3.44519590005629	0.139896333050739	3.92315533019167	0.190928128155858	5.87127501546868	0.181423013198356	4.88660511182564	
0.0125208418842448	0.0471917990448269	0.0150676789095247	0.0469469969614147	0.0116324286804451	0.0523817882498529	0.0123840562347247	0.071269867501544	0.0113870216407077	0.0508164847325678	0.0126055352673269	0.0597304627996312	0.0139654700514713	0.0527809740957004	0.0149927943654599	0.0522805167017416	0.0133763925273404	0.0591254796856728	0.0116909483749326	0.0674513471289364	0.0144529179574756	0.0850258405167647	0.0126138054841697	0.0907151304659174	0.0159414275420998	0.0906320363054261	0.0176355728991588	0.108980958710689	0.0166751824401908	0.147274995978215	0.0177287736814928	0.159227412663775	0.0190984346622585	0.11185937924734	0.0201824960524499	0.166992028679495	0.0226659198856165	0.191517694473241	0.0319735307578759	0.327247446793835	0.0413848643393214	0.442110440336568	0.0443834868157953	0.621551261738302	0.0456931267387482	0.426334421476996	0.0512744793498617	0.626313384865543	0.0541488026969006	0.720883237911579	0.0527698083766444	0.822931137939344	0.0627115928179694	0.915176027961795	0.138520841804587	3.63546957864058	0.0610132328258458	1.20727437474789	0.0862621874058634	1.4981391320918	0.101622444994491	1.73886616102159	0.1041518369895	1.97673627623492	0.119711747127575	2.4673897143139	0.12440142023583	2.95305894704093	0.152003000335091	4.58325363856071	0.16701836943005	5.22605832072652	0.217976771796073	7.35103987981283	0.213860944849972	6.51566516874109	
0.0129323354682254	0.0477194951216889	0.0154820720797637	0.0480374082974726	0.0119155328911871	0.0544156838788652	0.0124875657353133	0.0752725607698865	0.0114679635607145	0.0531213079064335	0.0124885010544304	0.0613718969315542	0.013953951900215	0.0565493851779728	0.0152898497964067	0.055773889323304	0.0136306656773811	0.0629791504352187	0.0121887344944675	0.0736211297000501	0.0152212812271103	0.0957183399361433	0.0138548757245898	0.103710383049319	0.0177694893337877	0.106773827541332	0.0199019251167402	0.128256701193024	0.0185769008893838	0.174909605553258	0.0197539708724382	0.188987402116547	0.0216853275824309	0.143065610726391	0.0231451722802254	0.20567325851418	0.0259897245887604	0.240976828913723	0.0362823595034795	0.385388748212297	0.0459402053729289	0.527144349207823	0.0485487529224375	0.72151831620379	0.0527919656442766	0.558157479509449	0.0614188093164954	0.821320622987834	0.06486602156151	0.948650444531885	0.0630179585781181	1.08249835235948	0.0750815837943017	1.20895298902145	0.146298953447898	3.97085325732965	0.0743039853439908	1.59756673435247	0.102515492923184	1.98746215956524	0.122027776479793	2.30821726786931	0.123557153599193	2.62819638623575	0.141353577175306	3.28189925367596	0.147226612859278	3.9301778658686	0.176567128697916	5.73563162512289	0.191333111352953	6.54399425388551	0.242418054394502	8.84284441616846	0.242269930385425	8.15948715342433	
0.0130121680036933	0.0474757432772338	0.0158116594443348	0.0490820647762469	0.0117580489773614	0.0558289840086101	0.0122416602461362	0.0764180147226813	0.0115298108074834	0.0553789756012415	0.0127458774968098	0.0637512222698717	0.0140677045783625	0.0581647204511734	0.0156124292958242	0.0586850944139129	0.0137311018953214	0.0658823556108108	0.0126864809764038	0.0801872882332637	0.0160445550794335	0.105275571742903	0.0148398721045805	0.117216647939565	0.0187172943354657	0.123848520190345	0.0220854722201869	0.147943404293804	0.0206281510145164	0.201072507251583	0.021747775520717	0.218897145321821	0.0244469746916726	0.175233520029546	0.0259986867524777	0.246852135304283	0.0294238543348075	0.289947863036798	0.0405656220066148	0.444533957110851	0.0504380056917689	0.610056268797436	0.0530314181900053	0.819356541987803	0.0590185900132829	0.690071690734563	0.0710371896308879	1.01894499383581	0.0747316399639562	1.17955184250521	0.0723482905662486	1.34799360930845	0.0862353017723322	1.50778947614272	0.153624968606283	4.30473936938987	0.0860346208681892	1.99119485843024	0.11656251831463	2.48206613503187	0.140112376472683	2.88594713427692	0.141123977805851	3.28824003033783	0.161036191286948	4.10714717464393	0.168256803227595	4.91981003421446	0.199408043678976	6.89431373389321	0.214037002778478	7.86555768830032	0.264886600942222	10.344164274817	0.269006151063648	9.81671878556124	
0.0130599026622512	0.047613877325978	0.0158210110635142	0.0487890801669337	0.0119019078583431	0.0565155433364746	0.0122728740701807	0.0780554470781065	0.011706755938007	0.0571686064308112	0.0131376016759845	0.0664316048920917	0.0144878864219122	0.0604855543690086	0.0158563265402905	0.0617059299906664	0.0142394573936058	0.0686765051008826	0.0132033348823292	0.0866730947323816	0.0169674115921942	0.114902900121989	0.0156882764189807	0.130127775905027	0.0196152331336843	0.139363160289484	0.023776585513123	0.16705438999975	0.0229097667345569	0.226874797955762	0.0235895126049993	0.248352635962903	0.0267320978816698	0.206888372481864	0.0287169001694115	0.285894456346294	0.0327493491526888	0.338422007486087	0.0439785321585397	0.50561209681738	0.0552007445740379	0.692485879731628	0.0573848797813464	0.920022786842974	0.06544334452648	0.821109178212641	0.0797930382473516	1.21987654919682	0.0841341829794506	1.41415280281516	0.0815034993636619	1.61394346806757	0.0955995268125315	1.80724703897643	0.160706755612193	4.63891372577324	0.0967333392977376	2.38805024790642	0.129877573701116	2.97948526567721	0.155769121150806	3.46781649650143	0.156910170262657	3.95351607724622	0.178843284273465	4.93837302210378	0.187396374524009	5.91405923400468	0.221530437820384	8.05319607700757	0.235471325616393	9.19535587652875	0.286142311118523	11.843462232252	0.29396489780419	11.4839844866405	
0.0130718236407115	0.0489121409333278	0.015656278395043	0.0499303504442991	0.0119974939178341	0.0578981243746315	0.0127397452914843	0.0773248027251516	0.0119307803044599	0.0588293873331114	0.0131534670871361	0.0692128031782254	0.0148884844950763	0.0631027307504364	0.0161186188604792	0.0649486859020906	0.0147500479663939	0.0718572771323357	0.0139531054761531	0.0922984647148087	0.0178138308623743	0.124927102866247	0.0167318498422127	0.142213955835376	0.0216798151007737	0.154989428125038	0.0256815587499219	0.187152228341949	0.0247960050250926	0.254696894397702	0.0254974299605457	0.277662811185416	0.0292017071727564	0.23995646321829	0.0315419556690744	0.325172227365516	0.0360481638226419	0.389944166850506	0.0468684187893614	0.567330899113323	0.0597286382827511	0.774597152983404	0.0612917909806445	1.02057395515798	0.0714207846487961	0.955124103820343	0.0878676189854506	1.42137155468871	0.0925458598619925	1.64847029182991	0.0903566031445876	1.87914733747985	0.104608408694991	2.10628562308679	0.167617039638314	4.97144662619682	0.106641098809683	2.78643836143696	0.14327780494884	3.47779706896793	0.17043418987898	4.05067934703522	0.171081642524392	4.62018934078081	0.195125782605878	5.77014043361504	0.204756980922617	6.91051473686937	0.242884104820042	9.2186670613631	0.255278576139536	10.5318381665577	0.305731209175031	13.3443909354378	0.316814406147551	13.1501782354872	
0.0128521872536926	0.0488463007960043	0.015630746945113	0.0505863325617423	0.0121045752547869	0.0580147688835829	0.0132087502957732	0.077993696028768	0.0120769721368535	0.0611975368010643	0.0131549093463737	0.0707063680305788	0.0151796449491515	0.0664287163370561	0.0164488866511412	0.0682840283697577	0.0147898724606502	0.0760637408599425	0.0146651776425485	0.099741543445905	0.0187923483666229	0.135010022585663	0.0177541681719373	0.155393552072134	0.0238800068260573	0.171938959757117	0.0277452792261606	0.206845930913622	0.0267738644180455	0.280350144393191	0.0273488429654431	0.308129776302149	0.0320673107170177	0.273931458372502	0.0345895476862566	0.36507311136522	0.0391100119088191	0.439624723222585	0.0501252706687795	0.626934609735114	0.0641361337082704	0.857884511968077	0.0652558930433873	1.1199244159007	0.077220451729013	1.08880730398426	0.0957459181237097	1.62117399789696	0.100098306998422	1.88036028866924	0.0983521347502289	2.14581163703509	0.113603177577053	2.40548253202731	0.174553375291856	5.30494297977808	0.115822166642672	3.18715431563219	0.155585242840782	3.97873729727	0.184389729919813	4.63477037915595	0.18441299713262	5.28658181057249	0.210310213409627	6.60270831684116	0.221306855261163	7.90614555363341	0.26341384401302	10.3879415669327	0.27316148767445	11.8668024008622	0.323622343327678	14.8472400256812	0.337291341410381	14.8202071705141	
0.0128319460350519	0.0488959155486188	0.0159268144159778	0.0503168856741931	0.0123567757868161	0.0598572522667517	0.0128825938882826	0.0812929934041265	0.012092650716693	0.0635733114722347	0.0134629799190674	0.0731876877378874	0.0151416101745724	0.0693361597577572	0.0166045789327906	0.0711446291775636	0.0149557362436689	0.0795274821455285	0.0152169891965107	0.106806330606693	0.0196000199566215	0.145975777856221	0.0187612103026495	0.168994775480693	0.0249587389047447	0.189415256143527	0.0294846479608685	0.227708428709007	0.0293444984018079	0.305889220067221	0.0291400315244191	0.338300959203999	0.0345128002900424	0.307180633133429	0.0372964959213407	0.405354149580294	0.0415338200710436	0.489599170060658	0.0533230506023242	0.686086221476065	0.068313048011921	0.941414014810648	0.0688154238900681	1.22000934087394	0.0829290619427792	1.22129072789841	0.102864047656303	1.82157050846427	0.107466737491643	2.11296367856683	0.105842473840784	2.41215800636152	0.122102483153759	2.70484009410432	0.181236393666647	5.63866937002434	0.124719816452501	3.5867007615599	0.166384970310836	4.47963328775189	0.197094708223293	5.21892660385381	0.196900799221246	5.95293609614042	0.224652651606707	7.43328130720721	0.237205421524629	8.90742251323788	0.283222245741287	11.5560239796634	0.29004317070994	13.2005149376858	0.340307050133276	16.3476416003148	0.356041985613764	16.4863897434905	
0.0129130277640409	0.0498026489814096	0.0162638985285708	0.0514273750143336	0.0124073393678955	0.061264738906639	0.0127228984140296	0.0820845302434623	0.0119371862394508	0.065255876590597	0.0137433132199513	0.0756458407972528	0.0152214937989025	0.0708552559441661	0.0167889821323447	0.073386882756898	0.0155073335374193	0.0819136614355929	0.0156835506257189	0.113721080252645	0.0201693980348106	0.154726789941877	0.0198441480783933	0.183067626439403	0.025564078204161	0.206899410563788	0.0308793121098475	0.248631855370559	0.031348409687026	0.332503274771942	0.0311233614508867	0.368366029545043	0.0367163520452656	0.340552073080297	0.0398898250983278	0.444957388720054	0.0439969646621125	0.53956578796871	0.056065043292326	0.746541801174863	0.0720883861717995	1.02528583689079	0.0722873919597746	1.32033338290686	0.0879518522411802	1.35438323674743	0.109116992633163	2.02224420389968	0.114191287053089	2.3474276180495	0.113198860103692	2.67880170040577	0.12998661737127	3.00545331178292	0.187340156674676	5.97146816303034	0.133608845224605	3.98605558787697	0.177020856821047	4.97957467264013	0.209450084207291	5.80209888629832	0.208801468601384	6.61982915179218	0.238521649800639	8.26433439433768	0.251543057947446	9.91106875735963	0.301008364015843	12.7243261845113	0.306881335780078	14.5351234067836	0.356939979629472	17.8474042876925	0.374414997159012	18.1522221391955	
0.0131542149718608	0.0503652732911396	0.0161235043516549	0.052473563082113	0.0123632823017419	0.0607304690023848	0.0133724380261273	0.0827543330417372	0.0120357122220187	0.0667978047309147	0.0137400688631636	0.078530830613823	0.0156232636905097	0.0731229317181969	0.0171913767682327	0.0762283259692157	0.0160901318597147	0.0860652280656082	0.0161255671386334	0.120521422746505	0.0210474813776653	0.164159675638916	0.020734781966491	0.196598054783738	0.0269915161257741	0.222955731129659	0.032746840412129	0.268012473500964	0.0333352173640848	0.359623154025976	0.033079466987799	0.397826584252384	0.0390245582792453	0.37329763518292	0.0423755254403757	0.485371489641656	0.0465091400370091	0.588077971122599	0.0588859900499585	0.806443360383402	0.0756840466650584	1.10968228459383	0.0756716843063598	1.42202600339816	0.0928188676015942	1.4877154447327	0.115163018795865	2.22073185252566	0.120267614287646	2.58169132318813	0.120199871206287	2.94534644143116	0.137622408963753	3.30657223759551	0.193194717435297	6.30427394095532	0.141982516864034	4.38669424230218	0.187324608179163	5.47893817189827	0.221351343923803	6.38578153348948	0.220162034100402	7.28536247654959	0.251940196836488	9.10017401361302	0.265275643387926	10.9125375694054	0.317352502185822	13.8923909021139	0.322464495295546	15.8687605064823	0.373382283799994	19.3457550901142	0.391934094691302	19.8170393933423	
0.013165711931885	0.0513562477571862	0.0157918199207585	0.0542096756079935	0.0124579551637937	0.0621500773870815	0.0139402710067	0.0842189541360761	0.0124852635005671	0.068736330750029	0.014018612571692	0.0806950131716654	0.0160740918770662	0.0759347981642178	0.0175831935288741	0.0802566306071437	0.0164970730952806	0.0889154097026054	0.0168831977770465	0.127127133383431	0.0218843227271025	0.174466141869452	0.0215042196404062	0.210188931781061	0.0288725779784666	0.238877577453293	0.0347099473004017	0.28885040766461	0.0353989086942835	0.386429526833221	0.0346612122809067	0.428318869700411	0.0415731087769793	0.405940315249766	0.0442509249987455	0.526083963018929	0.0495337977817005	0.639042850367902	0.061822832608874	0.86699265441182	0.0793694675684468	1.19232691461722	0.0791011776782664	1.52190824930573	0.0979245376960123	1.62192391080375	0.121020364147118	2.42109984134048	0.126432606018863	2.81379366156438	0.127011358336181	3.21310818817314	0.144895973018355	3.60563014664837	0.198961872081953	6.63802594257116	0.149482701774481	4.78650355401409	0.197325631157486	5.97924184125084	0.232479797582172	6.96909351431355	0.230781940773919	7.94964969176135	0.264544315672364	9.93577055770794	0.278469900909591	11.9130769215658	0.333135883785356	15.0609864735589	0.337130791631147	17.201049051157	0.389167104752368	20.8410176270251	0.408495225817372	21.4799940024284	
0.0128774561077602	0.050816277140412	0.0161228561609617	0.0544079963752636	0.012553340443598	0.0632667185490926	0.0138321429617586	0.0854744423906438	0.0128092672948853	0.0710470074315172	0.0143263166813213	0.0822934900518747	0.0162843122152055	0.0792116564873599	0.0178053098169092	0.0828083015452824	0.0169787270550513	0.0926977433291113	0.0174603564536473	0.133105474604872	0.0225337792121001	0.18506216209545	0.0224317889204345	0.222710796032653	0.0301575505745297	0.256227941571298	0.0359794303459986	0.308755913352371	0.0372097590823054	0.413250044101396	0.0358000283387731	0.458864298740328	0.0439089616010517	0.439615861106632	0.0462901584651031	0.565547823921252	0.0523446775301831	0.690475137108139	0.0640756816749506	0.928076702195651	0.0827364924144944	1.27570065376659	0.082366671017524	1.62015288095894	0.102154778369117	1.75654006331247	0.126567718548706	2.62227412263597	0.13281688733949	3.04715607932423	0.133807965416763	3.47960380193506	0.151603216711584	3.9062871364859	0.204799899003015	6.97246106926304	0.156647676419188	5.18692753859604	0.206408676384003	6.4802477277913	0.243282983780458	7.54908905560694	0.240948146701155	8.61938700642089	0.276564053427229	10.7716744382379	0.291108175031625	12.914163891374	0.348012254523957	16.2274809813753	0.35184991720791	18.5348258492352	0.4045654606976	22.3423989529606	0.4252183941701	23.148298128129	
0.0129943729532737	0.05034851676155	0.0164744399598148	0.05376703910958	0.012702630465701	0.0642115488941418	0.0135179184175634	0.0876894184061783	0.0129770298540094	0.0737128817949437	0.0145482272627553	0.0846284902585118	0.0165119094821259	0.081523220835635	0.0180756135608979	0.0855176060976451	0.0169646926175299	0.0966179126901135	0.0180161111662836	0.139392199999185	0.0231564312860029	0.19540135558178	0.0233774346550872	0.236367054781992	0.0309761904596496	0.273471320013626	0.0375698246747314	0.32779115634315	0.0388386964345279	0.440211511213778	0.0370331098934701	0.48808177826724	0.0457573337824343	0.473206220055798	0.0483009189177256	0.605524727122499	0.054466299810926	0.740512244490209	0.066859011591926	0.986706365865981	0.0858628418359399	1.36021514660035	0.0856200010365425	1.71952266664416	0.10575320183447	1.89061383686256	0.132315418015317	2.82088610281975	0.139114315935115	3.28275204134257	0.140345591109677	3.74612712254225	0.158275704921805	4.20661723211526	0.210687852587837	7.30557790891316	0.163892869789006	5.58551961176074	0.214806495256138	6.98047456303511	0.253599924723807	8.1325616895675	0.250227222035297	9.28830941386634	0.288103152250426	11.6050143878417	0.303842373091526	13.9155283952964	0.362361556504007	17.3941412646021	0.366147521474431	19.8660340597746	0.419175009249183	23.846535130941	0.441314567569499	24.8178595392456	
0.0130024028721916	0.0519038508531351	0.0161887125720741	0.0552275456500835	0.0126775019572131	0.0653855900830449	0.0136585666454518	0.0886501940115816	0.0131509041113178	0.0743789301992681	0.0147564220048489	0.0876976782092938	0.0169357709346117	0.0834277535823903	0.0183578661859168	0.0892461485720643	0.0169650619611428	0.0997456866488221	0.0187243057602155	0.146957478432607	0.0239763156858499	0.204747060758827	0.0240893920294199	0.249505527308268	0.0319497607070574	0.289825809308365	0.0393096728339296	0.348406882771814	0.04044693144047	0.467286395948063	0.0385983172200972	0.517970945065358	0.047416333217531	0.506501320659004	0.0502393976207125	0.645270836959185	0.0568091888789123	0.7902273471074	0.070025151141859	1.0462124040374	0.0891691424971017	1.4437430196285	0.0886043710383328	1.82093577396104	0.109885976811752	2.02218014091492	0.137959688015411	3.02151625892687	0.145116449976491	3.51543575780841	0.146862775896021	4.01242320045204	0.164826866943046	4.50830752430024	0.215988779597113	7.63589845266582	0.170788556291172	5.98444696103638	0.223240037648343	7.47816913231881	0.26338083111854	8.71945600250467	0.258714187925031	9.95662739298959	0.299531759108612	12.4382379221292	0.316546886434634	14.9158805516282	0.376167238385817	18.560497936684	0.379839651489967	21.1947500512227	0.433465889485826	25.3473017840065	0.456542824596665	26.4854577224682	
0.0128061325850082	0.0523718986323092	0.0161101718581448	0.0561955026253109	0.0127744583072637	0.0667076860884279	0.0142673402034378	0.0899816578119479	0.0134767493006285	0.0764655510526273	0.0149992377702547	0.0901646206250397	0.0171186493815724	0.0872751124390057	0.0186522699461289	0.0919713874708452	0.0174800288674694	0.102364121770857	0.0190744321188982	0.154069712110744	0.0250062847679756	0.214178709543131	0.0249918454109224	0.263075333133342	0.0335079016381992	0.306250671661805	0.0405529264917286	0.369126538974102	0.042157255268256	0.494380867559315	0.0401395847980191	0.548515239055942	0.0490761837272121	0.54038062242322	0.0522596591876131	0.685733541275341	0.0592807191188362	0.840465736571348	0.0725145021956253	1.10696280552472	0.0922377329017682	1.52604480654539	0.091108838912668	1.92151185515374	0.113883504652923	2.15561817042271	0.143020657900237	3.22301277781788	0.150967621494301	3.74798350118482	0.153126790520565	4.27975188221739	0.170849712611834	4.80899711042633	0.221323425888255	7.96781295492923	0.17740190256069	6.3850693173173	0.231458231371725	7.97612167794343	0.272608999705888	9.3040005886977	0.267158454502333	10.6244759855575	0.310481135870069	13.2729990699144	0.328613440800276	15.9134433969815	0.389891320367855	19.7243083729679	0.393433094086159	22.5303596920407	0.447139416478205	26.848405575828	0.47140369493722	28.1525641673947	
0.012878990085902	0.0513926530093796	0.0166865983449499	0.0558533216309262	0.0128639823549963	0.0673194922313149	0.0146350858712457	0.0914310576036809	0.0136622591173138	0.079010317107318	0.0153168959727291	0.0922665864722783	0.0172000448589482	0.0895918354409841	0.0188740757566817	0.0953540964203309	0.0180301698732053	0.1056707605871	0.0195215465242533	0.159913338983357	0.0259196850314662	0.225145323376647	0.026023253013896	0.27631166728488	0.0352747354307738	0.323037265506811	0.0420108959322738	0.389095869359023	0.0434770701407604	0.52028513808057	0.041308686138954	0.578614826538268	0.050717565030439	0.574779311121097	0.054374589880728	0.725379475732354	0.0614100703117676	0.890520771912127	0.0749170752717604	1.16692554098197	0.0953694605684888	1.60907279220535	0.0940236882947047	2.02009397480889	0.117607678741421	2.28956214089513	0.147708908461793	3.42277424283478	0.156875069459392	3.98165348821033	0.159224481599415	4.54821444916347	0.176749706422282	5.10811369279861	0.226886480828369	8.30302014799879	0.18388414055275	6.78482833761257	0.239577662433633	8.47944655758455	0.281866632490308	9.88721524631735	0.275391967940576	11.2921019920407	0.320523931037539	14.108187694741	0.340387120586441	16.9134528266221	0.403593097991996	20.8860624491047	0.407018362033357	23.8658612994452	0.460613608468555	28.3487922493011	0.485499782863402	29.8186442948928	
0.0129928806252582	0.0516293762791133	0.016999144608023	0.0567787360840041	0.0128727355590368	0.0684631854024506	0.0145108648144643	0.0921813543172184	0.013911618590888	0.0797048072286054	0.0154019778911651	0.0940986870644248	0.017491474841415	0.0924962738913333	0.0191732829687901	0.0977932883350543	0.0181998755735842	0.10936885318035	0.0199956592216897	0.166348719460625	0.0265041676309906	0.235191484959942	0.0268054235176255	0.289903504708563	0.036329198319948	0.339915623724889	0.043981454678822	0.408174797197243	0.044585830914405	0.546702683731382	0.0425118863542873	0.608786184063092	0.0520737403108577	0.607698593979465	0.0562169990801283	0.766303708569972	0.0635001010975137	0.940423419603874	0.0775184315791337	1.22630189249104	0.098388164938343	1.69228657671013	0.0972870596824086	2.11909449111082	0.121648381023792	2.42099200619679	0.152170896557774	3.62279228720881	0.162654079400192	4.2150424486623	0.165511137068709	4.81423462277363	0.182495027971943	5.40781188609111	0.23172416270551	8.638737705815	0.190440866315325	7.18322157341703	0.248459297982831	8.98001844782586	0.29096002921001	10.4711526102206	0.283612824224789	11.9566965436875	0.330368059223206	14.9405264726246	0.351764907971194	17.9138105708891	0.416858073854801	22.0548070321545	0.419858696131222	25.1996660371994	0.474146877250569	29.8473088271332	0.499873449344517	31.4851714572054	
0.0129664152239475	0.0525299251482258	0.0165633640950139	0.0581042335994102	0.0131288951535287	0.0693685691451681	0.0145018788845503	0.093364919734186	0.0141414416838422	0.0824954788111028	0.0155531762270602	0.0964240102478948	0.0179920988161698	0.0952986088333323	0.0195360886462615	0.100894119423997	0.018389836583224	0.112876424832522	0.0204674199672761	0.173566250792352	0.0270594175136721	0.244252772967359	0.0276815826301618	0.302662536063282	0.0372399791630141	0.356612810606978	0.0454118797040911	0.428466132347043	0.0457909091853734	0.574009642398706	0.0436634282745106	0.639402248096173	0.0535042361020752	0.640924689403936	0.0579348613704409	0.806689287739081	0.0656978746131285	0.990649992913218	0.0800657297186337	1.28738431046044	0.101386049501766	1.77678838027441	0.100150844065472	2.21900956613758	0.125247090058841	2.55448381958071	0.156390627450517	3.82385271432496	0.167890885537006	4.44988101263281	0.171280243019597	5.08072511426163	0.188076562197207	5.70829285597039	0.236798535791808	8.97222940278361	0.19760083847723	7.57910070405073	0.25673343307236	9.48017031160597	0.299260716544761	11.0559374776264	0.292120083517063	12.6221693324804	0.339974585177063	15.7728326542197	0.362403363705862	18.9132928719775	0.429431522549804	23.2243898054817	0.4323886526816	26.5335955721725	0.487460211426617	31.3464680175112	0.513699518913052	33.1479621535262	
0.0131360199049348	0.0526907383557763	0.0163880461800258	0.0582323413790384	0.0132010584443877	0.0707839501986918	0.0147808964289057	0.0953382175530868	0.0142055438506538	0.0849413136748124	0.0157163871013394	0.0991319978519919	0.0184256008572199	0.0985679365407014	0.0198036285326144	0.103957159190887	0.01885341156143	0.115549633360875	0.0209615355935583	0.180061177703906	0.0278521352746931	0.254690191876816	0.0289283445481028	0.315584432445502	0.0389061971717415	0.372291858236558	0.0465856116740228	0.448639218639314	0.0470139865719046	0.600950649519248	0.0449842574795336	0.668805613779383	0.0551660096881049	0.673763121825136	0.0598926747870558	0.846355885914736	0.0679298461366098	1.03995700163913	0.0825025707013042	1.34800223131782	0.104041694863491	1.85943464011224	0.103132172746078	2.31900357074879	0.128852636881712	2.68780985755422	0.160681698528682	4.02319089325181	0.172443155077312	4.68386415685916	0.176419931510346	5.34768685495001	0.193414383134221	6.00846090147946	0.241912698060689	9.3057332069451	0.204081455097801	7.97915728189445	0.26435680048674	9.98056431924398	0.307525633345118	11.6391772809544	0.300063139536267	13.2908076865541	0.349976418213552	16.6060962353761	0.372488691743678	19.9120506041373	0.441542814438781	24.3930338056982	0.444620700170034	27.8680205707319	0.500718628889259	32.8422763094249	0.526853806688283	34.8119523932661	
0.0132196503418566	0.0531214968539488	0.016960498482746	0.0589784762450182	0.0131664201948825	0.0715584576600405	0.0149258081525977	0.0968650335301577	0.0145027324523631	0.0871029787514399	0.015809639582592	0.101112993633683	0.0185279474320436	0.100557467020268	0.0201727984196504	0.107080523919491	0.0189872006305497	0.119163630440015	0.0213608476455723	0.186443618316087	0.0286047484461871	0.265995836215219	0.030340117979041	0.329124086703654	0.0407560859712155	0.388442300585656	0.0483597019188395	0.467894602993212	0.048320142690778	0.627018250729269	0.0465048957064932	0.698733372254854	0.0563975153285814	0.707371059487063	0.0620116763202582	0.886220681166388	0.0703408939950038	1.0902052281973	0.084474737993235	1.40783912181815	0.106497638069633	1.94276158030445	0.106128738419925	2.41896800586966	0.132244352983875	2.82213054799018	0.164883105332491	4.22331953217632	0.177493319751743	4.9161057279537	0.18151853256066	5.61397664643271	0.198856713083225	6.30718400008265	0.247126475797302	9.63897903476569	0.209911248713928	8.38228303313704	0.271227919295835	10.4819231770235	0.316554458231306	12.2208180034977	0.308082994400048	13.9599806197602	0.360201674078153	17.4402147706153	0.382841471629493	20.9079305496782	0.453524819982108	25.5585113093114	0.456136495861133	29.2004190114652	0.514846160687275	34.3394368816528	0.54013558169476	36.4811841162069	
0.0129904140221401	0.0535580397381499	0.017131152592564	0.0600136848932792	0.0133585617959319	0.0714500095169521	0.0148761223826979	0.0980481187339456	0.0146119134855312	0.0889600286010604	0.0159238405084786	0.102793325033164	0.0185818229086186	0.102952050040978	0.0206134427466234	0.109412832021939	0.0193457148776332	0.121977766984704	0.0217564649037263	0.193394209327544	0.0292984251181255	0.275494918571488	0.0314646830319865	0.343017992769299	0.0418274669461794	0.406670057838767	0.049805932969623	0.489287256139016	0.0495323168801738	0.653851864720528	0.0478182021970563	0.728330569439699	0.0576972319892004	0.740989823773405	0.0638137423660346	0.925851307009308	0.0726651028741375	1.14027580498281	0.0865524754257284	1.46698846346043	0.109200343577356	2.02546988950586	0.108726246854519	2.51909681941714	0.135403098007083	2.95558184884402	0.168993144138257	4.42535971059443	0.182575698751874	5.14907466194447	0.186192486980065	5.88166621567858	0.204504665334766	6.60741584118506	0.251758973448585	9.97335455681562	0.216259083997148	8.78229071654791	0.278267424451551	10.9819837711956	0.324548457965187	12.8052079901507	0.315888182398804	14.6271409649782	0.36956599007011	18.2730909215989	0.393482530436954	21.9109407005117	0.465281015470172	26.726542499303	0.467553739657793	30.5338083793707	0.526929231243319	35.8448638726603	0.55324170302045	38.1493541314632	
0.0130590127089424	0.0542396732429436	0.0167319813812531	0.0613177838183583	0.0136435090674969	0.0732431910136689	0.0149426203651988	0.0992731643833015	0.0146570214229741	0.0903542693607402	0.016388806710902	0.105196711962169	0.0190083575457554	0.105409577368018	0.0208368595786153	0.112601483915114	0.019861772861828	0.125054107201481	0.0221983219072776	0.199515908735049	0.0300548286502732	0.285276744627215	0.0324381112527049	0.356245275629996	0.0422873065750489	0.423959391227204	0.0506326482043742	0.509905398185493	0.0507416884987456	0.681426345784703	0.049030395496022	0.759520560982126	0.0594099869938221	0.773331104586356	0.0650653032029188	0.965817325378481	0.0747656035417278	1.19007152520654	0.0888820460336995	1.52710638053431	0.112160191750943	2.10834781582311	0.111357686144187	2.61870385951698	0.138868266898072	3.08751788794094	0.172755041956975	4.62544504302128	0.187133695847448	5.38262567251673	0.190829303875619	6.14783819486119	0.210065404954609	6.90665908342147	0.256267690282181	10.3063517215206	0.222290636257167	9.18236079856833	0.28508410629187	11.4820154943693	0.333054557420433	13.389055947091	0.324214866721353	15.2907427268076	0.379271472560603	19.104907227543	0.403434497118445	22.9131759909999	0.476163280983736	27.8936293282487	0.478741473877418	31.8658193899314	0.538705531235119	37.3461781433736	0.565703716072706	39.8171106395159	
0.0131749335049594	0.0546374607407536	0.0165909311887176	0.0621029178152978	0.0136953749267572	0.0752703163644428	0.0150307019877991	0.100666801238528	0.0148282078134742	0.0928878813729382	0.0168177954528778	0.108124295232589	0.0193698122838045	0.10837738213022	0.0210916004952428	0.116324962323274	0.0200416839004175	0.129016971879735	0.0226534965195429	0.206611989788048	0.030355273165161	0.295806539090153	0.0332775899286876	0.369737054089321	0.0429489592603306	0.439922666851524	0.0515854914778374	0.528893318350197	0.0516502687196821	0.708761069504964	0.05034977363062	0.789792210301941	0.060990315722004	0.806620355319918	0.0665034030974512	1.00485691066056	0.076984058352822	1.24039518888967	0.0913355900364933	1.58895062033356	0.114994000961002	2.19196521222949	0.114117348028682	2.71847248407584	0.142009575603952	3.22025463158336	0.176961865737438	4.82369986101466	0.191237381246227	5.61636760420772	0.195932940953816	6.41378991626537	0.21520029001525	7.20801270251172	0.261259295904515	10.6398778774228	0.228898555974877	9.58040525408516	0.291583447961822	11.9813124040665	0.341218620743046	13.9735651430279	0.332078799643702	15.9570779202637	0.388141789932401	19.9369396003142	0.413204452410654	23.9142620294857	0.487253813575516	29.0585145107326	0.489729865327206	33.1949172236169	0.549985670200881	38.8478090637473	0.578105144405634	41.4836266259582	
0.0131906045920199	0.0548144265734403	0.016756036050797	0.0617871849255844	0.0133831099129146	0.0760798830258902	0.0151697342240419	0.101871335964344	0.0150561093565779	0.0944304206936665	0.0168172519606665	0.111285480387075	0.0197506045825634	0.111237204410598	0.0212802349690221	0.119455472041916	0.0203287636001846	0.132223238865457	0.0230759807271034	0.213194024460022	0.0308973382864718	0.304838708716582	0.0338637245300222	0.383726828167937	0.0442240873722136	0.455673455419773	0.052430636227238	0.549388991483929	0.0525142681965114	0.733977092676269	0.0515624792297659	0.818132936977986	0.062449645711313	0.840269038342549	0.0682479614787684	1.0443087807853	0.0790099448199483	1.29054725639658	0.0939088893577464	1.64922721148356	0.117701189715913	2.27531578473091	0.116960224557497	2.81828231965667	0.145367227936758	3.35415250159052	0.18077263674274	5.02390673103173	0.195484313225049	5.85009789436707	0.200144168615238	6.6816927583707	0.220542868904688	7.50607595910214	0.265486062898424	10.9752135930016	0.235155706879931	9.98003575187123	0.298553476237929	12.4803783457762	0.349259919937907	14.5556240293873	0.339625069933972	16.6236291805468	0.397277605176315	20.7651703145163	0.422566929171294	24.9133233727904	0.497744906959362	30.2264954093075	0.500219531441549	34.5272374332576	0.561272772310485	40.3480206485847	0.589685798099094	43.149699302876	
0.0131608034868245	0.0549659629354733	0.0167764092363911	0.0626916373457715	0.0133892236527304	0.076333377377128	0.015239368481886	0.103565942791986	0.0153128912309835	0.0959342155419395	0.0169359781225638	0.113188186868556	0.0199347247975694	0.114035566679928	0.0214036867257027	0.121850702622823	0.0208586954597013	0.135258768237914	0.0233003967845428	0.220032842215919	0.031677999279289	0.315335761371812	0.0345404577259838	0.396677886586889	0.0453255227524689	0.473490412125499	0.0530307000819281	0.569605384273862	0.0539625876537679	0.759496785200135	0.0530144822249704	0.847744511454394	0.063900164536303	0.87335363095006	0.0699966694929718	1.08546532038659	0.0808177918410619	1.34058023103493	0.096568546376948	1.70767305536945	0.12050243350039	2.35944308022267	0.119543645812613	2.91831124886277	0.148558715328107	3.48759821450919	0.184413296615293	5.22446983191666	0.200173681743279	6.0818807891154	0.204833251188292	6.94816741737569	0.226455950987126	7.80163908035975	0.269486829174971	11.3081884059658	0.240807481584801	10.3807409958574	0.304799931944984	12.9824133437127	0.357172395805772	15.1389811793541	0.346861759853956	17.2914284130206	0.406110394418834	21.6018648878746	0.432327771131574	25.9123195235179	0.508450871688841	31.3921703532972	0.510983933018734	35.8634244940445	0.572256158323228	41.847680890484	0.601507571079676	44.8147400744301	
0.0131462398274361	0.0550834041617457	0.0169777728532596	0.063586238119817	0.0138250727634656	0.0765956392568745	0.0153889343017103	0.104026532714959	0.0153806513869499	0.0981799470288483	0.0172602984908894	0.114606860292744	0.020224374668981	0.116551221629587	0.0218784520707232	0.124033344284255	0.0214502370041537	0.138380110250398	0.0237089987326955	0.226739528587818	0.0325300822305601	0.325566572198669	0.0357825253881465	0.40879386883821	0.0458515060981909	0.490999974188542	0.0539038487087778	0.589731904439615	0.0555821755925173	0.786729179857371	0.0543656817893779	0.878125009094947	0.0653172548208713	0.906484324022824	0.0715683095024601	1.12606097099396	0.0827717500420353	1.39151414380609	0.0985770204646341	1.76823986990297	0.122920676692947	2.44232985410396	0.121756855854363	3.01880886613228	0.151662708534389	3.62059712544391	0.188461094740341	5.42363920863487	0.205003212414681	6.31493773308529	0.209632027003742	7.215924507505	0.230963133781133	8.10450190761048	0.27427331008296	11.6397774110049	0.246426980031018	10.78133820643	0.31139043360208	13.481878822788	0.364166233686886	15.7228216857142	0.353744983545513	17.9582292677418	0.415022254062817	22.4368421024868	0.442169738686499	26.9140574877749	0.518752916144355	32.5566178141918	0.521808509512943	37.198128889363	0.582649228628849	43.3478775741609	0.613483680625818	46.4825561871248	
0.0130081077843105	0.0562456219200873	0.0171039383722458	0.0638549501356821	0.0138749489597255	0.0780557638096214	0.0155063431543889	0.105459910848787	0.0154795410488004	0.100632555808775	0.0174783550055689	0.116829003126188	0.0204753090614172	0.11968641706471	0.0224117341929522	0.127672297896826	0.0217847529878247	0.142434521023005	0.0241260581303092	0.232999980500435	0.0330204271092573	0.335662923335203	0.0372010866705543	0.422667111185213	0.0466027703653422	0.506699714640594	0.0549694613510954	0.608799569095983	0.0565549807904309	0.813007900243497	0.0554527143882022	0.908093047269857	0.066649059883648	0.939815949931519	0.0731175090063299	1.16596173857835	0.0847130603236212	1.44159799193766	0.100063717309629	1.82835324677952	0.125513566128467	2.52498403018329	0.124184748998168	3.1188829644811	0.154874226928139	3.75382164926161	0.191646737186042	5.62462932089998	0.208845000815688	6.55057863141572	0.214518213319107	7.48041777782661	0.235446745382795	8.40660803530527	0.278784749998997	11.9728285924166	0.251835075906572	11.1813859367096	0.318803710161258	13.9822486160402	0.372150429399643	16.3052074662818	0.360563209471905	18.6247190607379	0.423570860352021	23.2709215221797	0.451593068518338	27.9139495707767	0.528493743376905	33.7193814439516	0.532354961676818	38.5310227936824	0.593539496860142	44.8464835589559	0.62515746737442	48.149530384252	
0.0129219165748268	0.0564114846419822	0.0169422377262883	0.0642345732061709	0.0138643221776736	0.0797316932549548	0.0157972087932106	0.107186575544154	0.0158149507237981	0.102571263726821	0.0178722631631069	0.120406969664933	0.020614466571459	0.121911950494241	0.0227585758554905	0.131251705075111	0.0221894059754602	0.145429814351767	0.0244274066858483	0.239036842246187	0.0334936359464863	0.346589432092254	0.0378229535754926	0.436310520594015	0.0474424221101601	0.523008278093053	0.0559622532408354	0.628478996239494	0.0575615999100472	0.839934180826528	0.0565688290304293	0.938278956709218	0.0679503926770663	0.973189543561738	0.0746751632806529	1.20544306177812	0.0865309172812823	1.49157601854671	0.101692984585746	1.88839526106717	0.128288570423209	2.60775275893386	0.126608716439777	3.21956055982961	0.157718143648191	3.88643056888673	0.19562207542564	5.82307552567336	0.211957613907068	6.78382509952054	0.218594100109718	7.74430848247105	0.240191704519369	8.70776235137402	0.282930810382826	12.3057801223176	0.257160009641117	11.5808674228909	0.324794212306387	14.4835916413366	0.378457227423037	16.8904877972738	0.36717746109434	19.2914100194006	0.432938960671405	24.1046079237648	0.460025903669411	28.9143911340714	0.537887757470116	34.8873753810419	0.542182596243835	39.864810767631	0.60390529214136	46.3488558120638	0.635740716197697	49.8147685961826	
0.0130142889886252	0.0558244713234879	0.0174331215766522	0.0643937347714214	0.014259857673716	0.0806786954732486	0.0160474460514103	0.108198166435121	0.0160700885606514	0.104599276744382	0.0181447719500838	0.123803211894939	0.0209359838036186	0.124077144410144	0.0230662326997711	0.133322835415446	0.0226949887452614	0.148666407527385	0.0246791015264475	0.245936239622302	0.034319888936752	0.355913862370248	0.0383264184522583	0.449357359714451	0.047998451202784	0.540193623500207	0.0568444841196352	0.648732467307669	0.0590029242150673	0.867193292798854	0.0575932479945856	0.969105732464797	0.0692942428694254	1.00657792193713	0.076194612653959	1.24498561943426	0.08822775315415	1.54213693664446	0.103661117103057	1.94765263612297	0.130736557424977	2.69106095626015	0.129045983220173	3.3191214994642	0.160386199188785	4.0200527674249	0.199557563527591	6.02211917384998	0.215965379605499	7.01724712192234	0.222498226633944	8.0114043336038	0.244684350121742	9.00820420570703	0.287486577455477	12.6389384058203	0.262782900586984	11.9793719517377	0.330642178406571	14.982388430835	0.385699942490876	17.4730244520913	0.373439341875043	19.9552436805401	0.441069436456169	24.9385904859146	0.469226183091573	29.9142515521072	0.547042229735835	36.0565427845205	0.553026313719117	41.1968255034817	0.613490571203847	47.8483782182287	0.645879570687261	51.4810685157978	
0.0131484010469672	0.0562085763836542	0.0180461685592138	0.0661919512305681	0.0146770178673604	0.0813837139047036	0.0158599197278011	0.109902312042742	0.0162190622681351	0.106433516467965	0.0182401214962044	0.125277189870325	0.0213509208931624	0.12654957289767	0.0234610905065686	0.136499256424452	0.0229685489663226	0.152916992659869	0.0252707294219606	0.25274154431902	0.0352116781130498	0.3647126192875	0.0389783095672638	0.462891920802515	0.0486191026793689	0.556896369213649	0.0578106184052768	0.668960734459865	0.0601876394787793	0.893494015679761	0.058592333017231	0.99861340627141	0.0707258899063155	1.03966024444597	0.0778858276312881	1.28581712747244	0.0900599765629171	1.59169586811483	0.105877519613875	2.00713061820316	0.133109011755956	2.77481525707849	0.131619317410681	3.41770292062746	0.163478707715039	4.1542116405712	0.202469565079317	6.22421290331359	0.220086111976381	7.2510495895778	0.227322663544155	8.27948273000611	0.248945927724264	9.30920951017091	0.291849466085756	12.9727523403844	0.268096209672448	12.3791393539357	0.336844426966662	15.4808424936423	0.392912619832828	18.0558051134118	0.380432617144097	20.6174698789921	0.448912908975098	25.770876178414	0.478166857841343	30.9135513139797	0.556682155099699	37.2233334529016	0.562781404535084	42.530728961424	0.623178499729818	49.3468612684496	0.656062706046705	53.1479384048017	
0.0131031046032842	0.0566993979090791	0.017811614874707	0.0675061964780583	0.0143933319725413	0.0828929220651844	0.0159836920224305	0.111365899951149	0.0163584219835877	0.108910732535374	0.0183258457070759	0.127507576363354	0.0217239883084307	0.129351180243942	0.0238238579612516	0.139982315376586	0.0230839444785762	0.15629388084354	0.0257484601329856	0.259376577063738	0.0359337340640154	0.374636006367845	0.0396570478192426	0.476256049867519	0.0494446595496556	0.573181998848798	0.0590225252294303	0.689373054227127	0.0610701457205535	0.920088803649635	0.0597070735220993	1.02889826872962	0.0719780892987109	1.07324070809325	0.0793428377455265	1.3267484034367	0.0919667506792306	1.64153338143711	0.108007169703133	2.06783911017662	0.135396929482603	2.85810552644607	0.134051089830251	3.51763778625799	0.166468509370504	4.28771020604347	0.205752787433007	6.42483700582426	0.223492626666121	7.4829479683199	0.231479666514318	8.54848313571348	0.253290978622673	9.60766951015927	0.296251463640234	13.3065597556908	0.273395874567839	12.7789244512619	0.342425936488361	15.9816593217091	0.399197065814607	18.6395059213923	0.386899593285016	21.2880817055077	0.457290683500335	26.6056969308412	0.485959490863405	31.9131714508026	0.566268927549969	38.3895988553755	0.572926588726918	43.8631572044783	0.633973748861336	50.8452362852571	0.666850179644414	54.8127444830782	
0.0130184550557174	0.0573647987532065	0.0175106349668328	0.0668778047905776	0.0140661054812339	0.0832506372283376	0.01638736801776	0.112762432637369	0.0165458212813421	0.110750582022012	0.0185366450440974	0.129541919463739	0.0220428988429107	0.132572246526749	0.0242010305096517	0.142659853099514	0.0233310755635222	0.15880862629854	0.0260582979106358	0.266923214494638	0.0364659211793517	0.384677554994232	0.0403373463828727	0.489933219718048	0.0503684348979871	0.589537128427776	0.0599327880708755	0.708976520376755	0.0620176302162862	0.94718976541477	0.0608623898249736	1.05815029450165	0.0729234048809429	1.10611464718592	0.0806760625368053	1.36634637478339	0.093780616296829	1.69049754705653	0.109600660207904	2.12867216653851	0.137552510072024	2.94145237365737	0.136270022747373	3.61775006883056	0.168991618387955	4.42015358308881	0.209605041868374	6.62402966560574	0.227368181127589	7.71289382937706	0.23560078361452	8.81481809633891	0.257689108394529	9.90739517746642	0.300834242918054	13.6401706619433	0.278831067119519	13.1785800947562	0.348183124519328	16.4810158360482	0.406134028294519	19.2213925130836	0.393228537268615	21.9565831551694	0.464824728330583	27.4399775162006	0.494838712432636	32.908546619532	0.574833822108949	39.5587439071134	0.582539648108884	45.1962895273655	0.643300194482562	52.347854407513	0.677520362456404	56.4794839869277	
0.013123015992942	0.0576743361653057	0.0178127661749493	0.0673618778656358	0.0145369752763576	0.0834615162978532	0.0164195105574061	0.114207656029629	0.0166634642706992	0.112116330133028	0.0188083541815038	0.131839710424904	0.0223420517938368	0.135554050230735	0.0245242942015625	0.145550343539779	0.0237078158138098	0.161261671635903	0.0263684586549493	0.273513922107676	0.0371546965450382	0.395441227827612	0.0408405672211093	0.503146707363764	0.0514433435948169	0.606593718495105	0.0607655035259528	0.72870961498108	0.0632227594655249	0.973986941412028	0.0618780218450185	1.08817077777655	0.0741083509671271	1.13920209196868	0.0822718709783474	1.40627380147522	0.0955923468545082	1.74034868097081	0.11129937509391	2.18772779385118	0.139667597471753	3.02500597447041	0.138637611785162	3.71832498587009	0.172312113429588	4.5527315362398	0.212662077705847	6.82415085395	0.231604303058997	7.94558522925377	0.239766920236911	9.08115771357699	0.262248300536961	10.2085765018885	0.304805443949029	13.9754858884264	0.284931391841677	13.5775940570272	0.355390325146206	16.9798657109309	0.412834870169157	19.8043464003948	0.399940378577927	22.6228103152119	0.472457038132247	28.2715889311881	0.50312909940032	33.9078370681792	0.584455063957395	40.723649578693	0.591477669450391	46.5313515505356	0.652599751633561	53.8465088210796	0.687787759682935	58.1427440698038	
0.0131332449492754	0.0577029270393926	0.0181734804897238	0.0686389684373339	0.014989533505197	0.0848891173216095	0.0164900558415436	0.115886946967221	0.0169073959810133	0.114792507251947	0.0189423392518279	0.133493695583116	0.0227858742023509	0.13793785755873	0.0247934748607452	0.148121812357646	0.0241708024951873	0.165270374844949	0.0267123508639952	0.279303022956518	0.0382217246376131	0.404901864025674	0.0414848042673375	0.515914906424641	0.0522756625596833	0.623470505106412	0.0616031296063262	0.749358665294033	0.0643751669394939	1.0004949417636	0.0629115721709286	1.11863340642275	0.075824447420366	1.1722349379681	0.0836562052538021	1.44636770206934	0.0971618830732227	1.79061355491922	0.113470346758101	2.24676689018892	0.141964061264659	3.10923757808557	0.140897402044924	3.81913645883234	0.17607275589831	4.68578958615519	0.215697443567433	7.02496680890193	0.235051261188336	8.18232182854119	0.243682401288834	9.34839512573436	0.266556415571957	10.50804978079	0.308572662815106	14.3088071533719	0.289825393731546	13.9799365660217	0.361138829150022	17.4819342364785	0.419078348394187	20.3839046857601	0.405665439870973	23.2910938354015	0.479393801559126	29.105577081273	0.51141947010769	34.9095638565659	0.593678790682524	41.8892146266241	0.601632277290839	47.8627665146768	0.663668230776995	55.3433415677767	0.6978447914247	59.8041787605203	
0.0131132364455908	0.0576991289896984	0.0179257678804084	0.0696657296992061	0.0146109870617225	0.0868555830166352	0.0167757209197986	0.117323271863742	0.0169381519334099	0.116461182567883	0.0190662716087932	0.135630396850355	0.0231243594057213	0.140953596327417	0.0251934872862572	0.152047991659352	0.0243481508818351	0.169848654540896	0.0270121999086929	0.28669257246999	0.0391404570138965	0.414843295480044	0.0422662525973465	0.529907270744045	0.0529397686716846	0.639910617866288	0.0625423147664425	0.768503513305106	0.0653534158401058	1.02690631740265	0.0641661950654902	1.14844247948326	0.0773172386860855	1.20551016065605	0.085065585954028	1.48610839859382	0.0983168748683619	1.84130055080452	0.11542359589953	2.30706513458775	0.143909367280949	3.19212365347497	0.143109584252886	3.91854373024941	0.178408748059764	4.8203899061809	0.218917755543801	7.22486960211282	0.238503313608518	8.41586399154941	0.248045164135348	9.61298106264774	0.270464027308954	10.8085056049609	0.312561222624988	14.6410648479878	0.293869523167183	14.3795018712307	0.366314659012993	17.9809275350308	0.425975118632567	20.9652622862542	0.411642143715231	23.9577047003266	0.486902458396228	29.9390790809971	0.519675404068474	35.910050123342	0.601677362979655	43.0577040273006	0.610642970905912	49.1964278287612	0.67361461513075	56.8447787730641	0.708556845396713	61.4728479646528	
0.0131356758863733	0.0584046603761408	0.0177038496643095	0.0696808127586239	0.0145224314454037	0.0879281464295132	0.0169855053254878	0.11813824456144	0.0171014170041153	0.118627205942915	0.0192908262237533	0.138809902865243	0.0233098645134065	0.14354545237755	0.0255474769470729	0.1546332556922	0.0245060987758342	0.172890499444262	0.0275395874240296	0.292434175869782	0.0398326557409323	0.425479406230591	0.0428291785265578	0.544062616506266	0.0537304713736939	0.656856205929527	0.0639369275719009	0.787666638520839	0.0664708350906448	1.05314109100687	0.0654960261667857	1.17877635278963	0.0782328347229676	1.23999377432716	0.0866766280709759	1.52603943416044	0.0993038863298692	1.89149941726858	0.117189824539017	2.36628304485133	0.145816899953642	3.2753028626308	0.145609488154742	4.0170110644027	0.180456743734778	4.95413061551106	0.22236085438302	7.42289205513488	0.242335119369462	8.64901313644981	0.252046934773521	9.88134258109928	0.274803058830894	11.1080422137944	0.316661543274506	14.974392632191	0.299279022455641	14.7768841564284	0.372634186475705	18.4798407398455	0.432241834572423	21.5534595194114	0.418784689626507	24.6233432645299	0.494106652381652	30.7726760756193	0.527952239271116	36.9107077534638	0.61098331316286	44.2218534649855	0.619753117341961	50.5291838973461	0.682297052426924	58.3414364311255	0.719223003413784	63.1411818926744	
0.0130615560599462	0.0583647408365867	0.0181954007447263	0.0699888840653334	0.0150679502702736	0.0874343854173518	0.0170125801962947	0.120237947585968	0.0173733959573143	0.120500575764689	0.0194570524200405	0.14092324830965	0.0236620441138695	0.146041425862798	0.0257900763706095	0.156989880043839	0.024792961519642	0.175992589273813	0.0281594602043577	0.298733990711222	0.0403098419425678	0.435285795918057	0.0433117886577459	0.556473129507819	0.0545096330128253	0.673251848038577	0.065282530455157	0.808075582243928	0.0675173417521515	1.0790958857754	0.0664668329880062	1.20912268253485	0.0790964324563308	1.27377470514911	0.0883002968149483	1.56703345798018	0.100819387812208	1.94096230610301	0.118894920384567	2.42746744263781	0.148368171554698	3.35804155622976	0.148441678307049	4.11681903733847	0.183157026438774	5.08607806330898	0.226425666473521	7.62017829769666	0.245723324583301	8.88210733332092	0.255453916457463	10.1494982772716	0.278823076889744	11.4076607790106	0.320839890534065	15.3073460247371	0.304219612255668	15.177189863049	0.377517621745392	18.9810282342794	0.438045733060944	22.1382294856568	0.424264358284982	25.292191166173	0.501636669361083	31.6040341708785	0.536612262820312	37.9107283589748	0.619693471430172	45.3890054865083	0.628475356836143	51.8620144717335	0.692437323548549	59.8366822042309	0.729041870870559	64.8082045185732	
0.0132792888763669	0.059276392816491	0.0185003996278424	0.071354784971452	0.0151278334439489	0.0888691532590177	0.0169251555963032	0.121369031523158	0.0173956935980484	0.122624107549271	0.0196501173117348	0.142950577387227	0.0239109597729434	0.148900324096603	0.0258694257424673	0.16157776400338	0.0250549746489665	0.179753517034035	0.0284454162328722	0.306355759676878	0.0406082784881448	0.445431652667846	0.0439200701856317	0.569546103866764	0.0552681251144245	0.689432820304374	0.0664072734052579	0.829285463343145	0.0687278669679851	1.10650307803006	0.067395621837839	1.23900742555095	0.0804697105823881	1.30619578866138	0.089455627032351	1.60751502157758	0.102824334748477	1.99132590023964	0.120765650320618	2.48759129689282	0.150257314689764	3.44094346410217	0.150620579650335	4.21706938847616	0.18616313544488	5.2179384324503	0.23019735138076	7.81788968899357	0.248924307291327	9.11614123462518	0.259844569338881	10.4148534865951	0.282269561214467	11.7082525762709	0.324437512852221	15.6404251458247	0.307971960263344	15.5773651845154	0.382811618492137	19.4806958103437	0.444757822975275	22.7201160773481	0.429827503871499	25.9584574417618	0.508181542270935	32.4370053167603	0.54392063903099	38.9121310471208	0.627596894614895	46.5585640454497	0.637524949603738	53.195493246602	0.701207584976996	61.3418558755101	0.738436578388141	66.4763074786072	
0.0134608402039381	0.0604787884108698	0.0184962498166927	0.0719256347508741	0.0148525354448011	0.0906276648193496	0.016861855049389	0.12227568128244	0.0175287686643518	0.124283185877571	0.019872743001934	0.144955700243221	0.024200347822657	0.151760459243143	0.0259187358081038	0.164151721198632	0.0253459821274883	0.182335521438026	0.0288431026555067	0.313078336739451	0.0411027428568934	0.455260364992212	0.0445426566042	0.582815587279619	0.0560858201262235	0.70702998489293	0.0673763592878871	0.849556338501106	0.069666712806532	1.13358861476578	0.0684824919237849	1.26832685579111	0.0820489785370661	1.33872409067996	0.0906326382268887	1.64719180609341	0.104184203916149	2.04187599171298	0.122545866418217	2.54790630509719	0.151751963332786	3.52385701350621	0.152534999913304	4.31777469066995	0.189132886773001	5.35185143644859	0.233232922348678	8.02120205398819	0.252642658058287	9.34924567604412	0.263952230786532	10.6815945038437	0.286522587186079	12.0083721930084	0.328121743213652	15.9737175397718	0.312613826687891	15.9772145430961	0.388472010529701	19.9794003989116	0.451238717950487	23.3038355117792	0.436357703602261	26.6243847159495	0.515348500355744	33.2655210156567	0.551701604656264	39.912464577002	0.636173847539885	47.7230860121468	0.647247843006243	54.5262264826509	0.711437519447469	62.8408679169284	0.748840384174062	68.1397240236684	
0.0133309955464062	0.0606216736597105	0.018283612841253	0.0723515183576767	0.015075974174518	0.0913236028561334	0.0170383944499601	0.123575138146782	0.0177976267497751	0.125532918849939	0.0199881542113386	0.148175616924779	0.0244541408224336	0.153594422480351	0.0261952337712765	0.166309726468754	0.0255225037965478	0.186086030027439	0.0292652274365816	0.318707162801581	0.0415730501906486	0.46564333063747	0.0453021033958454	0.596270869537284	0.0566933338310277	0.723233716353063	0.0681574130659897	0.869767958263072	0.0706130930942033	1.16036297336105	0.0699180765110431	1.29841346296567	0.0830974305800871	1.37250991094519	0.092167943861832	1.6873333205519	0.10516676419125	2.09111198709594	0.124383612316649	2.60817870529579	0.153497763705467	3.6077323862535	0.154419493557173	4.41761293158796	0.19197235447488	5.48574953928639	0.236170491312846	8.22228017623242	0.255508711518431	9.58335780844093	0.267465508108413	10.9486288876895	0.291657771853196	12.3067297475185	0.332478400795306	16.3061773313768	0.317424239311847	16.376440846904	0.393796731145515	20.4742362736883	0.456173346759026	23.8888066436911	0.442548575381669	27.2911762574455	0.522985766688174	34.0998630683032	0.559258481537412	40.9117811026801	0.644791635711886	48.8885281255039	0.654613277223897	55.8619963109441	0.719996861420111	64.3429346962462	0.759637850665115	69.8046455859387	
0.0132347302897281	0.0614835908337054	0.0182910284587087	0.0732286568342776	0.0155379852263796	0.0914461809082374	0.0173534552956322	0.124365830975074	0.0178669023865798	0.128539999229476	0.0201054484444003	0.150755191159043	0.0246498432400375	0.156531333527989	0.0265840064618758	0.168946416967576	0.025488057322001	0.189490261258525	0.0294268613714582	0.325815860364485	0.0419355982868426	0.47586744758364	0.0461017524814854	0.610154618366583	0.057511999892133	0.740215334956696	0.0688990704002388	0.890587557014401	0.0716827012646178	1.18722382853632	0.0713097333451952	1.32894640646291	0.0839438854034779	1.40718968442427	0.0936060556598316	1.72625387117306	0.106625173751528	2.14078616972946	0.126559309677488	2.66770930709895	0.155961908906563	3.69089390028126	0.156527485280017	4.5175536179843	0.194077475657777	5.61894309662995	0.23925430681297	8.42290567572688	0.258352802212334	9.81654513756507	0.270808891473238	11.2161214822202	0.295268119210108	12.6080554269328	0.336160873765585	16.641127479428	0.3212633858561	16.7771982449518	0.399734715466286	20.9755243509555	0.462133211351137	24.4714252548913	0.448709099974162	27.956758942297	0.52967079145135	34.9364849985041	0.566463372792214	41.9112093870617	0.653094881525863	50.0548158797185	0.663455788321031	57.1926438653203	0.729330365180084	65.8431835339848	0.768236348075514	71.4654022738531	
0.0131217545608908	0.0611937094201673	0.0186945211581141	0.0741844120291655	0.0156281093230647	0.0928787077550645	0.0173674272748718	0.125617717630794	0.0179403892327039	0.130362248175481	0.0205854987889318	0.152383783226386	0.0249192434148619	0.159181382684357	0.0269388243755072	0.17234409983712	0.0257611651589439	0.191443477435365	0.0297395438782861	0.332200047206411	0.0423006487274752	0.486079224506283	0.04686351851082	0.623154891360499	0.0583847937462029	0.757068372843479	0.0697164007264873	0.909557840258686	0.0724863182180685	1.21372484396892	0.0723534397903754	1.35789225995307	0.0849145590601175	1.44114139651522	0.0947673503522353	1.766207840557	0.108820954909126	2.1904726923865	0.128477630910265	2.72713117699668	0.158328670956116	3.77472759634532	0.158477753470287	4.61903005523325	0.196274924755806	5.75199462728763	0.24238952590021	8.62335981187576	0.261818117463458	10.0493357232913	0.274513512804966	11.4819283829709	0.298368349282177	12.908288665019	0.339397181338023	16.974386345764	0.325792987892356	17.176465526951	0.404163544275578	21.4798504023168	0.468682046966087	25.0533118465827	0.454346092459024	28.623520681472	0.536353610892144	35.7701490483484	0.573952152440465	42.9116509503564	0.660390149659205	51.221405382433	0.672833997255833	58.5209631133705	0.738173198037329	67.3434174705629	0.778680380244674	73.1267326564462	
0.0132441505593877	0.0605041014662072	0.0187674517179881	0.0747483132693961	0.0154478448686507	0.0947237377232773	0.0173131707716707	0.127033400636544	0.0181074883678283	0.132841152264976	0.0208710224378488	0.15523440142082	0.025241449154885	0.161282708247356	0.027127906210086	0.175548475073953	0.0263584077567168	0.194397705261303	0.0302716220085123	0.338783973627274	0.0426987403714702	0.495570798074651	0.0473705511446791	0.636903947668841	0.0592188346304726	0.772642122819468	0.0706697544811385	0.927988422096617	0.0734427333318842	1.24019535858864	0.0735759938812985	1.38779248620624	0.0861368359428726	1.47381370428007	0.0957187425872634	1.80652735403411	0.110591660835346	2.24129752400629	0.129873973792881	2.78811068382648	0.160102213711239	3.8585750294167	0.160487675668494	4.71741170771374	0.198850265364351	5.88508154820147	0.245937427612796	8.82154617766316	0.266073411193983	10.2813030199006	0.278186185779258	11.7488957115944	0.302790172016807	13.2075533276736	0.343575538469602	17.3072410181218	0.330744179094439	17.5753491040677	0.408587403384624	21.9793037741991	0.473720601004521	25.6381283789546	0.460124974872153	29.2901948763291	0.54351323516672	36.6037907464521	0.582725825071272	43.9097753831956	0.668249338409212	52.3876558837465	0.679071241905144	59.8540730845169	0.746753572996143	68.8420644335493	0.787292460511718	74.801727403205	
0.0134592199565847	0.0607651046053463	0.0184660981820477	0.0755824653904541	0.0157285295000648	0.0959423223225787	0.0173334340924859	0.129036500776417	0.0182537409486479	0.13460181750866	0.0208992489654197	0.157186220613864	0.0256478406772989	0.16508254782705	0.0274418974594256	0.177940184091541	0.0267256297607538	0.198810005820038	0.0307318297688359	0.345570782840615	0.0433776122362285	0.505325062804244	0.0480047711064585	0.649798573763218	0.0599891098951648	0.789225775664339	0.0716936017151082	0.948616343029662	0.0746507012057727	1.26589112927841	0.0747320505972614	1.41873532803217	0.0874370787017953	1.50671895909282	0.0965303800237929	1.84604674504231	0.111758981496222	2.29147764760443	0.131300915505774	2.84778261382362	0.161831298560791	3.94134911327181	0.16319361430036	4.81553724649837	0.201807548812289	6.01861783223622	0.249616209335673	9.02287855095819	0.269450744325589	10.5162524112522	0.2819814006852	12.0159878374371	0.307394538932905	13.5071867940502	0.347952455964015	17.639464253804	0.334284604870916	17.9756240770448	0.41425229595705	22.4784777493223	0.47834328821699	26.2229486366166	0.465431710510843	29.95805930138	0.549771397694224	37.4366836612413	0.589228438147977	44.9106863330456	0.678333635251553	53.5513396601662	0.686350009499332	61.1902154418223	0.757059217423394	70.3365837750809	0.795966589557563	76.4701432876093	
0.0134573217865666	0.061556910655101	0.0184094425409576	0.075978422985011	0.0158578111083415	0.096882456037211	0.0175240858924597	0.130183642751298	0.0183807141931543	0.135888221305662	0.0211573279699023	0.159361135208677	0.0258991313239051	0.166928938399272	0.0277339388282424	0.181551969279671	0.026857529975264	0.203122654868023	0.0312504220454665	0.352862776319029	0.0441819610404416	0.515412624584397	0.048732184799045	0.66298796343846	0.0605887750710354	0.806607746540719	0.0727063181337942	0.969139315555065	0.0755229573025335	1.29266921316379	0.075710128149066	1.4491339282544	0.088450532591159	1.5403308548755	0.0976510149449097	1.88559954724628	0.112704163337601	2.34160515147961	0.132859951335998	2.90755442816215	0.163634007824455	4.02456976628025	0.165250369273797	4.91625465588506	0.204511712459697	6.15268310746822	0.252655634069852	9.22403304164991	0.271887940578515	10.7506690861165	0.286280676357215	12.2810729632267	0.310859335751595	13.8088263291573	0.351440114956225	17.9739617791054	0.337899710727288	18.3748839084638	0.420137131275783	22.9792014451361	0.485383918564534	26.8049805146226	0.470866692781217	30.6235712057193	0.556594426095884	38.2688799467778	0.59598905552691	45.9122454833768	0.685622814718026	54.7196986756885	0.694915230771901	62.5243498677522	0.764936376004306	71.8301792446625	0.805431842519356	78.1376502012239	
0.0133552127200977	0.0617397700131753	0.0192153086064489	0.0754408461581781	0.0157590639963215	0.0975518222780498	0.0178391256291233	0.131185425651868	0.0185055254814357	0.138330556433925	0.0214098699400669	0.162336710693242	0.0260059881331698	0.169290859647803	0.0280616749305284	0.185193091127509	0.0270475285761393	0.206254314187913	0.0317245653135672	0.3589924501757	0.044722605560128	0.525008389860852	0.0493781120153049	0.677044356181828	0.0616323296699042	0.823429643330392	0.0736974586110709	0.989416709970739	0.0762377499181767	1.32065627010893	0.0768063062250026	1.47859666574893	0.0894147925755484	1.57248092353144	0.098936688917069	1.92549472689549	0.114052258853313	2.39165745106046	0.134744128449563	2.96735697614417	0.165703119044534	4.10631660138435	0.166456872372179	5.01798906947491	0.206625939206712	6.28577049404332	0.255137199659613	9.42402896711384	0.274718007772121	10.9831197391191	0.289852811609951	12.5484258593779	0.314236988940857	14.1110609793613	0.354209126783608	18.3076490538054	0.342458035607471	18.773413583019	0.424833920510873	23.4801114054559	0.491980102238036	27.3885975035754	0.477299839901371	31.2891389894103	0.563799042791164	39.1027973163505	0.604449859371814	46.9103959932467	0.691530759079869	55.8874579195011	0.703302078075209	63.8573406296148	0.773896067010094	73.3305323905245	0.814042901140092	79.8069452540968	
0.0134445312402175	0.0621331155390728	0.0194093708274815	0.0765898289502482	0.0158029331648718	0.0976913314827179	0.0179698648467259	0.133465623348358	0.0187727039295012	0.140460505612819	0.0215604026087845	0.16449749537904	0.0261407255200492	0.172516626199005	0.0282818911946315	0.188555107254522	0.0273994935969702	0.20862234724055	0.0324060590114552	0.365265751428852	0.0450630921000376	0.535295603908455	0.0502449590720458	0.689700738331402	0.0625703093435409	0.840986935673116	0.0746579620418325	1.00911010695221	0.0772728170222335	1.34731980132307	0.0779618897301425	1.5097241422665	0.0904598627330897	1.60597954721136	0.100213833170589	1.96655883273564	0.115720073352624	2.44139379947287	0.136373836235438	3.02754136636366	0.167703129845959	4.19012538457072	0.1677285518634	5.11824826817665	0.208837589128859	6.41778546272469	0.257609701967303	9.62370824291744	0.278575564314192	11.2156933266957	0.292498399319182	12.8157768928839	0.317604716161036	14.4102371663755	0.357654738278597	18.6397065140772	0.346958879409541	19.1737723750238	0.42852797302201	23.9812094929269	0.495712961945135	27.9722871356855	0.483606690323206	31.9557498543353	0.569784971731684	39.9386369356258	0.611082303935112	47.9112957672264	0.699263724016282	57.0517489182107	0.710439520570812	65.1924697080071	0.782304380969725	74.8376655644076	0.822649352420732	81.4722914994409	
0.0136741765851681	0.0621537938096301	0.0191300266537428	0.0778828247645355	0.0163383521019834	0.0981520305450507	0.0179409305503732	0.134044018295467	0.0189321486844376	0.142176161784839	0.0215715251032798	0.166959388280441	0.0263618306820754	0.176084610124378	0.0283373053070529	0.191479489103745	0.0278397998116459	0.212062041487363	0.0329995362036508	0.371767983401504	0.0452662355798412	0.545676415870362	0.0509734929332343	0.703057125777873	0.0630377386576957	0.857412729349087	0.0757128180859191	1.02887812615142	0.0782623964224199	1.37411301919958	0.0788542263581987	1.5403332213806	0.0915265924589874	1.63888747957639	0.101513461559283	2.00560778945068	0.11713752314806	2.49139301366949	0.137732722392119	3.08792156714515	0.169773843103849	4.27404173550935	0.169823652437414	5.21749744759419	0.211118639934691	6.5515550430533	0.260591074943822	9.8233036996933	0.283064509614884	11.4485463110315	0.296215428190123	13.0802901866399	0.32066556966426	14.7086058967559	0.361443273552674	18.9735949544438	0.350836935350865	19.5742447883773	0.433450551637002	24.4797725204702	0.500609252388315	28.5541066721547	0.488715582979384	32.6216193865262	0.576129904445725	40.7701216907491	0.617211972270648	48.9104521054292	0.707872338134123	58.2157083660994	0.718347865495395	66.5242683770308	0.790339672812747	76.3392704077505	0.831856916984919	83.1359911665513	
0.0136724788030262	0.0632154578385197	0.0191683344782721	0.0790660918672551	0.0166073426513076	0.100350861211406	0.0182650736101602	0.13496204037596	0.0191907578239255	0.143597199895139	0.021571971644804	0.169315183172952	0.026582413942573	0.178050399155378	0.0284964555414098	0.193866614268254	0.0279831110909559	0.215950880576366	0.0333774185260785	0.378716464385353	0.0456694813405092	0.555922768141945	0.0513747370692223	0.717403567281796	0.0635381488429713	0.873721642047495	0.076636659360243	1.04912146908708	0.0791547321133379	1.40018399645377	0.079597985445932	1.56969386264273	0.0925005028748569	1.672303914043	0.102663324214667	2.0461952909859	0.118406508619984	2.54128535860574	0.139238760714472	3.1478877950619	0.17171591115019	4.35747519571598	0.172126320916678	5.31698923653089	0.213478687148407	6.68434720038627	0.263273599654502	10.0236917119425	0.286236898932823	11.6820232814625	0.30035076496499	13.3476738164346	0.324903698589923	15.0076293468752	0.364646332600614	19.3073734987517	0.355206399133014	19.9719101956243	0.439324566524073	24.9795611684634	0.506974811595615	29.1361255116453	0.493608091388422	33.2844602578483	0.583404147273792	41.6012674444713	0.625176257572241	49.9079469642378	0.715024855328568	59.3796268357968	0.726664349893719	67.8560297931533	0.799732992985849	77.8393478821435	0.839707633169811	84.7985136419833	
0.0136190513559087	0.0631617903777066	0.0193463292093412	0.0794546643651844	0.016182209308309	0.102070286329291	0.0188516113257561	0.135825725607572	0.0192807311154729	0.146537778025241	0.0217884542701673	0.171360061859461	0.0267340671436903	0.18037454363377	0.0286264582327377	0.196690864393546	0.0280534891095562	0.21930282677852	0.0338269392725199	0.385507784692201	0.0461330317427052	0.565662946618266	0.051844351784195	0.73016524708496	0.0641928707827945	0.890780269382859	0.0775348288179546	1.06915072425606	0.080050181733678	1.42694799408588	0.08076578323794	1.59918651887354	0.0932733587441674	1.70628251807202	0.103764729501535	2.08705054774862	0.119647298196116	2.59119330319438	0.140757479785335	3.20837579642628	0.173450718424002	4.44214219261409	0.173810069774788	5.41656577581786	0.215919417558173	6.81748394705548	0.265864401186904	10.2227218559424	0.288538319666687	11.9167743011152	0.303283512681647	13.6151543037724	0.329250905133388	15.307270263832	0.367907253527005	19.6400623956992	0.359558306209841	20.3677911889031	0.443444911708923	25.4809889441102	0.51183581529155	29.7206570593229	0.500327190401444	33.9508699571068	0.589951728682153	42.4367121829938	0.63230192220495	50.9083810769523	0.721601596327097	60.548753261084	0.734225757737394	69.1897507118797	0.808783997312312	79.3406099987951	0.848695664417467	86.4633905007721	
0.0136531277352283	0.0634585111910771	0.0197042251004378	0.0793574139203323	0.0161046209284672	0.102609849492458	0.0189032532048471	0.137818915893645	0.0193070284592559	0.149591540946614	0.0219553426877382	0.173672404735164	0.0268956689552187	0.183257001417211	0.0289633781971777	0.199442835159332	0.0282227464392327	0.222937152882269	0.0341702790326535	0.39227390108307	0.0464910877907143	0.575332810243544	0.0524278963105056	0.742770930364287	0.0647829036006646	0.906715139670003	0.0783881909000283	1.08932759404611	0.0808043744893613	1.45429011017873	0.0821596616984454	1.62796682978393	0.0941021532293157	1.74021420672857	0.104857653123101	2.12632046073399	0.120989440319565	2.64166236960757	0.142320658679713	3.26764423093714	0.175365503584998	4.52555609504758	0.175292128217118	5.51624196661558	0.21843189616287	6.95163956057293	0.268642815283382	10.4237329229645	0.291277172297645	12.1496021397426	0.305848377147956	13.8825612166303	0.33223742908907	15.607696285682	0.372009154430119	19.9735038012511	0.363092497715896	20.7690179735062	0.447342903002793	25.979967341502	0.516240262704327	30.3050880241672	0.506256253696559	34.620949067135	0.595317993816574	43.270983455128	0.638097309644453	51.9102270746228	0.729472059883588	61.7159425355081	0.742304406159407	70.519269503349	0.816502953381441	80.840531011003	0.85806476154207	88.1329388733733	
0.0135561760159581	0.0643638440020937	0.0197948448608233	0.0803807773101601	0.0163933073619546	0.103391199991618	0.0186981441585439	0.140272557859504	0.019532486088955	0.150562109990501	0.0220058836824255	0.175305755278561	0.0270197838179393	0.185842381865375	0.029398680107147	0.202903367747762	0.0283783789969106	0.22639499336651	0.0345229387677346	0.399063475160173	0.0470405708614252	0.585218798903528	0.0530475286815438	0.756022311195457	0.0654488100698013	0.923341575143613	0.079088598915428	1.10882029102228	0.0817573336077022	1.4812145281167	0.0833301112685089	1.65822654653382	0.0948278362946109	1.77298360486721	0.105829024555712	2.16693683326766	0.122251317393339	2.69215285643896	0.14408207954975	3.32719136371521	0.177279453384569	4.60822866474688	0.176818708314051	5.61635401635752	0.220703747256604	7.08418305479029	0.27131484513531	10.6244776317428	0.295067710695365	12.3816048266081	0.30934638150426	14.1499848932937	0.335202298156292	15.9086661998898	0.375907422824667	20.3037284187831	0.366839858069165	21.1713213669545	0.45309858360959	26.4784819402737	0.521542191138282	30.8868740330253	0.51079583111116	35.2888079042507	0.601721898641621	44.1016449211344	0.644982699906257	52.9100651409178	0.736421332468222	62.8841339129749	0.748820842938232	71.8457857109804	0.826502781090473	82.3373153289286	0.866339197467798	89.8010567345678	
0.0135265847741187	0.0646904835517527	0.0195798363364687	0.0817847824044943	0.0164591041036653	0.104807443246078	0.0187570044584516	0.140567379648027	0.0195522749212895	0.152762621402985	0.0221395865052557	0.177508478582056	0.0272571337486386	0.188397989096396	0.0295388502362215	0.20637139457218	0.028599211549179	0.22814160146075	0.0349685935563241	0.405860849063468	0.0475002040481018	0.595477607613955	0.0537077762135171	0.770120962698641	0.0661517252870717	0.940499621159095	0.0799190632765253	1.12832695783641	0.0827583043577529	1.50778108537237	0.0844274292512654	1.68765889963079	0.0956337970290036	1.80560538838478	0.107183282045032	2.20539160620831	0.12334798232686	2.74175812120522	0.145758135430216	3.38773710707648	0.178936695370249	4.69093057110589	0.178911023919238	5.71616804288973	0.222935998077807	7.2170990780198	0.273605447663995	10.8241652894492	0.298829665612849	12.6152252207089	0.312700126790271	14.4161764302495	0.338641377497372	16.2082745205581	0.378903208591257	20.6343181147471	0.371208905605417	21.570875496293	0.457987731291819	26.9816624649226	0.527247117871777	31.4700123221974	0.516183334882521	35.9561675524902	0.608845313373803	44.9335841616526	0.65301949803899	53.9077537148127	0.743611214699893	64.0495685757517	0.75611594019697	73.1777929962508	0.835225477069312	83.8361113035198	0.873841920431602	91.4692416509846	
0.0135411867035899	0.0641903415250668	0.0197325736247164	0.0823630027286295	0.0165411279443856	0.105388006428454	0.0189697500981344	0.141328590297467	0.0198583958152802	0.154277097356528	0.0224419312398069	0.180404760684307	0.0275658853393248	0.190890339154924	0.0296921101055724	0.208545014046599	0.0288232545449912	0.231889825399581	0.0353715452402519	0.412226758700735	0.0479354380995704	0.60643793502039	0.0544237630262826	0.783892312540054	0.0670091437446342	0.956492524481413	0.0808633500092591	1.14875202508081	0.0836736626600058	1.53327336208925	0.085459623984778	1.71803503169698	0.096335539198903	1.83904138062453	0.108584673374158	2.245445227103	0.12466930334876	2.79125442123543	0.147228867083756	3.44834082526527	0.180315894740419	4.77327857490336	0.181436744903654	5.81567054203553	0.225154973169251	7.35089566670178	0.275939426690131	11.024371693805	0.301487016115441	12.8490765827972	0.315223433562272	14.683066459103	0.341884259805611	16.5076183456278	0.381791986872221	20.9708738628406	0.37490730803048	21.9716310316958	0.461558886961735	27.4816373774219	0.531986292490735	32.0541117362209	0.521378505110887	36.6232813315817	0.614830893868711	45.7706345002174	0.659321034927527	54.9094432502982	0.751995233675683	65.2153012617383	0.76516851702396	74.5155372283085	0.842148204666735	85.3334171620623	0.881493136156274	93.1349753265013	
0.0136676192018366	0.0640629977209519	0.0200529546993598	0.0822473513878452	0.0164723388072073	0.106610876566586	0.0193497014322523	0.143503111990588	0.0200239858571296	0.155930776924534	0.0225678631972763	0.183009087725198	0.0277188712557734	0.193529750861764	0.0300101732587441	0.211144946409301	0.0292142369890339	0.235166349028689	0.0356900551488585	0.419454083470946	0.0484517056844513	0.616513214984674	0.0552573271286926	0.79741267095953	0.0676597420558411	0.973860176273889	0.081676026953147	1.16878139666511	0.0845689021477791	1.55986494863793	0.0862906003841054	1.74833747286796	0.0972667137712111	1.87235373979838	0.109672999999125	2.2852103708439	0.126197279428446	2.8410268583959	0.148486429587402	3.50787096140716	0.181998325471511	4.8564778074936	0.183343970373755	5.9155641966441	0.227359177586488	7.48460610804971	0.278930612963168	11.2236048661166	0.303978917930577	13.0821344580896	0.318182728920026	14.9488239997596	0.345210151759518	16.8067796314815	0.386314762782637	21.3042519384605	0.378984276691806	22.370222173538	0.466436996076189	27.979243005404	0.536172161026733	32.6369967056648	0.527080049050767	37.2879960238349	0.619969039131093	46.6055465222525	0.664643349016852	55.9103765518889	0.759001095483555	66.3837608600938	0.771734512978283	75.8535049777734	0.851773070218179	86.8327048749496	0.890344816959068	94.7991145778461	
0.0136425068779889	0.0650751925163724	0.020265899725747	0.083288431733622	0.0166373636090135	0.107095746358965	0.0196404235535389	0.144391215334793	0.0199155420218015	0.158070432230424	0.0226860843873403	0.185414038985016	0.0277556636722216	0.196224678122564	0.030609265249242	0.213795141084813	0.0295222105833972	0.238617451976499	0.0358228660294999	0.426028754874164	0.048969438978984	0.625573819052109	0.0560853100564619	0.809901356845977	0.0680850879091681	0.990479277582572	0.0823663808174587	1.18877118704187	0.085531421705647	1.58668191523895	0.0871502763908615	1.7781346715662	0.0986726502717527	1.90560917188256	0.110670283602332	2.32591102806657	0.127501776660966	2.8905045319755	0.149695254892112	3.56819342019177	0.18373209059245	4.94019764937831	0.184650882074548	6.01593049743683	0.230380468940484	7.6169833611954	0.282136143229156	11.4235318737132	0.307138874060101	13.3148877909146	0.32217882849638	15.2147789807926	0.349178457925643	17.1073788793221	0.39100808813531	21.6374381616392	0.383428963479984	22.7705381247064	0.470831678897808	28.479420946215	0.541084493411083	33.2152846670988	0.532398900128074	37.9552141110497	0.626206652456677	47.4347476745313	0.671779775332234	56.9077857290247	0.765388582718083	67.5491284676485	0.779677778826598	77.186249870488	0.859271648558054	88.337699732303	0.898581121907511	96.4665544362385	
0.01364357642266	0.0657484295664781	0.0198783543487697	0.0842947621074839	0.0168018671939562	0.108245311227617	0.019678033548975	0.145731563078984	0.0199715026997959	0.160076631928094	0.0228188881710179	0.18751220678256	0.0278954392057421	0.199091187007672	0.031056616788245	0.21726743162019	0.0298519631212979	0.242557848498708	0.0360484856205543	0.432200920321283	0.0493495525669487	0.635220748860076	0.0567513388868376	0.823030443387377	0.0686459504873867	1.00707823904154	0.0834407643502151	1.20880568090009	0.086575205668883	1.61257885159528	0.0879978846077929	1.80810172021092	0.0998384744427858	1.93892188030235	0.111575490599073	2.36651436208481	0.128769156896564	2.94053308283183	0.151043063557549	3.62793543220932	0.185430148220802	5.02401574578999	0.186015981785496	6.11649330728347	0.232727540813806	7.74992592711703	0.284680676426013	11.623676810782	0.310141414124468	13.5483759372161	0.325679022546314	15.4807693520818	0.352633589900637	17.4078961707801	0.393926071760967	21.9729787681746	0.387127775017592	23.1717500081491	0.47428337286326	28.9803011042138	0.54514144641915	33.8003899094551	0.536969925517954	38.6223688683325	0.632716794563569	48.2671451257344	0.679042927147219	57.9066850222091	0.77217313455736	68.7160681476344	0.787440236539843	78.5217291261517	0.864817610182671	89.8397367092999	0.906046693202991	98.142458153787	
0.0136694452853007	0.0662657937840187	0.0197667130865866	0.0843026346932486	0.0166079503829332	0.11018970166829	0.0196528388969381	0.147567039715303	0.0202298672885266	0.161669440837591	0.0231413217372817	0.189609006700138	0.0281070116700129	0.202489204571251	0.0311699328070686	0.220975623242129	0.0299912148979179	0.246114452826913	0.0363295375895968	0.438841075339918	0.0496490824968723	0.645801445920065	0.0572545115000261	0.836726181480855	0.0692750515481225	1.02341340339377	0.0843353508702754	1.22828452445362	0.0875163320079206	1.63959675103224	0.0887276506291032	1.83869508325732	0.100666675177778	1.97196986029289	0.112601056035863	2.40634004179019	0.129804846569364	2.99052950306085	0.1525041816367	3.68690421369603	0.187356219969513	5.108250609034	0.187791838728775	6.21585238275959	0.234200104052807	7.88316325661952	0.286830030634926	11.823857138107	0.312877832551785	13.7828084445633	0.328395836796328	15.7475345837163	0.35539896401991	17.7074746891275	0.397037357525473	22.3059004957546	0.390763695502822	23.5720473328669	0.479219412159943	29.4784077837172	0.549379760919233	34.3863221662184	0.542314488074573	39.2894044163314	0.638640588892282	49.1013269909056	0.683991183337889	58.9033528666108	0.77920975724564	69.8815996679544	0.793606113422034	79.8545634258292	0.871852199799195	91.3393745994585	0.913291773962789	99.8063738877244	
0.0137224224139418	0.066275172492938	0.0204592366225696	0.0848694463163866	0.0167159293376804	0.110425115265715	0.0200140310136643	0.148613584304989	0.0205057076579249	0.163582173588188	0.0233500519301955	0.191871160022602	0.0284314429493971	0.205072504095636	0.0312360290017279	0.223944810436211	0.0301676217436358	0.248739458138362	0.0365394387867687	0.44530934314404	0.0501380765678422	0.655763453781592	0.0576696510998295	0.850815927212342	0.0701809733698955	1.03867859457391	0.0850761053105696	1.24903811572061	0.0882689773391288	1.66649695458442	0.0894954707790372	1.86846119906612	0.101311963262255	2.00605999019492	0.114033138759998	2.44643417521495	0.130698483122896	3.04224537751159	0.154155050122172	3.74693912664939	0.18961805233158	5.19091479683054	0.189809174851321	6.31512810486925	0.236004430118599	8.01615425131273	0.288895743927356	12.0237115025463	0.315546256657349	14.0173368781312	0.330582005814101	16.0161242761878	0.358307052625534	18.0078150293046	0.400248596996608	22.6397293314792	0.394212137944789	23.9712922631254	0.484366418409883	29.9791463806915	0.556033533145474	34.9670352915214	0.54723626126705	39.9574569685335	0.645869471109994	49.9336052328248	0.689895301084635	59.9024682266222	0.786742559827974	71.0443521218438	0.800317341157792	81.1863099407912	0.881759140453214	92.8350711326686	0.919933275960427	101.46930614507	
0.013779979086342	0.0659638488333294	0.0206396252717558	0.0863299419429542	0.0168470063649001	0.111600953616063	0.0204316677803506	0.149100345846258	0.0206628253025857	0.165831564881603	0.0234573736134901	0.194131814497869	0.028848051563606	0.206745843300182	0.0314248535438929	0.227448373035928	0.0305556373693877	0.252125586787764	0.0368302397124899	0.452230612047705	0.050768439102105	0.666305093502963	0.0580591961304093	0.863919111345866	0.0711125842406558	1.05625928639521	0.0858539947455942	1.26906085163188	0.0887399217964606	1.69324605105605	0.0902668831216409	1.89868517631391	0.102061808298553	2.03822577491855	0.115266090316604	2.48604658206087	0.131823373009474	3.09154446999599	0.155898368028357	3.80789069380327	0.191751577441596	5.27426397234816	0.191808295980643	6.41465481840084	0.238606045787587	8.14569655867594	0.292928047402953	12.2209395374499	0.317988324335624	14.2507877715314	0.333142265492718	16.2818305941052	0.361418894680696	18.3078890112382	0.403466004800524	22.9732657319293	0.398243428525358	24.3696431237547	0.487917536139045	30.4794118658203	0.561255808653155	35.5518164336372	0.551823638059129	40.6225330139285	0.651251918890961	50.7674853494962	0.697247782573054	60.90392306883	0.794649415073192	72.2046011807714	0.807222749869125	82.5202916298261	0.890312864394123	94.3364748103449	0.928045824547135	103.132849349995	
0.01392083222848	0.0671492186876996	0.0202709616727681	0.0872386435221862	0.0167914573955099	0.112298877989182	0.0203623795503132	0.150766671027997	0.0206621474932874	0.168062184205265	0.0235989483239856	0.197196447699401	0.0290846653536565	0.209841646702653	0.0314705126402181	0.230152235172254	0.0308203943918475	0.255732424324951	0.0370453427653485	0.458976268446734	0.0510198298877066	0.676245040662051	0.0584827762747137	0.877731672209248	0.0718069005100072	1.07300481473739	0.086658018427994	1.28922084120107	0.0894381267246412	1.71885346252074	0.0908467777598262	1.92959984563329	0.103391870559931	2.07079552078974	0.116126857731545	2.52539332915499	0.133353388979551	3.14138163407232	0.157544864492751	3.86844481906732	0.193339939312981	5.35682478334382	0.193647933726966	6.51512589297824	0.241110829124123	8.27949780397058	0.296923649877226	12.4213797037609	0.320749462194536	14.483589533128	0.336721420699975	16.5471960479765	0.365214599508843	18.6064617012527	0.406348734199562	23.3066456701942	0.40295817531877	24.7682845570135	0.491161497922675	30.9794184432857	0.564681516084714	36.1374841948018	0.558128380519623	41.2874861247495	0.655805570623864	51.6015554559639	0.703312349152522	61.9060819908707	0.800731884201515	73.3756163281503	0.814864635066193	83.8495943544683	0.896209936423053	95.838057301947	0.936437600804943	104.79853832203	
0.0138200605230417	0.0676008882870621	0.0203641866087027	0.087221355847716	0.0169467260607228	0.112574433042858	0.0205382171804045	0.152262622394334	0.0208699759913237	0.170246339265809	0.023756758599068	0.199340745066028	0.029367043869479	0.212311281222588	0.0316546875063974	0.232404085739226	0.0311079543703029	0.258683377970119	0.0372279680213497	0.465355536741547	0.0514009026913603	0.685394760654111	0.0587461892415245	0.890231592173718	0.0723402496859912	1.08961565055862	0.0873874375258357	1.30964101900218	0.0902173615162384	1.74588626311819	0.0918268418925389	1.95832253096211	0.104719067968286	2.10472895567603	0.1169861450479	2.56589864147691	0.134725139739473	3.19135011462543	0.158700076036352	3.92830301357053	0.194563120480796	5.43957139318429	0.19545210239055	6.61558486036274	0.24329321730126	8.41536565396013	0.298767355323214	12.6244191912541	0.323806895799843	14.716112829288	0.340203520074829	16.8145079659363	0.370049648595311	18.904842538826	0.409443323524319	23.6405490117213	0.406676287914336	25.1697534854746	0.495781001583639	31.4778399098043	0.569072011615901	36.7204622964988	0.563864742565221	41.9541752207671	0.662247846596825	52.4350406918824	0.708678318987642	62.9070152924615	0.805645411850389	74.5467655859736	0.823248082678302	85.177928503679	0.903011605243309	97.338596712315	0.943401760466882	106.465873872299	
0.0136895789216313	0.0672920020731385	0.020812099401985	0.0873548405597656	0.0171659833528847	0.114157484893658	0.0208616642410016	0.153319426083768	0.0210583295840366	0.171638186235548	0.0239095175522047	0.201976053132969	0.0297817139575706	0.215179987446791	0.0320704295904297	0.235921516313497	0.0314176739791288	0.26286423032814	0.0376244985620713	0.472268249119464	0.051864878393652	0.695429411673007	0.0593074210775075	0.903137976215041	0.0728235468974947	1.1065240439283	0.0882911266996313	1.32904279561632	0.0908908185842022	1.77340870653598	0.0930112086728008	1.98810808812872	0.105573396489603	2.13797879982503	0.117859098580109	2.60616600089232	0.135954741718747	3.24172092651167	0.159686548395953	3.98844037200223	0.195934432031861	5.52349053809051	0.197167369949154	6.71602380431284	0.245521998704303	8.54886980736758	0.300409953306062	12.824002540837	0.327186531035716	14.9485048089712	0.342827892555525	17.08255376605	0.373527589966974	19.2069132762646	0.412767169030701	23.9738171912826	0.409578704087231	25.5700191452264	0.501060951267626	31.9770064343473	0.573693076348028	37.3033174636217	0.567388565773131	42.6227940170676	0.66863785456398	53.2682465310419	0.714893340741066	63.9052887369055	0.812767082724312	75.7121927981702	0.829204060391845	86.5156429334157	0.911371882483738	98.8372436753014	0.94948840973124	108.131689504199	
0.0137996246434306	0.0673233760008807	0.0208568317872375	0.0879571297505453	0.0171059960064094	0.116038181604401	0.02109194344555	0.156096455246387	0.0210539705432636	0.174301332114999	0.0242683174810341	0.204207109014067	0.0299526706788299	0.217736555104171	0.0322938790834684	0.238783557760842	0.0315794323852715	0.266454478682755	0.0383105012000077	0.478926885069561	0.0522181492160385	0.705203059552764	0.059858733876935	0.917464045038612	0.0735577113254327	1.12269191947101	0.0892932098504794	1.34903281882372	0.0914654465786678	1.80014639430661	0.0938476417376726	2.01841355609792	0.106403382034464	2.17136857518421	0.119001709678512	2.64650949592459	0.137014757534347	3.29174575207787	0.160813043917564	4.04896795457416	0.197626382189361	5.60699245050312	0.198669409614693	6.81597659790208	0.247144312114793	8.68299794687038	0.302384860272367	13.0224254625472	0.330507101307721	15.182648606334	0.345345004452051	17.3500016570993	0.37592198555912	19.50781240996	0.416178605928945	24.3065601049368	0.412693991939768	25.9697856161019	0.505607761793396	32.4770372261985	0.577834012067968	37.8853307151771	0.570639638544955	43.2904330620662	0.673504288525085	54.1008824008127	0.720580933314098	64.9073321749524	0.82123962084059	76.8772176790337	0.834799661128749	87.8509806280548	0.919422968777687	100.335518109276	0.957002570276351	109.792364235731	
0.0140028816856651	0.0674736172425199	0.0208135253638046	0.0890113795789782	0.0169281064238405	0.116871860788236	0.0211724008046067	0.156425677760877	0.0210826214410633	0.176556922524006	0.0243315274211716	0.206480263583921	0.0301213922855679	0.21990690039782	0.0325458918092049	0.242504103958223	0.0317255954136041	0.269110668747057	0.0388105012162797	0.485695067832294	0.052669119985162	0.715684046894345	0.0604183662915383	0.930448485549512	0.0741863044020892	1.13955945106468	0.0900543072309412	1.36871958013215	0.0921958423748616	1.82671574552987	0.0945829490701092	2.04816349017775	0.107140097386934	2.20522820275997	0.120027947247896	2.68643505997135	0.137913841053119	3.3412879197427	0.162068131760336	4.10823359511742	0.199410368487362	5.6909963457596	0.200355467227293	6.91520295991762	0.248991887794067	8.81550279120273	0.305639069552913	13.222141991252	0.332980169198841	15.4153255707115	0.348325119243707	17.6144749039865	0.378365429845591	19.8070780039372	0.420349513000867	24.6388820608072	0.417825348216141	26.3678179644258	0.510582833421732	32.9736295752674	0.583053590253012	38.4675265059485	0.575293257445207	43.9547454229863	0.678535967641829	54.9340733388116	0.725494536077248	65.9072000435684	0.827125390877532	78.0484414426593	0.844055380603194	89.180924102598	0.926673122795179	101.83501443841	0.965546382520505	111.454275763583	
0.0141546931890667	0.0682147389739416	0.0207897301047032	0.0904953474436943	0.01732393137203	0.117198078332374	0.0211486244171567	0.157720929121917	0.0213498988319671	0.177697443377773	0.0242761144088699	0.20809235378018	0.0304317232931155	0.222521239155913	0.0327703151600698	0.244722514225588	0.0319476290693152	0.272488662876232	0.0392635003914291	0.491808152506393	0.0531888048108566	0.725692970128339	0.0613936516975324	0.943293809757437	0.0749966045641989	1.15607179952831	0.0909278285730853	1.3896664208242	0.0929066666191852	1.85345925406631	0.0954544098348475	2.07834742055673	0.107859779993252	2.23888503485475	0.120916674686634	2.72585119059399	0.138818312156583	3.39152392269266	0.163594059509508	4.16712065305209	0.201467438728065	5.77264492633675	0.202233785227497	7.0154067449288	0.251077138386146	8.9495871585466	0.309178997392186	13.4227600401662	0.335078898714775	15.6488155796581	0.351046917553804	17.8814217435144	0.381522339013528	20.1066807366703	0.42386452575207	24.9726904074361	0.422958530318409	26.7680556845017	0.51498941995451	33.4730047160572	0.589351954830331	39.0507393009231	0.581468840854382	44.6198065672208	0.683863187833911	55.7677113116252	0.731553724030189	66.9040280754453	0.832032743412437	79.215403474386	0.851474102217424	90.5158743670645	0.935970644013906	103.333564543853	0.972901333587488	113.124524490727	
0.0141964404358945	0.0691098345130813	0.0209047652271377	0.0906549237385091	0.0176690081113499	0.117963087031508	0.0211375305753771	0.15951998231615	0.0215299264124817	0.180494888876487	0.0244243493258012	0.210493288711585	0.0305242111337935	0.225327430355265	0.0330040593997427	0.246955243576858	0.0319829507411482	0.27624861565818	0.0394928857969639	0.498975698011685	0.0539827863067667	0.734861724024614	0.0627836959670361	0.955846349444874	0.0758992081360152	1.17268717554688	0.0917434909558952	1.40939998108979	0.0936764375377656	1.87963384095201	0.0962190403155502	2.10817791403544	0.108859702149744	2.27139005381007	0.121834708696096	2.76551365602592	0.139851265615294	3.44159764269171	0.165477881760068	4.22592435762028	0.203377281878194	5.85545672875435	0.203805152024706	7.11557793365142	0.253152912299521	9.08294136902666	0.31173271401173	13.6220202208311	0.337413894067007	15.8820597194566	0.353783760710744	18.1479867408048	0.385518563451099	20.4032194182785	0.426370635309184	25.3069606900401	0.425665992628582	27.1692675679443	0.517879614823484	33.9772935145173	0.593788444926055	39.6376140560871	0.58696436686589	45.2869687750839	0.689688976899244	56.5996915303346	0.738045233049673	67.9045664962831	0.838255335427055	80.3789903932626	0.857118597235368	91.8511226547407	0.942373237145988	104.836726558466	0.978999462066171	114.793782290698	
0.0140627307569264	0.0692494092013647	0.0212643861029961	0.0914977196968021	0.0175967964524674	0.119305122797786	0.0213625020939808	0.160804188774057	0.0214497061448675	0.182342225323154	0.0246603069234267	0.213329806100832	0.0308294967143768	0.228373830007881	0.0331537006414116	0.251209088338198	0.032207383088007	0.278377065989877	0.0396811661309634	0.50564760530784	0.0546277038180177	0.7453727465178	0.0635835717511437	0.969736850362517	0.0764750530344068	1.18952956143222	0.092458986883074	1.43035392311612	0.0947440619532568	1.90586861455624	0.0970305265606017	2.13784053662804	0.109980986202705	2.3044515379773	0.122960595796334	2.80484061251628	0.141002695800068	3.4915209541021	0.167270576750739	4.28650595689898	0.204869119591772	5.93919473142841	0.205449783762977	7.21524294857877	0.255859972860732	9.21532234746247	0.313979312721536	13.8229148725369	0.340897886090194	16.1145289989098	0.357103223142493	18.4136725696265	0.389076245107095	20.7014214419259	0.428820450258227	25.6402903368885	0.427792163453457	27.5694494086684	0.520708321307926	34.4780097597508	0.596947841027619	40.2215756343762	0.591121033357469	45.9572378749082	0.694916442632432	57.4327036544077	0.744552878149573	68.9051794229235	0.846345356514464	81.5447603321504	0.863474674739768	93.1827946639002	0.948034167632352	106.335038245342	0.985204281567065	116.460238672499	
0.0141104636095919	0.0694056021760496	0.0210989748037736	0.09260408720715	0.0175820657720143	0.121092774566979	0.0214513252807285	0.161603394472353	0.0215129072127025	0.184704102915942	0.0249131531363054	0.215536691251884	0.0309714992177114	0.231708008322385	0.033418286093881	0.254257889056713	0.032429579160554	0.282404628480163	0.0399867861683974	0.51217064651828	0.0550470402513057	0.756147682533031	0.063873447338027	0.98363777045097	0.0770029378032274	1.20621478664056	0.093190539341171	1.44990412925854	0.0957350764807901	1.9319529795718	0.0980798438081224	2.16752178567125	0.11075932821392	2.33813840522367	0.124212977041096	2.84569749909342	0.142477967031272	3.54083494774698	0.16846637318729	4.34751410189658	0.206117871050395	6.02317068700898	0.207171075820323	7.31455406094458	0.258508043243279	9.34870729158603	0.315886984024366	14.0252158212635	0.344324755166636	16.34751981898	0.360370707285425	18.680729305213	0.39149766607389	21.004915240191	0.431519601928925	25.9745419930419	0.430417059185948	27.9686868883467	0.524954482980804	34.9763753469176	0.599995768762673	40.803816128629	0.594906757381572	46.6239195203456	0.700643686750413	58.2633315928031	0.751376991512737	69.9038775504413	0.852781307255504	82.7120725411484	0.869516123831938	94.5161728559355	0.956702475723117	107.832016278354	0.995017817094406	118.123737173943	
0.0141417469386776	0.0703479841614779	0.0211087097498678	0.0930253069253434	0.0177266756635196	0.121090438984695	0.0213714181761529	0.162592837349395	0.0217867306779141	0.186322246708648	0.0251030347092241	0.217564893444333	0.0310823908074171	0.234649386807787	0.0335966946355788	0.257329565384881	0.0327389436211583	0.285589489599601	0.0404731529114422	0.518847355946232	0.055311284615606	0.764881101354012	0.0643250606848011	0.996787928164619	0.0773879430436922	1.2237886099582	0.0938705434933558	1.46879915000084	0.0964983123670535	1.95981326023749	0.0989819545705809	2.19816020144506	0.111489769560511	2.3710734623574	0.125381244880327	2.88640583972696	0.143907464791003	3.59086256728078	0.169433076656499	4.40752526612541	0.207565145292987	6.10689099455496	0.208636093064749	7.41411197378094	0.260444002648737	9.48185847375446	0.31808186111786	14.2249146548402	0.347301761951534	16.5816822427935	0.362766031269432	18.9473334180497	0.393473603391345	21.306721482031	0.435398885990859	26.3058897855455	0.435006195368923	28.366057997674	0.530883480815784	35.4743050751403	0.604867356686497	41.3848235518517	0.599659075456196	47.2880418914695	0.706450397157621	59.0928307682916	0.756125563455409	70.9033207359835	0.857974532445192	83.8761213960001	0.875049831859342	95.8497075101558	0.963404222315449	109.331333793562	1.00318206023377	119.79102057015	
0.0140232433628741	0.07076689012526	0.0215616966301116	0.0924401307860595	0.0178750964396974	0.121632781563539	0.0214586885338415	0.165277912964053	0.0217806754440715	0.187757429279878	0.0249426736623788	0.220464682557988	0.0311114931332767	0.236938170133854	0.0336230596559549	0.259706562416872	0.0330462956566552	0.288434970968203	0.0408396831683566	0.525629654066067	0.0555394342870443	0.775311040579396	0.0647739222178318	1.01017138217213	0.0781669214596593	1.23974274698019	0.0946249586546996	1.48936973639061	0.0974032544636547	1.9871494391492	0.099779457586304	2.22895717487967	0.112278174221133	2.40417825302229	0.126297680964347	2.92613140226032	0.145077222347623	3.64168483776362	0.170550010795619	4.4681697296749	0.209053271927659	6.18908626145745	0.210062597358663	7.51453787921562	0.262088630623842	9.61566716962934	0.321232527141737	14.4232397876847	0.350260723197351	16.8144011166848	0.364709731528224	19.2145335773059	0.396480290643802	21.6056033711256	0.439443502324926	26.6391952180081	0.440146552901285	28.7650272564635	0.536166277710045	35.9768318113728	0.61114766063731	41.9667436711541	0.604608316029022	47.954269051512	0.710537158104896	59.9301008989736	0.760297561687371	71.8977571316023	0.863289660472605	85.0398647770618	0.880364473238496	97.1843001467706	0.967983832144018	110.828960027055	1.00803153965556	121.459406652233	
0.014170591089552	0.0706710439401608	0.0216281449731186	0.094161571344108	0.0178041512318168	0.123952727814588	0.021646619522928	0.16634832269358	0.0217513513411977	0.189960152583372	0.0250981571575136	0.22313941176141	0.0314046590450041	0.238399473391679	0.033908123241705	0.26261033875511	0.0331299389509167	0.293284629318353	0.0410895693208481	0.532426038439173	0.0558562411529892	0.785926371195984	0.0651120557741578	1.02352480102803	0.0792716958292609	1.25600212496151	0.0954101911258662	1.50872168724938	0.0981816047665594	2.01393217964724	0.100648714882572	2.25843842240948	0.112711967487444	2.43864137759774	0.127147500333149	2.9658192462312	0.146137234368083	3.69174761472293	0.171435942825963	4.52871873266503	0.21064949460106	6.27261983883609	0.211655740023138	7.61295538761353	0.263587686081511	9.75000951331413	0.323697187730789	14.6240291999445	0.352244767346133	17.0487814699704	0.366920106836313	19.4820764632532	0.400921467801174	21.9045914309887	0.442139559557035	26.9748326820867	0.443205032483512	29.1667159770417	0.53941730441361	36.4789487656921	0.615544991293317	42.5518563640906	0.608332379691144	48.6213716547331	0.714414000864176	60.7656201432985	0.766259746279202	72.8982806512797	0.870071732063072	86.2065958408009	0.886488734032453	98.5172015016703	0.97449990249086	112.329670800769	1.01283403753207	123.124670941195	
0.0141840297112677	0.0704352956487011	0.0213450018560089	0.0947904759865762	0.0176596412581257	0.12522962193544	0.0218436146788439	0.167726534519397	0.021914043370578	0.191035378996611	0.0255875343513184	0.224722718270714	0.0317883553683567	0.241777627591914	0.034427375424415	0.265577008467977	0.0333117901905491	0.296035377723318	0.0413226479471808	0.539041164164805	0.0561999316812155	0.796006016734629	0.0655186335101439	1.03683118809616	0.0799130177688796	1.27291028550056	0.0960754707072199	1.52934326354769	0.0987528003833115	2.03861385651674	0.101407008353422	2.28797438513795	0.113559966822019	2.47151845990395	0.128015677923858	3.00609754868634	0.147028096275919	3.74165136836018	0.172672788667154	4.58850544816404	0.212585257838028	6.35543676352761	0.213218785878042	7.709934002702	0.265111926707734	9.88261121518964	0.325199233950394	14.8239608641538	0.354169424869694	17.2835827810397	0.369547912142927	19.7476263189855	0.404018832950372	22.2061890565819	0.444660650686356	27.3070801321547	0.44577295497063	29.5672517203273	0.542180243522834	36.9779551027598	0.618620217784031	43.1362314495831	0.611875212004847	49.288619544269	0.720900401727953	61.5966876659282	0.773310810870458	73.9012032577953	0.878135674599105	87.3739453027002	0.893926193158446	99.8466755896581	0.983537621410542	113.829636516458	1.02021466131498	124.788303553083	
0.0140074759799676	0.0715528826851571	0.0215065809992932	0.0956258795722843	0.0177268867106686	0.125801177482717	0.021777059547331	0.169346715580138	0.022313468800933	0.194010299645021	0.0256711456692035	0.22761840374447	0.0320106288003412	0.245031595753489	0.0347103401263074	0.269005992505691	0.0336545851939177	0.299154114943099	0.0415182360172856	0.545395286751297	0.0565836758381612	0.805727044891419	0.0658571616969488	1.05078577564542	0.0803471688435239	1.29015290724333	0.0967416868614819	1.54969405782029	0.0994573303771319	2.06463524084619	0.102029872413782	2.31893108038652	0.114756757445454	2.50439484371826	0.128803139279847	3.04636164847289	0.148042918187908	3.79114161479394	0.17459542569241	4.64797039172881	0.214412661704806	6.43954869219761	0.214868573822641	7.81033289978329	0.267313351054321	10.0145637852615	0.327092925580389	15.0228131255504	0.356311226544325	17.516087450749	0.37285023810247	20.0141466127945	0.405876364461977	22.5074365049037	0.447546607275285	27.6400204861853	0.448090238092293	29.9685232084119	0.5454676755881	37.4775425850865	0.621806763367714	43.7192728812121	0.616159907868017	49.9541612509291	0.727803275301234	62.4307875747168	0.77935751961018	74.9023153733119	0.883887755489108	88.5428295841296	0.902047730399571	101.179316174249	0.989712427097448	115.332388749158	1.02909933005821	126.454528966896	
0.014173702764155	0.0713866125096552	0.0219658019367702	0.0963647603088673	0.0178685128898367	0.126077387372547	0.021833843879738	0.169937581518006	0.0224994947071143	0.195941644294311	0.0257096606060494	0.229004284429248	0.0321716010887396	0.247388074585983	0.0347658058543731	0.27141421794628	0.0338252385455781	0.30247064178527	0.041832973662003	0.551691725548564	0.056786665413999	0.815373159792173	0.0662647079502078	1.06350193705991	0.0806664775038371	1.30758260839939	0.0975873036750138	1.57001656317103	0.100444785672081	2.09220588020493	0.102925307252284	2.34811663301294	0.115585981357622	2.53857973568776	0.129906993415404	3.08546578604786	0.149029678259258	3.84158064605553	0.176379019915274	4.70861019866565	0.21592474624606	6.52318098976447	0.216672182871949	7.911840536337	0.270085816723731	10.1477298685904	0.330079552272711	15.2221673697909	0.359276847005592	17.7481525362241	0.376156093690181	20.2794766764097	0.407693454192895	22.8083766167905	0.450819792410342	27.9728490815123	0.450910410801144	30.3658570648381	0.549576437250497	37.976571273895	0.627067859162361	44.3001126663793	0.622177105329796	50.6182873473431	0.731994353323649	63.2662583902701	0.783678157289215	75.9042023491738	0.887883527468781	89.7101864966091	0.908337214369954	102.512992389494	0.994517124461216	116.834686496464	1.03495325026816	128.12387617383	
0.0144188218336329	0.0712841452034416	0.0223130674405804	0.0957057550311789	0.0179496301476914	0.126628832173934	0.0220585328801817	0.1717732327773	0.0224690015397475	0.19846632870694	0.0258297025113788	0.231391977118424	0.0324105331269496	0.25003876402659	0.0350733271606581	0.274840728158522	0.0340877728735769	0.305567056368151	0.042075577488944	0.558551789099685	0.0570116024358212	0.82609728052184	0.0667925125729041	1.07644115022043	0.0811032205743609	1.32391637576783	0.0986710424740236	1.58972160168412	0.101485277730149	2.11918955353889	0.103960859083546	2.37675410233023	0.116222258872884	2.57182608737726	0.131758258887154	3.12422929240734	0.150334077353661	3.89203970075152	0.177713912519	4.76790983248127	0.217239543079694	6.60608685575764	0.218436816586548	8.01429253393652	0.271950077797849	10.2816372846535	0.332845144371061	15.4217954228554	0.362377381399033	17.9816779354268	0.378720940385696	20.542513823955	0.40989209675151	23.1068449986816	0.453913586793073	28.3056068963269	0.454667182378604	30.7649976869732	0.553418169830048	38.4765238346536	0.632150068629361	44.8826586344222	0.628388887850552	51.2851552572866	0.736734017454195	64.0978474535168	0.788875060202102	76.9041447235922	0.89330612067447	90.8770293190519	0.91259416345813	103.849358264207	0.999407144191998	118.334138122116	1.03942496353545	129.790973305531	
0.014201087659152	0.0726598104442147	0.0221492392078395	0.0968976150394328	0.0183073967493845	0.127824475679967	0.02206179483023	0.173259783606846	0.0226588532797842	0.200792859699317	0.0259756111664112	0.234318163405049	0.0325614672771879	0.252732206992108	0.0351726043341905	0.277965693597725	0.0344055179509836	0.309074009563955	0.0424150664310385	0.565172560968156	0.0574928627284415	0.836090022026869	0.0673152863365585	1.08966674505904	0.0815976979321412	1.34043640764235	0.0999108298365042	1.60872442300931	0.102116459429537	2.1465506453283	0.104894801741552	2.40739670905542	0.116926303825167	2.60497162340285	0.133264596015647	3.16529130277179	0.151900705212039	3.94182960020943	0.179020299314795	4.82805045054183	0.218548620041471	6.68934802129614	0.219842462432877	8.11411913332289	0.273491491907616	10.4153081447939	0.334267943293211	15.6229396689992	0.364714662595219	18.2148010032963	0.380729106921321	20.8107924547013	0.413717149361405	23.4052519132857	0.456713969482225	28.6393612262491	0.457815793392412	31.1657718488266	0.557061803685904	38.9770389142205	0.635234223174109	45.4687026498891	0.632639352250999	51.9542248136918	0.743242790476154	64.9302933334915	0.796390163656799	77.9028279499496	0.900116007849334	92.0430004236062	0.917685952426789	105.181939244156	1.00631918001124	119.83149613472	1.04716172229529	131.453927914618	
0.0140891536422641	0.0733214932741779	0.0217875701404464	0.0983468402081913	0.0185877918755367	0.129664376098306	0.0220623970496006	0.174058800130254	0.0226022394070543	0.203044870337348	0.0261184204308402	0.236405941135614	0.0327915253799357	0.255446517403071	0.0354404408620643	0.280336054956688	0.0346657409051479	0.312546794864426	0.0428252628762025	0.571850434549272	0.0578504638253719	0.845761922920182	0.067805310432832	1.10297092023615	0.0821419634892958	1.35702279624715	0.100880726592596	1.62998151051929	0.102729371848327	2.17243186561693	0.105632732225516	2.43819996891711	0.117641783957683	2.63745219514176	0.134093197548212	3.20569999038118	0.152959373293275	3.99168934885712	0.180217572078076	4.88793774887412	0.220267045290039	6.77185248727872	0.221295206108845	8.213630945694	0.274944446854071	10.5490870383478	0.335722169980939	15.8235819322993	0.366771965584898	18.4487361844123	0.382493859385174	21.0803134697032	0.417604911788304	23.7063857402588	0.459341118389697	28.9728659617331	0.460802389979498	31.5655159679613	0.56052461176686	39.4781910183983	0.638199508970017	46.0542698282205	0.635793407002117	52.6234322058316	0.748128419827936	65.7665166576493	0.802322255202182	78.904148681713	0.906115842337762	93.2081743160746	0.924882986680147	106.512322302934	1.01593846167266	121.327505592301	1.05674631650371	133.119460424468	
0.0142810992261053	0.0728994804766422	0.0221866550850924	0.0979054078807057	0.0184570983858685	0.13147437233227	0.0220791061000378	0.17522481593829	0.0224451843516318	0.204717059940646	0.0263191856722235	0.238736823150437	0.0330081944546229	0.25790063958211	0.0358734990646057	0.283496294236729	0.0348371694111422	0.314932988706405	0.0431093363263511	0.577834356429938	0.0583015203984097	0.855384871172992	0.0685088710304596	1.115948899697	0.082493235443132	1.37314270867955	0.101667039168031	1.64990110246032	0.103616240186774	2.19860668533326	0.106351163847338	2.46845048885702	0.11834399755725	2.67072136423326	0.13484633958866	3.24582299480438	0.153915502971246	4.04147785133124	0.181200956573646	4.94712143303471	0.222213953050194	6.85463728134293	0.22262985418505	8.31402937711403	0.276151188053764	10.6825464882738	0.337784665582969	16.0237808860748	0.369050851048161	18.6814662341741	0.38552736390829	21.3474912772186	0.42018350669385	24.0070185157105	0.461865284158268	29.3061993338716	0.463637082883346	31.965440763667	0.563775708505884	39.9796076181746	0.642438733075403	46.6356535057454	0.639055388736548	53.2888472526276	0.751400717947503	66.5993425172164	0.806289077703687	79.9039792974277	0.912259493349457	94.3744583449991	0.931235537350348	107.845156602611	1.02199556155614	122.829520217557	1.06191362632661	134.788226486143	
0.0143511301727992	0.0729009356680959	0.0226335877930558	0.0987447986909971	0.0183715148061577	0.132385147559324	0.0222213624076952	0.17602095118262	0.0225469137920984	0.206056723744854	0.0265403450430452	0.241762719155471	0.0331907744716349	0.260184824503183	0.036138343730342	0.28622669906517	0.0349704574549089	0.319009765771656	0.0432996200516283	0.584935981762377	0.05896102822452	0.86551189774537	0.0690396752510891	1.1307244480568	0.0828310284497121	1.3899016247831	0.102481657477115	1.6687067162397	0.104424330969411	2.22584414405675	0.106922468146518	2.4988665513767	0.119251734910875	2.70421102393382	0.135624331250866	3.28528708853734	0.154751542281641	4.09163702017245	0.182329762991789	5.00727741791702	0.223605207453977	6.93921673392319	0.223881775123559	8.41405900481203	0.277782088726987	10.8149302606772	0.34059994761161	16.2221842500118	0.372184957266003	18.9135126931985	0.390013820176599	21.6120557937138	0.422435602313861	24.3075581589092	0.464442196521857	29.6395736842013	0.466426361029166	32.3647657876631	0.567665388115374	40.4775745992985	0.647162482288744	47.217119139653	0.643299059604463	53.9530925583255	0.755182557494793	67.4321981791044	0.811296699788916	80.9027072272666	0.917045619952257	95.5417780045774	0.938461442100096	109.175599266031	1.02587626296452	124.331311325406	1.06599529574403	136.449482362934	
0.0142758263701672	0.0733320943439182	0.0222968999258384	0.100493065703495	0.0185334026996118	0.132406786256241	0.0225061215862971	0.177421325574277	0.0228484944870716	0.207498454677626	0.0267525657573082	0.243225710435382	0.0332611504878917	0.26355679413974	0.0362651158135348	0.28952471587205	0.034950807581717	0.322240872875493	0.0435833986596005	0.591594588608645	0.0595718992948348	0.875426815611454	0.0694701568041907	1.1437350238062	0.0835505818583251	1.40666054088666	0.103078223560691	1.68979476871042	0.104974400429901	2.25260360149153	0.107559549911217	2.52861788244032	0.120183580975492	2.73762967029145	0.136476136726182	3.32557749818538	0.15576363428925	4.1411414692748	0.183548119527421	5.06778451139328	0.224803535693838	7.02265531640373	0.225233288991792	8.51405603622146	0.280598996105689	10.9470579193847	0.344020632234698	16.4215226617693	0.375035374655359	19.1470976970431	0.392858955174108	21.8802748198182	0.424882552517606	24.6081443682345	0.46699855975919	29.973802988614	0.470915105149439	32.7610658760806	0.572713396029762	40.974673587824	0.651673703183613	47.8001978241832	0.64790400614038	54.6198226325345	0.75976477324329	68.2648452247456	0.820181351504282	81.8983506168848	0.921325826714873	96.7092317746002	0.945057508356231	110.506176039894	1.03136483153848	125.829749672145	1.07218796223618	138.114687047254	
0.0142846248015612	0.0740235140112381	0.0220232987062052	0.101199939504053	0.0186499662228027	0.133198512270465	0.0225748520792538	0.179058634238428	0.0231129498279574	0.209574634532304	0.0268371820159108	0.245166935834643	0.03349695925726	0.265607857389928	0.036490510842346	0.293395030373847	0.0352947063187543	0.325690957189286	0.0440849784259729	0.598481427682514	0.0598989296990711	0.886124917517929	0.0700689101046691	1.1565933283219	0.0845372624442424	1.42378837712756	0.103671901190952	1.71020877649976	0.10561881122307	2.27955048758554	0.108579335146832	2.55803347173174	0.120988776596372	2.77108137859891	0.137324729633372	3.36616127443048	0.156796579901567	4.19129365319703	0.184887963548372	5.12759218164922	0.225944595849061	7.10579308170696	0.227109569383345	8.61417227691478	0.283552671237435	11.0802975771935	0.34670585944559	16.6221705130045	0.377370873314683	19.3821299760999	0.395017682943863	22.1481548445215	0.427329571080429	24.9080469868224	0.470772016527847	30.3061361203548	0.475302644142026	33.1576043830658	0.576141325413732	41.4767309375013	0.656366831587463	48.3831908270406	0.651483416931186	55.2873573694097	0.765118940503259	69.097313456461	0.826717982715537	82.9001407352035	0.927425026610918	97.8766482917217	0.94906490918156	111.841461580472	1.04006454029333	127.32649673717	1.08189613447552	139.781352045301	
0.0142367708696836	0.07507811308562	0.0225394087033138	0.101482413993092	0.0187924317287936	0.134176400927364	0.0225314758772042	0.180810670196791	0.0230975135826129	0.211596724920648	0.0270635793660948	0.248108983708113	0.0336380763682283	0.268701012343953	0.0366332324940574	0.296358935222953	0.0356124508024435	0.329203847566221	0.0444442868059927	0.604722918450489	0.0604259514665654	0.895523999117499	0.070401976037994	1.17060076842476	0.0852948614948025	1.43980491275909	0.104350462741926	1.72988738873606	0.106558458837222	2.30771321524297	0.10944738735534	2.58819691301506	0.121724441018254	2.80408162830976	0.138102957935915	3.40553270157166	0.157770398346402	4.24154595429127	0.186228928325823	5.18756097070292	0.226979183656618	7.18954551988024	0.229645179753334	8.71255160108895	0.285377105782934	11.2145663463984	0.348303613870918	16.8222632960116	0.37943398302205	19.6148413994111	0.39742315255812	22.4133470724022	0.429558181329471	25.2069717167534	0.474694189650458	30.6383295537161	0.477970193310579	33.5600437496035	0.578886604012998	41.9772646435188	0.659758530570226	48.9678825621934	0.65482963844289	55.9539309814335	0.770489715727332	69.9296848306332	0.8301287447039	83.9012901036213	0.934254007828197	99.0403991233636	0.953300865999829	113.176292635654	1.04614144863968	128.830515568511	1.0885676054878	141.451548618383	
0.0142186481188677	0.0744066804729169	0.0228176583874855	0.102039366694131	0.0189873925764322	0.135434064693155	0.0227054944305761	0.182307494678001	0.0230913763268992	0.213852126154767	0.0272017830322874	0.250778008561037	0.0337350663677618	0.271960350161992	0.0367369315260687	0.298466314382399	0.0358256431073414	0.332319616195437	0.0445731669902208	0.611951029024085	0.0613919760511503	0.905480593666818	0.0708018067551851	1.18316524068212	0.0858289546665589	1.45579700117419	0.105386262226425	1.74922711598662	0.1074145196069	2.33273552332796	0.110291192886148	2.61753729801215	0.122457775567906	2.8376432326758	0.139091868480583	3.44583568407386	0.158884397719294	4.29061081915928	0.187746335075864	5.24752975975662	0.228219616911604	7.27257525176995	0.231632978019926	8.81162010393559	0.28675796632402	11.3485147406529	0.350003864277767	17.0228515426048	0.381793512752079	19.8483053313267	0.399624447075271	22.6807483973249	0.432876169407693	25.5055909728944	0.477181618058293	30.972964914752	0.480554283301517	33.9626135012954	0.582683929304361	42.4756376812659	0.662756952069634	49.5517845358405	0.660944987813524	56.6165185330273	0.775313467139812	70.7616836757932	0.833369828298554	84.8984683127695	0.939584030890482	100.207532518436	0.959037523221519	114.508508537172	1.0504764895914	130.331837289805	1.09283634199366	143.120240174256	
0.0143191257424667	0.0746220924638108	0.0224243594640638	0.103737742467638	0.0189381462801944	0.136769886791926	0.0230135699843927	0.182465266535413	0.0233230361545946	0.216465344415441	0.027214079604411	0.252867809007722	0.0340764183159029	0.273593482426671	0.0369169344192588	0.301510633111237	0.0360226947596113	0.335406601137698	0.0447892905921786	0.61985987815973	0.0623516580204862	0.915198711440701	0.0713673734641171	1.19592389368706	0.0862444309482014	1.47334113858618	0.106746227841317	1.76925415926459	0.108238927030121	2.35824188629811	0.111121019797674	2.64796593338599	0.123551809774191	2.87035477240224	0.140375946820682	3.48577102700719	0.160201993660433	4.34097813858603	0.188965556216451	5.30848575069253	0.229895503259321	7.35527995209655	0.23292204798412	8.91305230336434	0.287870927551538	11.480720630453	0.352071741969685	17.2237992796948	0.38498859329932	20.0799699481137	0.401560455558362	22.9475592637633	0.43724432441107	25.804931072674	0.479729907043206	31.3060822200634	0.483413565344931	34.3622104714704	0.586487691225075	42.9755827914443	0.667271808204651	50.1326168704274	0.667566036618118	57.2834497729028	0.779889718625773	71.5880349811291	0.838711873847837	85.8976283762625	0.943907907554996	101.374844727434	0.966488537727244	115.841126770022	1.05741373321034	131.827228349225	1.09878264866983	144.784312370379	
0.0143895247922256	0.0754899904746805	0.0222997364717415	0.103959921098792	0.0185835187085196	0.138289994336395	0.0231627596743129	0.184413418645994	0.023547808425464	0.217468291469173	0.0274387286904056	0.255102604730857	0.0345306948174333	0.276028250559376	0.0372456436081186	0.304515836293799	0.0366801817117803	0.338457526435736	0.0451731494036687	0.6261606243237	0.0626990412485513	0.924731146785089	0.0718959755201272	1.20998372068226	0.0867600553034949	1.48984871402185	0.107931754481996	1.78971484959578	0.108969487044677	2.38544279061228	0.111769387754275	2.6785421833809	0.124675032669043	2.90449146843079	0.141298976904287	3.52549495972612	0.161643976646229	4.39120901926208	0.189773078089012	5.36869714926539	0.231887022267312	7.43760467283076	0.233924381582066	9.01466611068652	0.28899483423204	11.6148850915345	0.35425865604851	17.4235474733656	0.387799472683795	20.311031067901	0.403944931729824	23.2135021376035	0.440432275925465	26.1056122768973	0.482911509760661	31.6384190770943	0.486893798937082	34.7618670462873	0.589513857898082	43.4753006589252	0.672931401018918	50.7143469999336	0.671485591722724	57.9510515650002	0.78546226817779	72.4194675821907	0.847190556394114	86.8966170764098	0.95035343455059	102.537343861595	0.97224484992984	117.176881697155	1.06382381613172	133.328252047309	1.10619942201796	146.450247211562	
0.0142673777922787	0.0759633497026607	0.0226876520727251	0.103798824128908	0.0186446876159425	0.138236108596864	0.0231475640419769	0.186303115715879	0.0235519588921748	0.219164622698687	0.0277188124972472	0.257781961443102	0.0346502545756091	0.278689941247373	0.0375385925362353	0.308146975528264	0.0375738560683344	0.342046901675478	0.0455157014220641	0.631709211129071	0.0627793411384101	0.935730007661219	0.0725394900841345	1.22315553164474	0.087015348650829	1.50623777866553	0.108445909184066	1.80955027326313	0.109476085129227	2.41263228622546	0.112604939543517	2.70856546062339	0.125520502045465	2.93765702789078	0.141983217712699	3.56568804616973	0.162622129067615	4.4413225532993	0.190809604462004	5.42851646105297	0.233826783049279	7.52137340914832	0.234994709557063	9.11390970216888	0.29095537318444	11.7478043743928	0.356250086880488	17.6227145217775	0.389743360036603	20.5422542378086	0.407001048878615	23.4796536276904	0.442665566399329	26.4054832305192	0.485734413433345	31.9720635109579	0.490993667892162	35.1611026633205	0.593612813807673	43.9746161950731	0.677066373000182	51.2991542190802	0.674398795890754	58.6140563490876	0.790771359218388	73.2593193389269	0.85296591682717	87.9009180402704	0.958446366047245	103.703568285878	0.976931883207808	118.509768150894	1.06793845660955	134.828053850233	1.11207945803218	148.117642366473	
0.0141855011099833	0.0761849389812758	0.0228051481212088	0.10436024426771	0.0192899417639373	0.138559554001282	0.0230785633941656	0.187367355433641	0.023539839480883	0.222124423907893	0.0278179552896642	0.25997700133572	0.03489275374518	0.282049105199137	0.0377605072358613	0.310440793816761	0.0380962081553302	0.345846843118574	0.0457644794200153	0.63821845712453	0.0631182679720277	0.945698127326851	0.0731186056040662	1.23685028020803	0.0871391446810695	1.52338016682097	0.108992838058943	1.82906206235117	0.1100613584638	2.4397822006311	0.113430738548928	2.73834589551609	0.126301646557655	2.97060372655614	0.142826404688142	3.60576145766819	0.163422668095964	4.49178160799529	0.191951212351346	5.48798699255291	0.235412616848439	7.60420383801653	0.236318118310174	9.21301452659421	0.293776487841988	11.878786506388	0.358271625232247	17.8232133614079	0.391494681705528	20.777826683933	0.409983571593149	23.7473324867272	0.444687255372024	26.7067940087731	0.488209421970677	32.3058420552658	0.49427594706032	35.5621524966429	0.598679461651581	44.4740360393443	0.680166116359829	51.8839241853256	0.677194917778727	59.2814569755184	0.794569520627483	74.0949391660851	0.856425615564884	88.9015533186514	0.963675620233709	104.873398790998	0.982700172937612	119.841708380942	1.07279394135668	136.322699851629	1.11768253651774	149.785201434149	
0.0141014795626906	0.0751178107084774	0.0226886321747753	0.105366487330085	0.0196783791245681	0.140002070737439	0.023269907824561	0.188409403481735	0.0238345284266202	0.224271544345941	0.0278190675332905	0.262496985479954	0.0351425675717468	0.2850212755357	0.0379837169482606	0.31342690488745	0.0382807629661959	0.348846720300416	0.0459805145608822	0.644738180498455	0.0632690643825577	0.956590177150278	0.0734106314430683	1.24971231001384	0.0880094546599915	1.54006085183197	0.109567462156414	1.84901751020962	0.110744541921334	2.46553769237813	0.114154209411695	2.76822621475017	0.12691239726614	3.00445962884178	0.143793485636966	3.6460816696372	0.164154275601009	4.54261365736469	0.193298619308252	5.54719861638941	0.236679989208503	7.68614345688442	0.237777606921103	9.31328909211769	0.296351077411633	12.0125626059743	0.360414456012544	18.0226896088998	0.393247391830896	21.0131569861995	0.412850873223413	24.0144376510853	0.446848490369803	27.0064451702778	0.490834256721989	32.6397509847281	0.496731587184622	35.9622859085953	0.601807702844806	44.9761902465647	0.683228289046223	52.4692343186386	0.680230387910057	59.9518937133983	0.798228729898441	74.930827214132	0.859474924933954	89.9019874313659	0.967235790443734	106.040293767502	0.988134730396053	121.175399497348	1.07883434895353	137.823380823021	1.12378700735556	151.450152798741	
0.0141985244891591	0.0755541425899177	0.0229339520628664	0.105529570636303	0.0193905893117026	0.141623197672625	0.0236513471385825	0.18934654677793	0.0240075817616381	0.226325605290523	0.0280698626537121	0.264751164353252	0.035358107804891	0.287395129354151	0.0381863707182879	0.31733613120872	0.0384461904835227	0.352125644995422	0.0463793854424812	0.650984851748005	0.0635399078454353	0.965270976248292	0.0737717272144594	1.26309099099338	0.0894205090196753	1.55624374495049	0.110016119491141	1.86899042036552	0.111329672772285	2.49183870629733	0.115048625557919	2.79850374304346	0.127287353113975	3.03839911732452	0.144713611364923	3.68529058099683	0.164881899484327	4.59235466238976	0.194737979611079	5.6077401687993	0.237859714530183	7.76916480687135	0.239534601162499	9.41255503534078	0.298871748407019	12.1466488359633	0.362506194212169	18.2215008921051	0.395459301469686	21.247166673118	0.415107753088287	24.2807772683233	0.449227577475149	27.3058150723783	0.494549281677706	32.9697781618836	0.499686131720234	36.3619536592826	0.604176461812459	45.4766121938786	0.687215882390362	53.0498990151701	0.68349430909174	60.6183779184592	0.803961002314327	75.7611943822188	0.863996300655393	90.9019298057843	0.971470204814479	107.20637663076	0.992343783228839	122.508695733	1.08635128990999	139.324374718784	1.12946114712744	153.116504872418	
0.014454563350774	0.0776668550260421	0.0234297833112165	0.106236961029827	0.019240438863588	0.142461417053796	0.0239249141728532	0.191255263200114	0.0240765480276366	0.227878920303966	0.0280423904886931	0.266624403207795	0.0353832069890812	0.291061804363915	0.0383998737967997	0.31961790051198	0.0386569830902804	0.356501027346976	0.0466337672345705	0.658299575316926	0.0638681814168837	0.974906089901655	0.0742346426787524	1.27690681148562	0.090502092752798	1.57248833818664	0.11042422653446	1.8897411012496	0.112345421705331	2.51841632300805	0.116022255939646	2.82789930890047	0.128000983942534	3.07118283454706	0.14560349199347	3.72454349734602	0.165686077189984	4.64280673216677	0.19611444872183	5.66736855946815	0.238968777573232	7.85395054739209	0.241053726310332	9.51218326302818	0.30080745398924	12.2800645137303	0.364939300524203	18.4217836649084	0.398584680874839	21.4800792620957	0.41717813345344	24.5476477394037	0.451950219126905	27.6052557549912	0.498191753569147	33.300013955286	0.503200786654317	36.7607310656309	0.606623536920878	45.9783119157043	0.692618131789275	53.6311932857321	0.687808258673077	61.2846944854647	0.810832493719005	76.5930665675148	0.870950087794404	91.8999201281791	0.978100904265341	108.370246671686	0.997444227912442	123.83884782379	1.09342581086676	140.824876876251	1.13501573602946	154.782380108959	
0.0144965983209817	0.0779584535654956	0.0233641562943107	0.107670943068108	0.0197202114819087	0.14231979782152	0.023962969603871	0.192688728645429	0.0241427701778552	0.229588551983368	0.0282709185623251	0.268722847491716	0.0354307453372067	0.293163042615427	0.0386849182671536	0.322712830799578	0.0388485995119772	0.359370635789881	0.046966123331297	0.665762961244759	0.0642489424632138	0.984899646313898	0.0748377089544574	1.28983636217489	0.0910478746981029	1.58982700256536	0.110929529146403	1.90942169254628	0.113428464818009	2.54507822440777	0.116816942749403	2.85729976420078	0.128812880734946	3.10356119363825	0.146337670888893	3.7655778008652	0.166769609188781	4.69186461211581	0.197485441958507	5.72718600861066	0.240751698481861	7.93723965260651	0.242262859833291	9.61262453528461	0.302260039590623	12.4129893845239	0.368126979655967	18.6205968107588	0.401864349458699	21.711693587466	0.419800055356684	24.8129144730868	0.45506804367816	27.9046219318016	0.500672476009139	33.6357706286485	0.506636025218063	37.1601380460097	0.609996534876547	46.477165515877	0.697421669177294	54.2151325122804	0.693231400375962	61.9503777531495	0.81547071741448	77.4295208596602	0.876299345971384	92.8997134909927	0.984839077704211	109.534854320056	1.00469958022642	125.170400623666	1.09835644269966	142.327480097346	1.14058798110205	156.449045107006	
0.0145195495042397	0.0780940337532385	0.0229404644902325	0.108617399589607	0.0200251122661973	0.144666686942334	0.0241483918078412	0.193835885172225	0.0240354103947301	0.232256369027385	0.0285229748826897	0.272007447433391	0.0356233823254673	0.294921932525537	0.038982037227034	0.325570914126169	0.0391100066049639	0.362370716698526	0.0473611570212703	0.671728023844185	0.0647842705075956	0.995364219095881	0.0754937695016878	1.30260386274387	0.0913790286407253	1.60703819217273	0.111409714145605	1.93016736757176	0.114007829277539	2.57219973347623	0.117522403314917	2.88765785189294	0.12946868870747	3.13704433408111	0.147128999343604	3.80582443835431	0.167804599813765	4.74203030021473	0.19879187653115	5.78684885821313	0.243056492920296	8.02001932439681	0.24404457214713	9.71254706089161	0.303542988969744	12.5460688548575	0.370446607690953	18.8210677107132	0.404237764201356	21.9472790721059	0.422500504010565	25.079626619337	0.457868322329888	28.2053105866051	0.502504281055828	33.9714565214987	0.509546581208487	37.5608600538013	0.615485329320683	46.9729010482181	0.700755172047397	54.7997087634394	0.698104999406388	62.6181397327221	0.81868266031297	78.2656324251144	0.880216273800059	93.90054248446	0.990132026674447	110.697562070464	1.01096184356164	126.505708515984	1.10218406160244	143.828041859455	1.14624085354663	158.114339198288	
0.0145606691866254	0.0784435634644645	0.0231535635166306	0.108118479923742	0.0198917016618281	0.14636298906802	0.0242773209418074	0.196027025151747	0.0242198259976097	0.234374589363162	0.0287284286391237	0.272927914235527	0.0358955298844318	0.297382981415895	0.0392418429254012	0.328668783900504	0.0392347693247724	0.365298736526382	0.0478006225601576	0.676753265595141	0.0652400152857251	1.00585358834023	0.0759197621760092	1.31730222774896	0.0917497051719326	1.6246536921736	0.111785392551347	1.95006006757473	0.114527387684905	2.59938899625878	0.118141935303913	2.91782920941777	0.130206793121743	3.17065576420252	0.148185950124228	3.8455723526284	0.169332101797871	4.79199621963088	0.20000432563529	5.84731311085299	0.244494586906697	8.10459272338062	0.246242470861546	9.81154385190342	0.304807187257258	12.6802128268433	0.371662458476833	19.022592867772	0.406193225577128	22.1809963237498	0.424691519959901	25.34749546817	0.460227318595357	28.5055000525324	0.504423706179114	34.3063303011024	0.512276637890412	37.9612281590315	0.619992996183921	47.4732857426308	0.703462260440072	55.3842850145985	0.701426156169549	63.2852497865234	0.82154596012804	79.0979888981261	0.88389064532543	94.9008573878906	0.994379625124076	111.865954613597	1.01529016624644	127.84001803055	1.10624868285178	145.327813860058	1.15373781740079	159.778724318781	
0.0145525445918545	0.0778349878466048	0.0235607849522382	0.108166661312775	0.0197609843332146	0.146137638119497	0.0244187240328386	0.196260379653266	0.0243742616922731	0.236158639533506	0.0288723664817062	0.27509859422321	0.0360436608672176	0.30082325773929	0.0394208799439459	0.332276902006171	0.0393080110991777	0.369571702503424	0.0482253025091218	0.684115253782479	0.0655125712703766	1.01559906371345	0.0765448955493681	1.33011326764623	0.0920461810943036	1.64076336005817	0.112145871950166	1.96960247389095	0.115279841160752	2.62593401668093	0.118670962534854	2.94810091694524	0.131245762944692	3.20376684129449	0.149177588361384	3.8858832513721	0.171195867711159	4.83990577889996	0.201018038877587	5.90789005351903	0.24555608979121	8.18749532974493	0.247816729162153	9.91235858449453	0.30592793808718	12.8141034791008	0.373137340965085	19.2235871709885	0.407850609749396	22.4146167178506	0.426430650592975	25.6140288004944	0.4639271893961	28.8051698404877	0.507012069369155	34.6388832249604	0.514819409443816	38.3608884591385	0.622743835445448	47.9750562449687	0.706347939241376	55.9678405362642	0.704336488933283	63.9519575089916	0.825528394535619	79.9280580430032	0.887684999985315	95.8996002188899	0.998284516309649	113.034898499669	1.01939497911759	129.174342446276	1.11472354796735	146.821997925479	1.16056288818608	161.440874265201	
0.014662861080414	0.0774324309588053	0.0235790565043905	0.109623817274956	0.0201507688199385	0.14775131447444	0.0245431063233824	0.198445218653794	0.0245480410747312	0.237773436385869	0.0290492338038657	0.277666308647126	0.0361274799660798	0.303914870190374	0.0397177791902784	0.335058384054638	0.0397697236206769	0.37267958399496	0.0484628654187371	0.691362281844973	0.0658052849085671	1.0261305753023	0.0771232188979583	1.34263478265188	0.0923139473975279	1.65747838758748	0.112591816307303	1.98942031884554	0.115920699121274	2.65202944115155	0.119245271330145	2.97803059627343	0.13239547725204	3.23674287661956	0.150033449961891	3.92653967077457	0.172348427942376	4.8898973096857	0.202078156559492	5.96826489919598	0.246550245084742	8.27084776489141	0.249009934886259	10.0129162720673	0.307904959423568	12.9459079688903	0.37459716860351	19.4227896096565	0.409575085733631	22.648071336541	0.428316688835142	25.8803199889609	0.467089073031495	29.1050501073349	0.509929212659543	34.9714585005591	0.517590282242807	38.7600942738507	0.625165081224415	48.4758432707145	0.710794844174877	56.5483375947402	0.707038247765475	64.6193879377434	0.833314138224263	80.7578291646706	0.893637486485233	96.8993339770615	1.00431724994564	114.20077274668	1.02564464723173	130.505999554275	1.12471187213707	148.320130798429	1.16592522475642	163.105691519348	
0.0148065285949794	0.0777589177133616	0.0232839741570781	0.111410712344593	0.0203323575895881	0.148579289307777	0.0245054553628465	0.199788258502174	0.0245271918792514	0.239355345911378	0.0291866921267785	0.280967555979032	0.0364743665693013	0.304771133945571	0.0399416678892235	0.33807583994924	0.040429996647619	0.375154602723274	0.0487857808382006	0.697735496543338	0.0662008278166171	1.03609840392964	0.0775634594281874	1.35582626780281	0.0926046663697611	1.67431413779979	0.113058943017286	2.00887215404569	0.116554462979446	2.67858004950889	0.120061763800756	3.00765317199723	0.133278886064709	3.2702281125381	0.150877572602203	3.966351380642	0.173106186912623	4.94069443446021	0.202995515656921	6.02831890426121	0.247517272595972	8.35490334854833	0.25013750812849	10.1126888547469	0.310388484839162	13.0785571682149	0.376583860909873	19.6215934422816	0.41174374171642	22.8803338623924	0.432110969528499	26.1453855569774	0.469438291297572	29.4052488864875	0.512524035203208	35.3053562541509	0.520801983053234	39.1597955521491	0.628291064941193	48.9755611381955	0.716415832638054	57.1295759859504	0.711818643946866	65.2846725993852	0.839579936965341	81.5939407301249	0.900942078423783	97.897652124987	1.01117149212366	115.366572487888	1.03252792741887	131.836166546225	1.12938865116326	149.832866808655	1.17152401829083	164.775172836727	
0.0148161580353212	0.0792351948912448	0.0235177694506939	0.110859165679804	0.020021594825254	0.150282518144782	0.0247595695655944	0.200683928841938	0.0246270574856726	0.241143456065878	0.029302892490915	0.283117135690637	0.0367011410934863	0.30848891527919	0.0402345287287776	0.340314128131863	0.040699986300157	0.378731084966737	0.0492643155716464	0.705425252053712	0.0666602817149672	1.0458763591761	0.0780415898715851	1.36983266016783	0.0929986879274495	1.6904005226211	0.113618447296445	2.02995915877856	0.117147459079478	2.70580935916024	0.120654198601398	3.03822173858126	0.134025159097662	3.30400787920689	0.151586418056701	4.0060615763536	0.173776193939729	4.99134860122632	0.204026010508419	6.08706253852619	0.248564328283711	8.43903250668515	0.250968348665234	10.2125620202598	0.312063080411563	13.2128231434522	0.3804429730168	19.8204214892924	0.415609103841811	23.1121586666546	0.435790578452014	26.4112054962436	0.471657947173984	29.7050416090168	0.514710516976487	35.6390304903355	0.524154758119241	39.5607448026382	0.63209240733533	49.4746904098372	0.721087930532471	57.7136903011344	0.717252656745362	65.950784275434	0.843132645072932	82.4284578714071	0.906202002587946	98.8972070692328	1.01661079996773	116.534525446787	1.03675849967051	133.172547322098	1.13269962342995	151.333965012541	1.17806350949108	166.441852735935	
0.0147558651022653	0.0796242839821401	0.0241307217439443	0.11133053857145	0.0201816342995066	0.150598454761299	0.0250403717524717	0.20300069549966	0.0248550932185343	0.243617834509953	0.0294159263466485	0.28509948480038	0.0367127017083153	0.311117078356094	0.0405862206916492	0.34313900398948	0.0409397978677664	0.381681427431494	0.0496106479709894	0.711823554252739	0.0669926132044018	1.0558595546252	0.0784440556379496	1.38333148175379	0.0935222857049439	1.70675466266989	0.114343137950239	2.04991530512891	0.117869658026275	2.73249268097816	0.121309728972859	3.06765967961341	0.13444216212549	3.33811686839016	0.152506009339375	4.04606746696861	0.174414824144603	5.04199531741218	0.205525280263501	6.14650233638264	0.249684591310209	8.52323151401175	0.251837598961948	10.312599098538	0.313676809687984	13.3463906267917	0.383363533099957	20.0210581646572	0.420253534925202	23.3453897679377	0.437526852581952	26.6812927553439	0.474101233880675	30.0058830007154	0.517830097716867	35.9708569826198	0.527073156573361	39.9603492233934	0.635423072064007	49.9739612425036	0.724705593369688	58.2965640947079	0.721282890545158	66.6166351811742	0.84666461585144	83.2611645216902	0.909691185397736	99.8985874056381	1.02069719718658	117.702850934699	1.04012388142633	134.506990947108	1.13710717905509	152.828640816258	1.18394483822178	168.109963146549	
0.0148509250245288	0.0794470271111626	0.0239870618778628	0.113201303600522	0.0205394934630236	0.150868480087451	0.0249163903730108	0.203627955775786	0.0250374363361859	0.245997276263586	0.02964391930852	0.288001573116531	0.036957816424585	0.313331879748654	0.0409585141734898	0.346858735279647	0.0411234010182979	0.385102960888965	0.0498621457684697	0.718419646074155	0.0672406170113535	1.06556323689986	0.0791778359448049	1.39651935802992	0.0938902492119942	1.72421556313072	0.115477123176793	2.06965189219272	0.118635338453862	2.75864491612313	0.122216650438434	3.09793953621302	0.135018718199245	3.3705848672749	0.153655935930054	4.08601561558673	0.175149662425131	5.09235192662983	0.207123134640277	6.20689767115525	0.251160414480968	8.60567963498123	0.25356093314486	10.4119525860789	0.315043232400822	13.4791981509464	0.384670855345087	20.2219109068491	0.422560586356785	23.5806772293679	0.438855356917915	26.949994206519	0.477148126785709	30.3051597705629	0.521008991825213	36.3052688262484	0.529410922752675	40.3591527067725	0.638736435904211	50.4734369661266	0.728247044412787	58.8753065415367	0.724651361894557	67.2835366187288	0.850165331252181	84.0926492768135	0.913024643316485	100.899706971735	1.02444751437463	118.869120062463	1.04580734026552	135.832315061901	1.14245943741732	154.32593922422	1.18917814601538	169.778133161805	
0.0150407162373312	0.0801050937903634	0.0237176232423232	0.113209598191808	0.020453164980956	0.152407068563383	0.0248087753027284	0.20430117099802	0.025096273652796	0.248795667636746	0.0299153733785001	0.290576301563254	0.0373697176557303	0.316604314289776	0.0411116788645822	0.349984137276286	0.0412410204590154	0.388977932003414	0.0499688356148748	0.724724932435461	0.0676790951620386	1.07591488682503	0.0800723220828502	1.41018081181275	0.0941425749785167	1.74072185799791	0.116360478467533	2.09002992764934	0.11923226284051	2.78524488457458	0.123074292352281	3.12761403316789	0.135686857598642	3.40353552406101	0.154495549094807	4.12544734586176	0.176082640221283	5.14173809777082	0.208192521604077	6.26780290501325	0.252959204011634	8.68717035638948	0.255585443757443	10.5122429840854	0.31615213418822	13.6133449168998	0.385928289733511	20.419146392333	0.424021030280422	23.8146440754499	0.440455868212244	27.2157415026278	0.47997056294323	30.6048258332281	0.523491910757489	36.6395242076919	0.532583388127461	40.7578518820282	0.642202734311521	50.9737918582184	0.731594118550406	59.460594323109	0.727316219881067	67.9516301491222	0.854529968012194	84.9205726545806	0.917651248215472	101.897823953994	1.02920261520852	120.03519547514	1.0533544210705	137.16151347842	1.14802013871184	155.826098654996	1.19347618155698	171.444872665655	
0.0149997166890083	0.0808279601449982	0.0240563211925145	0.11409786888303	0.0203241693767478	0.153154367582525	0.025041718859645	0.205445780939771	0.0250326597078301	0.250562561099851	0.0298406317032571	0.292207396559898	0.037772409768419	0.318744726295222	0.0411107246984057	0.352704588595184	0.0413513515787931	0.392976536183772	0.0503474460365623	0.731213631127593	0.0681261024842104	1.08510308207913	0.0806475829255745	1.42376880753099	0.0944240777309593	1.75649659901748	0.117006501950527	2.10994486297772	0.120091967983114	2.81247698819352	0.124162038242336	3.15727036933341	0.136160062553393	3.4372382237904	0.155213545468834	4.16459781673261	0.176943693988801	5.19186373900094	0.20913761656469	6.3278941629797	0.254483826747926	8.77047622540945	0.257046864513475	10.6113859927345	0.317447545999286	13.746855589565	0.387525725943378	20.6178738565106	0.425385156613602	24.047722439838	0.442993252184024	27.4805574762062	0.482444543419802	30.9056839887322	0.5264118711939	36.9712128642417	0.536527065150692	41.1569496633269	0.645330722295602	51.4739306834831	0.734410115712097	60.0474765288532	0.730555829215751	68.6179429908375	0.860388914649641	85.755216455727	0.92442069788811	102.895188427648	1.03429751811262	121.200212905424	1.05774041199432	138.501217213081	1.15368792617127	157.324052714019	1.19892638569417	173.108676640888	
0.0149680897091657	0.0810483488906639	0.0242305091571028	0.113900581301692	0.0208113789390834	0.15367662124335	0.0252582669351583	0.206836158166142	0.0253059428196842	0.250763028274515	0.0297305875443306	0.294434130522379	0.0380631473030913	0.321752432407085	0.0414549199103448	0.355463660695264	0.0415720286263829	0.396278190969286	0.0506890045374939	0.737602445478342	0.0685099913483109	1.09565077539695	0.0811779296951084	1.43629765670156	0.0948541083027393	1.77401698770494	0.117669624094028	2.12940345026621	0.120861780229134	2.83823830070636	0.125589707917736	3.18692530851514	0.136789974467201	3.4704759607465	0.15596758366279	4.20485423310828	0.177807493469898	5.24181708556293	0.209913578386034	6.38765666409292	0.255807167529059	8.85434461323776	0.258266476410776	10.7116354125497	0.319475328662367	13.8780901099659	0.388991771722875	20.8208332502662	0.426746966927977	24.2812236246549	0.446542855146392	27.7458596001454	0.484750855861396	31.2052047650826	0.529943148175508	37.3038142168713	0.539498983721434	41.5579547931678	0.648103953700915	51.9746059505252	0.737357906269973	60.6306446203464	0.734484461255039	69.2834511698866	0.8660088505754	86.5902700387867	0.929459219213349	103.898699630003	1.0396131978759	122.365260138028	1.06094471185962	139.836674117004	1.15938517982138	158.822930644993	1.2083761250512	174.763063082695	
0.0148059064394792	0.0817067357119844	0.0241532289468101	0.113632185789968	0.0211991382881474	0.155078043372854	0.0253231503688352	0.208290534712646	0.0255306300899052	0.252615981760194	0.0298999112612999	0.297404583733026	0.0380958547524526	0.324369768859572	0.0417904632024825	0.358339933915027	0.0415960425461957	0.399428825985732	0.0509202450997675	0.744408317699726	0.0688555109184083	1.10562989630997	0.0815985857397254	1.44979263658209	0.0952994967883581	1.79029860101168	0.118283868743579	2.14878357363152	0.121545131153019	2.86459286567106	0.126637802917878	3.21746034748808	0.137564493570951	3.50373837774966	0.156876494436287	4.24479958775881	0.178746287474496	5.29215832795883	0.210659425833642	6.4484296501516	0.256927498821502	8.93786096114959	0.259404616168298	10.812608469971	0.321983621324238	14.0109041533783	0.391603015745097	21.0200748044805	0.428184079279836	24.5143113022683	0.449437000467736	28.012828791414	0.487217226891184	31.5048503386522	0.532366633543904	37.6389599426538	0.541602205078722	41.9579838969969	0.651761269092881	52.4747298746294	0.741614454864128	61.2138611406111	0.737995019545265	69.9505686742682	0.869872173607137	87.4268360896357	0.932414389175026	104.89920079794	1.04528631501834	123.53024776599	1.06512926943015	141.169359405077	1.16563380481912	160.319633006536	1.21588789887265	176.429415156372	
0.0145432970643399	0.0816345291120509	0.0243250175348557	0.114691295957856	0.0206991865434784	0.156922091086836	0.0255262832403029	0.209682483545786	0.0255180644906978	0.255490188608092	0.0301088904578569	0.299450437397809	0.0383095262111752	0.32724147277817	0.0420215789908176	0.361846072203617	0.0416716602496427	0.402679869212485	0.0514427810967756	0.750916632372655	0.0689998227015486	1.11542985405121	0.0819652443154188	1.46438669346377	0.0956405440513912	1.8063472672705	0.118703392235906	2.16905660247284	0.122285495546679	2.8915206596532	0.127183642576063	3.24786430281486	0.138848763385158	3.53721150647531	0.157836521352918	4.28517428209585	0.180002126810198	5.34163530304653	0.211719004492234	6.50737351876062	0.258004640663902	9.02126182506765	0.260417289615085	10.9131419431579	0.32402970301494	14.1455948116895	0.39473816032653	21.2212739986537	0.430537525986233	24.7472145780207	0.451340820050234	28.2786580439055	0.4904596605988	31.8041326964348	0.533901245791384	37.9725261454249	0.543693526636404	42.3587766853009	0.655659907303785	52.9740603119377	0.748013260733282	61.7953789285804	0.7410467250913	70.6178128385139	0.872921269138917	88.2611520652514	0.93549940651108	105.897258175557	1.0503871364745	124.697470568025	1.06972977926677	142.503460303396	1.17276309040142	161.813638258031	1.21994405405032	178.104797333303	
0.0145674604534271	0.0810167348563319	0.0246446202755717	0.115537773550527	0.0207208054013968	0.156738504133035	0.0256491342269837	0.211264203896406	0.025605643105974	0.25736642515703	0.0303311965516158	0.302377787837597	0.0385675383277786	0.330085266124686	0.0422442984550122	0.365187191781355	0.0416546995441979	0.406304139943288	0.0517517628449142	0.757928617911544	0.0694463529828343	1.12484098463602	0.0822528900890438	1.47784837856384	0.0960934419684814	1.8225678789515	0.119080637286293	2.18919901332926	0.122700030622073	2.91847685897252	0.127680158887076	3.27810085291681	0.140240922874475	3.5695391084886	0.158902262174301	4.32569752237648	0.181100833054378	5.39129109206007	0.21290016641394	6.56693392288475	0.258991282567841	9.10471484304742	0.261495588148466	11.0122607374212	0.325530446107701	14.2789769618455	0.39683546142359	21.4212997264386	0.434729673071629	24.9785495066319	0.452946529963901	28.5469888287135	0.493287475865977	32.1045773447354	0.535636200696997	38.3058278525973	0.547517392633535	42.7577254549947	0.658833626081481	53.4739122898631	0.752949491588366	62.3802457523689	0.744739368455892	71.2807952708606	0.875831331190266	89.0942759480281	0.940790119998822	106.895874346692	1.0554397413003	125.864827480505	1.07501750920986	143.836592626283	1.17735716747056	163.31665871162	1.22366482744756	179.773414383374	
0.0147085712190354	0.0818996067872603	0.0245157879933283	0.116925589639939	0.021189060899103	0.158081252943125	0.0257527001933721	0.212428502578526	0.0257973160473102	0.25967083723931	0.030676417752163	0.303971920971317	0.0386957500930673	0.332628882578128	0.0423697081966292	0.368466203787849	0.0418097276458758	0.408985330196765	0.0518956696802704	0.764956843387057	0.0700105537587799	1.13534281031921	0.0825728898518328	1.4906407920105	0.097030838625455	1.83913412770658	0.119572027693897	2.20930370562321	0.123334577990286	2.94628731388283	0.128274515099328	3.30764519754806	0.141360899985002	3.60202759646901	0.159989671388323	4.36554182853246	0.182126720490116	5.44153920220293	0.213879077700233	6.62764870128528	0.260178953907554	9.18785679930203	0.262651170728024	11.1116095683495	0.326764897279809	14.4127325723361	0.398312073735846	21.62091194702	0.438398653389777	25.2119575591957	0.454678490196023	28.8147403309076	0.495247655537215	32.4047984756287	0.538463522444661	38.6384925351589	0.551665045450837	43.1566071694664	0.661466238723624	53.9733321341343	0.755761554590292	62.9632685575473	0.749804335634888	71.942540906887	0.880891888868074	89.9251721073122	0.947656110351509	107.894170142877	1.06087552292426	127.031662852367	1.08162385422007	145.166700013591	1.18173743728833	164.820439124394	1.22973422313463	181.438961794385	
0.014676681537104	0.0824732796381026	0.0243182884731191	0.118317283814575	0.0209790303281191	0.159727933040238	0.0258759489319172	0.214580177765824	0.0260199879907723	0.261213427491739	0.0310618803069564	0.305603918186663	0.0387814161355675	0.335440952750952	0.0423205879330729	0.370815435766903	0.0419432747952252	0.412744788213619	0.0520194241648051	0.771146005470356	0.0704695933990278	1.14471587309559	0.0829544833753966	1.50367825969798	0.0978663461594281	1.85595753789537	0.12021777386104	2.22971806265851	0.123887459544374	2.97221067651596	0.128978401185445	3.33783192189464	0.142152608847158	3.63619642312485	0.160894509319389	4.40528834582276	0.183359771188908	5.49152887034361	0.215070382682317	6.68809665578086	0.261442061619301	9.27151563956101	0.263726316615154	11.2126962471194	0.328057416321458	14.5478860979449	0.399850413037481	21.8217106725051	0.440379260856386	25.4465986827898	0.456636967563881	29.0796885522853	0.49700000113994	32.7051648928368	0.542667916776894	38.9701811917087	0.554125416091379	43.5571838909433	0.664924298275981	54.4719473157393	0.758115095915741	63.5476548189102	0.753651692715754	72.6136221199578	0.888107825314885	90.7573050629167	0.952340123947375	108.895729293208	1.06484004846686	128.197708462724	1.08642076573894	146.501292650206	1.18670285194729	166.320822072577	1.2364442639634	183.105447978506	
0.0147978697630129	0.082492713719967	0.0246116176791657	0.118145643982609	0.0206619209089241	0.161233081216563	0.0261202699503503	0.215637010559087	0.026304617583112	0.263909664424847	0.0312896748272707	0.308216685337986	0.0389271111452007	0.338229856275833	0.0426226772829658	0.373991827672081	0.0422494267168074	0.416222724891836	0.0524738018545293	0.777116364966673	0.0706997939330025	1.15510081780123	0.0832871863897764	1.51676741578589	0.098165036155706	1.87266383427596	0.120791520803984	2.24935010876829	0.124579936917286	2.99825022163475	0.129576970837822	3.3684428636538	0.142843672498583	3.66955197238105	0.161417564636379	4.44525698353655	0.184282257246239	5.54124053870897	0.216110978219015	6.74815159216862	0.262509032927306	9.35430369325408	0.265154889018535	11.3129046887433	0.329553118319362	14.6793832512993	0.401411975746508	22.02219647362	0.441728548854773	25.6802675056622	0.458781504343706	29.3462330604801	0.498863415737685	33.0044248988787	0.546157004458682	39.3040342418191	0.55589117132756	43.9576488537166	0.669618225903129	54.9719147776584	0.761189073275872	64.1308787897551	0.756206892515429	73.2823564002522	0.892541155525946	91.5940573782718	0.955462837629931	109.89426350796	1.0684755756071	129.365914741351	1.09056027500941	147.834261060328	1.19136904880907	167.821145416118	1.24119923863741	184.773007046183	
0.0149074055798803	0.0830756634163268	0.024771127783844	0.119207802776593	0.0210637162816656	0.160972209044655	0.0260034853559155	0.217055996849438	0.0264426401623612	0.266115821980172	0.0314895043965093	0.310809341743418	0.0390886858101307	0.341383780024965	0.0428108844557606	0.376847873730636	0.0424351164257233	0.41924230536596	0.0527991263231913	0.784410191986319	0.0710839016258941	1.16573395996121	0.0836212799910004	1.52959312401302	0.0985289632233966	1.88956186668249	0.12133617267083	2.26889461056021	0.125304357819307	3.02545135877956	0.130003007898377	3.39861352268673	0.143334249564704	3.70233755224865	0.161957440995348	4.48527172171559	0.184884336261761	5.59132753005407	0.217018178051054	6.80748009698269	0.263785346752449	9.43777813165204	0.26736444861048	11.4112532792739	0.331627457824258	14.8111653893481	0.403739062092089	22.2208438440599	0.443026241468892	25.9137519266735	0.461950231625566	29.6117829162124	0.501264049994936	33.2997808008734	0.548432613863693	39.6400107072987	0.55750917614264	44.357689133416	0.673067817253612	55.4733574544656	0.765849597706119	64.7124934352676	0.759498531678901	73.9490566721401	0.895325108633609	92.4263467960613	0.958709004656787	110.890629603862	1.072425351049	130.533942206053	1.09450313225814	149.169241127116	1.19644008555311	169.320321370301	1.24633797064078	186.436512998207	
0.0147467857432313	0.084015877166489	0.0245136153378054	0.120462250569271	0.0213744258602011	0.162074574778505	0.025950803608597	0.218640278337016	0.0262876131578925	0.267971132876006	0.0316460000588428	0.312457346064755	0.0393597443648755	0.343366187342366	0.0430584211433298	0.379854066443387	0.0424586760725767	0.422388196458268	0.0530865352323889	0.791145574733685	0.0716827175083432	1.17569270819388	0.0844717012357804	1.54279857900191	0.0990820861326507	1.906250467935	0.121995769214135	2.28950314834309	0.126152130598032	3.0514990529705	0.130607344012024	3.42840327080473	0.143727656929684	3.73593454687084	0.162720798017561	4.52556306268615	0.185723596708449	5.64110765062541	0.218191671759521	6.86641558368893	0.265242314671905	9.52005861456606	0.269715421217862	11.509735980249	0.334351501468844	14.9442457910042	0.40771171412962	22.4188672284045	0.444616381333853	26.1467893128702	0.464892959476447	29.8795064787306	0.504258785479987	33.5999460524148	0.550834266012821	39.9729361601689	0.559764340484978	44.7571445425664	0.67549501572635	55.9737346982981	0.769534703484284	65.2985113737036	0.764377778039889	74.6149150284606	0.898151456939048	93.2598730101712	0.96203023742712	111.893492605736	1.07816669133915	131.696545648337	1.09795411827485	150.502567165089	1.20409072792961	170.816710807474	1.2535516445141	188.096174450825	
0.0147572224117836	0.0842410825958666	0.024691237481637	0.120029221972431	0.0209224773798909	0.163644435318777	0.0262038636254928	0.218709123444691	0.0264600532257254	0.269336655432346	0.0317887429767237	0.315208589234814	0.0396358109874518	0.345290125067157	0.0433575240793221	0.383336019450016	0.04256818954643	0.425468312896867	0.0536075395268113	0.797054757981289	0.072049829393665	1.18575366907426	0.0853927652974562	1.55670799740845	0.0994898743173169	1.92336852528934	0.122929663859564	2.30925719770435	0.127143317004056	3.07813836979885	0.131482289491898	3.45784610128016	0.144155119076759	3.77004423454601	0.16356576887155	4.56598758277857	0.186423696735437	5.69096507096678	0.21972106458747	6.92703164190125	0.266384691152638	9.60367554531117	0.271113204111399	11.6108850576285	0.337233379511224	15.0769555262933	0.410441847334479	22.6206550184169	0.446301854844059	26.3791859491661	0.46682508006904	30.1465427252214	0.506832390775348	33.9027264576216	0.552638373063323	40.3059323935513	0.564438106800355	45.1540444026934	0.678102319854996	56.4738548971121	0.772415616751618	65.8819737631164	0.768375742790049	75.2828595472492	0.901338202206729	94.0933023667379	0.966498093907959	112.894299247462	1.08399560204894	132.8633810202	1.10275405928128	151.834149767286	1.21047441315283	172.317958022965	1.26053125068484	189.763659012699	
0.0150496239252281	0.0842514217311452	0.0252270500655182	0.121100926822351	0.0209340058408104	0.164320400852859	0.0262644280492646	0.220152600607208	0.0270728730390657	0.2711328273475	0.0318985155037733	0.317971910493938	0.0397716545803705	0.348822515009572	0.0436606377239802	0.385364410817355	0.0428093487814641	0.428584401668202	0.0540072342156154	0.804158304166446	0.0725429173433148	1.19570415181947	0.0858420991681947	1.56991554787303	0.0998560434917243	1.94058285811025	0.12390173970385	2.32918703419322	0.127939179922891	3.10487268152531	0.132422890084785	3.48784772527382	0.144604810921678	3.80468314624907	0.164460190966587	4.60530056943097	0.186985477478351	5.74158338181546	0.221057749079118	6.98660229057321	0.267280092044368	9.68777024451436	0.272269163579742	11.7110124741922	0.339222786072914	15.209963284792	0.41202018819808	22.8216157940223	0.44870368445973	26.612566062054	0.46845659589813	30.4137466097677	0.508678785260912	34.203931065107	0.554244900212477	40.6388503958412	0.5686684103869	45.554058605362	0.681121320466435	56.9724738040073	0.775496770100635	66.4639236847398	0.771205770922897	75.949984502211	0.906766793543482	94.9227680146154	0.973883283416181	113.891544511833	1.0880460667764	134.031781013913	1.10864537158086	153.16595588689	1.21406356536727	173.815763070384	1.26490694993791	191.435926847089	
0.0151082759966876	0.0843547912560601	0.0251223300209244	0.12238246300394	0.0216194676058909	0.165019081925533	0.0262870242865694	0.221563903486682	0.0274443689217002	0.273733603721245	0.0319591903780353	0.320584619437603	0.0400299674268556	0.350932746344268	0.0443417896206654	0.388234514025354	0.0430109303285403	0.431847173738073	0.0542495425717369	0.811699339110249	0.0728562989241473	1.20646628214991	0.0866163159704796	1.58346361313779	0.10011111263188	1.95694025778789	0.124678528405811	2.3488484169627	0.128563795166559	3.13195996449078	0.133197707561009	3.51812641772027	0.14513442634103	3.83816791650635	0.165258766135402	4.64583964219462	0.187654122638274	5.79221379985704	0.221879796417382	7.0470781847447	0.268143298354436	9.77094014044489	0.273506974125557	11.8111743496895	0.340215945532258	15.3442013203534	0.413240977557668	23.0215036860727	0.452550416230756	26.8465217322657	0.469903937745795	30.6809635328294	0.510773787463744	34.5042527788336	0.555937795085845	40.9721111248222	0.571430015143814	45.9572691069548	0.683648574905021	57.4727355638459	0.778679057051763	67.0463504434987	0.773584231209884	76.617146710074	0.912288436109953	95.7562271735031	0.97919601800879	114.892775836633	1.09176706678539	135.195636153679	1.11364709673196	154.498775285407	1.2187668513125	175.308993461534	1.26961292067638	193.10239813005	
0.0151569118378954	0.0845760458406408	0.0248259750314978	0.123253358709204	0.0215905946225761	0.167258083151968	0.026538219660333	0.222089285809133	0.0275554199742059	0.275080354307832	0.0322765966781252	0.322931872356281	0.0402186234505664	0.353847756760528	0.0446879902058534	0.391403484454117	0.0432534153012621	0.435348306168062	0.054429664371533	0.818102065091296	0.0731040619813019	1.216303725623	0.087543976895558	1.59734276356209	0.100607366662098	1.97388345933715	0.125263520352916	2.36971725939282	0.129019062656401	3.15859089941637	0.133698087315303	3.5483820599341	0.145690677728692	3.87132020462029	0.166056735598206	4.68561456482209	0.188715514686708	5.84211871764746	0.222523061317034	7.10822137150921	0.269430529282524	9.85438291387682	0.274868753709353	11.9108323796979	0.341084971723616	15.4783117647281	0.414403077686753	23.2216597990119	0.455226836878604	27.0806655296286	0.471942626239752	30.946429569534	0.512763960716176	34.8046713501033	0.557612074375045	41.3050812811738	0.573697647040372	46.3571044956976	0.686402315876661	57.9727738062774	0.782083658088566	67.6293508969364	0.776325405409241	77.2837799267398	0.916008670933052	96.5912211519208	0.98214823745905	115.895497277482	1.09553978641708	136.35843331105	1.11792880781317	155.833084799972	1.22670760339002	176.810121467741	1.27572054494335	194.767647517851	
0.0151677799612767	0.0850341764900578	0.0250668965879195	0.124198760216899	0.0210355046727077	0.167966150209518	0.0269493482546283	0.223993141891862	0.0279924659865185	0.27701602087574	0.032586710067601	0.325448655079317	0.040471114340597	0.357334133549177	0.0449918173163649	0.393118427582325	0.043636211936446	0.438628395016231	0.0548994570215124	0.82453692169964	0.0733245360180247	1.22618296219464	0.0881440514459141	1.61063098984087	0.101244721836928	1.98953200615386	0.125842970636741	2.38915931570641	0.129407522961008	3.18481507922681	0.134340694034775	3.57745352555054	0.146244545864792	3.90329390407203	0.166914470949889	4.7257233665767	0.189733999606807	5.89135867115118	0.223352682627426	7.16799085754141	0.271488784625384	9.93782289334116	0.276046156431832	12.0102585103962	0.342068454325201	15.6115476972468	0.415559740032858	23.4216240595098	0.45680804770291	27.3143175886954	0.474896997514598	31.2114057305876	0.515011880591344	35.10376744338	0.56026977573293	41.6377422384453	0.576055061978198	46.7549617553858	0.689676790864191	58.4700553340188	0.78553479026268	68.2131560130403	0.780090938252192	77.9500108120725	0.919078505284031	97.427332717375	0.984865450130915	116.89724269232	1.10159053249237	137.523808369184	1.12207204744967	157.165129338144	1.23293999211739	178.314572432737	1.28091617427183	196.435161882046	
0.0151697741099053	0.085556321011524	0.0252315132921767	0.124217132009002	0.0210868612280327	0.16826510474177	0.0268686482976791	0.226089898153697	0.0282605150451148	0.279534811762982	0.0327981754967158	0.327643287518328	0.0407861048917868	0.358827771161103	0.0452558657012968	0.396990430106209	0.0437231749416763	0.442113258405768	0.0553087709803273	0.830944711746946	0.0735930489160018	1.23543204265916	0.0886601075972842	1.62282060477975	0.101720958473697	2.00656030729933	0.12626531013422	2.40855713419979	0.130101768426549	3.21136359210845	0.135197204365498	3.60707516995181	0.147499385111406	3.93548692997968	0.167757568611496	4.76668991638179	0.190457475024301	5.94165707271068	0.224102733069797	7.22766115772413	0.273194597173107	10.0213988458949	0.276974896768407	12.1111142211786	0.34333910214962	15.7448609295356	0.41739890774638	23.6222923998406	0.458060539894159	27.5473326231514	0.477536417449841	31.479043611433	0.519231676999606	35.4019433899965	0.564745480132303	41.9688981785078	0.578825682071539	47.1544208898263	0.693909493642359	58.9643119261816	0.789392787075447	68.7960298066138	0.785136452139819	78.6152954737143	0.92220540061097	98.2612687133983	0.987860535655651	117.896492162775	1.10928864642991	138.691001368899	1.12658539331619	158.497755021575	1.23637859788827	179.817175653832	1.28476246240858	198.103734228635	
0.0151211142638579	0.0855751148091487	0.0250579538408151	0.124950497569976	0.0217507227732883	0.168960991846853	0.0267502242131658	0.227987627880406	0.028191150320023	0.281966087436197	0.0330653145250972	0.33016743351012	0.040818595453582	0.361340246517436	0.0454469665981116	0.400467813811673	0.0441332071277344	0.445886249703141	0.0557432869500802	0.837717172772553	0.0738796414278241	1.24578392541496	0.0890079506542248	1.63684969813145	0.102029153484166	2.02371340566387	0.126668248829092	2.42869535410483	0.130920832587299	3.23800663422693	0.136372447257869	3.63715013559474	0.149710541461807	3.96784573129773	0.168565587638625	4.80601361324329	0.191002669316662	5.992157105598	0.22492435886236	7.28780503541354	0.27436486849379	10.1034632619819	0.277964725521397	12.2104472196239	0.345265347258151	15.8773844003185	0.420665047373912	23.8209397702806	0.459373941222226	27.7806177411412	0.479437577597062	31.7464561122261	0.522946216820695	35.7027158638278	0.568254926391746	42.3038017604324	0.580999122406638	47.5548448744082	0.698340501807601	59.4673080489695	0.794371241744586	69.3770260539661	0.789525254971753	79.2811389288743	0.92645233542381	99.0906896577943	0.991184766490152	118.894385627627	1.11401563365616	139.860816972858	1.13145389984488	159.830350902684	1.23946747463322	181.320061996977	1.29074244423065	199.76756800619	
0.0151825087172362	0.0855395062742762	0.0249862008874056	0.126252952128712	0.0216171710138871	0.169795107588125	0.0270133613295178	0.229603632541675	0.0282018647206073	0.283961445957536	0.0331128819537706	0.33197786630152	0.0409428890138216	0.364412388506869	0.0455992405548297	0.403405612526099	0.0449084877885426	0.448795730391877	0.0561376584609703	0.843482815935161	0.0741433267657463	1.25556013443168	0.0893867322006069	1.65072209646741	0.102322875136431	2.04008093347403	0.127313984728404	2.44921238944911	0.131524808445004	3.26457773167994	0.137507483147246	3.66684372466148	0.151171232806073	4.00152328531881	0.169131387576892	4.84599854910136	0.191994311756401	6.04152092499827	0.22618848381704	7.34764902724817	0.27634801001946	10.1854345458158	0.279341485504514	12.3103678825858	0.347280956554351	16.0098445411694	0.423357879244011	24.0205743426027	0.461394470957417	28.0139401120323	0.481614481532624	32.0121996830447	0.524735089118988	36.0038869437021	0.570256903060587	42.6385265284312	0.583058064384161	47.9542891076882	0.70149299449812	59.9702371165352	0.798121092265038	69.9613378095265	0.792734810748068	79.9478541019228	0.932806624731239	99.9218316862264	0.996725209289852	119.892271641898	1.11705067734886	141.028918943362	1.13640496002334	161.160502993474	1.24422858676978	182.817107085211	1.29856402169825	201.432713085867	
0.0154364392427995	0.0859982117243175	0.0252086782091907	0.125194285794217	0.0211197285709276	0.171557242575177	0.027201063118663	0.230692304923946	0.0282465060996361	0.285473797331557	0.0332136751283745	0.333585241677469	0.0410561085549037	0.366811620864273	0.0458758088605038	0.407133929445843	0.0452517627082565	0.451662777697823	0.056340686154098	0.850474021340092	0.0747903995466166	1.2649820916409	0.0897885026328041	1.66435304943736	0.102803004785973	2.05683263182798	0.127670940017143	2.46988984509924	0.132266067478773	3.29165407160568	0.138162478631046	3.69708306873102	0.151756021937298	4.03578896951781	0.169706817163596	4.8851839445671	0.193313342021621	6.0911874242209	0.227398718463102	7.40752049309745	0.278765389165855	10.2678668343023	0.281227777974657	12.4104077548317	0.348897849597595	16.1436066709178	0.424729408168537	24.2228277938803	0.46350247758709	28.2456084541094	0.483567049737309	32.2793961170108	0.526451903706022	36.3048605832	0.571935785833628	42.9732103182387	0.58558977956406	48.3531000416476	0.703964924862801	60.4712215826575	0.800459776070448	70.5465063818149	0.795541353082117	80.6156421585262	0.938462592986171	100.755812385731	1.00350251049785	120.890701548527	1.11960499646604	142.197587157965	1.14179179929527	162.489343782142	1.25112057049217	184.314897231469	1.30341174248034	203.100495670951	
0.01542246627912	0.0870299060852178	0.0254709968545244	0.125900053649271	0.0216596875280686	0.172092476543769	0.0270495349315906	0.231665493312449	0.0285105027175864	0.287589733016752	0.0335062902763016	0.336006709360286	0.0412051784243522	0.369957977617846	0.0458647530254145	0.410826652382629	0.0453750936389281	0.455266268294667	0.056574818394392	0.857921691200224	0.0756304369201067	1.27516063199074	0.0899787853481707	1.6782859837378	0.103305015114403	2.0730562703072	0.128240774110143	2.48999686569951	0.132974090700597	3.31912296397797	0.138808854217991	3.72711938448894	0.152266333877254	4.0690409091425	0.170655663942683	4.92367317644138	0.194295702513478	6.14014751530425	0.228328605976681	7.46734585848147	0.280234370488805	10.3527950671702	0.283210348975007	12.5094529746151	0.350451753799588	16.2774321305982	0.426178227248138	24.4229764562392	0.465721497835921	28.4789978802226	0.485280234066812	32.5461864943536	0.52825791247652	36.6051971980871	0.573799089388579	43.3054130648253	0.588613603407928	48.7534644215876	0.706219281716332	60.9719750807922	0.802417013143274	71.1285382598209	0.798265331949682	81.2836984360184	0.941680586926096	101.59053069268	1.00815980203336	121.891180364723	1.12245285263281	143.364005297333	1.1465376867235	163.824860290706	1.25652975151149	185.815950731874	1.30736825381987	204.767324581763	
0.0153147005783255	0.0869356897145467	0.0256923673670909	0.126814532338574	0.0223678491444574	0.173166320525126	0.0268964032325954	0.232757643602294	0.0284837150950344	0.289438757485505	0.0335777598806321	0.339811482039008	0.0413688703725815	0.372402699260093	0.0456914987691869	0.413055540028461	0.0457596100805751	0.459538186533862	0.0569739089604349	0.864245254766189	0.0761961462610927	1.2864929645404	0.0901387085715233	1.69113311238313	0.103847519214602	2.08906733441886	0.12905394429993	2.50964125183281	0.133699063580048	3.34535180040107	0.139419019788146	3.7577317232319	0.15268698934268	4.10300531050293	0.171882580104072	4.96452237960765	0.195293102814302	6.1910498795247	0.229197327549974	7.52719543825128	0.280988995130715	10.4372092100013	0.284706667278573	12.6097759689101	0.351932527496937	16.4104194000013	0.428603544609693	24.6215679473273	0.467980413289678	28.7136129267858	0.486938675357106	32.8124367046287	0.529885518220493	36.9046807215363	0.575504731343908	43.6385322327817	0.592107223734758	49.1534041184537	0.708402999117372	61.4719909714829	0.805195637665829	71.7048853451016	0.801701530721246	81.9486254698086	0.944073090611475	102.424213368975	1.01140738273804	122.891599576277	1.12680765334546	144.526757751223	1.15047982845455	165.162448060579	1.26184589383611	187.31061163443	1.31203059563463	206.433527643835	
0.0153084662060413	0.0878885199746127	0.0255667648511546	0.127737000028958	0.0218600078373669	0.174325205895039	0.0272043185901958	0.234517377523448	0.0283730011492835	0.291542149420368	0.0334856600260232	0.342220376867665	0.0417500074695157	0.374088276624765	0.0458985561670529	0.416129486455296	0.0459684138654327	0.463338157080787	0.0572439903627946	0.871451712090953	0.0765148405453731	1.2964240059278	0.0904125063671427	1.70437663518045	0.10435260043371	2.10641438070035	0.129720893681547	2.52948098286687	0.134449320595627	3.37112405595364	0.139786648147111	3.78763905081936	0.153190077339369	4.1357371064944	0.173069757839958	5.00485190480196	0.196168720930241	6.24105118919701	0.230149721611585	7.58705526256893	0.281936135854846	10.5200438298209	0.285888464551403	12.7107313312033	0.353264628612493	16.5431086461946	0.431146571499967	24.8208597929583	0.469734149007845	28.9455085115603	0.489998948989831	33.0756768804857	0.531585859698933	37.2044026635533	0.577792996299336	43.9707349793683	0.595436956442484	49.552855802314	0.711280619999422	61.972416644087	0.810961423300021	72.2865223423547	0.80530221541391	82.614878706882	0.946366372947373	103.258760312578	1.01448905814526	123.891243927486	1.13394264376787	145.690866210716	1.1542896086419	166.495788999713	1.26677181700102	188.81027932691	1.31824527328396	208.096899485415	
0.0152642987559692	0.0884580891855555	0.0252050471621741	0.129672441042191	0.0214021872386973	0.175499094288839	0.0274525231291873	0.235392529663714	0.0285451692301781	0.29335380457259	0.0336171543104953	0.343771116192235	0.0420186017388985	0.377976169839324	0.0461743579709648	0.418427874044958	0.046004241708177	0.46658387430682	0.0573424893435505	0.877811131574337	0.0768309029819012	1.3053886837746	0.090861861320696	1.71737335750722	0.104863247655633	2.1226710811294	0.130136767623374	2.54986972853258	0.134896832700435	3.39800179134977	0.140182401481652	3.81823998086132	0.153645560744701	4.16930383313436	0.173993448554323	5.04479074019477	0.196907039152876	6.29071442879079	0.231351780351367	7.64683126785884	0.283005748847699	10.6036998761123	0.287489485293928	12.8099488456548	0.354582805730838	16.6763399221007	0.432698374277262	25.0211742307276	0.47139473876332	29.1789053882538	0.494510664280575	33.337762216405	0.533355102106729	37.5040575503482	0.580485849679919	44.3043049074295	0.597721124032513	49.9533170397972	0.715945277013632	62.4695044567421	0.816204281164707	72.8746636961601	0.808693529929156	83.280722162042	0.948763079758479	104.093612729971	1.01865801733486	124.89105964204	1.14027924562353	146.85804430927	1.15813117495029	167.829591874822	1.27042130037349	190.314134245486	1.32664550396007	209.759898797983	
0.0152865647542933	0.0886243084293566	0.0252664112486152	0.12994050185988	0.0218797959566577	0.176532847745646	0.0273694275195331	0.236434708679038	0.0286641535881632	0.294948286952259	0.0339762519496838	0.345298805284178	0.041988699302165	0.381414758140632	0.0463220761188251	0.421449026125852	0.045827948860701	0.469640096501749	0.0576868046990083	0.883916241799268	0.0772321462506004	1.31519632492672	0.0911800014185628	1.73057252606903	0.105207109343478	2.14013407706592	0.130841776418871	2.56882935977542	0.135403734014886	3.42443272476196	0.140796713492006	3.84831517933488	0.154183351139011	4.20289337717631	0.174581023466365	5.0853046672501	0.197699827452804	6.34137371783081	0.232376911730695	7.70691367826124	0.284047210718094	10.6869237887496	0.289076618453955	12.9093442427096	0.355939508224117	16.8108526978085	0.434206331001724	25.2211180021298	0.473069798850201	29.4131181034839	0.497054124273599	33.6077563432523	0.535408800159094	37.8036006784394	0.583299946128942	44.6373458442934	0.600038388583024	50.3525005027686	0.720811198232572	62.9684809914889	0.819096906104483	73.4592436726093	0.812886259035359	83.9450680505731	0.953080926100972	104.923324246997	1.02376927487769	125.890256958434	1.14467997012019	148.02540122175	1.16184351701478	169.164154709116	1.27402970274038	191.814979129644	1.33295779161947	211.429424818843	
0.0152644786656626	0.088932728982015	0.0256850481320593	0.129521042923346	0.0224670303830321	0.177250635482108	0.0273503535092854	0.238454659935945	0.0289079600697892	0.296603014258111	0.034280522323176	0.347128592121914	0.0421622431094875	0.383111569583326	0.0464781634078483	0.424907026681154	0.0460632500447126	0.472219539768782	0.0581628610230062	0.891378987442862	0.0776863297741142	1.32538208302617	0.0914560405758412	1.74413979986097	0.105502134841529	2.15710556753704	0.131521403824878	2.58921810544114	0.135981297715647	3.4513719274451	0.14113298805569	3.87798478684647	0.154500851226159	4.23613507225317	0.17543536935393	5.12520205879032	0.198577049151971	6.39125535255796	0.233697229788017	7.76643962345175	0.284885849215884	10.7702082373513	0.290231912006282	13.009309609153	0.357913180553619	16.9443149417021	0.436017256751003	25.419988889977	0.474937865343178	29.6453955304959	0.498553073557427	33.8773108858653	0.538965477698011	38.1027489257777	0.585597338199872	44.9715006429036	0.601986534760274	50.7525929365298	0.724014936426931	63.4705457917464	0.82213922711464	74.042981733491	0.817950272016167	84.6072607214141	0.960534608724232	105.751776615961	1.02791323948517	126.892181187198	1.14860209476648	149.194814494376	1.1672866928043	170.4935170384	1.27853277494289	193.314006072223	1.33679272571165	213.093303299879	
0.0152899520130684	0.0888577720702339	0.0258738542063908	0.130935547224019	0.0219666116804992	0.179216788310971	0.0274519044268566	0.23930581596914	0.0290977151443623	0.299896199829364	0.0344336503026966	0.350621109818497	0.0424071229636654	0.385401255128095	0.0465802128900414	0.427593746662155	0.0464194759711063	0.475179515600962	0.0584029677383774	0.898199062332835	0.0778965587240692	1.33539403305838	0.091876281244768	1.75724106314178	0.106116242650693	2.17330662144489	0.131937484302039	2.60981523452302	0.136392420183557	3.47834815019882	0.141659084621119	3.90800457162947	0.154978878339294	4.26936466013713	0.17661620032436	5.16533460926945	0.199250990589139	6.44121894366779	0.234691485006668	7.82605544126644	0.285712354579928	10.85431597507	0.291303227931178	13.1100423853615	0.359505918398324	17.0763392236088	0.437470281005241	25.6212868043385	0.477740807269054	29.8785241863006	0.500091995401255	34.1450437616088	0.543561603244585	38.4006678273759	0.587553584316663	45.3042361059775	0.604195986190391	51.1521563790937	0.726538299435991	63.9710683218936	0.824888098246992	74.6280981517177	0.8214950774357	85.277514920078	0.966403292196612	106.58682274844	1.03111516427457	127.892138462776	1.15179551421732	150.36167966856	1.1737464467445	171.825248652202	1.28672229889201	194.810335904754	1.34019692167425	214.758105652866	
0.0153980268438377	0.0881344255024194	0.0256113682344019	0.131903045813938	0.0215750060521361	0.179898370884064	0.0277234426127287	0.241039385547955	0.0290003861957909	0.30230008879942	0.0344684254598912	0.353024998788553	0.0427321876195268	0.388472000133732	0.0465910429376056	0.43070637207783	0.0465566998277394	0.478551688964323	0.0586847849664514	0.904007837370131	0.078213142721611	1.34596431094757	0.0926212081120792	1.77037643611026	0.106504780313293	2.1896622748928	0.132594478625291	2.62916113178534	0.136989423336813	3.5041604526202	0.142332748984023	3.93800153901048	0.156082035129617	4.30179982990267	0.177267932936963	5.20546529710353	0.200041145725822	6.49092502409797	0.235495952868774	7.8849746298284	0.286613367877622	10.9368562969699	0.292326100783359	13.210899958789	0.36052871271087	17.2098145060178	0.438950138388781	25.8202806267597	0.480793356131099	30.1121464430464	0.501856055927361	34.4123892071797	0.546468494632126	38.7016116645528	0.589750168134294	45.6369343161502	0.607609943270734	51.5506469381026	0.729171094003268	64.4709426515596	0.827833007956382	75.2127898868705	0.823816529645848	85.9463237061747	0.969926095888411	107.422524531981	1.03516145418289	128.890829139714	1.15456525367733	151.527099430176	1.177516532782	173.159900893458	1.29358445730572	196.310793358739	1.3438498691707	216.427408156319	
0.0156182827539097	0.0888262453473891	0.0256184482825099	0.131588404317815	0.0223325862594389	0.180187182731883	0.0279041099172682	0.241987064430275	0.029205521087746	0.304135463572338	0.0346182257860104	0.355687999148858	0.0434488064190745	0.391376009302602	0.0467014828882482	0.43361666767378	0.0465599516743901	0.482413010382937	0.0591383855868096	0.910927680186171	0.0784711645094097	1.35553260220937	0.0931851433795965	1.78353334591225	0.106771876171946	2.20626053785986	0.133357622275705	2.64884882441631	0.137740833393769	3.53204471484105	0.143022961706386	3.96849769526778	0.157225985816229	4.33556865353172	0.177952623417019	5.24570914062505	0.201085435248759	6.54132493981328	0.23638698528139	7.9445420188715	0.2874544799187	11.0204164170407	0.293210516198495	13.3116262157397	0.361757543336675	17.3429321605751	0.440444261640587	26.0198611823751	0.482774901963413	30.3464988566561	0.503769591110636	34.6788331325412	0.54865366248391	39.0029503824825	0.59233897167402	45.9719049532971	0.611314078093943	51.9509219110797	0.731771963123644	64.9717483037561	0.832928455629575	75.7925567884827	0.826220264173661	86.6131282861861	0.97270430430447	108.255417446771	1.04094504525489	129.890130764232	1.1571784169971	152.693949703199	1.18064520697232	174.48763899625	1.29867159673353	197.81265152181	1.35061289464054	218.091554858244	
0.0159876490314134	0.0899857055179259	0.0259692404757253	0.132042293084144	0.0226713091989069	0.180825560670715	0.0278258250689375	0.242670102194822	0.0293646709874088	0.306525935677191	0.0345804696922509	0.358082371166807	0.0439994491872183	0.39421249758802	0.0468209974772786	0.436730049789012	0.0467917681811011	0.485733175203741	0.0593428232208288	0.917461897266976	0.0787861868798069	1.36580299424377	0.0934607795710585	1.7965828043773	0.107247401351025	2.2235822056024	0.133667943632401	2.6697495646431	0.13828846023088	3.55821930172674	0.143809466416567	3.99786462295698	0.158053138475716	4.37000244144746	0.178754660460282	5.28573552033572	0.202228880230103	6.59151949891064	0.237145864041879	8.00460487150077	0.28824059835696	11.1036682693539	0.294008596447873	13.409410424817	0.363079930845063	17.477260534422	0.442014487273575	26.2201197407926	0.484262023858009	30.5797131941336	0.505965960520425	34.9454633224087	0.550468842942429	39.3025195876046	0.595956944094794	46.3061193565493	0.614170114451979	52.3534171569692	0.734145680726272	65.4726061100142	0.839127812316552	76.3744992595258	0.829574091220593	87.2809535956908	0.975536158006908	109.088459373165	1.04746907677472	130.888314801713	1.16206521250697	153.857298203508	1.18537763500235	175.816777808127	1.30457664459155	199.311782772512	1.3595504012484	219.756908554168	
0.0160985394278648	0.0906652799268126	0.0261414372471764	0.133567042689351	0.0220717891419888	0.182456029935034	0.0276609805973724	0.244929403342036	0.0292242616757733	0.307723470932114	0.0350380520513262	0.359290878565292	0.0441313007415817	0.396738011459778	0.0469363884027687	0.440152805607304	0.0469924508039849	0.488890242166413	0.0597375515737841	0.924206593239646	0.0791194039871629	1.37602495750659	0.0936429398613448	1.8098854661553	0.107809154238702	2.24037301950262	0.134101780956107	2.6901296955754	0.138975699045264	3.58434848663909	0.144460866459711	4.02767858546078	0.158903910671925	4.40243574856795	0.179218015686335	5.32471229955465	0.203217026615854	6.64173780673253	0.237880556814883	8.06551150234257	0.289425750704842	11.1869890395344	0.295603558474285	13.5078242079247	0.364851969848862	17.6102515291152	0.443560665313615	26.4198381321424	0.485703734906131	30.8122886443553	0.508614901893154	35.2111100356842	0.552129110532971	39.6050764754041	0.598606085346733	46.6379793764446	0.616268205307441	52.7524553336259	0.736402533343869	65.9711393352365	0.842182194693315	76.9604054392583	0.833767514499718	87.9474527019122	0.977984419520953	109.919355532449	1.05118103586812	131.890194326994	1.17062505602341	155.020110262039	1.19009093585525	177.155289449949	1.30860402003332	200.815667493409	1.36461343832712	221.427030621448	
0.0157943054647179	0.0907451262818782	0.0258230198756443	0.134509293707548	0.0219018780282245	0.183085807692375	0.027730200196209	0.246223126752051	0.0292220687894525	0.309188703206864	0.0357188191226131	0.361461762279779	0.0441730730708158	0.399656019570433	0.0470914838972773	0.442160067594734	0.0469359720967188	0.492064334869094	0.060018077840335	0.931556299611115	0.0793094610110601	1.38539359650095	0.0940608637780498	1.82341688402983	0.108492340851103	2.25700201611319	0.134512751234275	2.70953286917334	0.139799570044142	3.61067161946838	0.145168693684696	4.05710744609825	0.159900300359716	4.43615940305427	0.179975902841506	5.36513262869568	0.203977877603252	6.69117333796763	0.238414875357919	8.12699834712079	0.292307420471539	11.2694855892754	0.298276389575159	13.6073332263283	0.367061771351806	17.7425607957161	0.446413574584622	26.6194093745325	0.487302984246765	31.0451807442373	0.511017274833647	35.4777104232308	0.553791862339177	39.9055285742849	0.600391512738073	46.9713257870985	0.617949461727706	53.1520783808318	0.738903776155339	66.4700376388907	0.844044460612011	77.5462743660895	0.837093282811394	88.6139220058126	0.981138993079676	110.749357622104	1.05345833114084	132.891433102375	1.17628426489053	156.190030174122	1.19353519629104	178.4922066676	1.3119110903087	202.314858348754	1.3683734734786	223.094112851989	
0.015881863307865	0.0905553474884414	0.0257831464985885	0.135339131185946	0.0225341492251745	0.183635768198479	0.0278947683429069	0.246727074104388	0.0293467689738624	0.310468340363606	0.0360520752844078	0.364471971320941	0.0442319557282839	0.402001002390443	0.0473471460338149	0.445766293951511	0.0471224992887301	0.495804031386006	0.0600402042195736	0.937666182864015	0.0795087652910736	1.39551288145479	0.0944077795520252	1.83762385998483	0.109123527972548	2.27294020423685	0.13490342434678	2.72954512770615	0.140602423362555	3.63798777494569	0.146308698290615	4.0871360784453	0.160389489225507	4.46918456564281	0.180679221851114	5.40553759101495	0.204793471210764	6.74115322722174	0.239201205983502	8.18766469674974	0.294958383256853	11.3512091413163	0.299910835776007	13.7088091979159	0.369037037159685	17.8760044131591	0.449537980076689	26.8211338346128	0.488984861446107	31.2794344376587	0.512900235401032	35.745219781567	0.555839508846613	40.2041962591975	0.601962903269183	47.3054545086779	0.619500641033778	53.5518951431239	0.741669579852737	66.9699566720383	0.845976454867414	78.1306233745512	0.839725320626495	89.2805254201574	0.987125841442219	111.582824231572	1.05614314262586	133.892046029015	1.17953541788356	157.357089063392	1.19801495194827	179.824221403451	1.31569162857348	203.813289244913	1.37328013979116	224.75906421658	
0.0158119961837216	0.0911894035086558	0.025915711514443	0.135277503827881	0.0226927006191153	0.185190087294025	0.0281529083330122	0.248292132512862	0.0297240578051633	0.311983049147782	0.0361012273526249	0.366352165990633	0.0444328941418238	0.404873899566033	0.0474602733652295	0.449087622925479	0.0473175187922264	0.498748873227068	0.060253293688993	0.94408404283618	0.0798549399738441	1.40576208590162	0.094645744926865	1.84994118252568	0.109747596148616	2.28958200653221	0.135484147579764	2.74990011293013	0.14123860404647	3.66538123019303	0.147266126491305	4.11711814466582	0.160643798802232	4.50223254563335	0.181548555122919	5.44562776631895	0.205602238671987	6.79118247656996	0.240439125502836	8.24808331458562	0.29612055158508	11.4347226952605	0.300824802039047	13.8096127546367	0.370509003819638	18.0083863229175	0.450998520328222	27.0223050891101	0.490683294324524	31.5118403871799	0.514665313455261	36.0114848930027	0.559291234369585	40.502398282845	0.603827790244228	47.6377392116471	0.62132046748799	53.9505235378673	0.745595083920199	67.4689294814949	0.84777947074808	78.7132736507174	0.842200727036085	89.9468382618728	0.992929757689606	112.41752763736	1.06006373065413	134.890379078101	1.1823186120095	158.52438637123	1.20431643145822	181.156176534659	1.32057856863587	205.311705239912	1.37914409074108	226.41905349473	
0.0156944351434734	0.0912779009769137	0.0259895275554501	0.136081540761804	0.0221925624920613	0.186624222127408	0.0282623454093123	0.249862487818229	0.0299442954081957	0.315131676000022	0.0362081041038345	0.368514667802347	0.0444461040736399	0.406925050127708	0.047688999467145	0.451479521117957	0.0474495062818503	0.502188771200684	0.0603335154641752	0.951316577191795	0.0801108777498426	1.41570686429634	0.0948565365702756	1.8634211448304	0.110250672821023	2.30651088899756	0.135736586647495	2.76982086902433	0.141781293203364	3.69091041056517	0.147950883037067	4.14760638468161	0.161222764181299	4.53561859570241	0.182765198965089	5.48460827082801	0.206393259857175	6.84132301896056	0.241729411748171	8.3077941272984	0.296956621917208	11.5186776960841	0.301794757081288	13.909867762387	0.371719353288956	18.1421428647306	0.452383773126203	27.2214702748769	0.492446195156154	31.7453080443857	0.516029421822607	36.2788489650242	0.563676763463392	40.800801472159	0.60588316830353	47.970504477042	0.624487206425095	54.3496436709067	0.74987932031848	67.9685355902722	0.84996250552741	79.2951490665383	0.845788565554066	90.6142239871431	0.996108467523551	113.254004281246	1.0643511743638	135.88541897072	1.18539609919778	159.690968423364	1.20905688426997	182.491469525817	1.32535525867338	206.812132891576	1.38486973766315	228.084198574407	
0.0158992951446579	0.0913147100447355	0.026065360896456	0.137176208532864	0.022404634257286	0.187302967077166	0.0283652197115264	0.251122217955884	0.0299642219278411	0.318229051009263	0.0363505473570341	0.371988820982784	0.0446229950019165	0.409256703394001	0.047857337897214	0.455207896245359	0.0474291265340645	0.505897413931974	0.0606257936392172	0.95710777351633	0.0806460693525581	1.42526211704272	0.0952841444227905	1.87788388523531	0.110673533873701	2.32296689244811	0.136256920427482	2.7892564060802	0.142240326370899	3.71853809342889	0.148570076065393	4.17661987547054	0.161742427266405	4.56858229100395	0.183981801596233	5.52400088555676	0.207243148565842	6.89168614743592	0.242901063416996	8.36696011633092	0.297657434993825	11.6023318797305	0.302513165405411	14.0108370945182	0.372625839139914	18.276823278494	0.453778983986065	27.4210992592639	0.494892222623032	31.9778145767401	0.517355980750855	36.5465408625764	0.566121242731553	41.1010859329844	0.607710255369001	48.3033479735295	0.631206008462946	54.7461747273117	0.752872809388098	68.4698851348264	0.855985569867504	79.8733215439785	0.850176181598729	91.2805666311794	0.998535683385437	114.088446916726	1.06858464496155	136.88358810704	1.18977532662733	160.855017278216	1.21239691938337	183.824721057988	1.33033449754707	208.31069789818	1.38969166178774	229.755289217119	
0.016164162066824	0.0915488139698525	0.026042646552895	0.136945968141057	0.0229973172830786	0.188104442874131	0.0286012891348015	0.252840478920606	0.0301214222113746	0.319652053628025	0.0363289815000997	0.373916134751747	0.0448786892778146	0.41254153616631	0.0484100867145786	0.457447523204119	0.047556626061681	0.508742196808678	0.0610501681318402	0.962976851687469	0.0811014188249998	1.43515706968206	0.0956426036665333	1.89034300163142	0.111295632148269	2.33884407894603	0.136997775543747	2.80900323769185	0.142585375463005	3.74459067706311	0.149149154981417	4.20659681941714	0.161967698662108	4.60324751256849	0.185111876222546	5.56465357966911	0.208168862278725	6.94095357495429	0.243969034831599	8.42610468494523	0.298312014752626	11.6867506791742	0.303403065821581	14.1112830233873	0.373525836952515	18.4104457098628	0.45513057579424	27.6203613025739	0.498144046751496	32.2104775712796	0.519864055125112	36.8111407693277	0.56761133000081	41.4024172003339	0.609651859791029	48.6369812315227	0.636120687815322	55.1463789197765	0.755548912373145	68.9709590079116	0.863190528797931	80.455979270725	0.853736647227771	91.9465590979443	1.00100777605306	114.922047636638	1.07261251488381	137.886853440247	1.19493418473336	162.017128982204	1.21580933979201	185.157167927493	1.33570069512491	209.809575829154	1.39403786925622	231.422341645338	
0.0163148561744914	0.0920952092568948	0.0260050967499992	0.137277431650385	0.0228210097847367	0.189033437098185	0.0288688089431514	0.253830562081887	0.0304622031190764	0.322448116694859	0.03657383652871	0.37645407595852	0.0447674566465053	0.415284310122108	0.0488186414825162	0.460078538456272	0.0478489156075924	0.512145947826584	0.061377943751302	0.970770275037006	0.0813494290231527	1.44479683994808	0.0958402279861332	1.90361946996325	0.111800230307817	2.35647424727675	0.137410197948807	2.82980129960966	0.143172815650521	3.77053569294507	0.149968722882903	4.23729740096986	0.162449791073962	4.63675137493764	0.185968952410302	5.60453281041999	0.208965416288362	6.9903355551439	0.244970509569734	8.48628488421333	0.299039463145628	11.7700788999349	0.304735106858139	14.2104670102277	0.374899082645146	18.5432355388894	0.456348054517434	27.8215232438458	0.500734608252926	32.4437403375287	0.523671725905909	37.0764559317824	0.568756066085991	41.7034541697638	0.612297288930873	48.9695825841523	0.638078102800072	55.5492802222892	0.758175187609624	69.4700882795533	0.866185163437874	81.0436437873948	0.857446311711532	92.6121343322156	1.00346645590897	115.75562600481	1.07627081527978	138.888718064368	1.19928538200178	163.184083563351	1.22148626466117	186.486440849814	1.34157715797474	211.308066329955	1.3982793611541	233.090630869879	
0.0161269652446424	0.092897943794467	0.026292152760706	0.138446852606423	0.0224536179190961	0.190867225712418	0.0287326712327367	0.255513083544506	0.030505887066481	0.324439837237563	0.0368007759872148	0.378522514194665	0.0447212110788846	0.41844516058256	0.0490524916135647	0.463526090736935	0.0478751436857134	0.515892367328012	0.0616910182838165	0.977781678499313	0.0816618499331047	1.45607073200896	0.0959935132631153	1.91690769624203	0.111889725485986	2.37329090537719	0.137997370998091	2.84932275116896	0.143734393787146	3.79816896374398	0.150664698550793	4.26700752101151	0.163522438254711	4.66960191455174	0.186654531756266	5.64498294188198	0.209551253099259	7.04140928270994	0.245830480488478	8.54723901250417	0.300137801869507	11.8529684677838	0.306162280057034	14.3087513395037	0.376594585009507	18.6753436398238	0.457448327819358	28.0214912296339	0.50249583029703	32.678079712623	0.52609257957506	37.3446954469824	0.56994266537712	42.0042266435951	0.615822620296762	49.3025229381829	0.639539124783796	55.9502704509697	0.76024624687665	69.9689120774051	0.867848821737847	81.6283429731279	0.8612477286171	93.2787749994616	1.0068470002896	116.588287951611	1.08043008904345	139.887617357553	1.20238168098643	164.353541539459	1.22781583393689	187.814894208309	1.34876146202617	212.802131186092	1.40416012013658	234.755343815902	
0.0161392059199512	0.0932729757359194	0.0263919295931698	0.138848965660829	0.0227578056173388	0.191250028376233	0.0286095428239744	0.256705583836999	0.03042054646301	0.325194586836949	0.0370723108930852	0.380288883788847	0.0448556267069116	0.420341042216123	0.0494021490149555	0.466232950567656	0.0480638137520226	0.518666951768989	0.0619996233585395	0.984012924719454	0.0818912070147885	1.46579525262524	0.0963389130680357	1.93035820547172	0.112137963322652	2.38974923713407	0.138615369008593	2.86982278987705	0.144215295735923	3.82538756318623	0.151235361614006	4.29701473294035	0.164852221314311	4.70268994141108	0.187441820383932	5.68470058817383	0.210076676545451	7.09180267916754	0.246519284477725	8.60773865540019	0.300917942095757	11.9368852843837	0.307545896081896	14.4083236878393	0.378352516228315	18.8084408052855	0.458858662129689	28.2199523355677	0.50440948397368	32.9115063916374	0.5275010023399	37.6122942122816	0.571332425589992	42.3038368269085	0.618549531299973	49.6365771539598	0.640920996382914	56.3492303965338	0.762065883143031	70.469486761614	0.869607949283635	82.2110454033558	0.864525230379523	93.9458776026827	1.01155187103231	117.41992916892	1.08676597883918	140.884564598713	1.20529571121953	165.522150149419	1.23297468858518	189.149844472775	1.35513690491071	214.299399791733	1.41054912423597	236.421680988418	
0.0162126756253764	0.0929928950368222	0.0261724125005685	0.139863918044054	0.0232807259871887	0.191640878248788	0.0287806473839638	0.257783764288889	0.0304840205291415	0.327100218253252	0.0372785085521565	0.382865271153827	0.0450756711885661	0.423147146103987	0.0495061955467016	0.469412805828493	0.0482610092616149	0.522589100190368	0.0623322424345688	0.991120254402391	0.0823405750505167	1.47638741659388	0.0968757854431531	1.94356936481111	0.112569597116772	2.40715355975118	0.13904281046286	2.89049698589832	0.144865214137982	3.85182804265435	0.151873646711501	4.32837515650584	0.165477186909884	4.73536865201832	0.188180206814316	5.72458680384368	0.211340562156062	7.14039769181897	0.247334077791003	8.66799522311577	0.301579252595583	12.0199350397078	0.309234546345208	14.5089083837654	0.379995409219309	18.941409448238	0.460692998613166	28.4189107677328	0.50639735260736	33.141747947598	0.528622256863843	37.877572121835	0.572969367065727	42.6031862399133	0.620528876771988	49.970240214274	0.642412553121921	56.7495537982825	0.765594231708658	70.967796469429	0.871385177316536	82.7946419032129	0.867264802532335	94.6126151274719	1.0156945995421	118.252315444252	1.09210411893379	141.886399420514	1.20829643253205	166.687867934245	1.23696780374291	190.487015010154	1.35947469099975	215.80510245421	1.41677014152614	238.085321050887	
0.016305162950919	0.093530500967484	0.0260554077531184	0.141210697734471	0.0230902154892189	0.193628189561388	0.0290035815383877	0.258977981707298	0.0306848800247362	0.328488558211587	0.037226584105424	0.385971493727106	0.0451977553140496	0.42557626809385	0.0496316478497604	0.472266203438603	0.0483050232028007	0.525828356366346	0.0625946257573382	0.998000457803231	0.0828084526015042	1.48605710559619	0.097333139348787	1.95615735296236	0.11279328651267	2.42353272909297	0.13971102239484	2.90907989717763	0.145551995713726	3.87798214044438	0.152287674364516	4.35813184267401	0.165942058527006	4.76827646796803	0.18881557387735	5.76466394063226	0.213343295193047	7.19016291122983	0.24798012118679	8.72863828968147	0.302208092990694	12.1025414855075	0.310656779945941	14.6088402225977	0.381656107206227	19.0736795992927	0.463395057809077	28.6194952890359	0.508253405734676	33.3736509829527	0.529769898786097	38.1450032490787	0.575650056290831	42.9037836251089	0.622574843848663	50.3038920987179	0.643856221187084	57.1490054821428	0.771173511300694	71.4590802800749	0.873108523748685	83.378178798428	0.870496734061158	95.2783989779899	1.01895090997877	119.085856559523	1.09484275627118	142.889903172288	1.21251576796955	167.854673503787	1.24037774179853	191.821548042127	1.36252214997288	217.308346425206	1.42275087313856	239.746204398665	
0.0164698976537452	0.0946426237600314	0.0262054504821343	0.141449669275	0.0228018599953872	0.194084915951052	0.0290425190468452	0.260685619774407	0.0307921741539791	0.331024753188615	0.037418343942068	0.387406952784713	0.0453621021275692	0.42829354709538	0.0498941692178234	0.475492217372352	0.0485643616799144	0.529050965152094	0.0629598767146372	1.0039333315677	0.0831776080559428	1.49614600615248	0.0978075184801433	1.96902334088893	0.113139789940662	2.43958942800862	0.140214683227689	2.92926212207223	0.146004774246892	3.90449153777975	0.152613888188005	4.38836443465521	0.166506190367591	4.80220501341104	0.1892388556899	5.8041971850631	0.214948006717524	7.24110392533529	0.248513079734022	8.78780893532664	0.303472172502626	12.1855772709936	0.31183463527373	14.7082877737142	0.383337808638922	19.2073728111738	0.466202180034585	28.8199158975737	0.509772341448428	33.6093240119105	0.531559967828121	38.4114695261809	0.57926121769935	43.2015162622011	0.624341437967913	50.6368510791991	0.645637497437879	57.5488743984966	0.774877904330066	71.9545438662371	0.876399149217111	83.9572453454974	0.8742643184826	95.9445777092609	1.0217813115223	119.919777654386	1.09701337963127	143.889204796806	1.21982903127489	169.018662753996	1.24377103599629	193.154263132521	1.36561076568559	218.809295617487	1.42747794878167	241.415357890514	
0.0164738011562665	0.0942611234925672	0.0266114945441051	0.141902903205176	0.0231192499493129	0.19432189387929	0.0291246882815709	0.26208597961415	0.0308885428041937	0.333676373951753	0.0377707352205112	0.390059883220158	0.0455013127397308	0.432261795982013	0.0498408365298634	0.479038431633578	0.0487336234290068	0.532641097091392	0.0633919754861188	1.00986667099344	0.0833882642326674	1.50643316199242	0.0981083521248832	1.98248304692861	0.11360464657806	2.45673088484153	0.140680416452087	2.94900639254692	0.146491659041007	3.93099883963943	0.153335563321146	4.41801215608733	0.167000950466154	4.83636126721273	0.189831124098109	5.84552462234871	0.215770609048386	7.2914824206324	0.249364576880424	8.84709879025569	0.306585613344959	12.2673008230345	0.31291646552202	14.8084692069847	0.38457294649554	19.3410827868604	0.468183392275924	29.0189506981863	0.511117899825856	33.8439092561527	0.53439935098031	38.675816113204	0.581926077938926	43.5012419295082	0.625720733505576	50.9706221729268	0.648421341712274	57.9479684545052	0.777384201295274	72.462017787751	0.883416732474096	84.5332795064078	0.876976962939035	96.6122912600619	1.02548859336548	120.752424700027	1.09949594477369	144.888655432928	1.22560912071933	170.184857375958	1.24811736888521	194.488095809951	1.3721617306172	220.306668531252	1.43285403532288	243.083647115054	
0.0163575703786243	0.0946894154412257	0.026432898330717	0.142981680285561	0.0235801406397568	0.196553138935277	0.0291329422646952	0.263674408397371	0.031087713881805	0.336032736368931	0.0378771066710143	0.392727918542894	0.0456889716632989	0.433779124110805	0.0499147085127965	0.481556785963383	0.0489764177434341	0.535322549279331	0.0637971607406097	1.01663424257576	0.0837659333986375	1.51551320741768	0.0984728181518637	1.99626522339444	0.113899703019304	2.47339294340193	0.141204319549132	2.96912854713831	0.147059960281812	3.95733943476617	0.153976099486429	4.44732553273104	0.1675094522177	4.8695251968583	0.190534886027273	5.88604786262934	0.216264741074627	7.3410143437494	0.250842257591552	8.9064240354409	0.308838545109542	12.3525689886259	0.313910106262718	14.9083358532399	0.385502045344702	19.4747331579052	0.469576874615633	29.2199487266929	0.512199865430083	34.0791613273267	0.537228619180594	38.9435415383673	0.584248671878225	43.8016567754878	0.627388430506572	51.3034768452846	0.652493601836571	58.3458964947057	0.779614447729416	72.9651331198228	0.887749318015286	85.1201021075101	0.879021658172102	97.2815321798128	1.0305814023425	121.583678487163	1.10207291259094	145.889953812951	1.22832625876005	171.353331875474	1.25360368606852	195.818054185654	1.38135536056147	221.802759945215	1.44132056672518	244.747570299572	
0.0160743924162257	0.0956667729532441	0.0262677549817313	0.143682282210954	0.0234010489394737	0.198039311415046	0.0292594300995083	0.265267435585587	0.0314221048863556	0.336789465028693	0.0379188083565225	0.394078627250235	0.0456972308123506	0.437589630243855	0.0500146412646631	0.484947178323745	0.0495115608911893	0.538541141736666	0.0639644936187783	1.0235969262282	0.0840778790692332	1.52471828289264	0.0989082236248908	2.01005880856127	0.114258951643328	2.4893269405742	0.141644312073971	2.98934755927286	0.14745920949281	3.98481391507364	0.154881224384187	4.47738117343146	0.168129901632192	4.90189098309533	0.19087241480888	5.925912657881	0.216731046806261	7.39141332814218	0.253047144138636	8.96510108014496	0.309680132480201	12.4359232864175	0.314847510733973	15.008952214132	0.386389719157726	19.6088137999589	0.470747068741176	29.4210193983569	0.513450790033723	34.3119360805699	0.539388580862543	39.210451124994	0.586843684440838	44.1018220270293	0.629843990333483	51.6362011324882	0.657155377193329	58.739924156149	0.782491969518743	73.4665497195992	0.889782191062941	85.7074760515504	0.881024377806053	97.9476140535406	1.03499666024769	122.416981183865	1.10515768243675	146.888212356234	1.2310576623518	172.520122543855	1.2586776430329	197.151603741035	1.38615619717406	223.307285416013	1.44775234117946	246.418213907468	
0.0160445530460411	0.0962009591839898	0.0266200219606285	0.143030734789466	0.023073093496164	0.198865336291835	0.0293918745396465	0.266411565314158	0.0318945683075557	0.339253977274712	0.0381555387074158	0.396008822298277	0.0456934067989371	0.439449976102118	0.0500518698369358	0.487828020844672	0.0498512973497235	0.542686749357678	0.0641495655901555	1.03052014508841	0.0844202228118809	1.5346233636645	0.0991928878478655	2.0237774222644	0.114715625831905	2.50643836225551	0.141971980233345	3.00958426653549	0.14818209819748	4.01142086844407	0.155713161361262	4.50717278419452	0.168579479235846	4.93539857075461	0.191438237797381	5.9656670914128	0.217465695105714	7.44139601136388	0.254366578024495	9.02664752956513	0.31030532930856	12.5185856115689	0.315625747857814	15.109626317021	0.387540081092124	19.7421791863093	0.47192467852274	29.6206930862253	0.515089558621822	34.5452659020412	0.541165807455174	39.4780126373919	0.588916674982994	44.4017078818117	0.632415475344906	51.9692793222533	0.66039875162103	59.1412124080392	0.785751520061972	73.9675565374622	0.891527533882076	86.2916015426048	0.883814885256619	98.6120418984544	1.03848046580484	123.249307854556	1.10943076075761	147.88593445774	1.23498351263183	173.684111794065	1.26293384653915	198.486330488094	1.38903040012437	224.80595473074	1.45154602614487	248.08531103917	
0.0162712837114859	0.095809854652931	0.0268455020162843	0.14377704427842	0.0234240845456667	0.199604398927349	0.0293188140209814	0.2671472519055	0.0322695973341003	0.340629366029108	0.0385396494183828	0.399790573848201	0.04585478804272	0.442264374581269	0.0501621463986749	0.490098468758422	0.0499573113469789	0.546655580320893	0.0645923066749457	1.03689597913139	0.0848149886039987	1.54554114127282	0.0993984790238416	2.03696611344774	0.114918563664034	2.52342312407268	0.142463374855184	3.02964681648493	0.148892505005563	4.03779126589178	0.156183452423042	4.53818209916606	0.169397513022035	4.96779788460274	0.192208487555449	6.00524317668003	0.218147317561807	7.49185646304367	0.255047373643661	9.08765008662755	0.311073782114587	12.6034160555711	0.316450913365884	15.2094063502809	0.38950688625931	19.8738272139137	0.473138143682186	29.8210634033465	0.517061422567235	34.7786665040248	0.543507350552233	39.745823744228	0.590562339118298	44.7025064326738	0.635149873288147	52.3034974507956	0.662034529097671	59.5454250126747	0.788658057634012	74.4675798787331	0.893262043976092	86.8749149204127	0.887179382344082	99.2777586937503	1.04117118019008	124.084026161505	1.11632163033938	148.885549006628	1.23906307023515	174.843526388005	1.26686996155375	199.820520793376	1.39182532627177	226.301584208728	1.45475720806453	249.752125048822	
0.0163190765908023	0.0953657811529569	0.0266329443320462	0.145683752536399	0.0239192811566166	0.199836953073568	0.029683440060837	0.267960616616642	0.032579341247538	0.342293435664094	0.0388067547910942	0.402651276519409	0.0460957195286388	0.445384217746555	0.0503318801362294	0.493516189614284	0.0501750894289488	0.549388313455661	0.0648276338283001	1.04376320222446	0.0850654024147543	1.55615588981283	0.0997143362347037	2.05025678444817	0.115347406654011	2.53917691033532	0.142993914629672	3.04934056271235	0.14945072338726	4.0649160345891	0.156659353935008	4.56765659460753	0.170782231895886	5.00177206484973	0.19328009344188	6.04395918559046	0.218744215737519	7.54145590704412	0.255661724330061	9.1468971007202	0.311791668799135	12.6868644169383	0.317864374481289	15.3083873088097	0.391059629937329	20.0078892295169	0.474184987709272	30.0209959988783	0.520123980396674	35.00996976767	0.546840486883247	40.0111947860345	0.591999773669856	45.0028579487214	0.637629303756716	52.6385314178745	0.663623370105046	59.9460650640837	0.792000442975829	74.967878891473	0.89511076284166	87.4598301729728	0.892073696462448	99.9430061024909	1.04357972235327	124.918759369614	1.12313250014998	149.884805927664	1.24271111633862	176.011598556188	1.27023701328736	201.156454534435	1.39523825731274	227.801728738343	1.45763857596444	251.420160953634	
0.0162780552407996	0.0963066642911879	0.0265031023142324	0.145800240612269	0.0235656983149585	0.202278444190788	0.0298979763311546	0.269005414976583	0.0326772842403615	0.345117787652788	0.0389563911578742	0.404680133548013	0.0460916322128697	0.447603850374741	0.0504449475137523	0.497437057467184	0.0504642741840414	0.552007658072354	0.0649615358959482	1.05079468732883	0.0853378143092522	1.56506853001325	0.100193465649623	2.06336840869212	0.116169509525346	2.55589647806197	0.143242412302421	3.0700217436526	0.149983332222902	4.09120400999287	0.15745925390147	4.59722142833444	0.171771855367996	5.03494577338187	0.194427491448108	6.08418207435505	0.219300617137946	7.59129796056373	0.256362424207357	9.20667217468758	0.312295647611631	12.7698052075263	0.31974872340636	15.407399000982	0.392068547377587	20.1414352924382	0.475348231598524	30.2210831939502	0.523267103889253	35.2427929496847	0.54929174628167	40.2777839977107	0.593310375805977	45.3027885069852	0.639364318266973	52.9712370786275	0.665491922829703	60.346284157709	0.794794171167068	75.4682226076944	0.897183329908197	88.0436203879162	0.897238184283069	100.609989496428	1.04586311126108	125.752196176761	1.12751721088108	150.884882412527	1.24607419257649	177.182650956468	1.2731561117952	202.488111642434	1.39980326333391	229.304421366402	1.46301681379095	253.085127219385	
0.0164187302092873	0.0970000339150558	0.026748834912102	0.146383699625637	0.0232577572339347	0.203049681109345	0.0298565658731224	0.271563641552221	0.0328512888078874	0.346754470584614	0.0391667451349845	0.406620602247718	0.0463451274964659	0.450141238608761	0.0505478775177858	0.50041350606662	0.0506628615203008	0.555653960401767	0.065220116212452	1.05705142850324	0.0856821547987733	1.57546977286317	0.100565448116277	2.0770195015118	0.116992529016003	2.57254479961504	0.143514586802781	3.0904032715687	0.150494337811921	4.11751945941129	0.158075762814471	4.62806496789557	0.172260118999731	5.06812832947805	0.19502850310685	6.12447900326079	0.219785851183139	7.6411339604869	0.256917098030585	9.26696878927198	0.312788683523546	12.8530356394213	0.32147018849471	15.5072535400442	0.394005526918872	20.2734800634405	0.477527092845348	30.4195051843378	0.524937586700291	35.4773036881245	0.551136580342117	40.5445706497634	0.594579555699927	45.6031213965822	0.640798934898309	53.3043152683926	0.667567582425831	60.7468087251242	0.79669108542603	75.9690878645327	0.900742023111148	88.6250189666016	0.900290014384766	101.278261840747	1.04790970880471	126.586586658179	1.13051845797778	151.88618079255	1.25045270001801	178.349352217886	1.27627808275634	203.819217407495	1.40601446046798	230.80250953587	1.47699715333258	254.739990498327	
0.0164842548883925	0.0965894298185173	0.0269461510599864	0.146825728581619	0.0235889717401923	0.203739078060544	0.0300575643162241	0.273836243149322	0.0329606080427761	0.349503239929202	0.0394316813846557	0.408435167782847	0.0470679815006677	0.45208409382245	0.0507765593556851	0.50324804439549	0.0507834600465744	0.559296653856374	0.0656878545831052	1.06356544752667	0.0861626806416779	1.58598580121495	0.100862868105796	2.09050970836435	0.117582944793715	2.58919754495014	0.143919889875384	3.10963508182105	0.151465548466257	4.14382745824947	0.15848799960402	4.65754039465956	0.172885685272172	5.1016214816381	0.195776874048675	6.16456452195214	0.220241031390566	7.69137508571078	0.257577314776473	9.32685003400782	0.31345822157149	12.9356644369617	0.322780040826167	15.6077721120707	0.395967816780999	20.4070801430686	0.480782313321025	30.6182047088395	0.526406209370742	35.7113375894288	0.552947788430488	40.8111039820878	0.596724931909856	45.9021988634082	0.642377523397519	53.6369501486333	0.66960851084647	61.1467633231509	0.798532156657775	76.4690441505815	0.907286687265339	89.2054191675344	0.902481376683772	101.94511857482	1.05095787906461	127.418786669006	1.13288953849338	152.886346684375	1.25507315838279	179.515800159576	1.28434266219169	205.146180649941	1.41442437744041	232.300433792572	1.48741760472841	256.409754937756	
0.0166422018648957	0.0973667130575639	0.0267393752736904	0.147756876489025	0.023845156310864	0.204394700018103	0.0302535170020351	0.274270472279112	0.0331511492903934	0.351755905403388	0.0396925884243567	0.411888307998693	0.0474463118416469	0.454552389566248	0.051031661127071	0.50563671206294	0.0510044025240092	0.562217746972911	0.065895214355214	1.07043686157113	0.0864997517626735	1.59632115299585	0.101313612738153	2.10325206322501	0.118201991796496	2.60602887138043	0.144490923049112	3.12911997897103	0.152497723438274	4.1698537320222	0.158792341177089	4.68821676182649	0.173413266528766	5.13498424864391	0.196546684426214	6.20398693900187	0.220875397002422	7.74146673366853	0.258350259505568	9.38722487968477	0.314102699900033	13.0187793848629	0.323495556156777	15.7081128014938	0.397209759084091	20.5409577568107	0.483890718333243	30.8184986575131	0.527778014441106	35.9449356317888	0.554620336201921	41.0772610601099	0.600582206520129	46.2035301307577	0.643915382578928	53.9698793267935	0.671528035507691	61.546580085443	0.800650016904099	76.9682479280257	0.91153160776452	89.7889560627496	0.905474661965267	102.609941300487	1.05744882652588	128.247589215241	1.135396649562	153.885901628621	1.2584970140417	180.683872327759	1.29383592693883	206.479000048458	1.42003572731628	233.80342444384	1.49101166778913	258.081277714121	
0.0167875764653672	0.0988122347640727	0.0268022691287678	0.148643408226459	0.0236666184171874	0.204890280019581	0.0303248093873236	0.27529996202496	0.0331998754735275	0.353347477400149	0.0398965886772852	0.413701389238539	0.0475735913384839	0.457323743482197	0.0509690583044733	0.508661065565033	0.0512542147120305	0.565206302765242	0.066105088334483	1.07717730838475	0.0870190572548625	1.60557593781087	0.101480273539018	2.11693551950262	0.118805612290621	2.62251118469246	0.144925696084253	3.14923794261103	0.153223899766936	4.19769049679399	0.159276799302542	4.71852711923897	0.173836433395744	5.16884573886473	0.197161900113403	6.24548899926193	0.221764371780054	7.78977815860947	0.258934460148578	9.44783907525203	0.314819458656897	13.1021383392671	0.324227677216317	15.8083789851146	0.399245417496916	20.6730155663285	0.485681931994074	31.0189490683719	0.529218515418893	36.1782431015194	0.556521167144074	41.343418138132	0.604081152379493	46.5024660365591	0.646643850421706	54.3020075675776	0.67316935960109	61.9476224681852	0.802919716572402	77.4679136414449	0.913562748249503	90.3754657394817	0.909595267553537	103.277021551968	1.06292550884011	129.082724754684	1.13789405894438	154.886976491237	1.26174900351375	181.851661373893	1.29764291184877	207.817556393762	1.42300791727605	235.304477944245	1.49403174555235	259.749194409649	
0.0165923003774047	0.0984332374259089	0.0269367942963384	0.149443894493235	0.0236292024613519	0.206157009628129	0.0304040684951105	0.276243013398457	0.0332441029698934	0.354451181910137	0.0396746754153833	0.415940666951351	0.0475978278181989	0.460522516231933	0.0510279232871849	0.511182795939012	0.0513312145709418	0.568278211924042	0.0664882979821233	1.08314848278829	0.0876812799386715	1.61583922851097	0.101820240950988	2.13014027599961	0.119077164190199	2.64002377355373	0.145258174853611	3.16911702202199	0.153751897007498	4.22461968775993	0.160044255194755	4.74738833879418	0.174185816508049	5.20158032882379	0.197578551302105	6.28539011609226	0.222721540034039	7.83827584805647	0.259469565307036	9.50828097615116	0.315748069795767	13.1860961340584	0.325261269879487	15.9089040763987	0.401322836911769	20.8035571827668	0.486904442181669	31.2198185743693	0.530540297908005	36.4118448691696	0.558294332675505	41.6106630008696	0.606753641492663	46.8009362810953	0.650509576199342	54.634787734133	0.676109798269657	62.3451034735711	0.806355643392147	77.9673036833952	0.915190627671012	90.9609770384613	0.913015238733507	103.945062928299	1.06549712201839	129.919290805533	1.14129198282274	155.886903964494	1.26666669204125	183.015307897411	1.30009764029449	209.149943658625	1.42562997263638	236.805322828403	1.49697144032261	261.416038221622	
0.0164172729288322	0.0979304178469482	0.0267998674617537	0.149922710689167	0.0241231355804294	0.207655798617801	0.0306429021187191	0.277604112172778	0.0333903258240603	0.356509113663986	0.039691324054999	0.417710790939483	0.0477260871536995	0.462590430599155	0.051263641374837	0.514140676295499	0.0513876857461283	0.572000649870313	0.0667683635816029	1.09055738634809	0.0881409237831711	1.62599145899933	0.102597047956357	2.14279741484874	0.119173205847219	2.65731400916087	0.145715459070114	3.18922311129974	0.154212645330706	4.25101197128711	0.160889653505448	4.77671708225964	0.174457162113837	5.23479827517612	0.1981043502372	6.32520741389487	0.223742493282019	7.88784362709089	0.260235826940991	9.56727467051555	0.316601268497594	13.2692976949549	0.326115521150429	16.0088647862295	0.402581612559031	20.9350841384423	0.488004674877929	31.4201926167806	0.531636722909332	36.6457483853196	0.560319768117406	41.8767828259905	0.608438804572601	47.1023755818583	0.654062806354568	54.9684098162559	0.68064773421107	62.7428862274569	0.811121704726477	78.4667086265059	0.916944375734614	91.5429046083439	0.916252251459357	104.610057017312	1.06768679782299	130.750805362977	1.14696814745949	156.882718717458	1.27188152605676	184.181547222854	1.30262080313225	210.484655504524	1.42861893583218	238.302353015477	1.50024321688892	263.081719743077	
0.0165977361463989	0.0986452297168867	0.0266993141245386	0.150464434811643	0.0241784964634016	0.208838738302444	0.0307002218742944	0.27966195661514	0.0337420647081281	0.358864777589266	0.0398522241338825	0.420789364875142	0.048025847283289	0.466321657901806	0.0513419888575167	0.517378768318314	0.0513431462741555	0.57629043786056	0.0669360941985394	1.09809015580444	0.0887061343921887	1.63548990107136	0.103361935418081	2.15641567854923	0.119593887622531	2.67282541873498	0.146141593325834	3.20932687227115	0.154452300153787	4.27826712513868	0.161647180803407	4.80709356357178	0.174951296622653	5.26838921620187	0.198788129825568	6.36546522725434	0.225675179021778	7.93777089662204	0.261028616137306	9.62701994216196	0.318379536934814	13.3513630423644	0.326733142734805	16.1081623944186	0.403711703349499	21.0710721290382	0.488983081291179	31.6201065858618	0.533336362691587	36.8774539802979	0.564016259876154	42.142030933223	0.609789650359261	47.4023210412826	0.656830464556973	55.3019909201874	0.683348153711487	63.1440403689027	0.814618069730674	78.9665308021103	0.918963388411858	92.1256368408929	0.918741612730769	105.277792919853	1.07001412945491	131.583646123705	1.15271715985135	157.882199155902	1.27620638225143	185.34815907731	1.30553487259713	211.816580833411	1.43420354002704	239.795404592701	1.50351892945728	264.744421032435	
0.0168071338516752	0.0987797330629539	0.0268551852652357	0.151536445251768	0.0236376510457812	0.210346898725078	0.0306958149664536	0.280530036524942	0.0337755820297828	0.360204601464534	0.0398885502953236	0.423599368676102	0.0480983491044467	0.468899209419949	0.0514837838636366	0.520514182032154	0.0513362969583028	0.578845230184367	0.0673136430783819	1.10382558919247	0.0894117978114243	1.64562955870555	0.103858331821332	2.16966141323756	0.120213379989588	2.68975057591021	0.146717350985489	3.22931538207943	0.15478751562326	4.30488525437947	0.162161473216061	4.836920564591	0.176029410503949	5.30114243261154	0.199689360138935	6.40490813339973	0.227576128783482	7.98900853695342	0.262021991477311	9.68633959941199	0.320578454961437	13.4333455020687	0.327583671331875	16.2066963181328	0.40442777554694	21.2067714096498	0.49030395939917	31.8195511683878	0.535817327846003	37.1107390982877	0.567139345157272	42.4092534442199	0.611017084766437	47.7017412347998	0.658643303952801	55.636339433884	0.685369582385228	63.5434510745716	0.816867039651439	79.4665839457022	0.921179095710134	92.7082051606764	0.920732385998985	105.945104139321	1.07248685059938	132.417783285394	1.15810821157134	158.882424652369	1.27940941696178	186.514368600432	1.30950616829879	213.144572255931	1.4427465847248	241.2944613376	1.50702673480045	266.409953542285	
0.0167634406376081	0.0991544157584574	0.0271742027039098	0.151414733038579	0.0235209802938911	0.210627459637355	0.0309549413348527	0.281326259080758	0.0336820253189074	0.363539638341996	0.0401034298656943	0.425758639962788	0.0480758279462888	0.471284588354714	0.0517038425508713	0.523178230130307	0.05139686581313	0.582518133413553	0.0676187809351932	1.11062296309576	0.0897232274187167	1.65544779365145	0.104350559432643	2.18366780560257	0.120626221303547	2.70635954908637	0.147432695174028	3.24951297379579	0.155302891091316	4.3307029119054	0.162797825990922	4.86714058371804	0.177573595810727	5.33434175251326	0.200575525907986	6.44492985649775	0.228647386599727	8.04030019399157	0.263182699314232	9.74580454297675	0.322016161907639	13.5172418295729	0.328638682941663	16.306763198732	0.405002660481539	21.3400790540033	0.491760501733174	32.0197743365491	0.537846081404021	37.3436777642962	0.56863658050488	42.6777574550186	0.612315223073629	48.00125456057	0.660118807985213	55.9698162296921	0.687939158327898	63.943368419697	0.818462624185032	79.96804524896	0.924514627303491	93.2906840734971	0.922611576161748	106.61184166411	1.07576775911631	133.250907168171	1.16160334111444	159.883454811503	1.28181280588975	187.678030025111	1.3140505889771	214.475678020992	1.44881653626029	242.799836174546	1.51270315575968	268.07623111016	
0.0166112204065565	0.10022683365219	0.0271624550693166	0.152930504112517	0.0241078093315558	0.210851660984629	0.0311517142684708	0.282652957129114	0.0336897240707933	0.366132905927839	0.0402524367224411	0.427261387073214	0.0483532149077927	0.473647557341092	0.0517976632654965	0.526298102399422	0.051555435650166	0.586161758190691	0.067672480095665	1.11705444365993	0.09005751823914	1.66630131000518	0.104771904967378	2.19708909458788	0.120778259935407	2.72301927934044	0.148463514428509	3.26863279251385	0.155769788655192	4.35699368127676	0.163486499158485	4.89711613068085	0.178873127973434	5.36753175918968	0.201094798387665	6.48407334244962	0.229135439970817	8.09150151274428	0.264539096351255	9.80606483598246	0.323093950853338	13.6009928707624	0.329786153681202	16.407649643158	0.406002996395431	21.4730383837305	0.493946577284076	32.2188128624518	0.539456405558347	37.5772348284649	0.569720734135048	42.9456989470089	0.614076193229823	48.3017774399632	0.661320551131468	56.3033228278212	0.690909831865875	64.343181456699	0.820674134073669	80.4675321484534	0.927944697172239	93.8736547246137	0.924597177949945	107.278571738319	1.0790710426407	134.083107178998	1.16435644665865	160.883248174317	1.28414131673865	188.844686583047	1.31821112864641	215.812073698026	1.45216736834165	244.302513901444	1.52389040007414	269.736011772062	
0.0168160771502946	0.100296217180703	0.0269313761278808	0.153603370088802	0.02435598050155	0.212060503077148	0.0311418935708466	0.285362989277203	0.0340270800775558	0.36679819035665	0.0402669437159409	0.429984341321413	0.0485606680799184	0.477311234656461	0.0518336750531801	0.529978106962902	0.0516092257455601	0.589410152968998	0.0681770834095154	1.12326438587719	0.0904623676004981	1.67642781270864	0.105163333312652	2.2095490258912	0.120842520011582	2.73980217699916	0.149438697648034	3.28932119120372	0.156370738899047	4.38426233930503	0.16424764916157	4.92764534888797	0.179824807050004	5.40043538418801	0.201862949395753	6.5241732966402	0.229581063312667	8.141814349803	0.265826336866172	9.86667437493706	0.32392677397214	13.6855876901644	0.331920993053247	16.5074147752573	0.4068733907404	21.6071097125589	0.496733589167233	32.4179743229285	0.542460719963938	37.8088957199618	0.570922428276352	43.2114834960189	0.615599351382529	48.6020917031095	0.66266779554898	56.6370082398761	0.693230163791321	64.7435234848983	0.824170377502436	80.9662963416632	0.930831768155277	94.4569308495204	0.926888061242739	107.943841498801	1.08203549319421	134.9157691258	1.16705269511089	161.878630793626	1.28650814136599	190.014740605575	1.32131724480693	217.147113369455	1.45562666871136	245.802807442664	1.53196367090822	271.408070990205	
0.0168006069953518	0.100383666911115	0.0269574865130254	0.153979246041297	0.0238873949794983	0.214017997516861	0.0309132507029716	0.286686223969899	0.034218299007867	0.369095239170174	0.0403150856367653	0.432871062815813	0.0486065283681134	0.48027691483914	0.0519048127778007	0.532554203289591	0.0518438565228351	0.591872453324007	0.0687019529807601	1.12917432582435	0.0905220730116048	1.68646141598969	0.105640383465517	2.22298963981901	0.121335670007681	2.75595340515164	0.149896881440656	3.30952646633094	0.15725229806143	4.41123297412357	0.164901571595871	4.95724650419357	0.18033460850295	5.43424472034713	0.202611071264085	6.56447581348113	0.230143131872093	8.19182823232947	0.266580646080795	9.92695795100603	0.324417230356257	13.76960229563	0.334305503808986	16.6070290331068	0.407701497120656	21.7411456511312	0.498456322745918	32.6188307904105	0.545541234856811	38.0425272899329	0.572550660160174	43.4774207819238	0.616973885382218	48.9016236553303	0.6639785039577	56.9699821215178	0.694926225335994	65.1451619140599	0.827490665129369	81.467020037477	0.933385261093972	95.0404155906739	0.929603847821479	108.609692404541	1.08565698188392	135.744601474356	1.16977803871489	162.878647673847	1.28948188357313	191.18194850645	1.32403879371923	218.480662924836	1.45919523510544	247.301834385243	1.53541200146776	273.077179778572	
0.0166007215285654	0.100623722569277	0.027264425835836	0.154130644160142	0.0237906589749094	0.21503992026715	0.0310605356257659	0.287218416588353	0.0341798691487893	0.371406054094851	0.0403519297561687	0.435048960553107	0.048780515892436	0.482084029794026	0.0520986299409394	0.53615376486951	0.052053539464564	0.595975802185203	0.0689868257443299	1.13626006046612	0.0906530629848925	1.6953290034627	0.105907714296859	2.23723817604193	0.121834099787882	2.77387647441817	0.150394674749184	3.32926677868488	0.158165800924637	4.43708974719577	0.165473217774839	4.98651750566215	0.180524734395213	5.46793577854489	0.20321393483449	6.60444351987239	0.230778686366696	8.241399736654	0.267144623784553	9.98743896745144	0.3251256695125	13.8520289961813	0.335710029178212	16.7066917197278	0.409471324413778	21.8735163850192	0.499609270931019	32.8195568727383	0.547118448267082	38.2774999643478	0.574174305454928	43.7437492232916	0.618943138021283	49.2020645783408	0.665362622026275	57.30327637811	0.696379207153705	65.5446992795929	0.830453398272056	81.9667006520567	0.935605911008475	95.6235799568769	0.933441085328763	109.275103726047	1.08959330948512	136.576443857331	1.1724085400598	163.881212652511	1.29669816324103	192.342614797871	1.32813729526176	219.814435997624	1.46459158160908	248.799356310612	1.53845758382571	274.744709043928	
0.016658369944969	0.101668695552193	0.0275330610062902	0.155335790066368	0.0242287453647641	0.215666758537754	0.0313155592329957	0.288114989146818	0.0341683514097187	0.372896606700895	0.0403486217624024	0.436296583497867	0.0486905389614489	0.483727319295053	0.0522800227224814	0.538941620656545	0.0522307409860076	0.599748997209379	0.0692838177183727	1.14266173870932	0.0908725838245989	1.70564526313172	0.106173775694785	2.25053862592892	0.121932096733371	2.7898037195021	0.151284901448492	3.34914283129762	0.158930677530616	4.46445898805732	0.16611178691699	5.0173112194679	0.180810266986245	5.50252928827459	0.204071900866043	6.64451925967717	0.231342396926405	8.29090977369154	0.267787037117765	10.0480028716021	0.325890836324349	13.9356133306378	0.336714382465584	16.806298526997	0.413800569138438	22.0026200394706	0.500740687534771	33.0195937763935	0.548370946232531	38.510457256807	0.576282970838123	44.0097572897088	0.622204062384876	49.5006130539696	0.668189885155917	57.6342535042465	0.697918360614394	65.9442664474469	0.832578235576762	82.4666196852042	0.938362757224858	96.2062525847838	0.938932431794473	109.936312920296	1.09237446582526	137.413963582451	1.17615876945634	164.88237692209	1.30541643046126	193.508258076895	1.33614299473173	221.143574809501	1.47310034266968	250.295641439662	1.541461930206	276.410777995555	
0.0166426822760006	0.101657548785657	0.0274142621357452	0.156433906641174	0.0245037689220624	0.216652665299563	0.0314179226640306	0.289935957524344	0.0343721033516753	0.374919060887102	0.0405902926194947	0.438843925241431	0.0487744124088048	0.486275446842002	0.0523740571901895	0.542197698845728	0.0527332473776042	0.601917057852446	0.0694459041566957	1.14979287532443	0.0911150480433711	1.71617514490615	0.10632200379122	2.26437644891594	0.121886691800774	2.80729558643706	0.151839742173505	3.36911690560668	0.159556011612705	4.49117909711519	0.166642877507652	5.04741296063358	0.181150467374355	5.53614164971854	0.204997281628204	6.6857475111133	0.231830557772122	8.34103634624418	0.268675347379263	10.1075069307131	0.326556257283305	14.0207594929778	0.337407158193418	16.9066615681609	0.416923537169111	22.1368645942897	0.502709952403388	33.2153205193782	0.549577495343915	38.7436082643524	0.5788177553518	44.2755567398793	0.626331766493886	49.7988486052281	0.672830097828132	57.9665121301849	0.699611508638625	66.3432077665605	0.834573492982938	82.9663077503642	0.942551452220105	96.7881578029257	0.943015445344371	110.601873253406	1.09474722599878	138.247266279154	1.18060045324656	165.88115700599	1.30922503542448	194.680547273495	1.34197220360134	222.477958829869	1.47820719593798	251.800450032509	1.54447842907119	278.069008936767	
0.0166054619037293	0.100968442872749	0.027352159830642	0.156726822128893	0.024095551135733	0.217473044033511	0.0314232284320327	0.291447959652416	0.0345765532296816	0.376783364866119	0.0404966037888714	0.441226422897117	0.0490599056311213	0.489430331017493	0.0523732356472568	0.545865654423971	0.0530618889582655	0.605598342984406	0.069681663205074	1.1568886216834	0.0914337262739783	1.72626672301471	0.106507173711532	2.27714138834796	0.12196298605767	2.82424472516745	0.15222015127011	3.38945116890436	0.160077696360482	4.51756858667477	0.167004062034064	5.07809398441315	0.181756392114767	5.56823502411543	0.206020181026061	6.72494873906205	0.232268005999316	8.39124580650203	0.269467029975182	10.1669495225371	0.327256702225571	14.1035475466709	0.338009697305518	17.0067172728897	0.418100062294641	22.2723515333643	0.506380866348064	33.4134761515221	0.550469251254271	38.9778396060331	0.58093702534138	44.5423843701233	0.629001993549661	50.0994757927446	0.675600782799807	58.3016578559675	0.702338161662497	66.7412326643042	0.837345717532505	83.465682891154	0.94642960122944	97.3741459390409	0.945550344942851	111.273520710576	1.09755688661891	139.081686562893	1.18407433930421	166.880890764162	1.31172460429344	195.846473674568	1.34490502525794	223.81335612915	1.48103280525854	253.303023451283	1.55077548602669	279.731680423804	
0.0167673574529468	0.100913523947285	0.0275636022939262	0.156877376236694	0.024022269908169	0.218142082856273	0.0316008544910552	0.293249515775949	0.0345159017839977	0.378483843391277	0.0406007274283071	0.443635201310458	0.0491818616124377	0.493140894601502	0.052477688660565	0.547254430939742	0.0530588025494203	0.60917759009163	0.0697394132171224	1.16373884814029	0.0916796707491785	1.73610009195173	0.10707725390071	2.29023997407649	0.122630037855673	2.8385128191635	0.152743549724195	3.41007227954141	0.16043242317182	4.54461465861827	0.167407887115188	5.10755823530679	0.18221835960907	5.60062549039952	0.206756522956006	6.7648163282813	0.232666573234779	8.44145619808241	0.269922159297461	10.2267944456943	0.32789126645066	14.1857591117177	0.338651262547241	17.1075944040904	0.41894794068522	22.4064824668347	0.508894321511339	33.6174469615457	0.551475126267282	39.210022038147	0.582478025958319	44.8097931456262	0.63062234507365	50.401015676341	0.677105889368528	58.6346950675413	0.70621494761161	67.140762579257	0.841188368043963	83.9632773432657	0.949583126593622	97.9576977354165	0.948162927845503	111.941405624722	1.10056628116435	139.91510846888	1.18704094066553	167.883038510332	1.31409397534879	197.013800784727	1.34803106957374	225.144655609297	1.48396615218671	254.801424545122	1.55943109871206	281.401087235381	
0.0169874683015247	0.100782222022416	0.0275091876841663	0.157600388110475	0.0246452195236397	0.218684650989792	0.0318538399453917	0.294063986432595	0.0344796738683502	0.38151259157156	0.0407844067377428	0.446295145768711	0.0492466584447557	0.495461284685943	0.0526665480560221	0.550409460634379	0.0531014163577057	0.612775754687754	0.0700418546273185	1.17021584709314	0.0918509415589676	1.74688445760758	0.107626631373989	2.30345567361322	0.124225502208476	2.8545962936019	0.153064677481598	3.42977464050223	0.160904491703488	4.57149169552251	0.167851446756826	5.13758081405738	0.182435991941932	5.63437429059417	0.207337084581217	6.80497728409761	0.233375360027585	8.49084795715858	0.27040406721137	10.2871543902108	0.328452067448005	14.2689122438426	0.339609871629952	17.2076221691433	0.419822733919924	22.5397658968025	0.510223346328647	33.8172789742443	0.552749054858713	39.4446780629015	0.583542486368055	45.0768517438578	0.631835768498085	50.7018477548142	0.678461725295025	58.9643199133637	0.710308865735565	67.5403893517529	0.844324841366254	84.4604173099826	0.952062411391409	98.5397519651633	0.95066511144974	112.608247457635	1.10362944169558	140.747472392472	1.18986130411436	168.88327890796	1.31670713866855	198.18065105775	1.35112056992668	226.47304936315	1.48728325223581	256.300362080738	1.56437085753512	283.071626535154	
0.0167780367615896	0.100986065241253	0.0274604194881945	0.158702681084752	0.0248206234455386	0.219970210775751	0.0319000904344653	0.29540139469005	0.0345368082849127	0.383150089410601	0.0408865073815603	0.448470249538413	0.0492657477024951	0.497836331761387	0.0529167668070931	0.553879859420866	0.0533319543506047	0.615238637119344	0.0704959111009742	1.17712463045413	0.0920414172996743	1.75661340200588	0.10792226573873	2.31661223416926	0.126229987101102	2.87092680134148	0.153243435953183	3.44981064775956	0.16124720268116	4.59818805585585	0.168337461340583	5.16824274572508	0.182811180262434	5.66826278916837	0.208053613662343	6.84515826334833	0.234145432659728	8.54129024804903	0.271059233866404	10.3475143347272	0.329310041276425	14.3521110107716	0.340412442207476	17.3082515685509	0.420682341360846	22.6725669016995	0.511352588419326	34.0185973777014	0.555386456827519	39.6779259279901	0.584887591459107	45.3432546910279	0.633024150139812	51.0007128801033	0.679804614967493	59.2983517773999	0.713499399187438	67.9403066968784	0.846590531885857	84.9615209853887	0.95399197233666	99.1234229708228	0.952816766932911	113.276542153695	1.10655286663975	141.581117815865	1.19266819501587	169.881820573293	1.31985028977958	199.345430069465	1.35545529396117	227.80473627347	1.49122105261811	257.799597639563	1.5678342066782	284.740616114237	
0.0165986930548785	0.100444828607914	0.0274803321151285	0.159665246575643	0.0245255988962514	0.221179125627842	0.032027238061847	0.297217706454924	0.0346778469959839	0.384753506665796	0.0409940513700988	0.450781588332013	0.0493789422346553	0.500485653322027	0.0527918958443117	0.556581742496815	0.0535960905097804	0.618232897262174	0.0707852308338081	1.18294167097888	0.0920800300093743	1.76611650069056	0.108143339116452	2.3295930075977	0.126887091436835	2.88917257386479	0.153644304978623	3.47018193112783	0.161630640834591	4.62461153868779	0.168956879786807	5.19727579428715	0.183465462533581	5.70108678609035	0.208738129109052	6.88487870360777	0.23463306564927	8.59214790878802	0.271849125040064	10.4066812550823	0.330458620921404	14.4350871916158	0.340843840094581	17.4075957428665	0.421239871762789	22.8066158787872	0.512414818232988	34.2192862071279	0.559086558523581	39.9093484009192	0.586243751061018	45.6105256307964	0.634344423545756	51.3017014207616	0.681305791122105	59.6343133417191	0.715511990221102	68.3416918063117	0.848566620743812	85.4641743814854	0.955780186576643	99.7062967643964	0.954973354470531	113.943264777324	1.10951163968786	142.415985134419	1.19536680240342	170.880898680403	1.3235437510136	200.514098284067	1.36185517350467	229.13949282285	1.49999873327654	259.294243640959	1.57110631282211	286.407549333173	
0.0167921385890259	0.100939470010905	0.0278088179859345	0.160356156925955	0.0244461321791974	0.222312166797537	0.0322511328755094	0.297900278558205	0.0348570272723156	0.386929046992934	0.0411188553038422	0.453297468836347	0.0494965202664447	0.502500977070112	0.0528620956921726	0.559441659364637	0.0537320464696764	0.622915354114292	0.0711072129458129	1.18955301320674	0.0921734541988527	1.77547536079835	0.10852882398805	2.34237051988388	0.127289147421261	2.90676921458442	0.154055172578475	3.49061188781551	0.162032480283598	4.6511947433337	0.16967949812853	5.22658637696327	0.183984642279732	5.73433639740871	0.209290647086432	6.92353277956993	0.23539508246918	8.64129379871617	0.273010831592393	10.4652539916629	0.332317805516287	14.5174412490097	0.341786663591398	17.5063177937318	0.421710530333068	22.9408157301249	0.513353239289285	34.4188760759686	0.561429658861878	40.143397203384	0.587417849168491	45.8771483700837	0.635651362743615	51.6018815734636	0.682930953357901	59.9696006285263	0.716893879460049	68.7427490902143	0.850428078865418	85.9648980772992	0.957582343757517	100.29071282808	0.957262353953864	114.609182738286	1.11293950908554	143.24833415685	1.19934693253248	171.879529752699	1.32773092306874	201.679667057289	1.36657012321181	230.47515834302	1.50855218351921	260.793836827636	1.57439662078102	288.074363342825	
0.0168343693829016	0.101546568609439	0.0279017937465133	0.160556886035081	0.024807148815833	0.222839775562912	0.0323554013094141	0.298861112371266	0.0349985206434275	0.388533337363001	0.0412957699022644	0.455392420660779	0.049478175886316	0.506319574067644	0.0530894216466356	0.562192611496405	0.0538063032110694	0.626133597325678	0.0712153824746164	1.19697763283424	0.0924354449749722	1.78628103045708	0.108984666456093	2.3564304632944	0.127922142193262	2.92282079122616	0.154242678328563	3.50957710699353	0.162454815168111	4.67745990133547	0.170406318757789	5.25707508264032	0.184454657437195	5.7681047553765	0.2099382667166	6.96386603005436	0.236262018615612	8.69171280654336	0.274938150798247	10.5256456011454	0.334156665098961	14.6006828567751	0.343356540287038	17.6054738408964	0.422480748068082	23.0739352473272	0.514174113501452	34.6206862177217	0.562780824336733	40.3764811557072	0.589126537564446	46.1456970843639	0.637055507102722	51.9008957103575	0.684533594665465	60.3027235217729	0.718297514484542	69.1423535109695	0.85312206526375	86.464489284916	0.959303365788958	100.874756362752	0.960175261588783	115.27515285331	1.11709882084155	144.078597016814	1.20620941678163	172.876506796181	1.3328027739288	202.843283778486	1.36956171456518	231.809482758746	1.51240079854815	262.298168583348	1.5780561222331	289.737243446109	
0.016667959049587	0.101274593326739	0.0275303926128498	0.161556093246777	0.0250751436874645	0.223626699445339	0.0324882299637702	0.300710573397456	0.0351533303295884	0.391124946030587	0.0415088179016405	0.457677507800554	0.0496041562376357	0.508439962638687	0.0532036736228215	0.565636176552486	0.0540390528622572	0.629217264431425	0.0715860032865533	1.20378164241057	0.0925674330379331	1.79653640491568	0.109305692678969	2.37032695960083	0.128245872514148	2.93923488516284	0.154567641729268	3.52957655984155	0.162915507379133	4.7044133066872	0.170975123203819	5.28747857230584	0.18507772571913	5.80156670823178	0.210685846712352	7.00503979912246	0.237004793647513	8.74228268862046	0.276799582115741	10.5855324338164	0.335212891450268	14.6840548496947	0.345205304831634	17.7056264031684	0.423519127097708	23.206177458706	0.515105424133973	34.8208944847225	0.564410783465997	40.6092298319196	0.593968056202561	46.408940985511	0.639535396183673	52.1995112412085	0.685976191354674	60.6355819194208	0.719758897952394	69.5420026352062	0.856071870144402	86.9638495245453	0.962110171498223	101.455782412425	0.964307655459512	115.940310855088	1.12036868131158	144.913062004034	1.2111057480861	173.876285257834	1.33624522058497	204.011892388446	1.37227453387083	233.143926383756	1.51536784446408	263.796092840051	1.58253752202355	291.398424817097	
0.0166961051181646	0.101757265780023	0.0274436748015662	0.162440500404689	0.0249283551028494	0.224952335203933	0.0323247778369205	0.302688847971128	0.0352879068173963	0.393685966573816	0.0412938740409027	0.460708613390992	0.0496477235223345	0.511598310169838	0.0534093410799487	0.568967109790048	0.0541678794139509	0.632434227074332	0.071964684948598	1.20955793757462	0.0928793574394493	1.80595417117352	0.109623103461036	2.38399807585491	0.128222614330569	2.95581172771171	0.155134951498615	3.54991571258252	0.163394917526676	4.73063376120752	0.171633183067772	5.31663269279686	0.186241873928622	5.83344913807555	0.211232403614058	7.04418747602572	0.23798801627632	8.7917163572105	0.27779280509137	10.6463757347262	0.335990305893241	14.7679446579412	0.346621949123203	17.8068816513163	0.424351349300932	23.3399824292908	0.516343426334218	35.0191842273108	0.566112477937939	40.8431258974893	0.59879502901684	46.6743977089902	0.643956625683282	52.5001607804657	0.687932406924084	60.9686228562847	0.722530525515575	69.9404820183447	0.858503341405796	87.4646998802232	0.966100632410769	102.037330002715	0.968383820362945	116.608419286642	1.12281126396106	145.748450863205	1.21375788306495	174.871697679464	1.33917144826838	205.176760807125	1.37587430273793	234.476447759063	1.51783895473404	265.29207994589	1.58757340539136	293.067235582254	
0.0167616214139115	0.101430495263134	0.0277360689233652	0.162524755989859	0.0247397131159107	0.226444430312919	0.0321412548150508	0.303013501184453	0.035392353212493	0.395140925196902	0.0411217980474339	0.462523557275899	0.0496919701108103	0.514784830207534	0.053695809021565	0.571469748052153	0.0543633630711578	0.635285005339825	0.0721233757644329	1.21653924767766	0.0934918309928663	1.81576041534184	0.109739996691322	2.39740888746175	0.128226633770362	2.97246074775668	0.155454728774254	3.56948047063948	0.163958666171686	4.75702557907343	0.172133979082512	5.34727320404636	0.187168914598662	5.86717325822314	0.211953707635512	7.08436752395391	0.239583863030135	8.84035560768213	0.278399083053299	10.7067692068537	0.336833021098451	14.8513892940182	0.347572164378882	17.9067194265731	0.425311975287792	23.4721370963517	0.518553753623978	35.2167214612945	0.567651441403196	41.0763365096767	0.600433634166517	46.9434679638874	0.647455234272905	52.800195646853	0.690269951244976	61.3014328251611	0.727564712635052	70.3370466023608	0.86076029561322	87.9667646804807	0.971287083329515	102.618832889524	0.97174214185331	117.27450116037	1.12515628752634	146.581723757587	1.21682232961277	175.87310036761	1.34398394561628	206.341852743211	1.38338389966892	235.805318350052	1.52088661785308	266.7932824579	1.59449045461297	294.732738289783	
0.0166143754371361	0.100508842479963	0.0279707107106224	0.162603219913044	0.025061368976893	0.227223336090436	0.0324373675711105	0.304564939000921	0.0356438568336552	0.397131306963469	0.041337567869055	0.464875263080425	0.04980144220775	0.516004979137648	0.0536134416799702	0.57432419340011	0.0545081209316271	0.638350453448571	0.0725187781300887	1.22336502691813	0.0942480352918321	1.82526083647424	0.109959284537399	2.41005508327115	0.128725403544423	2.98925761525335	0.155797702355797	3.58900331918257	0.164566066464671	4.78345837513068	0.172808722711495	5.37784619441241	0.187671436508384	5.90101845029968	0.212841680845572	7.12450473104569	0.240911878439462	8.89112013616809	0.279087059038568	10.7664539425357	0.337451367100471	14.9343477797344	0.34843988024307	18.0061846728177	0.426832936011267	23.6057055110138	0.521861161266661	35.4165087705116	0.568953797292066	41.3109366550795	0.601551357758441	47.2099491421501	0.649150040924552	53.1006961745054	0.69256591524042	61.633952221408	0.731495654628216	70.7384391623743	0.863237831957738	88.4662590305544	0.976493432863156	103.201438462209	0.974266599882159	117.941424949665	1.12798944722534	147.413074402266	1.21940391967127	176.878198543557	1.34829901071775	207.510878585665	1.39049066372363	237.138003638124	1.52840515252949	268.291981574948	1.60275769044603	296.397823764819	
0.0166321725430111	0.0998892510627991	0.0277313996677749	0.163742576613647	0.0253827953556263	0.228023327592118	0.0326343626426251	0.305943994837781	0.0358660061334383	0.399352860444375	0.0417600193930186	0.467236660460033	0.0499269219033347	0.51858445150851	0.0537604630966797	0.577491446702958	0.0544481536296851	0.642304441458957	0.0728794161418893	1.22995262042146	0.0948627992759669	1.83490014107899	0.11025493173111	2.42308335414863	0.12926846471231	3.00651921269267	0.156301168387977	3.60885981402217	0.165022403884082	4.81075869812497	0.173658180267309	5.40750974832755	0.188147441845352	5.93400216903562	0.213361981368586	7.16473646737432	0.241566128518844	8.9401822070685	0.279780687887033	10.8264534652329	0.338023947570544	15.0179404960937	0.349358247724153	18.1061770476144	0.429532235413244	23.738391031917	0.524348079516517	35.6175477772096	0.570062180338492	41.5457677684697	0.602577720345975	47.4759981867587	0.65045203527101	53.4003026325287	0.695548713271293	61.967090015815	0.733222472713913	71.139466643956	0.866525432033599	88.9641664070363	0.979266135894144	103.789251990484	0.976422734162543	118.608132672133	1.1323122758031	148.245259511932	1.22170760668169	177.879273406172	1.35090582545598	208.677550044762	1.39413127938614	238.471329676098	1.53746806583782	269.790114447897	1.60786201714658	298.068869704049	
0.0167107167399387	0.101160200726563	0.027624441910415	0.164663872874911	0.0251250637068121	0.22919606638467	0.0328088888875831	0.306911377012384	0.0361078071428625	0.400598678951732	0.0419578319649389	0.469535659230105	0.0499217709240489	0.522345772170424	0.0539483977121011	0.580799329707894	0.0546653542741938	0.646264075612184	0.0732368595484484	1.23665395168881	0.0952082468315453	1.84559940713863	0.110539383435004	2.43665342190817	0.129473445228799	3.0235407617498	0.156712897356439	3.62977103162742	0.165527671487019	4.83761058932089	0.174313762629853	5.43642777855711	0.188911605299793	5.96622918821563	0.213938002179233	7.20483083362971	0.242110939403164	8.98996884689756	0.280321258488751	10.8868106157817	0.338686555164067	15.1016617349622	0.350100620343152	18.2062457908587	0.431365421917142	23.8715422140854	0.525780722282566	35.8180242650992	0.571290068171785	41.7769890757322	0.603590724642001	47.7437534142429	0.651972724350777	53.7002965207245	0.699268206110281	62.3001868320307	0.734470515950832	71.5329317865909	0.869535303052798	89.4631317659127	0.981199023252974	104.373764911711	0.978481553254649	119.274832944021	1.13625175113491	149.082004376707	1.22455661623346	178.879543606122	1.35329803073648	209.843908579489	1.3970768456276	239.802062912147	1.54185597844371	271.29477402914	1.61130411237341	299.736667190293	
0.0166713348756492	0.101622384084178	0.027840677608696	0.164630548990621	0.0250846720589276	0.23066113858836	0.0330060467397316	0.308936363231721	0.0366922593419907	0.401853897995881	0.0418368173266409	0.472327822383842	0.0500974788631046	0.525138633816059	0.0539621699532048	0.584048597601073	0.0548258022861885	0.649315844921265	0.0734949099249423	1.24366261939118	0.0954093358399372	1.85606130236834	0.111121262584833	2.44999671263156	0.12953940178763	3.0392749902393	0.157170933310333	3.6491809573137	0.16636888218724	4.86334070252896	0.175051291614835	5.46669855476206	0.189982370859691	5.9997060422314	0.214446087294886	7.24443485857285	0.243153380925994	9.04065886958109	0.280917560973068	10.9469144466023	0.339393140685702	15.1844348874948	0.350792062935104	18.3062977702974	0.431995629752759	24.006412617645	0.526943839325681	36.0193799214575	0.572530086289558	42.009689323173	0.604906270410112	48.0101638119933	0.653566392184907	54.0003723653031	0.701815711832534	62.6343155536101	0.735764947273913	71.9286321032988	0.873099461175235	89.9625963136654	0.982886382673528	104.955647778112	0.98051029792676	119.942144163489	1.13875734670907	149.914815335113	1.22912303043824	179.87702728906	1.35602910624076	211.009432649228	1.39995188158794	241.137788036958	1.54462350825321	272.796065948113	1.61437387680728	301.403391792982	
0.0165169627655775	0.101476224654567	0.0282130980370838	0.164807078265872	0.0253887974560546	0.231666952369255	0.0328831191881455	0.310394028510911	0.0369617044385782	0.404054729550486	0.0418129568567686	0.474463897918756	0.0503292497553841	0.526641206303511	0.054116075822819	0.586583424698135	0.0549064336861484	0.652452131749978	0.0737519260182398	1.24964543532634	0.0955936804541996	1.86571061869029	0.112174268349991	2.46325641715784	0.129649199253736	3.0554313406657	0.157869419413537	3.66970288210126	0.167137879319367	4.89043194361519	0.175801250575169	5.4977250992004	0.190952771775602	6.03411142480997	0.21498095868558	7.28447707076654	0.243951215405221	9.09087857438677	0.281702570011169	11.0071542505124	0.340174476360523	15.2677659022231	0.351666293100948	18.406558365983	0.432787610540618	24.1401803353285	0.527885870793646	36.2192454617672	0.574514011098083	42.2429893423233	0.606186113668211	48.2766226385153	0.655164189998109	54.3000756808695	0.703541268421506	62.9683772199673	0.737052411134131	72.334889892211	0.87665579918572	90.4629549310472	0.984465876819623	105.538432164722	0.982318586990683	120.608486807525	1.14126082053831	150.74610637515	1.23338850944626	180.877982942391	1.35898856028319	212.174003044697	1.40280507030387	242.473706876856	1.54725791927808	274.296135971925	1.61739222796829	303.07038461656	
0.0165213473384105	0.100831494805039	0.0284417332099029	0.165834530743684	0.0254735566624877	0.232178699547785	0.0330283177708333	0.311325991325531	0.0370121396859512	0.406745553171386	0.0418841793113721	0.476192694469603	0.0504635457550249	0.529733371727347	0.0541256417716986	0.58869461645919	0.0550268425107443	0.655718105241047	0.074014572145689	1.25617132871203	0.0957938709924185	1.87606226861546	0.1129103250828	2.47641740149591	0.13005565855168	3.07219584470444	0.158708446709473	3.68998219736965	0.16785128082139	4.91641397956773	0.176563522973301	5.52612531410308	0.19168738568599	6.06624810570452	0.215576064076984	7.32471951730426	0.244715170834191	9.14110200448257	0.282416851400529	11.0675384094146	0.341746076748008	15.3496850319953	0.35234422974893	18.5075193162114	0.433656369180465	24.2724188214172	0.528839948596092	36.4191557055583	0.578256073602702	42.4731712936419	0.607148217925777	48.5440612163392	0.656438932044436	54.6016304656263	0.705219324773818	63.3022302700777	0.738221763486439	72.7376459084091	0.878612509127148	90.9661298677609	0.986000902713733	106.122520402876	0.98496511326015	121.273451094217	1.14465905536218	151.579215356766	1.23599812370542	181.880234996685	1.36195314618659	213.337277039203	1.40670681674469	243.805974932435	1.55037262397297	275.795401333072	1.62093808307742	304.737407242459	
0.0168697455334735	0.10021426079803	0.0281752683935784	0.167936947700274	0.0253124171900407	0.233767797719075	0.0331855592217352	0.312337320282036	0.0371802568134063	0.408139481064903	0.0419032103934639	0.479149497984414	0.0506673208287034	0.533798245326507	0.0543439970786698	0.592476309801457	0.0552048031153866	0.65872167860918	0.0741721396671704	1.26301689855628	0.0959452629546342	1.88554627518827	0.11332374471607	2.48951691854697	0.130549839385082	3.08940738355776	0.159332964362186	3.7089504433459	0.168473201830334	4.94315876867265	0.177282925068174	5.55576605061622	0.1923423269348	6.0993035362753	0.2162386848284	7.36510818147925	0.245331347995516	9.19117921694111	0.283054304981179	11.1276776304914	0.344088405444982	15.4322886838274	0.353058023506474	18.6068858422677	0.434525631499931	24.406441721474	0.530042469830501	36.6198259085342	0.581098847031039	42.7081625945074	0.608529548819535	48.8097302813554	0.657593297917752	54.9018664976801	0.706842531040121	63.6343398844112	0.739717415559317	73.1379432331269	0.880093217669323	91.4658402846616	0.987798123983903	106.706273364918	0.990625422339962	121.936694296872	1.14832646634579	152.412667065074	1.23881873600365	182.877986900512	1.36745622121602	214.499656964081	1.41369156817621	245.135516075646	1.55417959245652	277.288736032345	1.62720661611951	306.398827032015	
0.0170604584936931	0.100749800356827	0.0280230883010749	0.168607980135327	0.0253492073305719	0.234211747527775	0.0332099911569578	0.313581538078795	0.0373287469956699	0.410261499450374	0.0419512367691722	0.480917933950461	0.0507161554497983	0.536579174402222	0.054472164827325	0.59546009256582	0.0554438921745819	0.662075894910002	0.0745441071773738	1.26999634601426	0.0961970884466904	1.89568663131437	0.113591090658121	2.50361434768933	0.130791619582338	3.10677748007188	0.1598379828247	3.72919879214016	0.169080543124034	4.97018155755289	0.17786651210934	5.58613647833191	0.192800218923669	6.13379553184919	0.216862723580467	7.40478158995091	0.245812205968378	9.24157494170503	0.283581885574174	11.1883318729274	0.345482103729428	15.5174404341025	0.353986745737559	18.7056488713244	0.435381766868421	24.5398573992411	0.53142199246551	36.819449304986	0.58267225370684	42.9448228253473	0.610781667993317	49.0759283375689	0.659034094887239	55.2004261491792	0.708326197800598	63.9680439229168	0.741064264665242	73.5392463861775	0.881561247674879	91.9650068092046	0.990028178920568	107.288610716714	0.995814226477929	122.603804350673	1.15188174099796	153.244256128321	1.24208252580443	183.877750461005	1.37579241870416	215.666119806931	1.42054629490953	246.469274247273	1.55907919961773	278.783262824457	1.63485814489953	308.063703890804	
0.0168209441991523	0.101647937246105	0.0284826370997523	0.168341985689502	0.025757257110672	0.235071430982889	0.0333683006223967	0.315281405423542	0.0373973707721547	0.412965972767111	0.0420923298403786	0.481977749886204	0.050846538678078	0.537871791866731	0.0545447930667901	0.599047197706895	0.0554833460344676	0.66544122887353	0.0747146446957847	1.27674494190003	0.0963665730263434	1.90614340427016	0.113940558101708	2.51731573192565	0.130855259586853	3.12293988409473	0.16029186013807	3.74926786134732	0.16942251433181	4.99745440653254	0.178348505865032	5.61607942900616	0.193049285448233	6.16697808794537	0.217622093395361	7.44401774249456	0.246202646331695	9.2911995314138	0.284272961399703	11.2465767839774	0.346358946127063	15.6006736599651	0.355328507776566	18.8053935143281	0.436239854777979	24.6719375604996	0.532799260735269	37.0188789863515	0.583665156871917	43.177120741455	0.613213196545876	49.3420109097886	0.660472078808524	55.4998314415359	0.710172155018534	64.3009060458548	0.744159519475202	73.9369807112918	0.883378669064087	92.4649928975743	0.992418720929482	107.871335498682	0.998673748368607	123.271577506116	1.1544214038805	154.0774545169	1.24508836358802	184.878616707373	1.38078754891581	216.837514933902	1.42457326849745	247.804373523344	1.5644271047454	280.287713789452	1.63925958120545	309.733259713985	
0.0167143485356461	0.101222031811431	0.0289626005649857	0.168565634064024	0.0257286028557406	0.237396885133589	0.033560481876686	0.317050161531708	0.0374763060125143	0.414873961593569	0.0424026474776263	0.484725791635065	0.0510698168601498	0.540173206254617	0.054814859434116	0.601856532119786	0.0555543582168036	0.669272747971172	0.0750229405685008	1.28379447137842	0.0965381433989502	1.91620587854965	0.114202314184535	2.53046833436094	0.131090964211057	3.13967481864313	0.160793981765366	3.76892598448795	0.169732861413374	5.02491910795345	0.178723310227433	5.64698629849935	0.193509313905647	6.20056902897112	0.219034197341009	7.48381082591137	0.246645359357431	9.34105695175517	0.285282500480405	11.3056943442383	0.347023424491531	15.6838770835067	0.358315647063131	18.9041248784188	0.437287675282313	24.8052619686587	0.533982562495579	37.2184763057724	0.584636401050714	43.4100035281117	0.615509352824585	49.608942848156	0.662864728426953	55.8000004183675	0.712052067041083	64.6352806365822	0.750492752010412	74.3329492488884	0.885808227327792	92.9645095993887	0.99645331394186	108.452667022146	1.00141192275175	123.938650307016	1.15656201044637	154.913081794638	1.24775369842294	185.878454773668	1.38351515955667	218.005855322974	1.42762395614497	249.138906555317	1.56879026254691	281.789810371091	1.64245023690939	311.400699572377	
0.0168267471464395	0.100461883451752	0.0285697681010254	0.170146888753378	0.0254670891044869	0.237737123447383	0.033828394720625	0.318657362284683	0.0374181309040863	0.416822171911807	0.0425991849990876	0.488406611105759	0.0515313769736204	0.542531431316855	0.0548750629543805	0.60463530751215	0.0557782575415576	0.672183945785824	0.0753181114809427	1.29021687154792	0.0969824149494106	1.92546694979175	0.114395206032117	2.54332105094145	0.131446762858278	3.15600253241512	0.161315370666892	3.78917898989486	0.170394683922405	5.05055282927963	0.179029075507506	5.67706801623062	0.193917879031601	6.23492877674569	0.220365695800744	7.52475595529826	0.247270135553986	9.39154580877213	0.286857817109842	11.366367213125	0.347423857291222	15.767727776207	0.360723824052685	19.0035454211819	0.438157458100506	24.9386273550091	0.535584825278878	37.4189602442422	0.585787451986169	43.6433445254533	0.617435554623549	49.8760498751591	0.666751930418853	56.0976436484968	0.714518965376944	64.9683066722856	0.7542212003017	74.7356531110247	0.888424575608566	93.4628640106852	1.00176776729951	109.034259315917	1.00373396456476	124.606110538089	1.15893060040769	155.747159351686	1.25080627061372	186.875819247323	1.38578446682306	219.173376148219	1.43025642524022	250.471949471242	1.57398544233782	283.289016127596	1.64564510752903	313.06691753561	
0.016719636030811	0.100643025683911	0.0279969287741093	0.170997258983188	0.0256462087182513	0.238245552789398	0.0337298831990203	0.319244561140087	0.0373831423605113	0.418825883232091	0.0428325181064094	0.490203190474521	0.0517734344983836	0.545759569830127	0.0550268037813088	0.608356930551206	0.0559229710128636	0.675693285495612	0.0754398800394084	1.29580166351666	0.0973316026033272	1.93514502069682	0.114721238364137	2.55717866453224	0.131712628762858	3.1735316522513	0.161873819451982	3.8094522515668	0.170985767280862	5.07644592393052	0.179576971121398	5.70737604533678	0.194201548730098	6.26768758109054	0.221268016369795	7.56466498837011	0.247631147296754	9.44214456184767	0.288712415389258	11.4263723237574	0.348033323798949	15.850805471207	0.361801728878176	19.1043275574844	0.439079728661336	25.0723485065661	0.538249792259782	37.6175740870711	0.587030610122038	43.8764769065482	0.61882178678281	50.1427284937983	0.67001768265973	56.3979355599024	0.717334089170811	65.3024428444453	0.756241728552398	75.1372468367048	0.892071456025822	93.9627457909315	1.00493484642234	109.618697731342	1.0054706951267	125.274084859199	1.16266877141223	156.577869246464	1.25626351971804	187.868907087917	1.38795136503817	220.341805944253	1.43256548403156	251.805841753314	1.57944499898532	284.791082906914	1.64856630368924	314.732301033855	
0.0165777024970017	0.101166625396831	0.0286415272680999	0.171056034166004	0.0261390736714517	0.239057316789941	0.0337265840382665	0.320403853963607	0.0372969379175129	0.421397817711222	0.0435650693061265	0.492944771173327	0.0519821204039979	0.548464596119616	0.0552175244598616	0.611089023401734	0.0561389162403609	0.67856466927209	0.0755066805045613	1.30309682931245	0.097550062279538	1.94470423156396	0.115172949115612	2.56935477529443	0.131950377584822	3.19028824004853	0.162192423723924	3.82937836276555	0.171603786196637	5.10355811977368	0.180100988215225	5.73772691527934	0.194594992835754	6.3009171689745	0.221886120728581	7.60456517387792	0.248185799976062	9.49128393251812	0.289694786175127	11.4865981578295	0.348647771107128	15.934097370389	0.362592329993165	19.2064172706196	0.441638686406446	25.2032812784672	0.541373151277059	37.8161208746778	0.588597129760519	44.1092479345012	0.619874235875795	50.4093922112769	0.672059968069868	56.6979182722279	0.719377388858135	65.6354837813092	0.758035141793195	75.5385276380147	0.89566188816678	94.4632236175972	1.00702785823134	110.198129356843	1.00709833251775	125.941597244333	1.16707175473324	157.408862263291	1.26147021398607	188.870980328285	1.39027230611462	221.506853176858	1.43502907347609	253.140568500373	1.58319485758101	286.291629767862	1.65202720869847	316.393899637337	
0.0165999830385101	0.101187412806747	0.0291232952450409	0.171424459538256	0.0261932599165477	0.240617951416396	0.0336441708726928	0.321442802453904	0.0375160317312763	0.422341916822566	0.0441105944101448	0.494661955296373	0.0521062465793776	0.550936849984167	0.0553611935489418	0.613673501631197	0.056634003652279	0.682162950283529	0.0757644787574813	1.31035299597727	0.0977847533715819	1.95565833075097	0.115418259438713	2.58325592821351	0.132311436304123	3.20631117852245	0.162657223588476	3.84936128463865	0.172239631342491	5.12975948218213	0.18059508157705	5.76718185294766	0.195078720914898	6.33398051578679	0.222389888258961	7.64414405311274	0.249061704930624	9.54069059275478	0.290523710556461	11.546515724144	0.349264263660804	16.0174004454414	0.363275384159757	19.3062252435554	0.444433960596502	25.3357358313829	0.543656557420893	38.0172865412398	0.591035034732467	44.3411248928252	0.621293100934961	50.6748861876574	0.673585493222558	56.999573639818	0.720931195489304	65.9681000350992	0.75955168393206	75.9391080847818	0.898117339462402	94.9630159908806	1.00869232084186	110.781606647416	1.00880967173378	126.608826507418	1.17034211912446	158.242835512216	1.26407510642812	189.874975818356	1.39246165235287	222.673628944078	1.43908710075224	254.469811620373	1.58715127578266	287.791133547576	1.65558731296736	318.059402344866	
0.0166634282787551	0.101107566451682	0.0287932415174128	0.172769696725732	0.0258009186364804	0.241834840717654	0.0338797914275895	0.323102273683896	0.0377477454840051	0.424415884786235	0.0443470176224929	0.497389798987856	0.0522303358394579	0.553778256816699	0.055562845795044	0.616229283485192	0.0569728765128508	0.685849590520039	0.0759773614470957	1.3165649172549	0.0980554505178599	1.96580229575187	0.115684529583863	2.59674264260658	0.132567251372545	3.22203050585147	0.163031212019179	3.87023757764902	0.172691719721972	5.15634920608574	0.181137096441842	5.79718021731247	0.195383301773839	6.36681149762775	0.222760636368103	7.68378114000572	0.250625201292508	9.58996314254706	0.291317886346575	11.6060374783831	0.349834126543239	16.1008841970646	0.363960716533457	19.4059885130097	0.445546746642241	25.4696935388626	0.544821944102949	38.2186831757895	0.593568943680724	44.5747527375062	0.622781558116172	50.9424961288269	0.674869171387592	57.3004429711924	0.72265986439826	66.3005970796054	0.760784140106125	76.3383772294261	0.900393864066276	95.4626444513986	1.01043116098341	111.369368021629	1.01072318848513	127.273358660456	1.17272557865771	159.078283976028	1.26614867041678	190.876259297218	1.39524721856323	223.839942775324	1.44918173644206	255.796134112918	1.59275135953082	289.288551164823	1.65916930646584	319.728838958764	
0.016825963641489	0.101475722613515	0.0285564431974303	0.173792929148329	0.0257266921528802	0.242861492840167	0.0341329444181257	0.324515119066311	0.0377759177794974	0.426910024730251	0.0442983403396102	0.499856697747858	0.0524436400223923	0.555775245152466	0.0557203115055095	0.619545490185243	0.0570292403210977	0.688371961178257	0.0762011516703157	1.3228408669565	0.0982302440058211	1.97546593115773	0.116184984696725	2.61032854284913	0.132731676626691	3.23987953497684	0.163580263590667	3.8889860315081	0.173070793677434	5.18321367013582	0.181734618842354	5.82689499396678	0.195919055257989	6.40030651243286	0.22319978674739	7.72379029024958	0.252644559988726	9.63945455313399	0.292156209323946	11.6651922915453	0.350538186646917	16.1839004247777	0.36451008820333	19.5056642381462	0.446367537390522	25.6041262208329	0.545779615180727	38.4190404543952	0.595637819817344	44.8089170239647	0.623942599066563	51.2100874435458	0.676173081208478	57.5990845790742	0.724368392548447	66.6344128768146	0.762053008850907	76.7373185485397	0.902484605750392	95.9624591764228	1.01217045933566	111.952547288993	1.01343019317218	127.938352749468	1.17482242639784	159.910394579892	1.26826553077132	191.876589101809	1.39925395724751	225.004498269632	1.45774344615412	257.131278092471	1.59725564521173	290.784538270662	1.66512791516237	321.392672736319	
0.0168500953270457	0.101174963643861	0.0288341472073364	0.172985414306831	0.0260194773704978	0.243582263719108	0.0342157715332986	0.326157884698415	0.0380563096212822	0.4287827688197	0.0442583588505535	0.501767655164882	0.0526038729308862	0.55870431271817	0.0558994004860338	0.622633988526616	0.0570400373794691	0.69181447849649	0.0764940186012964	1.32956571411774	0.0984521137865863	1.98503014788347	0.1165799108102	2.62419058022194	0.133253889987353	3.25643542276877	0.164140143253945	3.90859293190955	0.173770216653308	5.21028302514258	0.182372303868341	5.857434922383	0.196387302741918	6.43356171168641	0.223721627803092	7.76453285698611	0.253696122815027	9.68988101154141	0.292908882591881	11.7259191771387	0.351266603301078	16.2666409810217	0.365202249610421	19.6053492765079	0.44731987417571	25.7373183811926	0.546761063133443	38.6180976067485	0.597003011679594	45.042708781411	0.625027462626472	51.4754771118029	0.677545267338128	57.8993578640292	0.725632639986278	66.9681541682213	0.763260203450134	77.1368186611715	0.904345840223613	96.4631456193353	1.0143476533109	112.535987326665	1.01653857138796	128.605030669615	1.17667407143791	160.743443956866	1.27065858221097	192.875324482228	1.4047677462759	226.164330096066	1.46085012461227	258.469789734294	1.60007493873331	292.28660504998	1.67273431070572	323.058682083304	
0.0168113746210223	0.101846774606342	0.0289997711609698	0.174299976058463	0.0262179158915997	0.244169244295795	0.0343832165572642	0.327451637212258	0.0382493634899006	0.430920328649897	0.0445418961965065	0.504017672190622	0.0526514647514772	0.562544562964534	0.05601387181488	0.626157763735625	0.057270163276678	0.696124580959431	0.0767114391485251	1.33587379444664	0.0987671206737455	1.99545537228854	0.116779136291589	2.63737158799441	0.133684523933929	3.27246953711306	0.164521205996391	3.9292119470709	0.174323983161748	5.23645179126246	0.182939311909535	5.8876125663349	0.196726852906799	6.4668550951637	0.224189401328223	7.80480138055468	0.25439820494384	9.74038104442874	0.293527238273862	11.786043497055	0.351783366486271	16.3513410398696	0.366107200554501	19.7053565524652	0.448291913308291	25.8713021657032	0.547770999609324	38.8187603591442	0.598441727195586	45.2756809750307	0.626261070052184	51.7427256998307	0.678812097499395	58.200450712811	0.726869584701593	67.3020742735539	0.764580118768251	77.5368850179018	0.906466006375158	96.9643014488032	1.01756536436189	113.118876021399	1.01922894887037	129.272587758231	1.17844906832139	161.574451874854	1.27368706497495	193.877114600547	1.4106895095061	227.328051125387	1.46296315451233	259.804009841896	1.60351270653506	293.788493015372	1.67721262613622	324.727969685597	
0.0167318450680724	0.101334438075274	0.0289964773669625	0.175405601421169	0.0259953780876886	0.245832731854199	0.0344917653701049	0.328809680084526	0.0381738892741525	0.433055618381425	0.0446896442572847	0.50673969511629	0.052683475041861	0.565312278901849	0.0560279592242759	0.628529085520947	0.0575212523312343	0.699986891908233	0.0770070447848836	1.34249642896017	0.0991490227328414	2.00540748484818	0.117077703207771	2.65076121201368	0.133909234574507	3.29000494337632	0.164994192198037	3.94918602137996	0.17477379743194	5.2630452404562	0.183443895613198	5.91675597661682	0.197559609823178	6.49981599649764	0.224700933789692	7.8440379987596	0.25496158447367	9.79092764344259	0.294117368513842	11.8464788786964	0.352546906478394	16.4352774142427	0.367923840459762	19.8038848882442	0.449349756694557	26.0044421720013	0.54873468186793	39.0181229852874	0.600077527632439	45.509133731076	0.6301640363493	52.0055076650027	0.680186149929641	58.5002508859206	0.728263967368145	67.6350407046153	0.76681833973939	77.9375176187305	0.90863540458098	97.4665376124063	1.02140216699401	113.702234102688	1.02229316592905	129.939772317835	1.18025485838472	162.406756193804	1.27719823584512	194.8768930622	1.41422110925694	228.500981071888	1.465111797757	261.136799438092	1.60829910719951	295.287311341704	1.67992937251447	326.39603539273	
0.0167239280993005	0.100923339213641	0.0288313510786426	0.175935596700528	0.0258814780422937	0.24569106896618	0.034654221916027	0.32996600431748	0.0381732407302115	0.43499358415183	0.0446004973180668	0.509178013916141	0.0529047540498001	0.567141803805122	0.0561636551414485	0.631264496207989	0.0576201308375863	0.702551055665002	0.0773640049805441	1.34948239567587	0.0998901960616704	2.01515098116102	0.1173965369285	2.66384536224299	0.134393327621527	3.30577619193641	0.165830536016025	3.96901527503555	0.175236936922952	5.29053695023049	0.184483925464599	5.94608797971114	0.198963321271847	6.53258457972907	0.225130181008564	7.88303433575167	0.255426505706981	9.84152919048573	0.294599639346696	11.9077571072278	0.353680743807939	16.5178838600423	0.369781670521605	19.9043317484358	0.45029665010883	26.1374983592716	0.549826528374003	39.218230669455	0.60136364933479	45.7423666950041	0.639573350819134	52.2678910241317	0.681702656614342	58.7965939897974	0.732623843068027	67.9648778919747	0.770196109760045	78.3363546297207	0.910636774868411	97.9642140209006	1.02425003806263	114.286426648965	1.02565226937822	130.60485581381	1.18411651056264	163.239567152211	1.28199444200394	195.872931332571	1.41708739548843	229.669544978367	1.46797804126387	262.469499627326	1.61253723034084	296.789199307096	1.68256354560951	328.062193751321	
0.0168094098447071	0.1010309069659	0.0288026180483746	0.176775067546349	0.0263338235104906	0.246972539664153	0.0348237205382886	0.331187404712245	0.0382456187203926	0.436535708742994	0.0447920277612288	0.510633671031125	0.0529399576997813	0.569808238417258	0.0565068888181235	0.634543973875748	0.0577467678790063	0.704925753494497	0.0775402358863262	1.35614053686087	0.100782978691401	2.02538388746357	0.117685371829343	2.67678445898819	0.135163987510801	3.32306107243899	0.166616130055718	3.98929901408596	0.175762264958084	5.31687335440584	0.185458370741938	5.97642953642839	0.199741599720296	6.56690707460243	0.225435486756605	7.92225884676368	0.25581863243937	9.89247998347776	0.295213228935913	11.9677938828262	0.356010021642993	16.5991193990772	0.370912624566654	20.0044023543251	0.450941309890966	26.2710947136096	0.551394651205758	39.4190536093259	0.602374495034669	45.9771382037524	0.644684507966244	52.5404965793542	0.683869263754325	59.0925459382114	0.738837769301662	68.2965330209134	0.772847626652818	78.7354077075379	0.913895970371106	98.4619500340369	1.02606731366483	114.869725125612	1.0285350660853	131.271801954846	1.18959614338828	164.072482418741	1.28766521549951	196.872635288422	1.41991888075053	230.835963117736	1.47206469378134	263.798981165894	1.61685836187928	298.288643482168	1.68539029737165	329.726146738159	
0.0169253684062183	0.101051039539662	0.0291357097356953	0.176882547987121	0.0265087103460865	0.248881488916971	0.0348733033955845	0.333307182102877	0.0385123536741018	0.438553127966772	0.0449702605710881	0.513188929016197	0.0529753798060247	0.572563847161678	0.0568094452728553	0.637596790922676	0.0579051365474557	0.708307327394649	0.0777383120108889	1.36262521922459	0.10112525125772	2.03600073147927	0.117972550899763	2.69036570261809	0.135717126531935	3.33958855489375	0.167291025478652	4.00925911855707	0.176212777461184	5.34330568480182	0.186125423107448	6.00660811170282	0.200216426372499	6.60030895715451	0.225655241422272	7.96206915964731	0.256257290550635	9.94195928687179	0.295746377790181	12.0273351948385	0.358108191896985	16.6813142003185	0.371717762378518	20.1043705147361	0.451522757183465	26.4047171449784	0.553151557518542	39.6192432498762	0.603450811687255	46.2120363723649	0.645784319832677	52.8087435451345	0.686500844866722	59.3953710468997	0.7417481262889	68.6333066984791	0.774920347154964	79.1357646368977	0.917238669513335	98.9613847794686	1.0277510873916	115.45335887837	1.03247668152092	131.937079165908	1.1930149687648	164.908869655664	1.29096426101702	197.874544616024	1.42470143629878	232.000339798118	1.47574526883437	265.128343495178	1.62049136232643	299.789071133833	1.68781563116351	331.393407782626	
0.0168868729842162	0.101743747051418	0.0291119347350432	0.178163931373608	0.0261723547631244	0.249580650202825	0.0350348370590401	0.334597383949573	0.0384893660921351	0.441055271463783	0.0449520100391727	0.516069043941398	0.0530466680702077	0.575908284575931	0.0569173811182777	0.640537034358744	0.0581673986585955	0.711852173775907	0.0779626635858804	1.37010886141746	0.101280686225119	2.04598194786798	0.118375946556796	2.7036605645699	0.136234621274003	3.35558215670797	0.167551111688448	4.03001550379165	0.17678419795159	5.37028609850693	0.186756315794154	6.03685933013463	0.200873190522271	6.63332527217901	0.226195112333003	8.00213838019438	0.256639564926257	9.99138923017171	0.296237907389719	12.086975227039	0.358901472578389	16.7657031974413	0.372508785699869	20.2045119011378	0.452773868008082	26.5378590139215	0.554793260255922	39.818684107112	0.605135251333359	46.4434029659421	0.646713246532525	53.0759921331622	0.688702792921989	59.6971642502242	0.742912036370496	68.9677036409472	0.776709555779917	79.53589059827	0.919536567242754	99.4610132399867	1.0291445332463	116.03670950908	1.03619761634082	132.603637876771	1.19569146738693	165.742500177897	1.29378067777107	198.873324699925	1.43076975062779	233.167383786228	1.47867042684121	266.463070242237	1.62353816661472	301.289767006386	1.6915330035104	333.059655548179	
0.0168483360812537	0.100577527516579	0.0290015470941655	0.17927801139866	0.0262248237497976	0.2501239750359	0.0352041312181615	0.335589679001864	0.0384948570449003	0.442989162698117	0.045219590790942	0.518723429568297	0.0531235145955887	0.578239792323079	0.0571517684565624	0.643159987850243	0.058407158465042	0.715320127840752	0.0781638857937777	1.37696502505549	0.101579725499384	2.05692172797109	0.118840818881165	2.71609767847123	0.136482733102723	3.37330056784845	0.168048944159092	4.04936419502156	0.177629648005987	5.39682366834884	0.187207860196844	6.06661508498027	0.20142186682022	6.6671951443026	0.226808818034885	8.04282413625656	0.257175085620489	10.0408545637278	0.296956784401977	12.146877892193	0.359694050463404	16.8502989481658	0.37325094696394	20.3044204569068	0.455353343214479	26.6682534814	0.55625436459208	40.0187619889586	0.607211964587303	46.6742293924518	0.647597919184584	53.3424025309126	0.690821288001671	59.9967520817969	0.744028673589107	69.3018919671686	0.778321474777396	79.935398161482	0.921765228635722	99.9617890898622	1.03060567312652	116.620693439109	1.03879744545599	133.271731407164	1.19873423432278	166.574163746946	1.29733579969196	199.87469758575	1.43455974645043	234.334770501028	1.48177056125069	267.798810268209	1.62664730705302	302.790105251087	1.70213746437535	334.717409652256	
0.0167177691968877	0.101121470806022	0.0290856961664411	0.179069889916949	0.0266989641409899	0.251734944734739	0.0349827873756155	0.336682236745316	0.038925849221812	0.444072290800949	0.0452825987155715	0.520743002475426	0.053326766775298	0.58071239543358	0.0573278708398324	0.646555880834299	0.0584017859561294	0.719023008013885	0.0783797247486337	1.38317287179705	0.101974885127449	2.06617488297168	0.119255822609736	2.72927239981662	0.136874040949403	3.38923922163337	0.168553103278623	4.06911102663321	0.178160188964993	5.42332677925713	0.187731490250471	6.09628888344324	0.201993126127785	6.70033485956238	0.227349958285901	8.08384237446209	0.257596835937077	10.0911552935936	0.297662722907651	12.2065626278749	0.360387339253954	16.9341626793815	0.374053984637575	20.4026526321212	0.45760301440411	26.8020435508243	0.558167826928546	40.2177222837687	0.609134590648941	46.9088816919162	0.648403686465541	53.6088799838852	0.693034041456473	60.2973569175727	0.745158924785108	69.634090988465	0.780135498425474	80.335211198484	0.9239674804096	100.462907666429	1.03256235412409	117.203738596028	1.04155354497567	133.936904310102	1.20133059608305	167.408807548093	1.30027101156506	200.876964541204	1.4369045075046	235.502634052964	1.48586417382117	269.1314508528	1.62927656684541	304.291665390949	1.71159307004014	336.385892591882	
0.0167377605016631	0.101297257933631	0.0291165559882272	0.179699871401093	0.0267375249789427	0.252661814379271	0.0349438205916117	0.337541090741301	0.039229357194269	0.446704877659872	0.0451677837024945	0.522929805984417	0.0534631247551383	0.583648389710603	0.0573111982448484	0.649572783756149	0.0585568768231262	0.723350281735979	0.0785432424260314	1.38963403826688	0.102309282875347	2.07595912464522	0.119492172250497	2.74410464243545	0.137222889956959	3.40685122917476	0.168793414684129	4.0898003566456	0.178635704702779	5.44983780640693	0.188309837825068	6.12675803134715	0.202546267485939	6.73275512816744	0.229485850244614	8.12305943489386	0.257989086442237	10.1408683589428	0.298312707558721	12.2664466665784	0.36105912514789	17.0170503845853	0.374721972405938	20.5007842245023	0.458720944548985	26.9368562123869	0.560705012138702	40.4163137748569	0.61050753482286	47.1424573825355	0.649450229430885	53.875487822012	0.695081246386037	60.5981666443052	0.746442771062561	69.9673852450571	0.78234477426345	80.734256825721	0.926203963404637	100.962774545515	1.0348258620484	117.785785375195	1.04388323926256	134.605146852101	1.20383316962021	168.244554035115	1.30250222361133	201.875193282167	1.43906240614009	236.670110174728	1.49244593863251	270.461796658677	1.63238566380841	305.787890915356	1.71500518051588	338.057951810025	
0.0168628942487494	0.10051500521577	0.0291339383557836	0.180953926292079	0.0263795540465286	0.253509477952976	0.0353684179555532	0.338907719243146	0.0391345844758793	0.448557569211088	0.0453630444912979	0.525735531522503	0.0536114217025198	0.585429020181032	0.0575894459375876	0.652423387398668	0.0588050766618467	0.726546173206637	0.0786180300503923	1.39663839860255	0.102241434983686	2.08595943314581	0.119719989771556	2.75785608525778	0.137395815371894	3.42382691059726	0.169091536139984	4.1099183202856	0.179242628036368	5.47649272288767	0.188879377384381	6.15663159849289	0.202988312281924	6.76655747940759	0.231766308927304	8.16270583501214	0.258804043610095	10.1903914344957	0.299512326841622	12.3256061363532	0.361618236833764	17.1011804740446	0.375481954256853	20.6021121158076	0.459811554517778	27.0697484868919	0.562817700512454	40.6170808353759	0.611702038344821	47.3755562360193	0.650226369588618	54.142650728367	0.697151517757306	60.8979593668346	0.747479890824501	70.3009402719578	0.786787814543164	81.1328479675632	0.928754330105998	101.461561090465	1.03787693501695	118.36840584904	1.04560152485863	135.271124417705	1.20603141260881	169.076798749423	1.30460552201158	202.874718424092	1.44114320783212	237.835485232863	1.4989727075884	271.796404196452	1.63977173710334	307.283341579418	1.71758107442428	339.724825424319	
0.0167891799147146	0.100967635241492	0.0293039812444159	0.181280136560259	0.0263076071350069	0.254477776898195	0.0357093930643879	0.339761771107334	0.0391111966696771	0.45051448157422	0.0455235851524279	0.52786080953683	0.0536791481293293	0.588012043219041	0.0578321386272581	0.656121087090225	0.0588696202064376	0.729125703785157	0.0787883993923191	1.40279502260494	0.102286557187089	2.09630596079707	0.120406133143968	2.76992858638846	0.137654773531776	3.43994763793687	0.169675681852471	4.13015456188696	0.179608965340683	5.50339443983897	0.189164655191754	6.18695173479194	0.203545079046039	6.79910347655425	0.23253726445326	8.20431918831458	0.259830678592273	10.239985290561	0.30105393950945	12.3845318441729	0.362015743019196	17.1847387314703	0.376235519725949	20.7039391959893	0.460900167987078	27.2044158621398	0.564143675967185	40.817847895895	0.612959515061814	47.608748221756	0.651144484052445	54.4088823121915	0.698793590479924	61.1982922564315	0.748616804533414	70.634726266846	0.790369116917375	81.5336295799968	0.931423145081518	101.96048174586	1.04087664537659	118.950787904318	1.04735432777815	135.932989263015	1.20806234731487	169.908656033558	1.30770155921329	203.873990246288	1.44375825246424	238.997164803197	1.50291469855578	273.130952129585	1.64793872064213	308.782249312713	1.71989344434639	341.389404259898	
0.0166879117976076	0.101835947981926	0.0292911437455841	0.182325866242731	0.0266757075086612	0.254653855064095	0.0358378372819711	0.342254601379041	0.0391298053213107	0.45314811617099	0.0455561371174857	0.529759252307352	0.0537402144966771	0.591257294783808	0.0578368657063341	0.658872504883259	0.0589904773115143	0.732456345984428	0.0790830484788994	1.40988820782695	0.102579332793156	2.10621779365727	0.120940498273562	2.78320109659954	0.137867756760561	3.45652285067131	0.17001639184867	4.14957589627424	0.180154916533482	5.5304093124777	0.189655256178316	6.21722437364194	0.204020115609619	6.83267998208077	0.232999819745977	8.24447409053445	0.260549085618424	10.2909453967783	0.302593537423862	12.4454151919514	0.36274807699365	17.2669596097424	0.376842146907605	20.8040414668446	0.46189880890843	27.3384089598757	0.565172354314577	41.017538347569	0.614461969340369	47.8409790826415	0.652082403867943	54.6748754774483	0.700121397019499	61.4989827738801	0.749901379125495	70.9675585874631	0.79218893232668	81.934642160418	0.933947926721874	102.46046038365	1.04416869718882	119.533780907175	1.04970594232515	136.600307933064	1.20990436964485	170.742435567397	1.31312475915256	204.871056696733	1.44804258223847	240.159768245481	1.5065721845738	274.463831132744	1.65184970758387	310.285865812722	1.72212228678711	343.05252278175	
0.0166815800359042	0.101488935751915	0.0292651807946233	0.182749385163421	0.0269499861053954	0.256268157151364	0.0357817229924994	0.344058252978268	0.0390124753007181	0.45547389046381	0.0454980917102767	0.532684187129326	0.0538001490888159	0.594451614647695	0.0579657873227808	0.66113882005328	0.0592945636469321	0.736126513453682	0.0793115334672149	1.41696497848936	0.102855097632284	2.11570703891931	0.121249520397437	2.79663053465699	0.137997807317488	3.47251086455034	0.170187616162169	4.16992017128913	0.180746674655519	5.55637598160849	0.190225298867189	6.24661411873315	0.204555361680125	6.86670165977682	0.233451077228543	8.28392025630869	0.26103769571669	10.3411269173603	0.303583389003032	12.5058664060758	0.363667456988285	17.3500056397764	0.377702310266652	20.9039984513853	0.462776915387232	27.4703922635911	0.566005658697096	41.2178285709525	0.616000422178919	48.0747484883471	0.652868321466274	54.9420346585131	0.701493780720503	61.7995540820449	0.75114436519649	71.3001822918334	0.793620377720163	82.3335387760501	0.935874190066435	102.961146826562	1.04836184205498	120.116662151329	1.05229202322151	137.269459445851	1.21243505380941	171.574471665458	1.31773277467537	205.870894763028	1.453103416606	241.328958000701	1.51023188770417	275.797276380002	1.65470558056918	311.785935836534	1.72475896186861	344.720946116734	
0.0167170971319606	0.101020909800613	0.0291599184547189	0.182632664256918	0.0267327047850619	0.25766275443295	0.0358953523417109	0.344633140913974	0.0390890109244308	0.456366941458958	0.0455833817371079	0.534708940518031	0.0538443711747791	0.595609423175932	0.0581862795406749	0.664015035065385	0.0593335982195736	0.739137246363768	0.0794684245603777	1.42375362124393	0.102907041930724	2.12604471900653	0.121645868378553	2.80991631621412	0.138285307574866	3.48970144864673	0.170638366030297	4.18943137830059	0.181302747869539	5.58221505955262	0.190588986925476	6.27727092812693	0.204813669733172	6.9006921381681	0.23395685726843	8.32383767128331	0.261594550420919	10.3909834063791	0.304116909810075	12.5662356638176	0.364588455420742	17.4327834489216	0.378584503540298	21.0042087556541	0.463601685295626	27.6036868694292	0.566927648126487	41.418025662083	0.617495686685012	48.3083912341886	0.653571715086197	55.2090671797138	0.702912651841956	62.0990934848459	0.752209483565185	71.6265996628612	0.794950158768259	82.7327185137315	0.937865061807657	103.461490542784	1.05132592118861	120.700653531939	1.05446537978674	137.936748313579	1.21609898923686	172.406299147272	1.320308178575	206.874189898556	1.45894709170357	242.495942384168	1.51363235328951	277.126489697681	1.65743269150852	313.286691313729	1.72818783365944	346.38910123083	
0.0166961508686592	0.101299760862931	0.0292285105749694	0.183379963276061	0.0266523712598927	0.25836892974161	0.0361071331020994	0.345948197430699	0.0393932686493981	0.45832321353785	0.0457531641711919	0.53763969610582	0.0539882942209746	0.59792806703063	0.0583505627885175	0.667367970797727	0.0593075694328341	0.742492859648385	0.0796367206822051	1.43017881538102	0.102966529327946	2.13598472437328	0.121770934534887	2.8234523907013	0.138624474742088	3.5063611789008	0.171143700854361	4.20878984841707	0.181992387025255	5.60935193544283	0.190808228726365	6.30629373214116	0.205184883326078	6.93340065109631	0.234428262811912	8.36416579949383	0.262160010772769	10.4411854160567	0.304744525786688	12.6269802445391	0.365507985489278	17.5166024766558	0.379261627178597	21.104204855741	0.464360642883753	27.7379947541803	0.567964094804296	41.6173398594547	0.620355814887569	48.5403650500557	0.654559399561892	55.4753620934704	0.704240914618999	62.3997691011341	0.753257763001773	71.9554235713076	0.796492586488462	83.13364913777	0.940409088999144	103.962281293819	1.05292454689195	121.285389970573	1.05685209481647	138.603217617479	1.21956994191381	173.239825361382	1.3229017274033	207.87338721495	1.46357563419279	243.663403604771	1.51704580810068	278.453140015757	1.66026228451485	314.785807663271	1.73294349851916	348.05430591515	
0.0165642504955272	0.101536171266503	0.0293685234953418	0.183872603790803	0.027074193180691	0.260205148525571	0.0361258662220866	0.347337148569445	0.0396631062198708	0.461146779723159	0.0458851104701663	0.539217763925891	0.0542486645365629	0.602200974800013	0.0584977781793465	0.670869219643033	0.0594716735087655	0.745363777763598	0.0798496554909596	1.4358695452876	0.103310220618693	2.14605674470871	0.121948119740712	2.83648368837701	0.138946797747248	3.52320600950778	0.171351481526051	4.22964215987228	0.182557912750157	5.63616284844741	0.191234874286897	6.33720060163436	0.205686578954769	6.96641370649196	0.234855767727058	8.40466901634005	0.26259370456799	10.4902856711809	0.305377509659254	12.686341811303	0.366744562006506	17.5995460612115	0.380026469930915	21.2046722050283	0.464965670411161	27.8700097228617	0.568737721727017	41.8164119129685	0.62458793298755	48.7721675025771	0.655643783545968	55.7432737831398	0.706932089351797	62.6978295637569	0.756307819199192	72.2935532544775	0.798272512280776	83.5333802183893	0.942928012568105	104.461723489831	1.05449884646123	121.867824179912	1.05927731584962	139.271162136268	1.22207023251158	174.071116401419	1.32720544366998	208.86941058416	1.46668201808545	244.832056918213	1.52046511554664	279.789476088148	1.66539627431698	316.278456909162	1.73976326160976	349.719510599469	
0.0165013086591465	0.101129452531145	0.0294122443856942	0.185494894879152	0.0272419362628066	0.260792056342685	0.0360433877504266	0.349029157880342	0.0396653560391001	0.463659691636927	0.0459526788137002	0.541107883001297	0.0544053383900086	0.604340804728877	0.0585506357414441	0.674348000332293	0.0597076339702081	0.748171656985035	0.0802760550775873	1.44195131424161	0.10357776889931	2.15585705169589	0.122343697893496	2.85064654292713	0.139244831327001	3.53965526086999	0.171714401918433	4.24978573488187	0.183090948253775	5.66273161759409	0.191752300617484	6.36752073793341	0.206335119933639	6.99980720714126	0.23526271202285	8.44386838164375	0.263091584739776	10.5409896637023	0.30641063860532	12.7460293409525	0.36846461263125	17.6817129227768	0.381691586767012	21.3041225501124	0.46573321852165	28.0025406442249	0.569981545249247	42.0178793280304	0.627249266692775	49.0071140999612	0.656432465391198	56.010075336353	0.71119187931265	62.9962476542314	0.762911966475554	72.6270039732547	0.800644809083992	83.9324854502682	0.945780524612221	104.960852761473	1.05600938156344	122.451256767004	1.06173036587821	139.938212585427	1.2246769054156	174.898145709557	1.33107429059983	209.871290109442	1.46930720328374	246.00147019084	1.52515633047462	281.126020776787	1.67190861701611	317.775516898556	1.74556387329957	351.385341132529	
0.016518864244701	0.100651327551154	0.0295129582101612	0.185622034956464	0.0271440791233687	0.261656643792997	0.0361851356199849	0.350362200563436	0.039609793706686	0.464491246241241	0.0459785477971198	0.543897776056367	0.0546421755868832	0.607476276650376	0.058553805809243	0.676753373597632	0.059944828765847	0.752278614721037	0.0805590242760163	1.44988280615627	0.103831402728772	2.1661039278364	0.122643227226789	2.86350694291851	0.139628553699722	3.55641534112671	0.172135761257107	4.26989019434518	0.183656369344584	5.69058887146156	0.19208517766111	6.39705949462947	0.206912670220438	7.03370175931192	0.235596314496901	8.48434272749154	0.263559895437204	10.5918026209599	0.307639247072941	12.8063352687622	0.370159553431437	17.7648669862243	0.384943293141536	21.4015388867902	0.467371554539633	28.1356042820755	0.571407894568059	42.2176256590562	0.628472931918232	49.2419079604502	0.658664783925221	56.2741909553885	0.71469275120822	63.296386828742	0.766821470450437	72.9631070985985	0.802919953866649	84.3299515544937	0.948079309484603	105.460704739398	1.0577274639974	123.032863961936	1.06457469979523	140.603251377921	1.2275487233718	175.733996504703	1.33380413995409	210.871724222157	1.47167451517906	247.166651533888	1.53207816881924	282.457141443009	1.67566432351432	319.281249363354	1.74870441738782	353.053675060551	
0.0165427043855449	0.100992278908761	0.0296886669699474	0.186132952675864	0.0272647784245693	0.262017851415639	0.0363515236597654	0.350857111176845	0.0397403955018225	0.465871931892529	0.0458859355724839	0.546882897596868	0.0548722603050843	0.609924432544455	0.058694882029329	0.680255437350152	0.0599487878210281	0.75588906113303	0.0807159463240135	1.45636190058481	0.104094221051942	2.17545533736395	0.122865456145909	2.87630098617961	0.139899991916829	3.57279101800901	0.172527036405631	4.28842956629619	0.184136902716631	5.71694576473258	0.192593806360658	6.42668020770821	0.20762753717308	7.0654929195477	0.236064565493654	8.52438400836269	0.263909661151356	10.6411748222629	0.308340135767158	12.8664959102572	0.371313941508318	17.8488760037547	0.387968780348251	21.5010525618063	0.469152780449844	28.2699494197279	0.57288094526995	42.4164741951627	0.62956871726684	49.4753867935264	0.662891552074634	56.5390292807076	0.716426978069909	63.5960417155368	0.768394076957048	73.2987184856463	0.805073209222625	84.7275890220648	0.950000210483315	105.96044495862	1.05920955950872	123.616475362954	1.06805061519935	141.268916019155	1.2298097038755	176.570964886885	1.33628356209819	211.870772526946	1.473927646746	248.332220307109	1.53649073686925	283.79255364345	1.67830351026241	320.78358436356	1.75143074624301	354.721412942153	
0.0165644772863993	0.101541999308275	0.0296525366831009	0.188185412909847	0.0276157576055297	0.262875599466119	0.0365159522550494	0.352756572581385	0.0399616214331053	0.468232223326632	0.046033068800291	0.548932039994336	0.0549261520834428	0.612155997742561	0.0590302843687062	0.68226750146938	0.0601379289037309	0.75850095516948	0.0809040561794161	1.46246485712639	0.104298466877161	2.18618137894633	0.123198544559032	2.8900836283067	0.140193023764654	3.58923537992793	0.173034757694321	4.30893449444757	0.184366491630676	5.7448155914542	0.193602672421135	6.45614818389196	0.208754219986604	7.09913648029642	0.236357771914959	8.56409373841304	0.264508750176118	10.6916031433154	0.309106750541169	12.9265056775022	0.372188439854338	17.9328123781277	0.389371319835061	21.6023841784018	0.471209082369734	28.4024822037361	0.576288688406222	42.6156244797691	0.630671823649095	49.7084148664978	0.665806589697139	56.8062592422847	0.717654445018076	63.8974102357876	0.769666924361431	73.6328621083862	0.807059761938048	85.1301513231765	0.952651185258918	106.460416145829	1.06043436426224	124.201398066094	1.07078921229234	141.936309195006	1.23208861473116	177.405981217044	1.33885807114234	212.86937379692	1.47650399043141	249.498921568528	1.53936027264799	285.128710901916	1.68043844478197	322.285293515027	1.75392648540817	356.389478649286	
0.016604517920258	0.101313330523237	0.0296566531172496	0.187948333118208	0.0275865670892392	0.2637424570151	0.0365085925802474	0.353593744224709	0.0400230327856202	0.470301360054674	0.0462990670865727	0.551494923182626	0.0548990646710624	0.614729183686343	0.059371063064517	0.68508568344631	0.0603924156471472	0.762492428911715	0.0810374644074466	1.46988726486289	0.104490097332717	2.19573185866475	0.123486033169063	2.90284321263418	0.14035800965753	3.60602549533626	0.17374257834185	4.32933418315302	0.18477888866301	5.77041485384675	0.194299270745105	6.48645295336926	0.209536860397847	7.13304034569237	0.236713688394831	8.60425422856809	0.265382573284205	10.7413646374361	0.30980763485817	12.9867100911561	0.372862607090625	18.0168977641056	0.390330552924271	21.7029930887137	0.473081936015125	28.5345921673156	0.580080067689312	42.8164809472511	0.631756068447053	49.9413386313459	0.667260475276253	57.0739772168678	0.718685488677313	64.1985030845693	0.770742841575467	73.967251600274	0.808716847830783	85.5304635490548	0.955129253222734	106.961415513112	1.06278543489367	124.783206426693	1.07280508620286	142.604998771818	1.23412746070818	178.240580314708	1.34299239761472	213.863087486256	1.47961387495027	250.664400934786	1.5439215353696	286.459652754212	1.68301194648376	323.785095317951	1.75676409448234	358.053997880223	
0.0166349401164759	0.101772094180937	0.0298675707598883	0.188799620118633	0.0274411095755888	0.265399803665569	0.0367099160549297	0.35488976683722	0.0399880044891227	0.472702600576285	0.0462571987379745	0.554084581893664	0.0551523438616277	0.617153765478871	0.0594676076182828	0.688252005426627	0.0606331796347011	0.765013519001453	0.0813453796195226	1.47619592726837	0.104883625950104	2.20537896309569	0.123695925702016	2.91621933247676	0.14054528420097	3.62275530761074	0.174276789436503	4.34869451591456	0.185234036742747	5.795966153129	0.194703742556998	6.51627110682444	0.21012580903107	7.1666382716371	0.237232927626294	8.6437301966633	0.266064548982222	10.7905664067161	0.31006717401777	13.0470430273192	0.373279518269617	18.0996737106058	0.390930924042557	21.8042651006672	0.474322518919037	28.6684213522861	0.581713034487041	43.0168792040481	0.632872642775316	50.1738377131201	0.668624638405367	57.3407936712414	0.719604996169754	64.498552852117	0.77194243503713	74.2995176767927	0.810704546224318	85.9306640162295	0.957372570094039	107.461155732334	1.0678289139638	125.364247377527	1.07578274305041	143.269218000485	1.23592765671259	179.074255540423	1.34696075523851	214.865756773043	1.48352852519156	251.831251207809	1.54847618128877	287.793098001469	1.6873188181697	325.281618865568	1.76428100735343	359.714434193187	
0.0166508858723933	0.10147610823925	0.0298701517370545	0.19027468948761	0.027562178795206	0.266609300594242	0.0368806940233727	0.356960125926084	0.039905940287207	0.474799385941948	0.0463525271357961	0.555770042843019	0.0553398418148173	0.620280797289939	0.059565008936432	0.691945630582114	0.0607064887670126	0.768612905958398	0.0817849808841228	1.48213764859688	0.105091079174609	2.21586332648144	0.123975144575016	2.92982176369422	0.140953516155023	3.63998314460834	0.174734241072791	4.36940014407123	0.185604466400702	5.82287159537041	0.195568240256477	6.5455998502899	0.21069223188445	7.20039405675072	0.237620575186043	8.68490303440887	0.267430490681599	10.8395083370101	0.310422891124738	13.1073871393526	0.373757073400053	18.1830978575871	0.391654906402154	21.9040637603777	0.475034683723505	28.8022673010622	0.582986170456062	43.216260456642	0.633585459327936	50.4080318018995	0.670026856757409	57.6067719353377	0.72057609513491	64.7988261370721	0.773068379544333	74.6315825876447	0.813518382589793	86.329970413775	0.961958204632066	107.957207914335	1.07267223801983	125.948223856976	1.07863791490796	143.935016752164	1.23853015966633	179.906604562855	1.34955847156071	215.868753885361	1.48854506104938	252.997773655301	1.55162879045767	289.127049888183	1.69229895610728	326.780288180295	1.77343634688361	361.379698482148	
0.0164557839344758	0.101629347175284	0.0297989521318658	0.190591135421135	0.0275823028512827	0.267731311412717	0.0366688508701891	0.35854273394349	0.0399312132561924	0.476728213110024	0.0464102829045879	0.558015228633133	0.0553540454154347	0.62376394355356	0.059848073665281	0.694374345118371	0.0608839092045591	0.772470676709864	0.0818691150552293	1.48889974865933	0.105145727114131	2.22644943685364	0.12429866394552	2.94379788807701	0.141320874864103	3.65667081453832	0.17520655404754	4.38928527707864	0.186279414230895	5.84912883713068	0.196485323292466	6.57658215690806	0.211172790329439	7.23332143047357	0.238060160894605	8.72510636540032	0.269692830067356	10.8898174487787	0.311028332607654	13.1670504546164	0.374358611445177	18.2658793920225	0.392503966821567	22.0036370400358	0.475744388768259	28.9356997426348	0.58405012724446	43.4178694327285	0.634355153572233	50.6418831639879	0.671461905711672	57.8741360073592	0.721779848779639	65.0985853319903	0.77437478437545	74.9666649834952	0.815854464393645	86.7297014943943	0.966794155366611	108.455756040718	1.07483801799369	126.534390807017	1.08068885800875	144.603169887199	1.24354714578991	180.736658806571	1.35214629668999	216.870618509482	1.49474031221255	254.159646940722	1.5540460356435	290.456829449961	1.69605929177347	328.280656227317	1.77766569497536	363.051191456193	
0.0164562753279165	0.101262886311494	0.0299899961394277	0.190089938380646	0.0277114543909038	0.267698394982034	0.036953736197891	0.358681617415833	0.0399482995010034	0.478669758651404	0.0465367244584888	0.560071064911289	0.0554927509335298	0.625961922932915	0.0601367793363977	0.697237055953785	0.0611749006614221	0.77521289769291	0.0820328137264379	1.49582471374929	0.105554337575151	2.23534473117193	0.12467933445856	2.9569705139467	0.141819325584513	3.67211074510823	0.175704285935343	4.40963979664136	0.186915172065256	5.87620331441136	0.19716117766623	6.60741638324388	0.211585081723591	7.26679828448935	0.238663806423819	8.76407569403901	0.270634708909186	10.941142633428	0.311649781517505	13.2258010738003	0.37493232589653	18.3495009793802	0.393192896940948	22.1038026408232	0.476515323269502	29.0684728078559	0.584923213079585	43.618249063075	0.635201950589499	50.8755035580886	0.673362664010664	58.141019516955	0.722732174953373	65.4001401167471	0.775878781401374	75.3017026758642	0.817525597535402	87.1305129091489	0.968909118876664	108.958916076271	1.07661489186207	127.116981478541	1.08274311249101	145.270041522433	1.24814115902349	181.571839049495	1.35486166267433	217.870367168814	1.49876882687759	255.329268829595	1.55629442055011	291.788099127787	1.69973250072246	329.779176530439	1.7803711829384	364.718154477449	
0.0164219526188681	0.101155726012842	0.0302989327257045	0.19073233264789	0.027894627634205	0.26859779061192	0.0373037801418089	0.359796788834476	0.0401265948491747	0.480599633557326	0.0466754308438779	0.56226037134958	0.0556479912428773	0.628794773239699	0.0602835460101885	0.700678001665248	0.0613882606334871	0.778925731375587	0.0823800646077481	1.50213314332413	0.106900141629917	2.244647013436	0.125202866001562	2.96943952564469	0.142189901937427	3.68845429136324	0.17618340414819	4.42968465146273	0.18730491707697	5.90322284366274	0.197551976603314	6.63753907916649	0.212096563128216	7.2997242612284	0.239499001839555	8.80448391598714	0.271318589874915	10.9917553563415	0.312164022780141	13.2856981510192	0.375466616971343	18.4339998725616	0.393692227403117	22.2036683557559	0.477275920343342	29.2023019928265	0.585751836119695	43.817604238638	0.636961523144906	51.1081479261776	0.675486156366517	58.4065507462367	0.723934412978292	65.6991393524805	0.777246579974284	75.6344828424196	0.81904141135964	87.531555291891	0.970333270364062	109.460310324307	1.07840332602515	127.699929777917	1.08456365663663	145.936615134457	1.25061802802842	182.405424868247	1.35768852967678	218.869236659678	1.50109765687327	256.497281393136	1.55889023418571	293.123898758402	1.70307176716275	331.279276356573	1.7830043779934	366.384998289422	
0.0163562828848176	0.100743142855927	0.0303731714896634	0.191856613565033	0.0280165322297999	0.27054847475563	0.0374476706906662	0.362440406044618	0.0400759175335957	0.482603228462293	0.0466451418122333	0.565017435285453	0.0557370983913324	0.631301835283823	0.0602384631260456	0.70358070116181	0.0615813339987593	0.78314206130125	0.0826310479950231	1.50932586364158	0.107820419524375	2.25504942043908	0.125807237520037	2.98295906915696	0.142673885856722	3.7053168170983	0.176581773227347	4.45004429329937	0.187892295680781	5.92978369656792	0.197830705324132	6.66741171498969	0.212479584133527	7.33259296163184	0.240141724255473	8.84376710031857	0.272013664025437	11.0418493326055	0.312604959194544	13.3465004737376	0.376260338299296	18.5162561410898	0.39426727497578	22.303517306883	0.477789341369725	29.3363397940438	0.586529638228465	44.0181254300091	0.641067853552195	51.3381771406012	0.677090014936051	58.6729313416662	0.726883681420286	65.9969539459554	0.778328969449495	75.967814351913	0.82097518717423	87.9321059363371	0.971592331164408	109.95733108174	1.08027661676298	128.282416141318	1.08645971864502	146.602890723271	1.25269709740846	183.237967605765	1.3612450411717	219.870356225775	1.50423587877912	257.661330247988	1.56146477304344	294.458714912424	1.70615849683082	332.780896101076	1.78583409069776	368.046626695225	
0.0164010983142135	0.100514990663855	0.0302398656634508	0.192505134188297	0.0278868379648567	0.271461170835402	0.0374553122768104	0.363331594394704	0.0401002707284038	0.484634850354659	0.046820447000841	0.567290327920846	0.0559037741428482	0.633467101959299	0.0602372157358648	0.706959655717345	0.0620797803419691	0.784983344151469	0.0828122815291309	1.51597993029051	0.108106330613661	2.26539431827591	0.12661234818977	2.99679665931334	0.142974069214199	3.72300565874844	0.177017759545887	4.46939810680319	0.188764170301994	5.95582906245252	0.198261606359455	6.69669109836105	0.213010883322981	7.36515618824531	0.24084625906305	8.88338276679335	0.272533125939028	11.090467162659	0.312993348727325	13.4075384210562	0.377364900117725	18.5983056560163	0.394968939697399	22.4036661438649	0.478447503556804	29.4690625678483	0.587182734751154	44.2174210009302	0.644337312617077	51.5718422381834	0.678311505729894	58.936290726807	0.731000894675231	66.2955061468742	0.779820062669335	76.3000133732095	0.822968250762882	88.3309503979076	0.972916800332581	110.455104347777	1.08202105306765	128.866511830052	1.08839669599416	147.269285521369	1.25481650221214	184.071881250047	1.36540032949757	220.868182635404	1.50947392130086	258.827405660666	1.56489811928086	295.791087276126	1.71016130522284	334.280340276149	1.78885997709661	369.711026716879	
0.0164979599272958	0.100510719676939	0.0302091513840995	0.192693465066237	0.02789147360843	0.27285320698003	0.0376364459847864	0.364162712441581	0.0403171821797924	0.486938942294819	0.0470169036340277	0.569506293466569	0.0559607004844822	0.637185348954183	0.0605634328539389	0.709874462406802	0.0625723399552381	0.788848507275521	0.083150863886904	1.52257159832991	0.108416380262829	2.27536971389881	0.127223596914296	3.00975624515421	0.143231471614269	3.73876782691385	0.177478261662337	4.489157511269	0.189442247114111	5.98262879958674	0.198448959826648	6.7262740928773	0.213487274163466	7.39883234528259	0.241458144471672	8.92408156137095	0.272931070006182	11.1400880270776	0.313334307127581	13.4676767108104	0.378410900427811	18.6816199069391	0.395438215111082	22.5039490912911	0.479194052822828	29.6023981518777	0.587925159326195	44.417014595061	0.645972700905853	51.807142738129	0.679655500774656	59.2024254530884	0.733484657062748	66.5963158736067	0.783950189628543	76.6308638394819	0.824649951872214	88.7306740279467	0.974325998932508	110.95823458101	1.08357351148394	129.451352576809	1.09027179790111	147.935978342677	1.25705554133219	184.905437266478	1.36882011850172	221.86773757965	1.51400805962514	259.993034038529	1.56980205288964	297.12411529089	1.71445414705802	335.780738125492	1.79408510986868	371.379092424011	
0.0165197768920773	0.10061980082831	0.0302076549364368	0.194015521053855	0.0281985238284747	0.27416936944226	0.0379025383288289	0.365785018081845	0.0404174891603553	0.488860784543917	0.0470107120618344	0.572304859462703	0.0559534635172493	0.639069181602509	0.0607916837223155	0.712471222452134	0.0625877901078403	0.793508554179252	0.083414180540415	1.52921344137063	0.108679598990678	2.28526455012283	0.127780022389455	3.02297776545675	0.143627682239853	3.75570090033059	0.17795326111855	4.50946267073761	0.189871261508174	6.01031096481849	0.198738346285805	6.75643497302366	0.213761644489614	7.43363540258163	0.241948729963344	8.96360409559269	0.273238203314696	11.1905955105452	0.313944496635603	13.5276082469629	0.379193529750436	18.7656568641454	0.396125087877771	22.6042245881372	0.479860255175921	29.7365737888296	0.588880599508051	44.6169434653027	0.64733528014052	52.0397759303476	0.680906177748311	59.4717825553249	0.735057177282364	66.8964103446359	0.787869377277307	76.9633534334078	0.826602263418795	89.1300400301341	0.97570295876825	111.458608099552	1.08540448389595	130.034107161099	1.09201847479026	148.604533809045	1.25917636998258	185.738754864341	1.37267048619303	222.867963076118	1.51698629864185	261.16074857886	1.57715332770667	298.453686236421	1.71767284882561	337.281404195724	1.80013264341018	373.044982561713	
0.0166017512890272	0.101694801686872	0.0301944283441296	0.194404712008153	0.0285575047700356	0.274590298122163	0.0379998917478954	0.367683897409803	0.0403159414194643	0.490251598327723	0.0471108103126352	0.574040262582749	0.0561496169787426	0.642043127272645	0.0608522816344074	0.715853553051842	0.0629168140633599	0.795639827582368	0.0836013460812902	1.53566459612325	0.108980767143208	2.29537917846402	0.128027817315299	3.03704399529435	0.143910814923218	3.77336622608684	0.178365273037363	4.52981812162286	0.190209675948463	6.03677170055165	0.199296716921278	6.78658467729965	0.214118352267723	7.4658829108573	0.242479232639155	9.00413245814724	0.273793876353928	11.2408999657011	0.314657124438446	13.5863383770512	0.379989163517285	18.8492523744723	0.39698483374237	22.7038090436656	0.480539349152239	29.8691624521897	0.589945431760046	44.8166190158162	0.64850895146946	52.2742866687874	0.681983479620818	59.7400295211052	0.736348864935065	67.1967655859736	0.789991968668706	77.299285195406	0.828573431334265	89.5295624945066	0.97827382858853	111.95699976375	1.08803591446554	130.615833565315	1.09392357512127	149.271375641958	1.26151734850541	186.571550921587	1.37839377766138	223.865446759056	1.51934145928046	262.329208177216	1.58561494058529	299.784806902642	1.72020810108588	338.781712638105	1.80425184552326	374.712899257241	
0.0165056053391384	0.101363651043707	0.030346688902902	0.195202753553286	0.0284185247882634	0.275136955343667	0.0379709012505907	0.368824301848253	0.0404164785909542	0.492145268070276	0.0474372997698041	0.576505415113007	0.0562200150848073	0.645194198846528	0.0608919799752014	0.719047814708071	0.0633496923925875	0.798325063268086	0.0838789792320917	1.54238688214754	0.109122753862073	2.30569241133482	0.128186349427939	3.05015981048969	0.144316209274169	3.78941151630149	0.178713439985006	4.54970325463027	0.190549932800924	6.06299820866841	0.199712697106627	6.81727967091718	0.214706390102391	7.49949387531745	0.243025535112264	9.04355068424557	0.274277438596514	11.291537834323	0.317063622014792	13.6434358987437	0.380763292711138	18.9318886225929	0.397893054158386	22.8029539149598	0.482039113142666	30.0009669419792	0.590996359945133	45.0166372930208	0.649383958227208	52.5100267529673	0.683156526672554	60.0080678706387	0.737649622202833	67.4973741470395	0.79174853971976	77.6324304403933	0.830134124199414	89.9297406099406	0.982745084612731	112.455421230268	1.09237592173382	131.196650998742	1.0971914695579	149.934507085909	1.26399386233885	187.399593508638	1.38244240923771	224.865731860165	1.52139632100191	263.494776950437	1.59016377190836	301.121828428417	1.72319603557768	340.279934918017	1.80762584189611	376.379564255288	
0.0164615005736249	0.101306374708089	0.0304334976592893	0.195682632038979	0.0281805853216377	0.276202970395003	0.0379737759756294	0.36963562929136	0.0405192234975363	0.494698954448578	0.0474270201979046	0.579256716490724	0.0562971674128673	0.64674141660778	0.0611362389515423	0.720725068377627	0.0635150186664181	0.802616422865103	0.0842325225827506	1.54943524747277	0.109165246254991	2.31505220276514	0.128623707442034	3.06261787914795	0.144740932296792	3.80543771440427	0.179160285385094	4.56960561710449	0.191126844159697	6.08963962097247	0.200162732501899	6.84620934267838	0.21518766782818	7.53204965135068	0.24365770660381	9.08375122126943	0.27464474095472	11.3406213256416	0.319933671596963	13.7034363527634	0.381445714876427	19.0152792419631	0.398930625236612	22.9023483806921	0.486401173009593	30.1316110038958	0.592307190025482	45.216517734491	0.650463952588251	52.7422538885626	0.68439846334681	60.2738784966795	0.738924030201215	67.797721937797	0.793200146046861	77.9661419294791	0.832227842800967	90.3293003272143	0.98597664137172	112.95669626902	1.09631572240601	131.780031431772	1.10241694852703	150.598666709934	1.26655910283181	188.231674310181	1.38502246167683	225.863468862832	1.52344228149142	264.658408572795	1.59257236076515	302.456316756908	1.72813673391335	341.772822582476	1.81095661938913	378.046408067261	
0.0163821440662298	0.101337319354352	0.0304854508955257	0.196835987681368	0.0284191982276162	0.277497508712231	0.0380884591221564	0.371041227820336	0.0405924797511004	0.49655339222954	0.0473906090561819	0.581843988687778	0.0565492362071341	0.649901277538043	0.0612720722300632	0.724360602290282	0.063496917975573	0.806271863796845	0.0845522630769832	1.55572539984296	0.109288365731774	2.32531770535625	0.129013844319379	3.0766238058517	0.144784913042132	3.82265134873329	0.179861581858949	4.58930867655721	0.191699858640708	6.11659628595305	0.200981704150299	6.87605124485808	0.215821200514618	7.56545945014427	0.244233963356301	9.12375990585202	0.274980333318771	11.3907553487745	0.321032356470186	13.764674534426	0.382846874544833	19.0985767290803	0.400299003034229	23.0019626385415	0.490591056000442	30.2650788357246	0.594109292290787	45.417221465078	0.652335706420142	52.9740377146335	0.68592203553938	60.5404937853866	0.740368568843555	68.0975183856164	0.794441012124988	78.3017756682676	0.835733572792214	90.7286514282413	0.987778815444554	113.459088894808	1.09843975801068	132.365274509862	1.10616322700912	151.266447315958	1.26889829838995	189.068657593524	1.38791180042986	226.860624720239	1.5265001651078	265.820937509277	1.59491895199021	303.792325003769	1.73388827833206	343.269942176512	1.81426902046162	379.710569670347	
0.0163048655286798	0.101052196416868	0.0306161880860488	0.196862719548373	0.0287953742011975	0.278772110906544	0.0384067096079568	0.371767834017007	0.0406918991288608	0.498256315476339	0.0473590008759565	0.584150117895974	0.0567406334013169	0.652689424363368	0.061237195695489	0.727517960291245	0.0636273831165819	0.809019090638491	0.0849238341755532	1.56212149015097	0.109568336187917	2.33595177883877	0.12930770807692	3.08929654435322	0.144942595014415	3.83972109373136	0.180804599926607	4.60877797405481	0.191843836550506	6.14337739663666	0.201698787432399	6.90614274147592	0.216478135367087	7.59904247492851	0.24483566593707	9.16396882477865	0.275392691092919	11.4417582958282	0.321716138773918	13.8253688237309	0.385009541995569	19.1815408027316	0.40181419810265	23.1022381353875	0.491889377792925	30.4013220086939	0.596620111467752	45.6157198239131	0.65407456934458	53.2068683472285	0.687983183177049	60.8064683241928	0.74148857521476	68.3980151879787	0.795367221961807	78.6348464074524	0.838302370501365	91.1295298982181	0.989217180328925	113.959320852326	1.10002978076723	132.949638419485	1.10897639670738	151.93390009645	1.27088168009119	189.903107679584	1.39051674800621	227.864068867372	1.53449373343201	266.984896957166	1.597306328654	305.125204006928	1.73791242881911	344.774244129903	1.81757644140304	381.369962902077	
0.0164754446735801	0.100563317572033	0.0306288727708509	0.197345130067195	0.0286686353778575	0.279688968833874	0.0387571479320604	0.37348667705831	0.0407217231744206	0.500149112104021	0.0475195203378559	0.586487388201279	0.056911657238921	0.654574828618465	0.0613546759849729	0.730510707034963	0.0638616973402225	0.812373190523997	0.0851477252872005	1.56966229226414	0.109779232730268	2.34610901518572	0.129674904962886	3.10305497209452	0.145585601399345	3.85570095853825	0.181684368344857	4.62864494627288	0.192222305032789	6.16947538224423	0.202236272285969	6.93596648286628	0.217074192887404	7.63203736953481	0.24546446286566	9.20380893998325	0.276022741121845	11.4918047746432	0.322300522366517	13.8864272601452	0.386256729824704	19.2652368958918	0.403103108307187	23.2029941946592	0.492491460210587	30.5355032335809	0.59917088843452	45.8148179544577	0.65523803158237	53.4411518429709	0.691648341326932	61.0712768471909	0.742487435375074	68.6980724061067	0.796416314166515	78.9669113183045	0.840141157018502	91.5295515514669	0.990527117084307	114.459172830251	1.10171403606344	133.533003951354	1.1114336094976	152.600250191067	1.27345491232139	190.73712563199	1.39425792417896	228.864815904457	1.54164682311335	268.154459241397	1.59951144997729	306.457099533495	1.74174180859677	346.275387037271	1.82090618125137	383.038088213851	
0.0165327365360466	0.100626356465809	0.0305260615933878	0.197727889075267	0.0283907694487906	0.279841938559489	0.0386587165827762	0.375545889380638	0.0408053726037723	0.502663682936047	0.0477262388740038	0.588402478362031	0.0568576595691787	0.657949650430271	0.0614400200197804	0.73426911731397	0.0640194197959502	0.815395681381029	0.0854984620710821	1.57521774757318	0.109945396263089	2.35567020511324	0.129942907251612	3.11741014474717	0.146181206608319	3.87275533671457	0.182209203893708	4.64853752986053	0.192774845265882	6.19653821799328	0.202743001529837	6.96639185861127	0.217719027435249	7.66611539224395	0.245950947714921	9.24341063662007	0.276558064803518	11.5409664970544	0.322678518461576	13.9468076937573	0.387026741519208	19.3481208758055	0.404276820710521	23.3029437286196	0.493187585419658	30.6683098264131	0.601564430740305	46.0173843301055	0.656232330040378	53.6754129869725	0.695280031718979	61.3387973813975	0.744102343955977	68.9971983017043	0.797636313144491	79.2997585400821	0.841835111719423	91.929521050654	0.991706469824081	114.95974006388	1.10405015293138	134.114283320756	1.11377668964316	153.26651087872	1.27654671150499	191.569593863705	1.39874589683165	229.864549662628	1.54428330546987	269.324587769727	1.60193662729571	307.789412292555	1.74587907617361	347.776291526071	1.82521752095717	384.708210281131	
0.0165329487058814	0.100778394868893	0.0305318827174698	0.198633803962865	0.0286880982531124	0.280601577602159	0.038557145157188	0.377173550125452	0.0408604520949033	0.504386804240224	0.0478911099901207	0.590424204952511	0.0570270310280722	0.660442684428782	0.0615353059783963	0.736378970298888	0.0640731178417482	0.819564572065301	0.0858875397901934	1.58162536299751	0.110081724833501	2.36572150352236	0.130126203350899	3.13072340031895	0.146525524417217	3.89020459564377	0.182463414523244	4.66893256195332	0.193166447358098	6.22317683632974	0.203039438156199	6.99653690627461	0.218283708878392	7.69909538568976	0.246425964415129	9.28400698571933	0.276991237075558	11.5907345104328	0.323212590407858	14.0062130326801	0.387700717889665	19.4318411833515	0.405003979968588	23.4028057182621	0.493818884730412	30.8013604257483	0.603397203864956	46.2183339298406	0.657245540243137	53.9070030979571	0.697062323117359	61.6057330450551	0.746197912292342	69.2964061536845	0.798878558234871	79.6329708402916	0.843155809741409	92.3285815790515	0.992845247845603	115.459055600028	1.106561131463	134.697723358428	1.11613884533564	153.933009984942	1.28024706248339	192.401063717668	1.40176401428385	230.865401007837	1.54652765080573	270.491616856676	1.60488021361521	309.121754853937	1.75007549368877	349.27686818934	1.83379384912711	386.370106907823	
0.0166834393239316	0.101085949582637	0.030555187133918	0.199784525708722	0.0290551457665919	0.282211310388263	0.0388469577197415	0.378062293753896	0.0409787604785896	0.505919819332888	0.0480407214178281	0.592702452692454	0.0571815772372553	0.663395326096036	0.0617996856522321	0.739211820605671	0.0641385643035774	0.822209877297529	0.0861690408429826	1.58832215406752	0.110125914724796	2.37629620519356	0.130393498591169	3.14305411062118	0.146831128476637	3.90598236346157	0.182708027029614	4.68981188176191	0.193451914186123	6.24933302959547	0.20341612344096	7.0268244462851	0.21875299572996	7.73105185567469	0.246913075319799	9.32416933851944	0.277559922288992	11.6405202189394	0.323716739591294	14.0669864844001	0.388069091001038	19.5156918760517	0.405778480262455	23.5021945960592	0.494479465326482	30.9349102139597	0.604413465322078	46.4171377624656	0.658551727825921	54.1396660924966	0.698428170007842	61.8739017797428	0.7477740682556	69.5965229764544	0.800337294357258	79.9658702161309	0.844363705833173	92.727887976597	0.994149474182052	115.959168348262	1.10834696616798	135.281655134396	1.11817563166388	154.601759166396	1.2843901839007	193.234068391161	1.40400671448515	231.866982509908	1.54898690090425	271.660553292167	1.60789044811991	310.456094170823	1.75352304960349	350.776371969054	1.84199295507568	388.03891767298	
0.0165717599058985	0.101475380643524	0.0303802103543878	0.198775015741534	0.0289788518530995	0.283448630577531	0.0390478376229426	0.379246557662762	0.0413141552684333	0.508007378784735	0.0482525867132009	0.59544589603632	0.0571410159591477	0.666556700425411	0.0620919902098996	0.742465454073212	0.06419264788491	0.824797149494583	0.0864300951800767	1.59484979368296	0.110319576479293	2.38599732633127	0.130719797016602	3.15652452686996	0.147272489335537	3.92161298231957	0.183097137583651	4.70953356766524	0.193825576016544	6.27574906184717	0.203961443345477	7.05787846473809	0.219341608871688	7.76345722311927	0.247392474611597	9.36414077020082	0.278564527356571	11.6898607552764	0.324091350599452	14.1271117356389	0.38859327021478	19.598991225814	0.406530979457422	23.6033157337628	0.494949405826681	31.0694695557941	0.605274146932919	46.616504113899	0.659629883584482	54.3743630954425	0.699554161884513	62.1418283705727	0.74916552005295	69.8974072089894	0.802237138391351	80.2987397896492	0.845700143433717	93.1287142925121	0.995772678963864	116.459549317384	1.10992640342773	135.860460911156	1.11998236798605	155.269986807234	1.28848672737302	194.069010215517	1.40702399843857	232.867073895932	1.55199679763008	272.825466414327	1.61094910042064	311.7882877206	1.75657526913675	352.277485074101	1.84572183792933	389.708294682236	
0.0163906240849845	0.100665391976555	0.0304489338318685	0.198208742539233	0.0286010107591481	0.285182811336756	0.038951234384207	0.381214558584771	0.0413919339254777	0.510112516949342	0.0484344988118538	0.597588054271511	0.0571793898719261	0.669352821699902	0.0623053554497583	0.746125609825263	0.0641934518694934	0.828125987256452	0.0866296634434777	1.60232924492444	0.110645095640936	2.39589169689402	0.131045557690557	3.17082498432395	0.147864454796182	3.93868505562397	0.183670019572393	4.72872020877486	0.194306756398757	6.30245706371214	0.204389644302027	7.08687379473768	0.219858878041588	7.79534896618834	0.247933461715347	9.40441674434964	0.279971822566511	11.7390876702647	0.32444207219107	14.1873887924501	0.389252284253575	19.6822682238355	0.407240458330529	23.7026301057575	0.495645609639379	31.2014901124106	0.606197986271628	46.8163920059494	0.660619042599967	54.6077227192348	0.700683829979527	62.4070988295459	0.750770187877736	70.1966225115499	0.803890651797697	80.6324587293152	0.84700045320669	93.5292947392792	0.998059322134332	116.960310266099	1.11140330436223	136.443722134903	1.12151152338716	155.935517338024	1.2918436025396	194.901895679726	1.41057980011435	233.866196706523	1.55506621261485	273.990915978264	1.61640675659984	313.118365305587	1.76097024557993	353.775170912236	1.84821262255733	391.375883552233	
0.0166943917472863	0.100701080546957	0.0307329308146201	0.198136128485693	0.0286898331178923	0.285990297074425	0.038763507706918	0.382648504243266	0.0413441288029048	0.512952759628711	0.0483996900193564	0.600067991546938	0.057153642399903	0.672169024616455	0.0624226576034272	0.748625977988701	0.0642856229120645	0.831826422707943	0.0868422535202687	1.6091935576346	0.110915817653528	2.40578699877931	0.131243943293605	3.18330982850496	0.148770398437094	3.95600579204397	0.184130019164643	4.74895738169876	0.194807320540375	6.32859509618852	0.204898480025853	7.1166980017893	0.22042953945752	7.82992012417731	0.248627586973322	9.44353601591572	0.281256827750094	11.7902182085051	0.324839846629446	14.2478008910283	0.38974752833714	19.7661543067919	0.407864828482024	23.8026541455203	0.496529826336433	31.3337621261104	0.606853832271021	47.0177513875978	0.661598709290532	54.8405086483483	0.701691919226475	62.6739823391417	0.752425104539863	70.4958452646906	0.805946879747058	80.9658200411295	0.848201018206525	93.9291524797626	1.00075664971644	117.458321950705	1.1129753744151	137.030261613956	1.12286507627492	156.601748223357	1.29422460627999	195.734617231169	1.41359536491615	234.865289714794	1.55927334586976	275.156961588621	1.62149071651585	314.451929762129	1.76569181582042	355.276552238172	1.85053135596214	393.040492190133	
0.0169496399975256	0.101624959773051	0.0307392744761521	0.198364142434576	0.0289919792813758	0.286324816485806	0.0389285333876602	0.383124584679264	0.0414933914153836	0.514171686198004	0.048350141571515	0.602151592878031	0.0573226457011622	0.673796161492345	0.062623430064016	0.750884667955505	0.0643373733382556	0.835007878679379	0.0870944768384097	1.61535565315686	0.111021908179298	2.41581175449632	0.13128730474436	3.19762146182931	0.149356510296693	3.97249672008941	0.184389176880755	4.76990375672953	0.195219581553045	6.3555545551367	0.205303523643614	7.14761930678172	0.220806974180464	7.86408196591418	0.249154255123418	9.48375611071271	0.282016163993705	11.8411587569493	0.325373155429635	14.3080164805525	0.390154154242794	19.8494648324245	0.408607238167662	23.9023522223975	0.497317534708165	31.4670530066584	0.60773882200357	47.217326355278	0.662611736581535	55.0739278767825	0.702563858207618	62.9404001874723	0.754514670263568	70.7959620874605	0.809369284970989	81.298019062426	0.850351158262285	94.3283843715057	1.00292863532847	117.957421420025	1.11453000585435	137.613835762072	1.12429689637118	157.267472469233	1.29603794823436	196.568709689378	1.41616560391031	235.865664222867	1.56443649216911	276.321666094534	1.6242123980485	315.784153114226	1.76900055756371	356.777218308404	1.85323459227823	394.702686840034	
0.0168120574332665	0.101839862446936	0.0305125312633185	0.198880720848732	0.0289383989081789	0.287800409723706	0.039275438940386	0.383791353403358	0.0415395802887368	0.516125251620792	0.0483648686161664	0.604947772360181	0.0575493317642558	0.676124817064244	0.0625937975071035	0.753898194833183	0.0645643455443884	0.839022577277214	0.087484810149156	1.6228497727282	0.111083455024687	2.42562090904755	0.13136694038003	3.21071539094519	0.149919678276639	3.98877903188805	0.184705536985428	4.78953417302488	0.195711008605275	6.38211401105807	0.205599147027462	7.17680183260991	0.221495078551491	7.89747174127336	0.249681811999725	9.52418389043398	0.282709760708644	11.8901109317911	0.326001786885463	14.3677012162345	0.390669954903195	19.9324214554956	0.409198800572171	24.0030356385118	0.49793368709912	31.6015061777243	0.608581493782818	47.4171658185568	0.664034332780916	55.3066579265443	0.703632436675497	63.2072054659756	0.757063141630585	71.095423259169	0.813193018889194	81.6300765226978	0.854855330637444	94.725016010744	1.00515994758854	118.456699703272	1.11611923534527	138.197037381176	1.12578414945078	157.933658651084	1.29772158437539	197.40383032766	1.4206101413544	236.863192609286	1.56758032899549	277.484135426374	1.62678611804667	317.11351544351	1.77169281090925	358.276394262588	1.85582614902421	396.372093651611	
0.0165779596649969	0.100868682222639	0.0304563870070904	0.198710303377587	0.0286618230733386	0.288694857702649	0.0395954691865404	0.384910250112122	0.0415836581186521	0.51872562054093	0.0484207498072331	0.607748841285615	0.0576945284813857	0.679349172079736	0.0626928686371575	0.7568098583091	0.0649160084558161	0.842137967556652	0.0878457032647626	1.6291600649481	0.111355243520954	2.43622005793517	0.13149536292398	3.22251990401775	0.15053254344246	4.00603783535978	0.184942416505073	4.81043631023547	0.196427556830916	6.40846112544252	0.206071242698449	7.20568121295446	0.222430974408305	7.9313197273175	0.250226262514606	9.56393180470807	0.283378695920253	11.9401145697697	0.326502908647703	14.4269165653611	0.391155760119755	20.0151992646408	0.40987356143927	24.1039220829378	0.498624908565949	31.7356017209385	0.609389624134822	47.6168115667493	0.667184368753389	55.5385684124793	0.704702935460681	63.4729974655658	0.759528897408306	71.3944001431617	0.81565412261456	81.9642052442772	0.858195930715489	95.1249333558694	1.00839601369213	118.956082294642	1.11766972786475	138.781073465268	1.12772244037803	158.600560088639	1.29909707764544	198.237192629004	1.42621329756543	237.861495856051	1.56993020674753	278.646306735004	1.62945933111933	318.448391202174	1.77441920308876	359.77524239124	1.85895905777491	398.039473905361	
0.0165749981727069	0.100925027235727	0.0306385329797628	0.198513721564104	0.0287988941232235	0.289047625214859	0.0395263519458721	0.387140418326434	0.0417483525075795	0.520240882297858	0.0485281213206515	0.609511194551385	0.057915061264199	0.681819737922202	0.0630317753745877	0.760157729975183	0.0651266668939162	0.8455812997821	0.0881090850642887	1.63515044787883	0.111510036088234	2.44580406526468	0.13167290352832	3.23654469000275	0.150892144414918	4.02299582165421	0.185121368263926	4.83081318153892	0.197853513580002	6.43478169713486	0.206554756032072	7.23634454160596	0.223436716731363	7.96474023632018	0.250696338647497	9.60391161829222	0.283874966781177	11.990995513572	0.326986954566839	14.4863600885077	0.391769977819084	20.0985135155636	0.410611549007408	24.2023665996891	0.499359069626438	31.8677638385797	0.610429693145228	47.8162822263061	0.671860990841584	55.7704863489945	0.705995490410482	63.7396686336247	0.761164012182124	71.6892792080208	0.817063816934409	82.2986692419675	0.859663093278581	95.5259086833893	1.01201740888616	119.456157789975	1.11961767106003	139.365094648199	1.13131979865712	159.265971410145	1.30051540955378	199.069631058399	1.42917659473395	238.860305742273	1.57215117992632	279.81968371632	1.63303386238441	319.783177553876	1.77759531655757	361.274328938461	1.86657354165112	399.70190697383	
0.0166913893837592	0.101166137907694	0.0307790614715829	0.19839812115502	0.0291710870775271	0.289225158572213	0.0394738666304916	0.389034117172816	0.0419316479112978	0.522192410452611	0.0486570841131986	0.611365748747662	0.0582039168578769	0.685456959856943	0.0631994607408937	0.763595532473107	0.0651715662318339	0.849061535662814	0.0882026933296768	1.64266854900532	0.111803785846076	2.45506932745817	0.132041489988315	3.25004979801579	0.150975330429781	4.03923948356783	0.185606703797123	4.85007572543477	0.19914132859293	6.46236141688827	0.206994630802801	7.2668360412506	0.22433850262522	7.99862733791059	0.251259440695599	9.64359061469906	0.284190095421254	12.0411304680274	0.327544241631743	14.5455353907655	0.392386959392784	20.1814738639248	0.411134792262314	24.3018467470941	0.500264395753781	32.0003990680663	0.611909060018628	48.015633676579	0.674703587932723	56.0049672851133	0.7090371690791	64.0046857728696	0.762308239241313	71.9863114905701	0.818211896540363	82.6322093677077	0.860820624303944	95.9263699208725	1.01669026489472	119.955383919159	1.12177316829259	139.947223383748	1.13569169747496	159.930324749256	1.30268619037743	199.903649010805	1.43130415716651	239.858206657705	1.57440983279841	280.989156593589	1.63778096180092	321.115669126862	1.78049154284792	362.775591055113	1.87447174790379	401.369287227581	
0.0166359595610874	0.10067259517425	0.0306799270421492	0.198393188055992	0.0292529837781621	0.291077122527702	0.0396242362682825	0.390551474405438	0.0421635723582971	0.524433172460705	0.0490601951871687	0.613864021435407	0.0584183437705504	0.687595334594354	0.063357384714454	0.766876581747635	0.0654691286846149	0.852032163496435	0.0883872747559902	1.64994974496315	0.112289550014678	2.46549804432273	0.132332969693937	3.26382568805454	0.151117159248715	4.0556791888741	0.186482866972546	4.86961533778341	0.199696153133294	6.48931854753012	0.207340913347255	7.29647025850603	0.2252215378553	8.03130092624391	0.251950365120113	9.68288590622339	0.284546407381426	12.0909785751435	0.328130324966627	14.6055125617219	0.393585582573774	20.2642367719095	0.41179366286286	24.4024742838566	0.502089259397428	32.1326505926704	0.613424257682994	48.2159276252527	0.676185989872856	56.2399064319171	0.71265607053497	64.2704926736204	0.763853918453216	72.2910625742511	0.819262684054839	82.9655110748801	0.862107536911426	96.3267715537137	1.01982056498605	120.455139039542	1.1258637034249	140.528472950828	1.13831653918461	160.598403378489	1.30555962440531	200.736981509828	1.433297426341	240.862082938491	1.57770123005608	282.153950506465	1.64210587090035	322.450008443748	1.78347432014677	364.275363055716	1.87804195671413	403.038336411306	
0.0166664196177511	0.100752754395479	0.030558306086664	0.198153576231223	0.0290681524867217	0.293115787546704	0.0394198653897097	0.392444649382897	0.0422536568483063	0.526261766041448	0.0492298081583796	0.616215669032274	0.0585625464667226	0.689391215471217	0.0633040782694183	0.770160366782097	0.0658227842800209	0.85568434479932	0.0888795624172428	1.65653442808357	0.112559534911642	2.47594329216221	0.132631776673065	3.27708841937905	0.151418971311847	4.07299713132652	0.187385125733816	4.88967881905538	0.200264704704876	6.51542957165312	0.207859787366402	7.32595592981786	0.225660574173771	8.06562947471372	0.252707394468983	9.72278935136005	0.285128530552281	12.1405351783075	0.328671989502753	14.6662990519573	0.396313443855183	20.3454983879753	0.412918315823826	24.5018911013296	0.50579218477053	32.2630767251149	0.615114096211935	48.4160427600005	0.677154177611025	56.4737950469066	0.714967616698073	64.5381398676911	0.766473015247587	72.5936753414025	0.820399345803159	83.2995429389163	0.86338142961473	96.7277692329744	1.02124677326734	120.956428979454	1.13339271292606	141.108426116947	1.1399788834058	161.264455449896	1.30811167573495	201.569077212531	1.43529772683216	241.86385815565	1.58275204481877	283.318744419341	1.6451315191313	323.78482459777	1.79012464798889	365.770456091926	1.88080023113279	404.704941804711	
0.0165959133392929	0.100957143311111	0.0307508205012333	0.198864466360194	0.0290310222737502	0.293798825311251	0.039280873833344	0.39310705253263	0.0421794800929644	0.529064872234918	0.0492193238788675	0.61874030978916	0.0587206986230453	0.692664173881263	0.0633122184391016	0.772886929905101	0.0664170564753661	0.858784019011058	0.0892213743863453	1.66266229750283	0.112677942405503	2.48558015204532	0.133081123791868	3.29016348921368	0.151671926812502	4.09002729511705	0.187871037589795	4.90999934534574	0.200506828507764	6.54300603177767	0.208508188384955	7.35620156031448	0.226132245906717	8.09874823521656	0.253303169594824	9.76315566379431	0.2855980407961	12.1907213555021	0.329550512824163	14.7259018312566	0.398464072477319	20.4260689627235	0.414376267115129	24.6016227058179	0.508778624287462	32.398364361168	0.617905287247996	48.614339953169	0.678116619781567	56.706022182502	0.716866096417427	64.8050718060585	0.76856983159695	72.8940454839006	0.82174696697849	83.6317345096325	0.864581917873583	97.1283943832229	1.02249997178787	121.457502852539	1.13794856662015	141.693102950939	1.14163520389076	161.927080254391	1.31096810801517	202.399623194544	1.43732585780886	242.864724402018	1.58881036215662	284.485713901648	1.64731013695817	325.118001624139	1.80012120652285	367.263552372631	1.88332324917861	406.373067116486	
0.0165290566273413	0.101045655331283	0.030990892552495	0.19920997246705	0.0293449688792712	0.29436323586849	0.0395508870832709	0.394173824283522	0.042082243115409	0.530549051102395	0.0493695839058107	0.621353775432381	0.0591149709655475	0.694874027622881	0.0636125458547364	0.775492770345104	0.066686628566517	0.861988641630437	0.0895106820003437	1.66860052637185	0.112889795800312	2.49526381088557	0.133703779430987	3.30274076715583	0.151958080639368	4.1070397637795	0.188135803427786	4.92943418390972	0.200816370216489	6.56942951460961	0.209280809377627	7.38570772072198	0.226752379145924	8.13200203748631	0.253903981493605	9.8031764555698	0.286020783588234	12.2401922769934	0.330678234434858	14.7855372068444	0.399198737875233	20.5099867106459	0.416127528027056	24.701378524692	0.509986955464338	32.5341139331962	0.620811978654503	48.8149654526635	0.679154662647281	56.9393967074547	0.718259424975326	65.0735460145362	0.770219151219935	73.1946689461271	0.823329161046491	83.9646934901137	0.865865580939432	97.5294591177058	1.02363316394613	121.958107339069	1.13967930028551	142.280074563646	1.1434577490819	162.596380778784	1.31612502668307	203.230973839223	1.43930645936068	243.863400177795	1.59326021426846	285.652921802522	1.64928632962852	326.451804499248	1.80582155995793	368.763264768593	1.88609237196861	408.040328160952	
0.0166414172452659	0.100665435632298	0.0308845430404566	0.198596289127188	0.0293912311292025	0.295583035552656	0.0398183755060499	0.395477763137541	0.0421542213673886	0.531541084220224	0.0494658215480437	0.623041739311037	0.0593739605750457	0.697037839106902	0.0637885181875408	0.777915431284914	0.0666380333069577	0.865909043822072	0.0897249142636834	1.67495913094802	0.113459047225904	2.50528134885297	0.134111892589029	3.31660909095572	0.152155692517078	4.12271438762706	0.188415132217216	4.94875866075384	0.201353275030721	6.59595870254875	0.209999432121393	7.41632075795684	0.227135336402203	8.1655082281618	0.254563646759762	9.84356139445467	0.286472777490832	12.2904641358607	0.33173835938108	14.845839409364	0.399813861474941	20.595610641444	0.417477424668186	24.8016316697973	0.510856649489656	32.6660935116214	0.622395585620498	49.015561149837	0.680026467043619	57.1730543544567	0.719451530065125	65.3419978712732	0.771794600475248	73.495031638045	0.824836369485122	84.2971756334594	0.867213673326076	97.9274244108075	1.0246236034338	122.458331846006	1.14135843266144	142.864647089515	1.14502665551919	163.2645786173	1.32117748783238	204.065528233406	1.44410716232907	244.859945087623	1.59584195829768	286.820189308039	1.65129127270995	327.784594095444	1.808942597105	370.267417710378	1.88986681721239	409.704281147791	
0.0166334287312745	0.100969788924843	0.0307242864327109	0.198177950688073	0.0294659467419629	0.296486301991808	0.0399790517357339	0.396247355689755	0.0423306518468726	0.533929751887674	0.0494759838140371	0.626010970160863	0.0595514967177822	0.699738558029688	0.0639432593603739	0.781192173192739	0.0668689457613812	0.869174784482508	0.0899863679227939	1.68204102388435	0.114250866327578	2.51561041420679	0.134209043937277	3.32962362482589	0.15238302184757	4.13907399919572	0.188768230092988	4.96935672115825	0.201774835639837	6.62314540419434	0.210440950009994	7.44629723624218	0.227454890675545	8.1986716921461	0.255720640095188	9.88332793517937	0.286889576529893	12.3402554323025	0.332824696188772	14.9055027246277	0.400421497948352	20.6810725221218	0.418774695413707	24.9006368427118	0.511553797573223	32.8000400432308	0.62348881834784	49.2154490418874	0.68085357605586	57.405739700737	0.720554806422443	65.6074322430117	0.773103259197263	73.7962064432094	0.82602267530483	84.6281676607565	0.868501169575956	98.3265370932667	1.02590191872597	122.956075309723	1.14261399829537	143.44664171462	1.1465802376372	163.931405549052	1.32403725857808	204.899069348677	1.45273484764883	245.858203630906	1.59810399705702	287.987635627481	1.65335776761644	329.115774366308	1.81119199682706	371.770438163967	1.89418176334264	411.370171285493	
0.0165822089348482	0.101576982110822	0.0307467456069822	0.198686147199455	0.0295604209307178	0.297618906604066	0.0400716725489048	0.397723822042527	0.0422483099885919	0.536529364108256	0.0495412175414174	0.628509883132847	0.0597128427110052	0.702905462086587	0.0641741638869139	0.784537192683574	0.0672959010711046	0.871973059440351	0.0903196862154414	1.6889773976753	0.114780823294961	2.52521607478513	0.134392981551927	3.34334293702091	0.15269804901136	4.15611766716294	0.189044505375456	4.98965768967548	0.20206349925007	6.6491660900319	0.210888899880067	7.4756185291274	0.227710969322786	8.23221886101292	0.256884422789663	9.92341298820946	0.287649556617174	12.3915787543066	0.333783609394917	14.9661094696147	0.401001555393304	20.7649288027572	0.420273092397251	25.0006366680889	0.512307124836159	32.9338077609144	0.62444714286191	49.4160931678325	0.68172983851875	57.6402914173681	0.721605041383314	65.873499914071	0.774248737380647	74.0966436409298	0.827447039259119	84.9614544667684	0.870129270102395	98.7256646768864	1.02720462571732	123.455465351673	1.14432836079413	144.029068473379	1.14923841299423	164.598113271521	1.32623087362687	205.732118725651	1.45833090548798	246.859278493522	1.60211298563621	289.152429540357	1.65556834888818	330.447640090554	1.81314959776072	373.271968501508	1.89753154485701	413.037968771737	
0.0166850190318314	0.101205027899294	0.0308069729865699	0.198952592754631	0.0296170053518236	0.297935148810788	0.0400823840740304	0.399747935146992	0.0423176526355124	0.53886634337527	0.0496597335605615	0.630240280394293	0.0597195566416523	0.706251994976534	0.0642968354237385	0.787913411479176	0.067439903119646	0.87577541650126	0.0906837405600161	1.69550771484301	0.115182685156846	2.53565899431828	0.134770829773388	3.35745363750934	0.152869461647019	4.17230498406347	0.189246933480183	5.00946598857413	0.202398035206219	6.67575814224184	0.211329213984759	7.50626416265082	0.227967540529078	8.2653879129324	0.257576412556982	9.96342353543711	0.288566399450497	12.4408792437748	0.334512728653409	15.0259078266454	0.401511624773146	20.8483548123836	0.42125599395545	25.1010295115737	0.513046680279995	33.066595727296	0.625594927762631	49.6161561485186	0.682590057288424	57.8738447562467	0.722730295501166	66.1397091461548	0.775327992323873	74.3953821063547	0.829776066445868	85.2953075168788	0.871503348784179	99.1252467459009	1.02852493598013	123.956174146326	1.14634140140609	144.612404202928	1.15301753014321	165.264925302112	1.32839789875253	206.567313869735	1.46074630537492	247.861903076828	1.60740278713777	290.314779662914	1.65872377594816	331.780697907638	1.81530090914542	374.773618048332	1.90002008257034	414.705289420845	
0.0166958745059597	0.101789651065826	0.0309811778422941	0.198586393825303	0.0296721207308886	0.29929939079865	0.0399111971502003	0.399493393057907	0.0425582877134707	0.540402792719764	0.0497525392296218	0.632141924586013	0.0598182170468086	0.708723433933871	0.0643938486190253	0.790940791779492	0.067548915728217	0.879316712215372	0.0907734491420329	1.70336912473726	0.115490821287363	2.54657968230951	0.135311631541067	3.37002439619377	0.153111228526362	4.18980825969943	0.189552854139799	5.02889896449304	0.202967242216437	6.70213599026979	0.211874347680058	7.53690653654539	0.228538824190729	8.29828408735049	0.258174003971396	10.0038168562248	0.289392926133137	12.490667746249	0.335310303593395	15.0855441335557	0.402039427623337	20.9317975858156	0.422021071345761	25.2014242177036	0.513615842688467	33.200285213887	0.626607416757955	49.8163048108775	0.683502011699548	58.1061799252556	0.724027237606037	66.4057097619918	0.776253847652792	74.6956181384085	0.831806238940651	85.6300173837171	0.872727961004432	99.5256483787421	1.02991211198507	124.456704127054	1.14783549780334	145.196514792822	1.15577581101245	165.931022077001	1.33017931749517	207.402315298733	1.46258657950164	248.863231259171	1.61038536027946	291.480080215246	1.66566122471437	333.110328457811	1.81777722008362	376.272168153775	1.90225691674829	416.37034509356	
0.0167282013143286	0.101392187348114	0.0309158923726655	0.198878639924953	0.0297003797732591	0.300926062013275	0.0397936809291238	0.399133698834377	0.042597030374694	0.541785166393139	0.0497802893682322	0.634310159852054	0.0599436504614815	0.711765715394674	0.0645323751223699	0.792655181934948	0.0675826801937774	0.882732570426173	0.0908369968728653	1.70908558242874	0.115656063614098	2.55625798604522	0.135849188726406	3.3832086635951	0.153908361271529	4.20611804551271	0.189989407095366	5.04940761793454	0.203511247209896	6.7281492255271	0.212720247164534	7.56577101572946	0.229015874474537	8.33218702142391	0.258684559231008	10.0437305459093	0.290305818304819	12.540821327155	0.335826527050988	15.146082891998	0.402514995622805	21.0146294116675	0.422802317412778	25.3015674667503	0.514266943439339	33.3331365102006	0.627522659110343	50.0157605692738	0.684463568720739	58.3404373439671	0.725202472209362	66.6723362265692	0.777283928173143	74.9972474289677	0.833294160980921	85.9643696227038	0.874660298685252	99.9246642036581	1.03128256813623	124.956176125387	1.1492845980546	145.780386964148	1.15789970889479	166.597223160012	1.33164598524317	208.233427524844	1.46449751977197	249.862756401096	1.61258351685256	292.649702104119	1.67268024488188	334.442790228477	1.8215509729009	377.770241422083	1.90532966894649	418.034476894325	
0.0168560050402786	0.101194987078264	0.0307353622912305	0.198832466700126	0.0296332217035106	0.30175441519639	0.0401613202922815	0.399372408440445	0.0428590068841261	0.543638556436254	0.0499600956330331	0.63704702573055	0.0600310016245011	0.713642737746997	0.064854290947495	0.795381919680926	0.0676004063561515	0.885096150592961	0.0910685696291721	1.71484325114218	0.11590316533036	2.56588762817872	0.136284620998241	3.39673426070381	0.154645713226656	4.22224296380371	0.190495574300623	5.06953722310617	0.203930759546717	6.75535501928456	0.213279289117693	7.59602875341897	0.229099433591756	8.36516328957961	0.259290877364979	10.0832586680662	0.291063215101179	12.5906927173343	0.33619115168506	15.2060274666659	0.40294684324269	21.0981075753556	0.423708881951804	25.4013549505904	0.514925097244515	33.4659431030328	0.628503723972247	50.2163748928979	0.685752567173758	58.5721876424269	0.726226718770882	66.9390819004306	0.77859027949982	75.296485083269	0.834527554889214	86.2974180101479	0.878367794063746	100.323165938537	1.03291924458934	125.455990850411	1.1510262468846	146.362798821746	1.16005666475303	167.264810050949	1.33327977947952	209.066745122708	1.46625017816148	250.862579566231	1.6147199767974	293.817833876944	1.67590345489122	335.780139579781	1.82767057780065	379.265662283824	1.91187870186669	419.692141591438	
0.0167870987201655	0.101315949867854	0.0307362592101694	0.198958224345557	0.029488125004601	0.302077351283799	0.0401967911299821	0.399366966024408	0.0429660867800726	0.546043347625011	0.0499011370523959	0.640008747792474	0.0601839619048407	0.716538510532239	0.0650480818822609	0.799243764968463	0.0677005426718503	0.88872464137898	0.0914286663853938	1.72229592686091	0.116172577909229	2.57523484675488	0.136419652457488	3.41066172348437	0.155045812790478	4.23894017978963	0.190832832713488	5.08936833940682	0.204192877192235	6.78308188799777	0.213526610562031	7.62619848112937	0.229510926178893	8.39753326676803	0.259704315007667	10.1234629303801	0.29164038094091	12.6398004230387	0.336901162334673	15.2659180246271	0.403596049666036	21.1816900471671	0.424748514853069	25.5005948167827	0.515638846455698	33.5975874053471	0.629289139308391	50.4157971236831	0.690041699180077	58.8000114850985	0.727320505914475	67.2061852021436	0.780081265702004	75.5956482317678	0.835643307945095	86.631353016641	0.881968430651	100.723873045169	1.0372725733969	125.953615104844	1.15289018698951	146.945568307196	1.16221126044777	167.933261209194	1.33649670273027	209.898527901041	1.46818691535124	251.863341504476	1.61696520182565	294.985160987103	1.67813514702807	337.114627908273	1.83369038564223	380.758609552924	1.91984409572659	421.356124380598	
0.0165638661372456	0.100832280608424	0.0309731647995938	0.199136034189287	0.0294145618598715	0.303291824967244	0.0399711858638253	0.399872761469892	0.0429201658860547	0.548231198871848	0.0501560868930563	0.641642986002659	0.0603724768739272	0.718590330481983	0.065126394975854	0.802825747835621	0.0677774865815569	0.892356042547906	0.0916044992730108	1.7283867762096	0.116415947373546	2.58580722011975	0.136595923372298	3.4237409842704	0.155281040129323	4.25590049439038	0.191177423475569	5.10863553991532	0.204542386469652	6.81000735367359	0.214062928838031	7.65631931440692	0.230262015107086	8.43090255303154	0.260059506525672	10.1640518288992	0.292056887786243	12.6902399199616	0.337463309966284	15.3265098684536	0.404382198744808	21.2646354943678	0.425714370463619	25.6009168797552	0.516395635229288	33.7285723313098	0.630007397453723	50.6160389182951	0.694879151198197	59.0311620118488	0.728661083648574	67.4723869836471	0.782279394467414	75.8947070721431	0.838814715727504	86.9633210699499	0.883749339698766	101.122866518344	1.0425770563411	126.453012597374	1.15466863459224	147.528337792646	1.16405589279201	168.599968931662	1.34148894027185	210.73050439446	1.47110101188889	252.863030559166	1.62017556762792	296.150819167287	1.68028879547384	338.447387702148	1.83758255929748	382.25936503012	1.92392537674756	423.030359168172	
0.0166332036065967	0.100947298940926	0.0309855069119391	0.198496695824095	0.0296421809248358	0.303111672265273	0.0400019299920655	0.399385941720965	0.0431305344791086	0.550025508141942	0.0503767169699764	0.643140610839168	0.0603651302609218	0.721570620786857	0.0651752139914751	0.805762731642833	0.0679078676881644	0.895943613350247	0.0918387241566192	1.73490801298264	0.116409354261614	2.59716865649849	0.137028877863327	3.43703328508525	0.155470116246438	4.27280446397805	0.191563516983925	5.12896910472111	0.204956526681735	6.83636471260587	0.214824370010389	7.68621057668073	0.231006925178552	8.46466951401553	0.260486827932436	10.2041163928336	0.292367184302785	12.7409476377732	0.337888727284017	15.3856153215216	0.406111087513123	21.3470966538527	0.426449693939868	25.7009912109347	0.517103140428996	33.8635395924125	0.630909660507598	50.8156846664876	0.696652722463253	59.2693384357681	0.730709057396608	67.7382236867188	0.785966232567027	76.1928271394079	0.843264222235244	87.2949761988886	0.885051459520451	101.523536372074	1.04576818230901	126.953870403632	1.1563351443109	148.111807632639	1.16620089382694	169.264322270774	1.34555196506045	211.564120015533	1.47458463688568	253.860871869956	1.62297504325157	297.319010544754	1.68220082406406	339.781637612072	1.84061058658593	383.765931959904	1.92670169502892	424.698424875305	
0.0169331585928852	0.100456222756997	0.0306590099605314	0.19838022230014	0.02976222007258	0.303253204186062	0.0401194922088362	0.399285679029804	0.0431901319906832	0.552043160196352	0.0504822138649245	0.645459254693866	0.0604653388239703	0.724476638119933	0.0653816350893847	0.808378467384721	0.0678495313212303	0.899504408629838	0.0920144555300739	1.74201400388944	0.116554015223784	2.60575056078531	0.137258648367831	3.44944478761699	0.15561966659683	4.28933590455356	0.192149681119819	5.14948474308158	0.205194944062331	6.86235187083233	0.215481017902004	7.71584199996857	0.231792083370906	8.49840667267855	0.26108698080699	10.2439062166215	0.29309344860066	12.7906420766717	0.338460870789204	15.446292847021	0.40827385889946	21.4290213715601	0.427023794019866	25.8012201416542	0.517894466421412	33.9993077908913	0.631772973745002	51.0160195933526	0.697650115118285	59.5044899241089	0.733521466658819	68.0040082357288	0.788715096269503	76.4938007789058	0.845672731115876	87.6298201761713	0.886359901846638	101.924645810038	1.04754866857986	127.454862320335	1.15940940281986	148.696767588681	1.16926487220511	169.929346162107	1.34810077355398	212.396811764655	1.4796453227191	254.858742983067	1.62519660055588	298.486546271159	1.68406936082127	341.114248394342	1.84548377246905	385.265465541939	1.92978593985249	426.365864733697	
0.016721121293869	0.101706552357861	0.0307406702216502	0.19804910803676	0.0297462903063078	0.303389293690814	0.0402242443804187	0.399956609601455	0.0433011288460351	0.553931882287963	0.0504414221339555	0.648651420874401	0.0605968877014053	0.727755184465162	0.0654236061017382	0.811583381042391	0.0681589506163621	0.902140924505686	0.0921790042077563	1.74953385124567	0.11680045018584	2.6152265347013	0.137480099356112	3.46319692893121	0.155984774782365	4.30579144234284	0.193081093071716	5.16905462341246	0.2056163354123	6.88895742721896	0.216207267703284	7.74521777522182	0.232586811933014	8.53193707773982	0.261389262896958	10.2838087304357	0.293864526746865	12.8401241740333	0.339058582870988	15.5059431237693	0.409596125490223	21.5122629793255	0.427772458409722	25.9020358055678	0.519079046538452	34.1315518649152	0.632779373569964	51.2156690668352	0.698613448660573	59.7391720258943	0.736726120844134	68.2695394650105	0.790393576347433	76.7938579970337	0.847163007490142	87.9656401794659	0.887343770047473	102.324600408065	1.04889898471732	127.95564562079	1.16276571197543	149.280654661167	1.17201891878715	170.596858547242	1.35017781804665	213.226866008372	1.48566950196243	255.857776386696	1.62813647214997	299.651399788677	1.6859410611765	342.44250803775	1.85178896074395	386.764969321654	1.93221445985605	428.033095975843	
0.016419640060508	0.101543941988865	0.0306978466518666	0.198822294911865	0.0297430759075508	0.303700966596371	0.0400817202476707	0.39956498847743	0.0433691055803391	0.556285567152865	0.0505792091002346	0.650939971369836	0.0606824058062251	0.72977289472723	0.0653773468029299	0.814881543368416	0.0682565193484748	0.906434146747764	0.0923980858386486	1.75742098892483	0.117105678514814	2.62566666026686	0.137683577532873	3.47705198138505	0.156245455912297	4.32287236321128	0.193671405207774	5.18901752185116	0.205983384919363	6.91555832699294	0.21676209866104	7.77438446856699	0.233186447175576	8.56553453802328	0.261672412163659	10.3240455890382	0.294475200466968	12.8906661164345	0.339903540197495	15.5646928116307	0.410390989032927	21.5967395207662	0.428577755236184	26.0026875567161	0.521983114682917	34.2629130451802	0.63401502044959	51.4147746479601	0.699505001039112	59.9731649490072	0.738536634648983	68.538468158883	0.791874895136049	77.0941983372109	0.848015789785711	88.2985693576261	0.888419295171718	102.724301686363	1.05025917776062	128.455430543494	1.16475845733968	149.862306559581	1.17506319103733	171.263402356944	1.35228319720799	214.060064396951	1.48916967842988	256.858359511015	1.63136413325278	300.816908957256	1.68786416761595	343.77511882002	1.85576326485599	388.267512938107	1.9344475189645	429.699522555322	
0.0167094309057859	0.100376121743427	0.0307344612744724	0.198747687246033	0.029837272765907	0.303059401788256	0.039983435794152	0.400155243234888	0.0434273216262105	0.558475455667738	0.0509016155460937	0.653307975318643	0.0608165665283524	0.731944098583837	0.0655151092754246	0.817415031689341	0.0682143909600607	0.909350466836332	0.0926094683916917	1.762718118647	0.117272935888912	2.63565812120341	0.137819544959668	3.49071471573635	0.156365265061181	4.33895630331094	0.194035410780132	5.20967798086511	0.206228793235047	6.94212197386571	0.21706583597165	7.80428225009852	0.233556947215316	8.5985573723055	0.26215341918307	10.3638559019218	0.295015716117757	12.940204093148	0.34077157266484	15.6246122405903	0.411054054819696	21.6804263007011	0.429534008681047	26.1012605959766	0.525452017912593	34.3961592222467	0.636183687451126	51.6150946736646	0.700368240114097	60.2060738126947	0.7394136855055	68.8060631988921	0.793101952785406	77.3951123720668	0.848858720507404	88.6322435938107	0.889524416871806	103.123622985069	1.05162683092187	128.955647599851	1.16645322695928	150.445120748513	1.17760857713013	171.930229288697	1.35411634240982	214.896213215307	1.49108539889378	257.860104925852	1.63661515903989	301.980480974972	1.69030356008338	345.11079924135	1.85840546321026	389.767016717822	1.93762305598519	431.363535146803	
0.0166684249568027	0.101162994694154	0.0309145450734046	0.198709211983996	0.0299165747756507	0.303573433617367	0.0401051421577394	0.39954077409164	0.0437099957583717	0.560262663603537	0.0510200858198363	0.65549582656548	0.0609835896748297	0.73518288909855	0.0658513019817052	0.820618373740241	0.068364843703838	0.912310500876171	0.0926932172571869	1.76878580134774	0.117393377894777	2.6454134918785	0.13798397181453	3.50400026446286	0.156649603437665	4.35593338171724	0.194296500315384	5.22949605865033	0.206655402631164	6.96884301424611	0.217647406824583	7.83435092931437	0.233807374303213	8.63177671564162	0.262628033103726	10.4039325730492	0.295706008249898	12.9903697812469	0.341675073004205	15.6845558839357	0.411729650931827	21.7638653488429	0.430416948523245	26.2008264250544	0.526888104869677	34.5326352258486	0.639646260798402	51.8139134074501	0.701361741953698	60.4392061937896	0.740481194905283	69.0721904745932	0.794595146414181	77.6949386222073	0.850090140323245	88.9645692749712	0.891191542224015	103.523585033676	1.05294316556358	129.45745908038	1.16785373182875	151.028367071098	1.17935494679343	172.597309540177	1.35653410916015	215.729650022454	1.49299655102254	258.862058956936	1.64197495166246	303.14777828281	1.69575248963617	346.441741093646	1.86088202027956	391.267652985733	1.94129232766885	433.024209878334	
0.0164241803009988	0.101616272280073	0.030706969128221	0.19854700179265	0.0297896709859793	0.303866218137856	0.0401485750322212	0.399495750468062	0.0437404628501561	0.562546208240371	0.0510284349346504	0.658406675134183	0.0611063381330796	0.737789893691716	0.0659212309107384	0.823913742098674	0.0686066465846354	0.915811342267869	0.0927103198379728	1.7751114603894	0.117734577341748	2.65539284562216	0.13829433364011	3.51767510600706	0.156953266574268	4.37293048355794	0.194473453674267	5.24939329885063	0.207323693481082	6.99573169268197	0.218044189654744	7.86375185027593	0.234182651052795	8.66478092347323	0.262989877504188	10.4439310130839	0.296670777941292	13.0401601463661	0.343059172749328	15.7451849806634	0.412251249686448	21.847958185401	0.430969565450668	26.2998818893857	0.527860078306184	34.6650022344465	0.642390777646002	52.012836449359	0.702702520882617	60.6715637145392	0.741564750233456	69.3392937763062	0.796702623994342	77.9955620844337	0.851314917873707	89.2973792438476	0.894135819553948	103.923606686925	1.05415710666926	129.95775064254	1.16957849242185	151.611404777437	1.18091175982662	173.263659634794	1.35931287676266	216.563772282983	1.49553018197885	259.860168488615	1.64473966383155	304.317996218103	1.70330821896744	347.773129980757	1.86308314350467	392.766858742237	1.94512095516468	434.692037166899	
0.0166775185192287	0.101176840840836	0.0304693429454142	0.198753915465455	0.0297698674591177	0.304086388604803	0.0400016214216115	0.400197909448311	0.0437921377024323	0.564209666694946	0.0512025232193432	0.661479923069121	0.0612183250861925	0.741146321883547	0.0659280229618881	0.826479070008606	0.0689789791267275	0.919140471068029	0.0930668399662538	1.78195062739124	0.117925679079655	2.66568302826033	0.138489274109233	3.53050523801621	0.157198332495039	4.38927565962737	0.194861864365581	5.269292401696	0.208648966206567	7.02162711563919	0.218378760331757	7.89454416709789	0.234746847573734	8.69806266541889	0.263440681077592	10.4833687969554	0.297176446373798	13.0902885815638	0.3443557928613	15.8052217562618	0.412823916862654	21.9306838404845	0.431516641777097	26.3997736813492	0.528561808135941	34.7986060393647	0.643787529402346	52.2152463628217	0.703839461984172	60.905031371745	0.742382724167344	69.6064864849821	0.798351924990877	78.2963718111662	0.852389012373045	89.6318059886367	0.898090613169423	104.320677910397	1.05542782773304	130.456403077046	1.17297817989969	152.193518611826	1.18281344420612	173.928281194794	1.36166286529591	217.397417706377	1.49799179298029	260.859976752589	1.6471775509734	305.482283491522	1.70760601783126	349.110270715815	1.86528244896857	394.261504743633	1.95050486032771	436.359447222971	
0.0166858930125856	0.101560167373574	0.0304467608991342	0.199474438961849	0.0297194279072855	0.303712346193539	0.0400587896975733	0.399223076693465	0.043663154251981	0.56710916477031	0.0512671166362587	0.663560730432623	0.0613522690459004	0.743211413179349	0.0662529331666317	0.828820589472956	0.0690375676026753	0.922153532284441	0.0933046549237725	1.78895091319084	0.118063344813918	2.67600510869516	0.138857755315227	3.54278914936129	0.157449763528321	4.4056343398735	0.195086728237824	5.28984296465136	0.209841799652021	7.04860054442532	0.218804968188141	7.92528060456802	0.235132481439457	8.73208760274379	0.263880099017124	10.5229760815274	0.297483827265688	13.1405939680422	0.345287030367701	15.865189613993	0.413281646711114	22.0145457090551	0.432525614939586	26.5009302093089	0.528970597597015	34.93304058398	0.644786679477672	52.41690749297	0.704806213582182	61.1396389677279	0.7432494253583	69.8729862896954	0.799605237901338	78.5962129624671	0.853359338663476	89.9648171231796	0.901468474963186	104.720870926992	1.05682922011519	130.955740964935	1.17584337532611	152.777271573868	1.18487921910209	174.589088057709	1.36407528534662	218.229751827648	1.50048337260348	261.860232051378	1.65029282391515	306.648448311163	1.71001784952416	350.444162997887	1.86781444945203	395.762498639396	1.95521527274146	438.026976488326	
0.0163362103905402	0.101379250696091	0.0307779112547309	0.19853160586707	0.0296894597220926	0.303260945804596	0.0401613365933374	0.3992093978938	0.043807841678272	0.568605218000049	0.0512834827824529	0.665882051839595	0.0613938328083537	0.745941352346525	0.0664731353677641	0.832323235302057	0.0690881720451666	0.925426141448538	0.0934124361434494	1.79571115060824	0.118257220414631	2.6858415044304	0.139081282399065	3.55624396595769	0.157658432664291	4.42214948230473	0.195289601962942	5.30974253315799	0.210473540942402	7.07491319987615	0.219285335496637	7.95557186986863	0.235257853284941	8.76530415211233	0.264299751279326	10.5624250412692	0.29778505938257	13.1909962120639	0.345879658924149	15.9256529353103	0.413832485828158	22.0972732267837	0.434061260227804	26.6013398165993	0.529768105388557	35.0661079471207	0.64560363530726	52.6169741989462	0.705830100047865	61.37360581381	0.744412638959118	70.1393147310632	0.80101418840008	78.8949141749908	0.854218547771677	90.2971428043402	0.903244683800528	105.121391769117	1.05888035320017	131.453737748379	1.17802972236292	153.360130466281	1.18661370572959	175.256764355609	1.36653075142368	219.063635669609	1.50366679878283	262.858729013229	1.6555140616465	307.814315107594	1.71242073528163	351.77656516391	1.87061775231049	397.265310476738	1.95922076119444	439.695161404743	
0.0164752333564877	0.10040275174703	0.0308449405516695	0.19899098070518	0.0297158017271621	0.303594359270472	0.0400922090324532	0.399269031639573	0.0441008302690919	0.569565993605452	0.0512806038315351	0.66738671980274	0.0612932973598054	0.748577926430031	0.0665930561327632	0.835922331220711	0.0693352209059697	0.928763128282548	0.0935322489477853	1.80266358971284	0.118363496218297	2.69628721793115	0.139121321347797	3.5696745681683	0.157890676438502	4.43938686535826	0.195693933142228	5.32959832950569	0.210926282245947	7.10179489339304	0.219821367725638	7.98627943634032	0.235768922410525	8.79780544577753	0.26465579352558	10.6036016043049	0.298423288623971	13.2411050894885	0.346378952756285	15.9849576913999	0.414208125956467	22.1812133264469	0.436099976414249	26.7005461551805	0.530580629155943	35.1990821780083	0.646316343221143	52.8158748891144	0.706811019835869	61.6052294524056	0.745910871587317	70.404667146419	0.802627212426465	79.1946957216498	0.855566314364297	90.6301539388831	0.904497452358646	105.522173381551	1.06124183285743	131.954193223304	1.18037155574121	153.943361887706	1.18804949364419	175.928285152914	1.37085346079215	219.897012872114	1.50642180527284	263.857702812216	1.66015368049482	308.980152101704	1.71507631751569	353.11039784134	1.87699113007453	398.760492919911	1.96323746458733	441.360336286741	
0.0166788745067107	0.101259386576048	0.030638191887233	0.199650910029441	0.0295470025397945	0.30447355684298	0.0401794678082748	0.399796189295597	0.0441861406860666	0.571386845567662	0.0516981003264881	0.669276198593907	0.0612580825164858	0.750570898437386	0.066665819512957	0.838158029162546	0.0696314058395269	0.931866527784407	0.0937615801561688	1.80809937007672	0.11855925411507	2.70549054717636	0.139450150150478	3.58285231631191	0.158172354550253	4.45568175001106	0.195993679182634	5.34938660496994	0.211231877064888	7.12903374910033	0.220134857098305	8.01642727797125	0.236305877210578	8.83065598539162	0.265143997526468	10.6442016786943	0.299940636697791	13.2902919576079	0.346954295511685	16.045475029424	0.414720470190656	22.2646281602029	0.438189484978263	26.801145752267	0.53107983423295	35.3320340571553	0.647226816314271	53.0152747681589	0.70823891082238	61.8373075763961	0.748567084819859	70.6703548378858	0.804685721088814	79.4938812218893	0.857520788561303	90.9646924423759	0.905831174886122	105.922865587021	1.06492344767197	132.452339018354	1.18218447175549	154.527055245107	1.18967624687251	176.595544218321	1.37595676099576	220.7279462843	1.50874142009957	264.854113611599	1.66269802497258	310.148522293097	1.71943149922055	354.442144356302	1.88620047501045	400.25859599054	1.96693297627877	443.026911877826	
0.0166159137928577	0.101041442552025	0.0304513554248182	0.199003917357204	0.0295857126862206	0.303907341848338	0.0401553359888404	0.400098287041389	0.044142928171235	0.573775746065744	0.0521712430340031	0.671769057969443	0.0614324236348859	0.753389546075582	0.0667764372763622	0.841563933863804	0.0697065082509225	0.935723017967394	0.0939290869850214	1.81559628361565	0.118782480640745	2.71512973536579	0.13976069068813	3.59701377387824	0.15841264427341	4.47204043025718	0.196386448530548	5.36890014028773	0.211670090807253	7.15567190177552	0.220598376216768	8.04694392332422	0.236758215196143	8.86384459508425	0.265666341199504	10.6844655456502	0.301310741103495	13.3408078229783	0.347396743261813	16.1070801521636	0.415738378237871	22.3469216816323	0.439350405596152	26.9016838820666	0.531604332549764	35.4644383186543	0.647924880670747	53.215091879697	0.710187263264492	62.0716283250397	0.751332834049711	70.9366236746116	0.806261395482628	79.794266265548	0.859614685290017	91.2988062627948	0.907060730336696	106.321583388728	1.06977817803443	132.951811016687	1.18373213893332	155.11205990463	1.19149863086917	177.261909214098	1.37879111953393	221.560950957792	1.51114219926397	265.852878794339	1.66477192349794	311.314716915058	1.7240576239205	355.774755138572	1.89192864429185	401.762093281265	1.97074885419553	444.690358225208	
0.0164370468781956	0.100279758965362	0.0305943625036201	0.199113551481327	0.0297249062784672	0.303498316634526	0.0399409515299225	0.399809111395706	0.0442208385551257	0.576837352469052	0.0523047362510464	0.673794102396438	0.0615912587562478	0.756654064375196	0.066749431933872	0.845590157577953	0.0697564514572948	0.938786778054054	0.0940050740859234	1.82197456238027	0.118912107224716	2.72626253206332	0.140320287473824	3.61035450346466	0.158713775426232	4.48934626551671	0.1968439609822	5.38899761483207	0.21205508011045	7.18250004424692	0.221110584128678	8.07715230091962	0.237049241775472	8.89806790410812	0.266276711267714	10.7244015870755	0.301975521469719	13.3914326530847	0.348031060735922	16.1667481240399	0.417060633280234	22.4302787733915	0.439918534411228	27.0002345695864	0.532343549978801	35.598332696202	0.648642404913514	53.4158514896358	0.712023149928537	62.3051071581159	0.753476666356766	71.2033917002137	0.807410479607331	80.0950238382188	0.862808441257785	91.6301186650423	0.907889186087753	106.722700277272	1.07306163410608	133.45250491018	1.18508531431539	155.695663855067	1.19400356530926	177.928527529603	1.38095915101184	222.395177526445	1.51451576523269	266.855369267201	1.66674900852103	312.480434699884	1.72690415831915	357.109005048496	1.89512226938996	403.263415002558	1.97540979276329	446.352403863504	
0.0163763924733826	0.0997360921622952	0.0306821288124116	0.199112852989429	0.0296728002529391	0.303872853810884	0.0397804499406831	0.399566851122491	0.0445772811828231	0.577630315396013	0.0524236315047431	0.676279627607048	0.0618020200356452	0.759068983696471	0.0668603395743405	0.84837102844601	0.0700989779137982	0.94231724714375	0.094178615273896	1.82824504056201	0.119072762915817	2.73633245692306	0.140901040372351	3.62359162341959	0.158888298743326	4.50625908266841	0.197148428784416	5.40931674413863	0.212472601916976	7.20914751014741	0.22163355944216	8.10655229055866	0.237701685266606	8.93108980706781	0.267703764980903	10.7624898846004	0.30244077205653	13.4410144019571	0.348827518365303	16.2261888532189	0.418464815116596	22.512913158867	0.440415325019941	27.1004877146917	0.53304452839713	35.7326294050828	0.649458685327596	53.6158511403899	0.713349285300048	62.5383811002353	0.755352410198635	71.4703087374206	0.808595147274319	80.3946489226927	0.865739515809701	91.9620792677709	0.908855460833856	107.123511692027	1.07466843967101	133.953169001352	1.18661512985549	156.27728595116	1.19743841189066	178.595607781083	1.38370428519168	223.229120973049	1.51880955033525	267.855207333496	1.66851621361602	313.648566472709	1.7291509942093	358.442122470222	1.89757470994845	404.764200282074	1.97987034920521	448.021929884365	
0.0163053885259701	0.100369697073159	0.0305529657447631	0.199261049687076	0.0298003508606918	0.303933098737068	0.0398471198489714	0.399072639000979	0.0445897613069847	0.580158332197071	0.0525686619254958	0.678893209665585	0.0621682614283144	0.761918714224118	0.0670874356871225	0.851146660624833	0.0702678012777126	0.945743757355993	0.0943484721148288	1.83497920094855	0.119380029854614	2.74685011508927	0.141120966381031	3.63667740346333	0.159207679115479	4.52297166547608	0.197259646564013	5.42945985348696	0.212990827491139	7.23602268440659	0.222082624154834	8.13609384122231	0.238689710231196	8.96433243346719	0.269277406821707	10.80125711625	0.302896685514595	13.4907442311118	0.349570517103787	16.2858903527064	0.419577923816191	22.595895858969	0.44095210396584	27.2010351577166	0.533618996023545	35.8655626577791	0.650194929462662	53.8158582417242	0.714500992652028	62.7719791425954	0.75667470823879	71.730587307631	0.809811461605525	80.6938567746729	0.868271614511224	92.2956640969926	0.910129149874378	107.521998525746	1.07574412715085	134.453564871635	1.18958150718184	156.858759035648	1.19992472553118	179.261987678021	1.38663500397488	224.062587582517	1.52345217732077	268.854538760334	1.67027221990044	314.814999513238	1.7316324797331	359.775239891949	1.89965829378001	406.265551805689	1.98315772304399	449.690800254164	
0.0163029728636537	0.0995152159274925	0.0303465774366824	0.198591152301356	0.0296305696285933	0.303264059914307	0.03999631087185	0.398733724911408	0.0445300094083156	0.581958287610005	0.0528335798339332	0.680891187531541	0.0624763339669715	0.764380374294887	0.0672788725440064	0.853538180467533	0.0702916094974723	0.948677656157322	0.0945976145334823	1.84239171338316	0.119402892674266	2.7569642777692	0.141414772070609	3.64993082156253	0.159450884742685	4.53972988308774	0.197605211538984	5.45035360879477	0.213386791080489	7.2622473298783	0.22234749374506	8.16585984061579	0.239518819902099	8.99738600139291	0.270163046038434	10.841996889019	0.303345101694947	13.540413524302	0.350240123877543	16.3450945259627	0.420342997868311	22.6804077906658	0.441594262163187	27.3005302062821	0.534056523229707	35.9991105833455	0.651089988829537	54.0147812836331	0.71575235672933	63.0049066327335	0.757596590935631	71.9932426129389	0.810860671316985	80.9951880420224	0.871197578808847	92.6287050338565	0.911295902506654	107.921193164587	1.07703565930446	134.953290189696	1.19346497580678	157.441573224579	1.20161014712838	179.929187138785	1.38885274000485	224.895443244405	1.52929780476752	269.851933036309	1.67243735399851	315.978333112387	1.73470292566267	361.107731464935	1.90172319720736	407.767260957155	1.98548934311854	451.358418926482	
0.0165596505536236	0.0997871184506198	0.0304953676503383	0.19771285694755	0.0296683350675903	0.303049972147636	0.0400099116943057	0.399149705940368	0.0446844155029281	0.584038338273951	0.0529312421115793	0.68424895449951	0.0626249867785292	0.767149836461946	0.0673556773635975	0.856286746085317	0.0703310301091418	0.952375472264196	0.0946394469679427	1.84925614250865	0.119710278054014	2.7662975265074	0.141825950377145	3.66270623837302	0.159679167805703	4.55564711645446	0.198081411146946	5.47002593460399	0.213786848420461	7.28846173080217	0.222861750907153	8.19603934721276	0.240383584958091	9.03086238974742	0.270675618883263	10.8821983573653	0.303776883741031	13.5904413766664	0.350813941886173	16.4049431744099	0.420648097581551	22.7648936453317	0.442108858512882	27.4000774089094	0.534835904084574	36.1315483724557	0.651753416763864	54.2153546290659	0.717146365443789	63.2392944365993	0.758826425416416	72.266388335229	0.811907239716127	81.2956475914835	0.872887180554686	92.9630647234234	0.912251126839717	108.321095608552	1.07825850970676	135.453164519362	1.19565254552461	158.025847727238	1.20326965408697	180.596326994907	1.3909833105746	225.726838592565	1.53402513274162	270.854632125418	1.6755371876201	317.139729560672	1.73837764737658	362.441057502909	1.90381312488818	409.264291144229	1.98766305261311	453.027170086997	
0.0165994778884188	0.0994177035481788	0.0308179480832641	0.198340990338547	0.0298884088480738	0.303289351141772	0.0399216737259253	0.399319526783017	0.044840643113161	0.58609312681426	0.0528088947215703	0.686726214222663	0.0626715594848401	0.769812545783961	0.0674540759594249	0.859102541548263	0.0705005263332452	0.955894590860554	0.0947271928429271	1.85628099193999	0.120021259829025	2.77604661075542	0.142073253605413	3.67714197042454	0.160043088645174	4.57260743105521	0.198977843641487	5.48923492745434	0.214318250212566	7.31545145773258	0.223310763745158	8.22609964452583	0.241377728895366	9.06430618181337	0.271276389803851	10.9226289310542	0.304149344075079	13.6402410550109	0.351461131184169	16.4654959026902	0.421250589079805	22.8472355955327	0.442641797624527	27.5003696695609	0.53658688506709	36.2636620613253	0.652559202226062	54.4157119076716	0.71887576510057	63.4712608018862	0.760217749465448	72.5367177381872	0.81333814189837	81.595384434661	0.874069577939499	93.2967613113487	0.913323209321324	108.721117261801	1.07912652131197	135.949850000684	1.19693065481104	158.609779503206	1.2050136755077	181.264152304412	1.39324011438178	226.555551731838	1.53635312129919	271.858255086476	1.67834933060449	318.3085765892	1.74131891227561	363.773876901426	1.90581087471904	410.764510179646	1.98962375978095	454.693179433983	
0.0164378232228759	0.0993375224990789	0.0309847611597507	0.199133007391063	0.029740352106245	0.303654138535391	0.0400951546282306	0.399371651740889	0.045020802666452	0.587570844631682	0.0528959704430269	0.689083915415978	0.0626901821383265	0.772306161859054	0.0677343051602719	0.862601694917875	0.0705472597945633	0.959223486830081	0.094818648175736	1.86259105132926	0.120051194818377	2.78592491600453	0.142375316878263	3.68967407922397	0.160226401956461	4.59029603987472	0.200278055509619	5.50880667043028	0.214626872461436	7.34197459207527	0.223651558354912	8.25604352652261	0.242085197095493	9.09732529080546	0.271669562784035	10.9631172467399	0.304545679762694	13.690029557485	0.35195083154975	16.525238380369	0.422112406467768	22.9306522919338	0.443174275097033	27.6007308480798	0.541154451807853	36.3946954160596	0.655928769550598	54.6123587973163	0.720759553718541	63.7032048154322	0.761369788228528	72.8033814556658	0.816234419607865	81.893325688	0.875011214913616	93.6301747772247	0.91459543726224	109.120572670952	1.08014877597795	136.450245870967	1.19803236682837	159.19326424436	1.20792404464831	181.928222521474	1.39563311019838	227.391134306095	1.53846154559994	272.856543432081	1.68280424454185	319.475188443655	1.74393097883478	365.10630886977	1.91093586073316	412.260795308696	1.99155579104352	456.359457001857	
0.0164954255970219	0.0985691814115153	0.0306775555077863	0.199371164024379	0.0296608340587673	0.303026747292034	0.0400471302810569	0.399856667052414	0.0451350164264002	0.589122835420903	0.0530772757006208	0.690473274008331	0.0629751894925652	0.775772253278837	0.0678775248512842	0.865132680309499	0.0705710629851809	0.962207677048051	0.0950967646422097	1.86902765416735	0.120271663523278	2.79585747079103	0.142713253689785	3.7027212093827	0.160490173520295	4.60603119968676	0.201086608562957	5.52914768581631	0.214889117372186	7.36842880855072	0.224060519432664	8.28644375655928	0.242385419297834	9.13054184017399	0.271991479141715	11.0044921814746	0.305014304633064	13.7399745221442	0.35251893802186	16.5853589749952	0.422625601709603	23.0146519962389	0.44368362415705	27.7004550019878	0.54443651845433	36.5295695449092	0.660125112395582	54.8108310791205	0.722451648577201	63.9376000698783	0.7623897005341	73.0702686905518	0.819091665171971	82.1927794091282	0.875934943887532	93.9653167777172	0.916684042498304	109.518970097707	1.08162458984954	136.953428258261	1.19966264130014	159.775288671786	1.21218905101634	182.592844081474	1.3980365950064	228.226418857142	1.54047156863896	273.856590114623	1.68909048865073	320.64117444937	1.74701227015545	366.439485896139	1.92071118555637	413.756156565795	1.99428863835349	458.02567496509	
0.0163848559575235	0.0992295109134266	0.0304004531366322	0.198709764956749	0.0294934309093909	0.303587985531904	0.03984817062822	0.399933530264999	0.04537370753728	0.591909061393509	0.0532137361317671	0.692384755294278	0.0632264441886646	0.777978148899701	0.0679397624528156	0.868034273860556	0.0706725682577562	0.965789019630969	0.095372381197325	1.87545226622786	0.12051254936274	2.80625498835083	0.143042646335525	3.71708173713989	0.160713635356253	4.62241223167361	0.201492045644147	5.54931314690536	0.215209558628426	7.39499618071361	0.224517971732508	8.31623769562866	0.242709217581964	9.16446619466562	0.272459772606778	11.0441087792719	0.305360092304691	13.790473623709	0.353069458676084	16.6462600179018	0.423044813819974	23.0971559965602	0.444133646755285	27.7999984793249	0.545338024436158	36.6640264412653	0.661868340655983	55.0136507744965	0.723568835363561	64.1707957809052	0.763226047032262	73.3379084340423	0.821154157036952	82.4930601446635	0.876930062849346	94.2982385052972	0.919716759116547	109.916808730945	1.08283018965478	137.453004564717	1.20160202923235	160.358460488569	1.21489712937281	183.260743896782	1.40022555678343	229.060526216511	1.54229241081906	274.856696401806	1.69290360208252	321.809306222195	1.75042271336045	367.768967434707	1.92689292868262	415.257746507977	2.00018541631131	459.68935973104	
0.0161301231033816	0.0976991442692087	0.0306856578017496	0.197929011086085	0.0296246017629959	0.303825560088639	0.0399241433169127	0.399634721251892	0.0455428962794159	0.593955526238703	0.0532800598994634	0.695351948876068	0.063399208266531	0.780651044561891	0.0681415841792538	0.871168989082499	0.0708237285534888	0.968494744412356	0.0954217809100311	1.88167722602092	0.120728476764133	2.81612584301969	0.143254876750082	3.72981640858967	0.161183100981028	4.6389385499752	0.201753904937881	5.5682548501895	0.215576764356119	7.4223086109008	0.224861515222339	8.34597761799129	0.243246097224285	9.19806831156173	0.272831194175649	11.0838324791602	0.305588110842953	13.8408684171504	0.353762866670131	16.7061943480218	0.423551239633065	23.1806378855384	0.444608533495178	27.901011583615	0.54622681276582	36.7983306007263	0.662826431835912	55.2143545050836	0.72449519528604	64.4045949889318	0.764186893591076	73.6042815788915	0.822760605108126	82.7926628773966	0.877840414643373	94.6307280992231	0.921835247161718	110.314237582269	1.08400115415546	137.953325929198	1.20329580889098	160.942079340167	1.21681769111379	183.927585729694	1.402370030806	229.893858715535	1.54408925271741	275.855789410077	1.69569034478031	322.977497599662	1.75415279030974	369.098985415053	1.92976627753445	416.760409333714	2.00694347681318	461.353133903953	
0.0162270663228781	0.0968788091910038	0.030873391963086	0.198693961577561	0.0297053173894449	0.303845845457503	0.0399768794549232	0.399780269501093	0.0454422490692491	0.595435979816058	0.0533622892714321	0.698424672942083	0.0635207639479419	0.783817133711576	0.0682220265876698	0.873921454613379	0.0710342218477245	0.971315778564535	0.0954121000795922	1.88753605964422	0.121137077911927	2.82511426959102	0.143293333955101	3.74314829061207	0.162101699837661	4.65476265108889	0.201893725048263	5.58886548344807	0.215964289694348	7.4487875074233	0.225089528484101	8.37596154685687	0.243651377147685	9.23117403354915	0.273066526797573	11.124751065855	0.305995811302815	13.8906960351708	0.35441717738151	16.7660187820833	0.423982848889667	23.2642259452851	0.445353894568256	28.0007543639737	0.547079067694392	36.9318971527433	0.663777343543229	55.4140933855291	0.725532450977538	64.6390200456988	0.765534732381646	73.8706323719999	0.824085455044855	83.0933608454255	0.878735694954731	94.9638658936302	0.923282983124568	110.716211287542	1.08535747588581	138.453170456543	1.20497539128198	161.522151715569	1.21855673564562	184.59515771947	1.40471096164512	230.727131609916	1.54577787964713	276.854733406743	1.69807966809474	324.145390953919	1.75717640199432	370.435977138506	1.9318082153445	418.259853508787	2.01245200063207	463.020365146098	
0.0161525000287745	0.0967560928957117	0.0305900569615117	0.198967974128297	0.0296303259567722	0.303427041357123	0.040141722750691	0.39980646294726	0.0454399492729188	0.59569657550159	0.0533857835714566	0.699950295662162	0.0636770228564344	0.78555893967402	0.0683842266560822	0.877642553783512	0.0712673224852867	0.975437055384441	0.0956221865313755	1.89442551806271	0.122236783532218	2.83521772206185	0.14354462430629	3.75636631845512	0.163685512300198	4.67140445338425	0.202263655281582	5.6093964886303	0.216340489329315	7.47483659859802	0.22556676192123	8.40575921121638	0.243973927977612	9.26393050958767	0.273453497972662	11.163592803307	0.306526947263416	13.940807706563	0.355044651666125	16.8259065460769	0.424458640910051	23.3470912987482	0.445933761132807	28.1001618682214	0.547863601271863	37.0628299246444	0.664954706765872	55.6139589258388	0.726548310315725	64.8714036434793	0.76734428515182	74.1378027289351	0.825153842376198	83.3939098018495	0.879711591593178	95.2980169669503	0.924758906717721	111.118252048036	1.08673131880025	138.952880873444	1.20875875711302	162.101002195811	1.2200635547823	185.261224692038	1.40678079004673	231.561134661162	1.54731107063738	277.848253380992	1.69999714843216	325.311436564276	1.75962909240356	371.77055487396	1.93373994757123	419.756317451762	2.01591085296558	464.688848085725	
0.0159121580001944	0.0968366231907605	0.0303238301243014	0.198690600085303	0.0295380144067237	0.303405417212121	0.0401344751722037	0.399522671509956	0.0455153627518796	0.59644239022545	0.0535340091416953	0.700170960894204	0.0637997539455182	0.788339635919102	0.0683517959463069	0.881352768121572	0.071460701932635	0.978866301356617	0.0959325221897104	1.90154082219481	0.123430286246469	2.84412978018569	0.143929131533654	3.7698253260029	0.16489115502833	4.68851936752505	0.202504507581779	5.62922434530209	0.216801442674457	7.50145239953249	0.226226171032945	8.43506327463479	0.244689088232836	9.29733611742988	0.273870176775079	11.2032177830071	0.307645481071311	13.9900029565852	0.355450241652974	16.8854702098299	0.424938077614773	23.4298895969891	0.446532967498335	28.1994389873148	0.548628277102032	37.1967988079945	0.665944089086355	55.815526923734	0.728002704184548	65.1044801452223	0.769116048312267	74.403155144291	0.826250812349586	83.692849432941	0.880518488364618	95.6305065608762	0.926798728817361	111.517901172273	1.08812935658758	139.453932394788	1.2135255346023	162.686468791309	1.22162809554024	185.927604588975	1.4089301664524	232.395465537938	1.54912137912258	278.8491047262	1.70157245014459	326.4795683371	1.76401031391678	373.101109296083	1.93613742628499	421.256476882538	2.01863725036612	466.355900513945	
0.01606086735686	0.0967668976922555	0.0304361629298779	0.19858850385291	0.0295941004218205	0.304158245958788	0.0400269590942365	0.399205963641969	0.045616785654798	0.59629995608596	0.0536658430329462	0.700599369258178	0.0639679679596234	0.791038433989169	0.0684741483421695	0.883372923105282	0.0716922643832779	0.982453290082375	0.0960639774546708	1.90802922984865	0.123976581289404	2.85406373195599	0.144040772934064	3.78345849086387	0.166474632651297	4.70396209206254	0.202709830216703	5.649645920087	0.217399061382459	7.52793036473246	0.226864546748128	8.46551752137822	0.245363258175838	9.33137223062514	0.274381131740879	11.243681884307	0.309558052650295	14.038709262279	0.356096140469663	16.9452853306661	0.425644843664557	23.5131312047545	0.447335636050995	28.2990886354204	0.549369991171156	37.3307378890236	0.666756294283133	56.0153514858523	0.730993565676258	65.3387934432857	0.771541272986776	74.6686118677702	0.827427873122193	83.9935101480686	0.882099409832705	95.9625491199875	0.930465100852935	111.916089982782	1.09226428807097	139.950468864505	1.21542046931465	163.273067875004	1.22288695071018	186.594938160184	1.41117200409202	233.228321199826	1.55172180306726	279.852310454765	1.70360060396179	327.643915215162	1.76918607021303	374.435299601365	1.93925010039398	422.757858208473	2.02170075562543	468.021552233079	
0.0161845886506665	0.0964667571789688	0.0308975056086331	0.198573602692424	0.0296982455311549	0.304078588778611	0.0399814097222584	0.399952331338581	0.045682733159446	0.596208570062666	0.0536304180599732	0.700146164431832	0.0641325305431216	0.793871749957217	0.0688292041286837	0.886665613911441	0.0718933686449955	0.985941442204598	0.0961444156372055	1.91537142743222	0.124226020808687	2.86532644814651	0.144387047111185	3.79726022510284	0.167882914452027	4.72058573356856	0.203197417973108	5.66912359948737	0.217831126722346	7.55466164966069	0.227614210450103	8.49494917598329	0.245804063713258	9.36392474702952	0.275083927839056	11.2824947507606	0.310914247959949	14.0896181457572	0.356571039194561	17.0052513257522	0.426383486118374	23.5982056552596	0.449383882746588	28.3984868264428	0.549910856667353	37.4631794034239	0.667759295051355	56.2148854753412	0.734155186902865	65.5708119626342	0.774409179438293	74.9364900298285	0.828303765847034	84.293150133703	0.885265577589751	96.2946214814198	0.935244650447863	112.314718377526	1.09963341401446	140.446692409852	1.21661665404225	163.857700005515	1.22422221807449	187.257577865839	1.4129988570748	234.059180106209	1.55981868918679	280.847111928816	1.70805587850726	328.806920988779	1.77276251583495	375.769132278795	1.94256297062623	424.258166650854	2.02434960580549	469.686458894188	
0.0159406736881492	0.0958968387220771	0.030979765593469	0.199066461485884	0.02954520575952	0.304251465523313	0.0400644697757627	0.399265713803058	0.0454728359291187	0.596521843678823	0.0536108368514522	0.700416888249882	0.0641131797961907	0.796385331259055	0.0688608998386725	0.890305396983141	0.0721251803670368	0.989309453720401	0.0962478814136508	1.9220850987231	0.124355736124418	2.87557192730322	0.1446707446417	3.80927707971233	0.168333357979059	4.73861287812786	0.203594712070271	5.68886437750257	0.218398724235438	7.58121831161448	0.228248965602202	8.52522926541353	0.246074648361562	9.39793105790381	0.275697273136564	11.3222370770995	0.311512078206204	14.141265568002	0.357078744176328	17.0645728456473	0.427201485393183	23.6809722885345	0.452513894658081	28.4963986267067	0.55049119130586	37.5965596909348	0.66847982171804	56.4151794240149	0.735537454887617	65.804372752093	0.776015589168118	75.2046438633558	0.82911464074544	84.5904059336596	0.888153313307481	96.6279604414934	0.938094119791385	112.716945402526	1.10315176287062	140.949502268134	1.21792788835981	164.442347037187	1.22569682763521	187.922869978062	1.41480308769085	234.893436477182	1.56959232889298	281.845459879062	1.71192608271733	329.972579168963	1.77586882124021	377.102279502843	1.94575521360089	425.759667186073	2.02664077843576	471.34927939283	
0.0158985026786354	0.0946918965426543	0.0306384784464597	0.199059054561385	0.0293322289830361	0.303527886124866	0.0402813474725304	0.399633615306388	0.045331193397963	0.596409153652647	0.0536565491757761	0.700314733809831	0.0641622474254634	0.799109915321682	0.0689429609119209	0.892787371526604	0.0722671655172124	0.992817163615761	0.0964568646876491	1.92863765121622	0.124630303140103	2.88567072316139	0.14508919664741	3.82207508109418	0.168456446975392	4.75600439506018	0.203743850496682	5.70951505762995	0.219084682524933	7.60878406152993	0.22857531171133	8.55641273769825	0.246544978576722	9.43082257570925	0.27638893010449	11.3633018814316	0.311851866617931	14.1926401127453	0.358042082162976	17.1241327841101	0.428039775500661	23.7631931668066	0.454332107683587	28.597385653966	0.551065771194479	37.7306440582787	0.669067165152579	56.6148959527197	0.736575002027784	66.0381570589591	0.776982094736858	75.4712703279332	0.830033275251023	84.8900906227754	0.891132418970299	96.9616421282583	0.939901823915192	113.116289052973	1.10460633176666	141.451403155626	1.21909684636082	165.026398022438	1.22834245659283	188.592259909417	1.41680921719051	235.727782255119	1.57380104819043	282.850125921354	1.71463569717921	331.138982407172	1.77869806033833	378.436678424371	1.94875254877547	427.259379582034	2.02925726406778	473.014960914285	
0.0159455580610648	0.0948015815984783	0.0303553388902037	0.199652350668981	0.0293738701820548	0.303209723065425	0.0401339524790482	0.400202129503527	0.04548830882928	0.596406941761637	0.0537764144164922	0.699921599286694	0.0643842192821024	0.800832163510987	0.0691600547424627	0.895541408664254	0.072214107627621	0.995889130982219	0.0968645500164796	1.93541558376169	0.124705846570566	2.89648570604543	0.145602125205108	3.83598205477908	0.16886019941919	4.77255259944124	0.203939028720809	5.72906258622009	0.219751620168967	7.63556237824595	0.228738476443636	8.58686698444168	0.247094217422613	9.46361444200393	0.276858694765275	11.4041226792607	0.312474266221879	14.2418837915392	0.359770011325637	17.1843576868597	0.429567245837224	23.8453078743102	0.455110706608786	28.6989892167403	0.552085431263129	37.8636294650367	0.66984185555546	56.8147018883874	0.737471678816719	66.2709280869122	0.777945642957695	75.7379116936711	0.831153098337943	85.1924202678775	0.893274596535332	97.297253515306	0.941144224312263	113.518434121591	1.10579990697507	141.952991118748	1.22039835339823	165.608273438259	1.23346566062112	189.255987399788	1.41968186987368	236.559833254341	1.57579760043417	283.853003824389	1.71845029108212	332.305951889479	1.78196326926478	379.767858695235	1.9517068200423	428.75772107123	2.03237777543069	474.683533260874	
0.0157258731659634	0.0952208222562947	0.0307440501266144	0.198356109777752	0.0295271211630984	0.303198488987402	0.039926035854612	0.398899238387354	0.0453957443087365	0.596641285793344	0.0538038502104513	0.700685807630529	0.0645095949867917	0.80217780815207	0.0693779674063677	0.896928322534964	0.0723784631286341	0.998519535053961	0.0971310736268981	1.9418201723878	0.124871353104785	2.90579567172038	0.146097405904284	3.84901614642238	0.169256665940205	4.78920045533304	0.204294163413608	5.74975610718387	0.22023282052805	7.66207061142816	0.229047016867083	8.61648210958523	0.24762520490713	9.49702098116866	0.277244004661702	11.4436610459654	0.313097773357546	14.2914208369301	0.361664333874453	17.2450240364886	0.431494503674714	23.9290505335969	0.455646818521083	28.7993857855153	0.553704902716584	37.9966185970848	0.670599659211554	57.0151187716351	0.738259099267047	66.5048688559634	0.778840259701794	76.0049255884212	0.832645323612426	85.4928351138571	0.894583920716392	97.6327009895884	0.942348815728097	113.918954963716	1.10693366055494	142.454802599278	1.22173704839061	166.191162132993	1.23725329429015	189.9240362267	1.42557305177122	237.388173864601	1.57753782716321	284.854361809053	1.72161953292738	333.473577022847	1.78489152653273	381.094330199385	1.95639363401689	430.256509595241	2.03828044424245	476.347426643071	
0.0155606372296911	0.0945735603736379	0.0312026090356204	0.198894064954362	0.0293016834127688	0.304302862885458	0.0399510190134756	0.399178693354126	0.045283839771847	0.597008168662656	0.0537558024958116	0.701404497585692	0.0644891276131974	0.802215235676259	0.0695683475002552	0.89851878858622	0.072560752686506	1.00143457457405	0.097462661359217	1.94787225543616	0.125224842255377	2.9156597743009	0.146593937619974	3.86318249343199	0.16937900115897	4.80503480099457	0.204633024292114	5.76947872440973	0.220631823887353	7.68745613529999	0.229298896355452	8.64654613218843	0.247736643349045	9.53087362382544	0.277982193474166	11.4832497040868	0.313543294402343	14.3404829078305	0.362807657190131	17.3055301986424	0.432432182472873	24.0132812058895	0.456389215913263	28.8992067969665	0.554968246643692	38.1302112261327	0.671262850458979	57.2157852493209	0.739157850731273	66.7373567618672	0.779479623724578	76.2710603147026	0.835607082705439	85.7907987189368	0.895775858723937	97.9642145575025	0.94349781533225	114.318328416484	1.10806382296369	142.953872266277	1.22281643755455	166.77504920548	1.23945748277824	190.592234065217	1.43271400780407	238.219777829009	1.57929729931242	285.85425947999	1.72426547381927	334.640069668018	1.78763599609692	382.426046912026	1.96249276336486	431.752049666266	2.04481665535369	478.01507511771	
0.0156927451851664	0.0945350632837297	0.030961759043333	0.199506758764036	0.0290873481742495	0.30352148328247	0.0400978505422458	0.399697352692061	0.0454514547534533	0.596602344870043	0.0537135799448684	0.700714969667262	0.0644643418510644	0.802235550148953	0.0697547618945548	0.898838988913697	0.0724938556053579	1.00192677853136	0.0979170332077994	1.95617476296386	0.125459610845102	2.92583889672732	0.146843564806573	3.87711600980901	0.169442078499128	4.82227637499949	0.204888902859269	5.78911053768888	0.221064200093987	7.71335248957974	0.229674502420701	8.67625718355261	0.248034814717954	9.56413487667544	0.278751473434393	11.5234288206925	0.313809854948383	14.3897191360441	0.363493949917525	17.3661313556942	0.433138952434212	24.0964836981086	0.457106398669263	28.9987893898499	0.556096595054769	38.2631593799895	0.672193200801882	57.4142277288041	0.740033827574993	66.9702171967832	0.780160260977919	76.5382828256995	0.838914234464217	86.0909155417067	0.896797786172836	98.2973523519095	0.944559059873332	114.717590110548	1.10920273584072	143.451839247401	1.22424471628516	167.357952801375	1.24142572742607	191.259731549191	1.43627095243403	239.052857008304	1.58093665557581	286.854782999668	1.72666913447224	335.810108789385	1.79019501271185	383.766018867576	1.9667477223271	433.249288469587	2.04805126955893	479.684034894472	
0.0157384824340112	0.0941836636514857	0.0305516589318413	0.198686758379866	0.029273081745552	0.303828703302179	0.0401640163052496	0.399697119861428	0.0456496572381267	0.595002216347533	0.0535901675933168	0.700199424439038	0.0646247167891653	0.801470585105562	0.0696469995137796	0.898711572350009	0.0725061086265116	1.00217835202988	0.0981791884758635	1.96306177666071	0.125584616226821	2.93543524408035	0.146991182912915	3.89023252349625	0.169625867465959	4.83975590191093	0.20500351964904	5.80936959669223	0.221593115956213	7.7401904109377	0.230310249675817	8.70571118989841	0.248457635755755	9.59690718519698	0.279146359567906	11.5627017604761	0.314286617307976	14.4401437318065	0.364215122086963	17.4258198166662	0.433802902197446	24.1804256604168	0.457517729744614	29.0987128467794	0.557147290205561	38.3972959013951	0.67298948201823	57.614130522015	0.740873271893645	67.204605000649	0.781281207661914	76.8043653979192	0.840576739525237	86.3915613556738	0.897864115563553	98.6298493964157	0.945494636192941	115.118431327624	1.11028275683146	143.95210100724	1.22727642821859	167.940916001911	1.24306939124304	191.926141248449	1.43834624823468	239.886755751426	1.58253694529017	287.854889286851	1.72884493812771	336.975886178854	1.79239531834071	385.10059660303	1.96926435255961	434.753918248508	2.05090915450931	481.350431671631	
0.0157258328404256	0.0933503409895564	0.0307286215443114	0.198027833137707	0.0293505979966418	0.304010427610919	0.0401444222532083	0.400096278877183	0.0457056847632545	0.596339944747108	0.0536759050420686	0.700023695519087	0.0646126207686249	0.801922742194062	0.069620393720321	0.898742305993512	0.0727063488042351	1.00293866046061	0.0983975423130881	1.96913190408309	0.125663444239929	2.94523671522071	0.147503970849635	3.9032719702441	0.169904510091842	4.8568470673272	0.205102031231739	5.82924541647434	0.221995452993411	7.76634520721963	0.231112985731983	8.73647370439939	0.248790779550535	9.63059964037854	0.279430356303227	11.6035588798838	0.314722476154612	14.4903308403236	0.364681562909835	17.4862365718571	0.434171386881266	24.2631606287257	0.458013077507645	29.1997520281003	0.558205875876295	38.5298342733385	0.673713588549201	57.8150056159476	0.741884559916454	67.4372270169972	0.782941565916753	77.0696358568924	0.841726249340027	86.6926095009741	0.898916272535493	98.9630989495264	0.946540836073444	115.51807300128	1.11113583356155	144.452616086807	1.22995005133016	168.525905760274	1.24545081917778	192.590911820055	1.44000106094894	240.723619825485	1.58404688631287	288.853535260308	1.73081759190634	338.140441673162	1.79717264565918	386.430942408906	1.97166524573476	436.256312853357	2.05414692635212	483.015099914173	
0.015700710425555	0.0921897093898993	0.0310193936354199	0.198416238288619	0.0294068573628863	0.303029744986429	0.0400535696636336	0.399127470614955	0.0456886606551196	0.596050769101425	0.0537922230759034	0.700996578317385	0.0645330214545203	0.80210801716995	0.0696153516795873	0.899140504582907	0.0728656892524992	1.00342364666831	0.0984911751275603	1.97413077776491	0.12565121346864	2.95613132618109	0.148027188312827	3.91660804321788	0.170079469017608	4.87395127125889	0.205459715743146	5.84945185575473	0.22243364526879	7.79319802973807	0.231602927880581	8.7665135126168	0.24938006568633	9.66309627743109	0.280058908721806	11.643570358434	0.315003430104812	14.5411521794839	0.365067105642703	17.5461839404926	0.434691740789387	24.3460595097998	0.459457206315898	29.2990105207432	0.559079953089829	38.6634567047073	0.67542248088742	58.0133028091161	0.742691129674459	67.6706685971721	0.786384521125579	77.3350329757297	0.842903580699679	86.9928380824477	0.899856376753465	99.2959238195632	0.947754397135599	115.917573113912	1.11203857163034	144.952192393263	1.23170859733776	169.107602362169	1.24821448250944	193.257753652967	1.44148742018569	241.557905998779	1.58574332739408	289.851644791986	1.73254884513842	339.308841666875	1.8044854415568	387.763314772609	1.97415781432882	437.755995446997	2.05696424289688	484.673360657706	
0.0157695783569874	0.0924526333817573	0.0308365743790976	0.198524446325118	0.029412652354639	0.304196983155286	0.040095839380245	0.399345341879406	0.0457755298616185	0.595926146505329	0.0538174485561708	0.701126556018031	0.0646849145963505	0.802032754667963	0.0696523877329347	0.899399063000404	0.0729381998018987	1.00364017915662	0.0987588510313893	1.98038111609692	0.125758006208724	2.96595514906217	0.148683248114999	3.9293829943671	0.170265038658657	4.88954021343366	0.205905172500526	5.86959822473191	0.222780601095442	7.82064689867596	0.231957143963346	8.79639313335898	0.24989181106561	9.6956562444157	0.280640271071976	11.6825452750079	0.315506604318669	14.5912116968144	0.365678485756418	17.605578103545	0.435382049694026	24.4301635222283	0.460846949602216	29.3987011470401	0.559598450656627	38.7967513105454	0.678992624707723	58.2118943002042	0.743496945785861	67.9048254330504	0.789499067534907	77.6012422078136	0.844096570295595	87.2933721377112	0.900878414954088	99.6234066235658	0.948930610800357	116.317654371803	1.11302034931164	145.452632967028	1.23353488728977	169.689433074508	1.25001153055642	193.92736710173	1.44297424907095	242.392043160469	1.58799891821161	290.847101917098	1.73423341734556	340.475662137577	1.80897401201924	389.098130926631	1.97641645204906	439.257585389179	2.0596327294314	486.341992608937	
0.0156464912625685	0.0932319902686254	0.0306169513063541	0.198325463445736	0.0296416756677854	0.303616769218859	0.0401242211505601	0.399744733725794	0.0457322088855429	0.597125922755091	0.0538561100206186	0.701047160772317	0.0647549312647049	0.802176993244856	0.0696307802720767	0.89946867935955	0.0727260218498917	1.00402330196256	0.0990701273138852	1.98718512567324	0.125829962533867	2.97626139701399	0.149487954235667	3.94271860167961	0.17041575931191	4.90573730922076	0.206121173036922	5.89010641251214	0.22316237582817	7.84778843117883	0.232409415935607	8.8256944028098	0.249999497907352	9.73064510055955	0.281057317449951	11.7230419725964	0.31577915755005	14.6419119640457	0.366231790401581	17.6659240782235	0.435915753270187	24.5137161917189	0.461944046389957	29.4985575487475	0.560354818713971	38.9296696620813	0.682039424492257	58.4120578637236	0.745024956440685	68.1361510484363	0.79089623015286	77.8700293406615	0.845918629706396	87.5923639228644	0.901588669301511	99.8582116599252	0.949887074950779	116.718801062668	1.11401579623559	145.952805319903	1.2357694569174	170.272098251835	1.25162377657295	194.594179132322	1.44460256249722	243.2255991769	1.59097073786064	291.847088994998	1.73599422442325	341.639561980824	1.81149995251495	390.432351034234	1.97931521731685	440.756195099264	2.06241014075368	488.012770327278	
0.0155610736103457	0.0924834907165334	0.030686337357275	0.197954666111414	0.0297232788912165	0.303856031797679	0.0402361631178865	0.399003546510756	0.0457722692197851	0.596700250151049	0.0537422446859077	0.700558391066842	0.0647822156692696	0.802181358819217	0.0695249218988205	0.898491081740942	0.0727982002372746	1.00301398117026	0.0992593115779389	1.99163894284415	0.126031991083757	2.98642282431233	0.150023242527124	3.95585444030936	0.170528953948828	4.92202800292217	0.206377255741254	5.90997059076262	0.223542152347191	7.87444846993349	0.232822298524603	8.85553304536065	0.250316554609283	9.7637731742877	0.281353658673946	11.7632359903626	0.315980371326517	14.6920534377588	0.366682897778207	17.7250611962576	0.436353785800396	24.596736144722	0.46297640296106	29.5978011402298	0.56110383519029	39.0633442475118	0.683366815970581	58.6123071089158	0.747873674236189	68.368542096797	0.79224736778986	78.1374977208064	0.847941724830663	87.8932556059796	0.90200437107956	99.9371654587607	0.950875972939635	117.118479989226	1.11523636247031	146.452783957693	1.23836317711536	170.855761806914	1.25402891842523	195.258279151705	1.44612408480157	244.058410135307	1.59599898165999	292.8465098288	1.73868937462479	342.800541196616	1.81388365841736	391.765557862923	1.98269643376235	442.255162437201	2.06721223454678	489.677527976783	
0.0156532951626207	0.0911313559215669	0.0310028149061138	0.198220747868727	0.0294641119986431	0.303465050957894	0.0403146059185253	0.399014722381121	0.0459194392261058	0.596107870814069	0.0539089163075923	0.700491219429338	0.0647967204479701	0.802652724434906	0.0696029039974636	0.898561804045592	0.0729496211752749	1.00311328343506	0.0994889141853661	1.99436073293919	0.12637896856368	2.99546526759043	0.150412737074198	3.969462459462	0.170826696382591	4.93911497738705	0.206857704296014	5.93035444698505	0.223869618205831	7.90125565764795	0.233521005284308	8.88521708837145	0.250919418904381	9.79691242388621	0.281681171605106	11.8032148726242	0.316448886356122	14.7408230733847	0.367049085436407	17.7852916869423	0.436992538250051	24.6802664624718	0.46389890191133	29.697406084854	0.561684176534319	39.1966574798005	0.684229236718652	58.8101982454611	0.750777459060565	68.602780889058	0.793911898623044	78.4042433946677	0.849488323706155	88.193357527589	0.902198433541396	99.9655968729682	0.95207936775148	117.517324450796	1.11828618332524	146.950154892397	1.24065851897538	171.440066111894	1.25645426462813	195.924971973013	1.44750143878428	244.891355204158	1.60215674635622	293.846645918304	1.74363959187502	343.966318586084	1.81623983334756	393.096678529145	1.9872729199641	443.752192624275	2.07393449394941	491.344610207324	
0.0156514189434394	0.0917036536164855	0.0310838824880948	0.199268951376669	0.0295260976337671	0.302065098571759	0.040176509278755	0.399822906610687	0.0460362482415623	0.596718410940391	0.0540125543205142	0.700935052822722	0.0647341249740926	0.80332985412215	0.0696421405565121	0.899552673010259	0.0728848378733253	1.00293132629569	0.0995431607306891	1.99531836533105	0.126479215904668	3.00253097879779	0.150550460090616	3.98375919162587	0.170950246645534	4.95644130174224	0.207893599648532	5.94873549410589	0.224353928594423	7.92849591033903	0.234043726029495	8.91488902418936	0.251406513211144	9.83041954588422	0.282205557077745	11.8435243743841	0.316831580927028	14.7905985373434	0.367415256517065	17.8456879530375	0.437533819663327	24.763074073938	0.464389931250897	29.7984285023693	0.562298396556076	39.3299707120892	0.685236234342116	59.0084172075371	0.752963060594427	68.8361181611095	0.795149149615508	78.6714361033436	0.850599127710992	88.4926547865321	0.902399395796773	99.9864212447475	0.953378239390683	117.916370078033	1.12321048319607	147.447421518978	1.24241789997188	172.022507771814	1.25813149034218	196.5922757419	1.44897770715254	245.72650564476	1.60579084679486	294.849494019018	1.7484144899959	345.13450996355	1.81848602796392	394.427113741984	1.99411031884115	445.24558692819	2.07836792350252	493.012556705173	
0.0155784015428273	0.0920081597041334	0.0307539617737049	0.199284056263959	0.0297192928480507	0.302789201839129	0.0399834320950549	0.400192234201641	0.0458496482608671	0.595980337835065	0.0539814604195293	0.700372126560766	0.0647167139654562	0.802362210013085	0.0696615820811995	0.898405050822198	0.0729528874574309	1.00228277656859	0.0995979687063666	1.99520916776437	0.126651735449239	3.0053754706362	0.150790560400226	3.99746453398294	0.171117460197985	4.97369218897247	0.209202891376279	5.96845811133175	0.224808038051579	7.95533848830965	0.234379028001369	8.94518960271527	0.251821946998264	9.86430478482957	0.282754329927645	11.8832499369174	0.317083252939987	14.8409272068852	0.367931992929673	17.9056446348983	0.438124004298341	24.8457028714784	0.464702204144485	29.8975845495338	0.562996814873417	39.4625835898351	0.686075380535717	59.2116802124376	0.754470680020007	69.068993497186	0.796051995025312	78.9380178644396	0.851625260046441	88.7928386645242	0.902651656545347	99.9944827725704	0.954951949179779	118.315981949369	1.12783216746153	147.946774308027	1.24379513524036	172.606528954745	1.25963084576658	197.260220260689	1.45083764791354	246.558452335859	1.60786904915413	295.84986852709	1.7512470757495	346.303565608325	1.82099150184855	395.761363651908	1.99916623865398	446.745865568249	2.08090788640965	494.679489924109	
0.0156510374671645	0.0909709428916662	0.0306621608110733	0.198704031502421	0.0297101702319977	0.303065891942139	0.0399940501357708	0.398603718106933	0.0456609380050751	0.595881384816212	0.0540942240374675	0.70050938021868	0.0647872126165279	0.8022340949575	0.0697358551294713	0.899186488632845	0.0729288547190786	1.00159406355738	0.0997680956017515	1.99469531055823	0.126779437149528	3.00619852692242	0.151062309719829	4.0061817128673	0.171372623739326	4.98910557685026	0.209969987495679	5.98954837569347	0.225008858169661	7.98213170618615	0.234750980627847	8.9750552536195	0.25236867821446	9.89716184370138	0.283423584469404	11.9232390637269	0.3175432492522	14.8907557562281	0.36854061587454	17.9653256452901	0.438706381542689	24.9268247891646	0.465121029956817	29.968035373667	0.564422609403447	39.5951182364884	0.686782796028609	59.4134829036104	0.755513766960809	69.3042232166192	0.796865891879251	79.2050541109304	0.852689187821116	89.0925084524796	0.902807367280284	99.9948851039036	0.956175918022024	118.715996152037	1.13156784146258	148.447751323569	1.24508416144347	173.190430928392	1.26092206697467	197.926764070392	1.45663614181754	247.385988283453	1.60992037373591	296.850719872298	1.75322715028896	347.471220544015	1.82414633111002	397.095851980399	2.00219691992073	448.253177556058	2.08331803595314	496.343979352725	
0.0157542853956257	0.090768147410676	0.0307460577728723	0.198743278015928	0.0295037128183255	0.303087050425876	0.0399929166754494	0.398569637523087	0.0458160043491895	0.595906414109216	0.0540435367392774	0.700339064610937	0.0646437446640176	0.802185724393578	0.0697676635149438	0.899425780315494	0.0728265569259111	1.00139045316917	0.0998253371669776	1.99526132182607	0.12675465986825	3.0061340328372	0.151208471915792	4.00884622662671	0.171615687040076	5.00046584907584	0.210323527898112	6.00344743313686	0.225499584229949	7.9997849247495	0.235135598507965	8.99650268017162	0.253312472414324	9.92933344919083	0.284273508658565	11.9618787041898	0.317860158976857	14.9412697589534	0.369121069140368	18.0065701948705	0.439082923392097	24.9858315220444	0.46539037780293	29.991672339488	0.566138111655301	39.7295900340049	0.687386162667267	59.6144027010245	0.756511778648498	69.5377318520163	0.797834258160651	79.4712633430142	0.853623254810368	89.394756141199	0.902901441122567	99.9954736997428	0.957131979579158	119.116621302286	1.13331719866337	148.953079477973	1.24642091823715	173.774511715965	1.26238374095374	198.59408274044	1.46378131451813	248.220900305488	1.61208310247824	297.851660624469	1.75541710650857	348.640991444493	1.82843845965708	398.430578727458	2.00469387050396	449.727230153662	2.08587861746319	498.00936285097	
0.0157891180314341	0.0903235136619922	0.0306134827758593	0.198904716955803	0.0293906403388957	0.303764674878215	0.039963672331624	0.399974770390798	0.0459132947933896	0.59616130544425	0.0541597002754288	0.700583187529213	0.0646062005276375	0.802460522747698	0.0698086835363567	0.898498183075236	0.0729094804708069	1.00206892163256	0.0996734188852581	1.9955879832036	0.126783465823985	3.00683904399269	0.151220652212293	4.00982504660614	0.171683100039002	5.00390941413192	0.210512334272211	6.00713267638958	0.226384216768503	8.00511674623593	0.235464338581805	9.00374650681292	0.254694819026219	9.96201914471704	0.284864825901221	11.9899804302215	0.318244776845301	14.990002141678	0.369541506949912	18.0199737887277	0.439245674017652	25.0067844163329	0.46555411866596	30.0004491230143	0.567489762864475	39.8600459687704	0.688120457538363	59.811165074663	0.757238237359751	69.7673810868476	0.79900145382615	79.7318771893356	0.854706549932804	89.6871988663185	0.902936852556439	99.996062295582	0.96081906383304	119.507776765045	1.13469284812244	149.443819396261	1.24760826800225	174.342901581546	1.26399996864206	199.248362895063	1.46699103281296	249.042878120222	1.61385651682328	298.853108016097	1.75910582796263	349.784297883948	1.83306114027378	399.738513187964	2.00655091206916	450.779162677017	2.08838814946918	499.648639516044	
0.015901036692413	0.0898153899101827	0.0305580240006962	0.198700699113992	0.0294306342465541	0.304003268068967	0.0399299907828724	0.400277217382538	0.0458109219880086	0.596707817146608	0.0541312150555469	0.701218291287274	0.0647192036031623	0.802476937307296	0.0698829949609399	0.898895857795708	0.0730319592820691	1.00282492269659	0.0998216610039354	1.99564316406352	0.126725066226073	3.00648467576988	0.151365186852205	4.01057522690437	0.171722026703372	5.00572549306616	0.210535301426193	6.00938228596171	0.227000536503727	8.00829348738706	0.235632560960352	9.00636166047822	0.255895940378229	9.98569429476184	0.285265559649158	12.0003358054368	0.318650868195137	15.0240885462899	0.369873831041158	18.0254834928175	0.439495113950214	25.0134955264868	0.465669090845534	30.0057856011134	0.568216237559711	39.9531111665862	0.688759241388074	59.9512248073618	0.757926557570454	69.9304891895282	0.800187781197412	79.9194082940529	0.856125407247506	89.8959268718273	0.902949109259224	99.9985507893832	0.966825490255719	119.786212399308	1.13587625799166	149.792402243512	1.24839240687907	174.746082280818	1.26508415205104	199.71609542156	1.4687522357791	249.62528997782	1.61563148509752	299.834468643389	1.76222834924289	350.600583455375	1.83628436299614	400.67555776397	2.00754413227085	451.137893214559	2.09210962026463	500.819155474547	
0.0157085078947304	0.0892483309044975	0.0307461007141195	0.19831386556985	0.0294870514981683	0.303717468467456	0.0400612761134854	0.399370021926461	0.0458703516636165	0.595856355523208	0.054019379483095	0.700895529822839	0.0647133529474231	0.801866338973316	0.0696836254301269	0.898524027275454	0.0728977945639829	1.00296741504374	0.0999369121466412	1.99591627439556	0.12667207728637	3.00659340767531	0.151334209363631	4.0111219132297	0.171589291690587	5.00748708963237	0.210546951910742	6.01111175190063	0.22765727758584	8.0097081663107	0.235801613074556	9.00750066793288	0.256399800129951	9.99479238456112	0.285309113546095	12.0036280305817	0.318814499199933	15.0362376486987	0.370098098861151	18.0292572117106	0.439744062682879	25.0182974254534	0.465795339246043	30.0074992345693	0.568654381388849	39.9849959247363	0.688948735444892	59.9980554294794	0.758260709865323	69.9859289571167	0.80090964860206	79.983513086464	0.857284315693523	89.9688382500857	0.902932979401201	100.002961532887	0.969071141874614	119.882891128542	1.13639945697671	149.912788719079	1.24898226280953	174.891115275829	1.26628847674801	199.873719897182	1.46970960074861	249.824160865667	1.61770975063574	300.53407812821	1.76347869245089	350.880099423773	1.83801507822745	400.994412796051	2.00811755217392	451.265387543678	2.09481005230007	501.217910529154	
0.0154663236904471	0.0895607241298246	0.0308574647550404	0.198804468816557	0.0294668584048943	0.303285829578454	0.0401424379482227	0.39947569792983	0.0466248980687094	0.594650874922948	0.0539646022468835	0.700697332746843	0.0647237453024828	0.80253467930418	0.0697145774528492	0.898231999454521	0.0729359672179553	1.00322865101351	0.0999204570504058	1.99675818996302	0.12675367731129	3.00686465536228	0.151167956412189	4.01154985593241	0.171609294334215	5.00754948824191	0.210653476170909	6.01225169067781	0.228006759400914	8.00962341596044	0.236094415141837	9.00805294219339	0.256639360752692	9.99797843893755	0.285388951267136	12.0056061596362	0.319120541635814	15.0408104423229	0.370341238006494	18.0307640915647	0.439885707114512	25.0206648473257	0.465872440659862	30.0095555947164	0.569074206740294	39.9977028893408	0.689097726227575	60.0156350735628	0.758299370529392	70.0063211952419	0.801299514423781	80.0047770424776	0.857976371078356	89.9945502025044	0.902928591370108	100.001367108715	0.969438074288226	119.91748417261	1.1365929939514	149.955569950835	1.24936336062496	174.945489610442	1.2684002520882	199.929003202585	1.47031452471592	249.895820546445	1.61952857187002	300.772228475099	1.76419728545628	350.979221943327	1.83868368110234	401.106856953079	2.00843682950098	451.342247729465	2.09579517457653	501.362034553376	
0.0154656840595573	0.0891358227772533	0.0308634211915633	0.198357259379	0.0294552850862405	0.303058441361896	0.0401012692266095	0.39961656046255	0.047292607959634	0.595516830253226	0.0538115846523674	0.700648438313998	0.0647758068893711	0.802604528493958	0.0698006985308316	0.898767451701832	0.0729191681435484	1.0029628748464	0.0999034340598581	1.99645783844697	0.126933044990098	3.00716617103149	0.151356261117745	4.01115683782459	0.171654062128643	5.00779768569625	0.210841345780019	6.01166216351608	0.228108091505701	8.01038896308041	0.236012226142697	9.00912396310333	0.256849349441805	9.99902431413917	0.285640311255074	12.0067591369289	0.319402257006306	15.0430903198773	0.37069174502437	18.0317959969284	0.440026820671905	25.0215198014086	0.466012958336698	30.0095481441361	0.569673808280652	40.0043525322078	0.689136847448131	60.0268742738595	0.758450987702866	70.0181005626061	0.801496008664922	80.0202593482227	0.858453347578153	90.0110010836811	0.902966989078184	99.9993778037901	0.969907250309509	119.939180262278	1.13698611330198	149.980678406254	1.24994669129049	174.973876321168	1.26954128234512	199.96469148195	1.47055560601667	249.940643237187	1.6204712546964	300.85871481056	1.76472147099723	351.0397206549	1.83920425899065	401.17614734934	2.00853223019267	451.379590037643	2.09629489175877	501.44893812133	
0.0154355206989841	0.0883624394513026	0.0306335349818562	0.198471491908117	0.0296530211063565	0.303849221501676	0.0399865114403974	0.398957358734015	0.047393300877364	0.595853037686694	0.0538257030253319	0.700436387815362	0.0648695112992725	0.802339974687672	0.0697865735280149	0.899045800723099	0.072923553610597	1.00230920284539	0.0999273759331429	1.99578146545928	0.12708840952333	3.00648304595546	0.151446016443433	4.01172960118077	0.171592892230235	5.00786148128959	0.21102435239225	6.01195413312935	0.228195365558124	8.01076335473762	0.235955105896787	9.00961849536696	0.256946622720566	9.99945085985808	0.285812161423188	12.0072024464533	0.319679969802656	15.0444686772222	0.371175411487834	18.0313694512095	0.440221679167194	25.0215272519888	0.465995969572256	30.0089055315902	0.569841357851396	40.00687455362	0.689419033715688	60.0312663909127	0.758668732225207	70.0234426286404	0.801576376404544	80.0283059748851	0.858934691468617	90.0201578467998	0.903099008116365	99.9979547429637	0.969999347733932	119.950438089025	1.13722928024146	149.995549764419	1.25038723795227	174.988553964247	1.27030778451064	199.98035260162	1.47069886615325	249.963233396484	1.62070665726355	300.910302628163	1.76518767976365	351.070625661748	1.83961619188964	401.20866168152	2.00867037906798	451.398723127707	2.09650901008349	501.490542161407	
0.0154287058544391	0.0882987821011597	0.0306594781771363	0.198245529779183	0.029646017732291	0.303397122620835	0.0401308294139335	0.399600466045072	0.0473421243903487	0.596027136792217	0.0538764811391156	0.699698547540668	0.0648551725724764	0.802481826750581	0.0696733148597399	0.899311576890206	0.0729190050776972	1.00231979663918	0.0999846925862526	1.995596597937	0.127124292095831	3.00690772902931	0.15151899021522	4.01186138331882	0.171698716450148	5.00690687569594	0.210975652888595	6.0123695029779	0.228437757724555	8.01064507677626	0.236226786799114	9.00992490047946	0.257067751422593	10.0000655327281	0.285866718532577	12.0073281749949	0.319868076788426	15.0460528568464	0.371381124128661	18.0319748108542	0.440337164878043	25.0217284176554	0.466008687038158	30.0090601311302	0.569949848753434	40.0088117044832	0.689500880546909	60.0336170489794	0.758964004334582	70.0265793229227	0.801597412018784	80.0316810877352	0.85951315705346	90.0221620528851	0.903281175540013	99.9998173880245	0.970094593724254	119.955221361541	1.13737592845975	150.002449001724	1.25041756945803	174.999014578908	1.27093257511364	199.989770135048	1.4708673198927	249.970356151196	1.62093988883049	300.933578240842	1.7655202513655	351.082755206384	1.83980760580977	401.227198725165	2.00887100066012	451.407037975258	2.09671574236244	501.510509716459	
0.0153955285506521	0.0881062529958754	0.0306913636906712	0.197713540887533	0.0295436810214806	0.303582688635013	0.0401388037674564	0.399437717432888	0.0475785654404373	0.596302866468867	0.0540851658602068	0.700141682442155	0.0648006090253198	0.802420475878892	0.0698540992955574	0.899087943067599	0.0730678556265025	1.00311188645127	0.0999889423246754	1.99630021210871	0.127045284092981	3.00800110167998	0.151447127048516	4.01199223413434	0.171632965830003	5.00730315343262	0.211016839235488	6.01205238765631	0.22859343996102	8.01133239280369	0.236275049343679	9.0093316480276	0.257219313086344	10.0010313141921	0.285761880268953	12.0075181647911	0.319809915693495	15.0455871955812	0.37134359722757	18.0320772563326	0.440321881854182	25.0222182933064	0.466007677146879	30.010064096818	0.570352407206782	40.0100149731925	0.689497268403561	60.0356324309352	0.759248501088309	70.0283302092798	0.80157943148602	80.029587474687	0.859733895300586	90.0248517123529	0.90330335696333	100.003103093912	0.970266419063887	119.958186692478	1.13742891187263	150.004669274637	1.25067339552189	175.000981532093	1.27112083332873	199.994389494798	1.47112009858759	249.975511952724	1.62120036299144	300.948181378119	1.76576097417113	351.090235588948	1.83972281295785	401.233844642742	2.00914146085757	451.412730218564	2.09683077485678	501.52433799339	
0.0152491398221117	0.0877070648762913	0.0307481871328061	0.197913309570299	0.0294818048225817	0.303888278840294	0.0399075035568735	0.40004953812769	0.0476447282523127	0.596332144920916	0.0542040317917963	0.700646692084253	0.0647344239431927	0.80261389992692	0.069955071129848	0.898908721688159	0.0729985173538855	1.00300490077559	0.100038492160767	1.99647646489758	0.12700845155981	3.00798107824557	0.151407545914664	4.0121733763665	0.171667486116225	5.00770827873334	0.211109804800995	6.01235506747868	0.22852022181892	8.01137057702743	0.236392405918604	9.00901406704474	0.257226884311069	10.0003523800675	0.285908708063701	12.0080741643418	0.319776848907866	15.0465632215931	0.371276057746302	18.0321722512307	0.440429722169195	25.0215663675351	0.466190648694814	30.0107067093639	0.570536531828111	40.0104955356181	0.689611353364508	60.0361986750336	0.759379186562779	70.0288741016376	0.801810682697388	80.0340131193513	0.859838445599266	90.0275413718206	0.903279096394374	100.000145213555	0.97037885950998	119.959281927774	1.13756097188901	150.002836431897	1.25076795614902	175.001249752981	1.27128549087512	199.998546918574	1.47116420785255	249.980071707833	1.62150683763667	300.952979551795	1.76590958890032	351.095659611365	1.83979617804518	401.236884479481	2.00932351950274	451.41568064834	2.09691388808589	501.529940829733	
0.0151893281267145	0.0878312509149516	0.0306473294917585	0.199224335206698	0.0294513589183833	0.303666594974234	0.0398542735967078	0.400294737887641	0.0476353918045967	0.596473414907243	0.0542849703768704	0.700711127961824	0.0647248252786941	0.803103600954926	0.0698965912286457	0.899357386317169	0.0729230524717387	1.00277311788084	0.100125853687664	1.99597611186813	0.126901450922323	3.00705743912607	0.151494845019665	4.01229724226304	0.171778424539818	5.00790758175484	0.211218593539997	6.01131384888972	0.228536350262491	8.01152145127735	0.236501717801868	9.00956261601514	0.257233700026546	10.0004073280968	0.286178855930487	12.0077947675826	0.319965298471916	15.0469953552472	0.371343309876719	18.0326770280421	0.440689588487934	25.0217842970072	0.466283366490681	30.0112133488205	0.570345037744362	40.010950021013	0.689727071291911	60.0363514119286	0.759391204585053	70.0292019271682	0.802192757775856	80.035413828437	0.859902313760369	90.0277797903884	0.903233078864002	99.9987519550497	0.97060512984523	119.958946651663	1.13759268797459	150.003998722415	1.25080291507072	175.00181599708	1.27156094260069	199.999798616055	1.47118731354077	249.980935975141	1.62196805155134	300.956526027991	1.766024841408	351.098192808648	1.84005177165093	401.241176013701	2.00944610757269	451.417617799203	2.09717353094251	501.530119643659	
0.0152670122617974	0.0863341353954512	0.0306437574811406	0.198564653264984	0.0294549751624587	0.303883942369762	0.039844760465458	0.39992910648298	0.0476580636361918	0.59712877493034	0.0541892997674767	0.700174045900085	0.0648588687298503	0.801900041207384	0.0700567241363818	0.898738988156997	0.073135402826106	1.00293970819846	0.100112866612607	1.99624386709562	0.126853336062238	3.00617384687537	0.151322756721099	4.01196150049084	0.171596692716109	5.00851014743199	0.211230182472856	6.01138509506329	0.228715347455359	8.0109803528872	0.236511633581703	9.01044923506406	0.257228597502231	10.001410362462	0.286214141504845	12.0073682218637	0.320296940608034	15.0456821904793	0.371394016814174	18.0326509510113	0.440690426643328	25.0224976900655	0.466183844993398	30.0105316207282	0.570352098249248	40.0108308117291	0.689834857217685	60.0362433785151	0.759338184795289	70.0296191596619	0.802442740538522	80.0344229012647	0.859896423651477	90.0275637235614	0.903293798066311	99.9986476469263	0.970691581761007	119.958447462786	1.13787087116451	150.005220617574	1.25101117445679	175.001965008685	1.27177828054253	200.000111540425	1.47128352924454	249.982843323683	1.62228726210266	300.961294399346	1.76609705981023	351.099057075956	1.84013625929098	401.242129687972	2.00959475929286	451.41812443866	2.09740685209689	501.529762015807	
0.015333865861822	0.0862767426445165	0.0307900517648427	0.197634553095425	0.0294364155304049	0.303033848626328	0.0398047461239996	0.399894851276159	0.0476273997792276	0.596812881969567	0.0539905728754348	0.700197037925054	0.064883256892914	0.801308243946986	0.0700567787700935	0.898192651077613	0.0731831563970606	1.00288871828992	0.100022620590515	1.99603059423616	0.126835329327293	3.00661599224667	0.151370977868374	4.01178222090374	0.17158103056829	5.00824378918831	0.211078287916579	6.01147450202621	0.228977448860971	8.01158478120942	0.236371131178556	9.01030394874932	0.257316410772965	10.0009400445842	0.286240467398033	12.0078627541274	0.320316666238492	15.0462409839975	0.371533249783904	18.0318481509901	0.440574228450334	25.0226001355438	0.466247556002548	30.0100678221081	0.570578606761516	40.0103875022046	0.689863698284281	60.0365972810766	0.759294783990319	70.0293434881929	0.802650668111822	80.0333425671294	0.859990704619904	90.026081058093	0.90346956847965	100.000815765777	0.970772299415993	119.958447462786	1.13799819446262	150.005280222216	1.25109169752065	175.001637183154	1.27186968028994	200.000156243906	1.47110077147297	249.982336684227	1.62271462030544	300.96233748058	1.76614308466022	351.098103401685	1.84038214051774	401.243500594737	2.00968657355448	451.418571473474	2.09749418743034	501.529523597239	
0.0153331274568956	0.0868395815949859	0.0308026859283044	0.198622176983149	0.0295082548785332	0.303141183547955	0.0398043005909206	0.39980270855331	0.0476502214431651	0.595969918664257	0.0539191668833424	0.700303616147125	0.0648757582415015	0.801261444989834	0.0699621195391815	0.898910467917903	0.0731270823872939	1.00201583624832	0.0999619332394376	1.99581639005417	0.127017434058382	3.00683182624308	0.151508308076229	4.01181714549863	0.171701587790412	5.00775205089227	0.211183364357222	6.01117647881649	0.228809779653107	8.01253286754535	0.236291385323755	9.0096808939765	0.257506500195257	10.0008897531675	0.286188592299759	12.0082017555284	0.32037483422521	15.0466377273955	0.371633963656392	18.0319748108542	0.440663696387339	25.0214993123129	0.466273638968973	30.0107178852343	0.570523942084368	40.0113374511856	0.689881175137424	60.0369064801567	0.75938860587201	70.0301779531801	0.802717822936496	80.0302729280693	0.860213993634427	90.0237266747362	0.903535994506567	100.00276036722	0.970877586839035	119.958313352342	1.13789079958173	150.006025280241	1.25122947702762	175.001726590117	1.27214301474095	199.999843319536	1.47122130634335	249.982068463338	1.62285974431539	300.961741434161	1.76618204094065	351.099623320054	1.84050396214414	401.244007234193	2.00985568294503	451.419137717573	2.09760480428571	501.528391109042	
0.0151101052459212	0.0865259296290513	0.0306968525319535	0.199668546949861	0.0295070604107614	0.303717177429166	0.0400494061249343	0.399835595880164	0.0476970593610452	0.59598051245804	0.0540824209382509	0.700306060868767	0.0650183128692436	0.801348116192818	0.0697903636412837	0.89979819291233	0.073092936370511	1.00241549002917	0.100041505970103	1.99589694945305	0.127300251497806	3.00718596163526	0.151476218399323	4.01211703135341	0.171898048658208	5.00765193372025	0.211305127822523	6.01226472919324	0.228877392988256	8.01169933388066	0.236540634556387	9.00920405684094	0.257618412561077	10.000444580998	0.286257299383052	12.0077994241953	0.320408052202328	15.0464235232135	0.371612340619164	18.0322001909066	0.440821187554928	25.0222872111736	0.466081952343013	30.0108240560028	0.570492128396177	40.0111511866795	0.68988123474207	60.0363104337373	0.759462321881698	70.0297085666248	0.802536108286955	80.0329774886975	0.860391300529201	90.0264461365249	0.903507711246901	99.9991021323211	0.970784369592332	119.9582537477	1.13802498134302	150.005712355871	1.25125667991236	175.002546153944	1.27220957772759	199.998144587241	1.47130913516717	249.981442614598	1.62302140910324	300.959446655446	1.76610687351711	351.100964424498	1.84061317899467	401.243232373848	2.00990303925452	451.418511868833	2.09772068141397	501.529225574029	
0.0149364676966144	0.0857665379689282	0.0306272765421591	0.199664996282713	0.029458681820495	0.303197150211265	0.0400505101845659	0.400163683345319	0.0477421206763365	0.595567238085183	0.0542340072995128	0.701024867239246	0.0649647268178889	0.802880491001242	0.069826789541556	0.899337071844476	0.0730883616790877	1.00268766903868	0.0999012255156792	1.99580591267571	0.127317731377747	3.00746489273311	0.151651121841568	4.01158617751109	0.171888677862151	5.00813668709731	0.211288313579199	6.01215064218327	0.228966287713675	8.01178315290839	0.236583622057861	9.00906528978392	0.257617941143051	10.0006112877309	0.286380569443067	12.0074641480844	0.32069181957914	15.0463732317969	0.371704999927972	18.0332917009122	0.440816950287494	25.0237326237407	0.46622621659088	30.0097306833521	0.570681368114676	40.0105029861984	0.68995289805568	60.035904377114	0.759663315740949	70.0297532701062	0.80260238219106	80.0341695815364	0.860407489639705	90.0282640781042	0.903529949163667	99.9995491671357	0.97071596513358	119.957903570429	1.13804448034486	150.006263698809	1.2513948888347	175.002888880635	1.27220425785005	199.996773680476	1.47137222285958	249.982664509758	1.6230623155033	300.959655271693	1.76614498709613	351.097268936697	1.84089232532347	401.24391782723	2.01001533204815	451.418809892042	2.09777363651465	501.531728968991	
0.0150386035749875	0.0853155595855062	0.0304826955063745	0.199378774675682	0.0296558348443206	0.3029966830366	0.0400058244600301	0.399094787014905	0.0478298360476035	0.596075914809745	0.054161487174953	0.700904086348587	0.0648553753708775	0.802727579483285	0.0699053037804583	0.89863386512638	0.073147970311239	1.00232037871576	0.10003769819663	1.99532115929864	0.12705513622565	3.00725045572049	0.151855739802929	4.01176964804958	0.171869845893913	5.00773621840925	0.21136129945818	6.01216135239236	0.22891242408745	8.01154380301808	0.236469911843655	9.00929905173904	0.257499645550496	10.0012240979559	0.286357667231367	12.0091125889631	0.320751302261553	15.047265438781	0.371771187274377	18.0330756340851	0.440996257648616	25.0223635796211	0.466337370653484	30.0100473330124	0.570933950093879	40.0108047346982	0.690174809920595	60.0359528058856	0.75982056668261	70.0306696914761	0.802753391839549	80.0338343054255	0.860533230876868	90.0259543982289	0.903585899479244	99.9993852543704	0.97080781292282	119.958015329132	1.13828094002722	150.006353105771	1.2516493774786	175.00458761293	1.27236407261799	199.99933668008	1.47153999184992	249.982992335288	1.62306937986444	300.961771236482	1.76645753140925	351.100487587362	1.84098823231127	401.244364862045	2.00998528892059	451.419107915252	2.09799549957826	501.532265410769	
0.0151925722899615	0.0849481965030149	0.0303421601169461	0.199563351159671	0.0298574198256516	0.303951375941727	0.0401553781253669	0.39967692180405	0.0478473510384071	0.596003737313641	0.0539964219421051	0.700823526949709	0.064866120240265	0.802144513371609	0.0699393553844139	0.899178339560704	0.0731483571884572	1.00299908000977	0.100140875810236	1.99582151232809	0.126973961285458	3.00727583425944	0.151743368638503	4.01225533274917	0.171764790733991	5.00782143442078	0.211402735390793	6.01162211664727	0.228865141818106	8.01142925034685	0.236443406298339	9.01060104063651	0.257544253538702	10.0007966209145	0.286353840249365	12.0087288840806	0.320655405052645	15.0467206151007	0.371719149622479	18.032766435005	0.440934208104393	25.0221288863434	0.466289574125275	30.0105278954381	0.57081810736925	40.011899969994	0.690161136207596	60.0362657302558	0.759815788110124	70.0307069443773	0.802789079075871	80.0339386135489	0.860567771559055	90.0261555638954	0.903695264858257	100.001672582505	0.970920830305788	119.957888669268	1.13849058600709	150.006278599969	1.25170024659715	175.005213461671	1.27240261736443	200.000424464795	1.47175511714976	249.982694312079	1.62323214067345	300.962158666655	1.76651946347586	351.099623320054	1.84094461530849	401.243977431872	2.00986569632747	451.41904831061	2.09807324945453	501.532384620052	
0.0150413781253708	0.0848548969029597	0.0304786161199468	0.199245377275119	0.0295721972049256	0.304911685885865	0.0401415276065971	0.399484167144091	0.0478482613771219	0.595995297203209	0.0538663033840583	0.701431680562047	0.0649152101019566	0.802373036637501	0.0699495963035132	0.899087302783359	0.0731674915833306	1.00264901915367	0.100098329668352	1.99609415699886	0.12701748244059	3.00634800418855	0.151636944207383	4.01239084017734	0.17179115970085	5.00788523001411	0.211460906031781	6.0119923173531	0.228985429570771	8.01135846983454	0.236453916244517	9.01009346985746	0.257651548581807	10.0010499406427	0.286489669598874	12.0078562348696	0.320805525602394	15.0461813793556	0.371706407755925	18.032855841968	0.44077207819367	25.0222536835625	0.466348507120732	30.010095761784	0.570809290832363	40.0113896052473	0.690263354524022	60.0372641080084	0.759874896325191	70.0307963513403	0.803009709027647	80.0331637532036	0.860501950167127	90.0249858227973	0.903696631335487	100.001650230764	0.970926995472073	119.95762789896	1.13854799295192	150.005190815254	1.25176186547745	175.002933584116	1.27261638438268	200.000066836943	1.47163508173022	249.982515498153	1.62332294832089	300.959029422953	1.76647074590455	351.100219366474	1.84094053748349	401.243828420267	2.00986519687663	451.419495345425	2.09803002461423	501.53262303862	
0.0148877299803596	0.0842902971708313	0.030574719865646	0.197724833173214	0.0291957542648165	0.304033012182281	0.0400448759856557	0.399662253474197	0.0477888663350726	0.596500423260624	0.05389274888235	0.700730161866039	0.0649213243831039	0.802621117676531	0.0697781314701146	0.899338119582322	0.0731283601211231	1.00288091846373	0.100209161021864	1.99509042414174	0.127064531538775	3.0065205316873	0.151753624621745	4.01201365455254	0.171882052965938	5.00844728316119	0.211553635608878	6.01238114450953	0.229182991404462	8.01161737749798	0.236691591398885	9.00939684060473	0.257543498401983	10.0015267777783	0.286386899305017	12.0078301578388	0.320722933171777	15.0467392415513	0.371845348159397	18.032704967718	0.44089893053941	25.0224753383247	0.46633798627808	30.0107122972991	0.570726760893492	40.0113225500251	0.690311386994075	60.0366978639099	0.759952219021256	70.0306398891551	0.803171991247445	80.033789601944	0.860782337672444	90.0246281949456	0.903489089702268	99.9988711643336	0.970909426604258	119.95823884654	1.13870501787906	150.003819908489	1.25170176283106	175.003693543301	1.27266778573462	199.999917825339	1.47155097135148	249.982336684227	1.62335911476052	300.956615434954	1.76657403613834	351.099593517733	1.84103232790326	401.24451387365	2.0099848580151	451.418869496684	2.09804495975127	501.533338294324	
0.0150264750149115	0.0838193753885361	0.0306422736165216	0.197487142201163	0.0293499210037088	0.30395914666409	0.0400812914405629	0.39930558604889	0.0476953678609655	0.596979355871872	0.0539218318105088	0.700939185566451	0.0647537514681744	0.802606274723703	0.0698579738448603	0.898995974967724	0.0732307020356986	1.00264331480317	0.100219629105092	1.99500148284009	0.127098584691054	3.00704952288456	0.151746882853281	4.01121923643412	0.171682681409498	5.00809570890598	0.211483423848816	6.01191408626055	0.229152735431861	8.01177011439297	0.236776391814887	9.00949649211548	0.257572450575363	10.0007696125611	0.2864269831959	12.0071689188422	0.320831377190456	15.0468714893506	0.371748723101522	18.0326174234002	0.441136828783369	25.0218215499084	0.466396671038234	30.0104887798918	0.570773585714648	40.0114641110497	0.690470856407235	60.0358932012437	0.759972959199607	70.0301481508591	0.803121411473356	80.0348177820175	0.860907200224213	90.0265578952285	0.90347118021195	100.00061460011	0.970940739482461	119.961159473995	1.13866630474949	150.004415954908	1.25169574084688	175.004796229177	1.27254011050717	199.998830040623	1.47169372625723	249.982694312079	1.62343842136576	300.959357248483	1.76658609500784	351.097239134376	1.84095819514418	401.244603280613	2.01014308029128	451.419167519894	2.09807182560783	501.532980666472	
0.0151403706678107	0.0840049632305862	0.0306239646499368	0.198677867160083	0.0294837238476772	0.302887922027349	0.0400226906886165	0.39868902142995	0.0478089030709283	0.596221899616382	0.0540621112230164	0.701040641514604	0.0648465682519905	0.802123034745752	0.0700283702679094	0.898060577901273	0.0732459604842848	1.00239919188489	0.100404208892868	1.99547785431438	0.127036525065264	3.00691564527082	0.151795713292158	4.01176825106578	0.171762754662021	5.00771852328117	0.211524604840604	6.01165052198445	0.229133016320661	8.01114612829761	0.236790060591878	9.00923292783938	0.257912171993043	10.0005181554779	0.286592641096242	12.0081440135315	0.320770939099136	15.046438424374	0.371674589597386	18.0327142809433	0.441170170757357	25.0226411137351	0.466627303010316	30.0097381339323	0.570847454219676	40.0117435078089	0.690358608075524	60.0374242954836	0.760034772056928	70.0304759763898	0.803032907979088	80.0353691249555	0.860829779180482	90.0276978340057	0.903526069655071	99.9996907281603	0.970944021061591	119.960175997403	1.13850162213306	150.005056704809	1.25188815411109	175.004244886239	1.27248959331796	199.999232371956	1.47184023835109	249.981859847091	1.62352471905451	300.960400329717	1.76648292871562	351.101173040745	1.84095457802699	401.244394664366	2.01031866641335	451.418631078116	2.09831379292236	501.532563433978	
0.014807003524375	0.0843783071499522	0.0306580288936865	0.199095943664737	0.0295922640516071	0.302058317379584	0.0399930890225125	0.399119903619396	0.0476752219246289	0.596076147640378	0.054143128475745	0.700318400892294	0.0650009454144871	0.80221866992809	0.0700931603917975	0.898174315665296	0.0733101024804191	1.00217299692533	0.10061993745399	1.99596842845726	0.127026750209086	3.00689352636072	0.151670457358462	4.01149863319324	0.171988078529061	5.0077529822148	0.211665347097149	6.01167101108012	0.229334665665114	8.01145719002276	0.236753620454011	9.00983642483907	0.258038783181533	10.0008776459746	0.286680659482041	12.0078962817385	0.320607026986247	15.0461953491936	0.371654329498362	18.0329526995111	0.441210853509028	25.0228124770807	0.466699778402288	30.0103062406759	0.570857480268105	40.0115274409818	0.690287443840222	60.0373870425824	0.760183475186102	70.0304685258096	0.802903896076737	80.0340056687711	0.860959347903141	90.0280405606969	0.903537310933942	100.000964777382	0.971074114436095	119.957545942577	1.138393890224	150.004624571155	1.25210316467198	175.005094252387	1.27255187880403	199.999381383561	1.47186428035611	249.982455893511	1.62356885040929	300.96019171347	1.76652521425889	351.101232645387	1.84120067383048	401.243619804021	2.01038812652915	451.419793368634	2.09831959138911	501.533695922175	
0.0148185477712151	0.0826226768686987	0.0307117310809649	0.198675946307364	0.0296114265404056	0.303701053907858	0.0401469364254435	0.399965660892297	0.0475588418065018	0.595724107723894	0.0540155570994987	0.700465840890385	0.0649811267798272	0.802589918371763	0.0699916639784228	0.899051854319547	0.07355478129407	1.00192561437819	0.100470243083273	1.99679334738854	0.127090810353607	3.00748584749004	0.151591017379097	4.01236429748523	0.171924666046633	5.00750525042171	0.211591476310381	6.011414431723	0.229314841407593	8.0118846670642	0.236740006531921	9.00955144014477	0.257787760966829	10.0008944097802	0.286769826843415	12.0075274780164	0.32052949815066	15.0461394698417	0.371763544672509	18.0321946029714	0.44131974612833	25.0230061921671	0.466672950916221	30.010280163645	0.570690623007637	40.0111772637104	0.69069931740527	60.0363886648298	0.760062287251958	70.0304461740688	0.803034340635522	80.0324112445991	0.860980102237594	90.0274072613763	0.903670833801968	100.002693311998	0.971201078485245	119.958924299922	1.13852157439214	150.005622948908	1.2520731558171	175.005049548905	1.27268923485609	199.999157866154	1.47186147140572	249.983260556177	1.62359023843599	300.960042701866	1.76656582684414	351.099831936301	1.84135575459845	401.243500594737	2.01036310946432	451.419852973276	2.09838875470987	501.533278689682	
0.014748800567224	0.0820575314397752	0.0309018500873016	0.198329814468183	0.0296278178206711	0.303497298000509	0.0402394799446631	0.399941330091191	0.0476115703105771	0.595945995316757	0.0539526275194688	0.699936558654839	0.0650136893474131	0.802108599246531	0.0698947291713891	0.899788064779812	0.0734476080126587	1.00272841439938	0.100234938267101	1.99652396234663	0.127044213418354	3.00733916419151	0.151801628639893	4.0117319294871	0.171792370236846	5.00714855389258	0.211654823646794	6.01231362362608	0.229281916834923	8.01143856357215	0.236675629141095	9.00985784525727	0.257835760654327	10.0006559912124	0.286759982533855	12.0081998928834	0.320600173086543	15.0465222434017	0.371926784070728	18.0323436145762	0.441292118671096	25.0218848798405	0.46683310002897	30.0094997153646	0.570598779316217	40.0110245268154	0.691185709186349	60.0359937840769	0.759919307207705	70.0300661944764	0.803221784592377	80.0338045031045	0.86091368129512	90.023138078897	0.903725954213091	99.9994597601728	0.97127028677142	119.962604886562	1.13861205719426	150.005742158192	1.2521123400853	175.00428958972	1.27271975806297	199.998606523216	1.47176096628046	249.983320160819	1.62364658538439	300.960459934359	1.76677417265695	351.099116680598	1.8413420764151	401.243858222588	2.01038596604122	451.418660880437	2.09847838166148	501.532861457188	
0.0145646074027359	0.082262400568587	0.0308980281198899	0.197895963688171	0.0297883411533823	0.303522123566709	0.0401399100418894	0.399743656884118	0.0475724094127552	0.59647225075408	0.0538941431420972	0.700429984972966	0.0650948436646305	0.802289450440399	0.0698765857503045	0.899323334837152	0.0733070217439134	1.00342178402325	0.100213209580059	1.99553210385178	0.127171541838733	3.00734754609428	0.151806839654556	4.01191772833191	0.171895813198807	5.00726916016026	0.211625517634864	6.01206170088161	0.229445196186881	8.01118803781148	0.236623358620718	9.00960359420647	0.258004443516593	10.0009400445842	0.28672724901328	12.0081170051782	0.320715622196415	15.0470894188227	0.371847195088484	18.0324255709589	0.441136039746509	25.0228907081733	0.466886943445496	30.0099411622439	0.570718413632589	40.0106668989637	0.6912740957065	60.0366121822371	0.760021184025607	70.0299320840321	0.803101519563983	80.0336480409194	0.861052913091962	90.0246207443654	0.903900631585511	99.9989158678151	0.971153614887394	119.960623032217	1.13856700591397	150.006055082562	1.25218151532699	175.003753147943	1.27273429209684	199.998785337142	1.47177698376568	249.982306881906	1.62369935395862	300.960281120433	1.76689969484704	351.098997471314	1.84139759135484	401.243500594737	2.01041690972278	451.418452264191	2.09827973455468	501.532086596843	
0.0146853344340664	0.0823463069078084	0.0307385428815219	0.198858878425011	0.0297489440110367	0.304137087475051	0.0400153742679278	0.399093651965571	0.0473966625356816	0.596342505884067	0.0538940630425339	0.70123098055675	0.0649592756413268	0.802822574381384	0.0699555495211525	0.898672282180759	0.0733736526385164	1.00331770873048	0.100214736399022	1.99618007150229	0.127265719802882	3.00689492334452	0.151707919532634	4.01204345687351	0.171931432634844	5.00805147108578	0.211655334320068	6.01175436444659	0.229582948406099	8.0115503222758	0.236716872904026	9.0089665695957	0.257970937443566	10.001761471056	0.286658146694148	12.0079242214144	0.320891956228716	15.0481688216354	0.371648870853757	18.0329694633167	0.441214605426429	25.0239468279227	0.466876075330118	30.009482951559	0.570643066891621	40.0115274409818	0.691355292323225	60.0363700383792	0.760042650283411	70.0290007615017	0.803151171961975	80.0327986747717	0.861216983139694	90.0278319444501	0.903853857559268	100.000540094308	0.971201729313835	119.959237224292	1.13858559542111	150.0066064255	1.25219390850636	175.007150612534	1.27285158115088	199.999142964993	1.47177109887219	249.982038661017	1.62369847724647	300.959953294903	1.76682769277357	351.100517389683	1.84140572614322	401.244007234193	2.01040512503465	451.418064834018	2.09830132996946	501.534411177879	
0.0146278414313894	0.0820209333747141	0.03077212024438	0.199598290306475	0.0295238818369105	0.303759436188982	0.039960302367073	0.399568364521603	0.0475878563173749	0.596617304238187	0.0539543315312827	0.701086334526251	0.0647410125993153	0.802665704742673	0.0699685468698618	0.898301790436642	0.0734198692390921	1.00272026532724	0.100325768630083	1.99544129990506	0.127144925358348	3.00748514899814	0.151726592113744	4.0117640601144	0.171891865563964	5.00809198361585	0.211683061568517	6.01187776468186	0.229473836608759	8.0112746508068	0.236742049449112	9.0095858990784	0.257798378984259	10.0015798631625	0.286830986450708	12.0075665935627	0.321029320569544	15.0478624165229	0.37165319169866	18.0329620127364	0.441366856810221	25.0225628826426	0.466740410490011	30.010984243478	0.570358483338628	40.010644547223	0.691490472241129	60.0351704949601	0.760033070041637	70.0293062352917	0.803228920348128	80.0329327852161	0.861337926563826	90.0280256595364	0.903757052997698	99.9999738502096	0.971252687839353	119.958969003403	1.13854525254688	150.005310024537	1.25231221285335	175.006450257991	1.27257831673533	199.998755534821	1.47185614556772	249.981949254054	1.62367396261272	300.959536062409	1.76681840533962	351.097894785438	1.84131611409278	401.244275455082	2.01041686203906	451.418929101326	2.09828687938209	501.533397898965	
0.0145965692425225	0.0809671492075464	0.0311007780591631	0.198569760986986	0.0295618816810692	0.303475033571267	0.0400791947947903	0.399808412903808	0.0476790446982165	0.596501936659736	0.0537865768018139	0.700615900233093	0.0646680764471401	0.802157726510008	0.0699994270701506	0.898727986909607	0.0734766437053004	1.00340979324567	0.10039667480463	1.99578542358004	0.127118323406595	3.00747746558727	0.151790530217173	4.01130305546186	0.171941873104357	5.00823866691439	0.211792426630301	6.01189452848741	0.229490038254286	8.01069350554785	0.236749090209959	9.00966413017095	0.257578495880431	10.0017074543492	0.286884913220605	12.0071745067774	0.3209776104085	15.0465520457227	0.371750297394655	18.0327906493908	0.44142818604919	25.0231794181577	0.46673136378548	30.0105018184072	0.570632795457157	40.0096498947606	0.691480797004451	60.036425917731	0.760027044332176	70.0304461740688	0.803282523166197	80.0335064798948	0.861530786379747	90.0275562729811	0.903944112987718	100.000659303592	0.971268334154688	119.959393686477	1.1384817982859	150.007753814857	1.25231755780094	175.003022991079	1.27252509192363	199.998949249907	1.4719619497089	249.983469172424	1.62359434308309	300.959923492582	1.76696475650094	351.098669645783	1.84137986812904	401.243381385453	2.01077846068974	451.418184043302	2.09831799889736	501.531430945781	
0.0146658907622466	0.0812416637993332	0.0307805744487641	0.19918450661661	0.0295380091418405	0.303458066038916	0.0401376886163549	0.399220544660335	0.0475177935427314	0.596934128521491	0.0538421269164397	0.699906523503234	0.0646441915475145	0.802264362939737	0.0700462171180495	0.899217280484005	0.0732776915292374	1.00341188872136	0.100320299158853	1.99556632995477	0.127088339743985	3.00718083936134	0.151968541779716	4.01152331324029	0.172011205404867	5.00840537364733	0.211752541987152	6.01283702688815	0.229533391189276	8.01144787679745	0.236958788716422	9.00906435846138	0.257746621325764	10.0007444668528	0.286722220808507	12.0083768441641	0.320853881838011	15.0446512164382	0.371886510804131	18.0326248739804	0.441216976579532	25.022972664556	0.466954697448188	30.009974689855	0.570874893660348	40.0101975124084	0.691347106125831	60.0363774889595	0.760174580790646	70.0307367466983	0.803315631806043	80.0343856483635	0.861415962673358	90.0275562729811	0.90395826081958	100.000152664135	0.971230488796572	119.96040696539	1.13867551171717	150.00784322182	1.25247985790213	175.003470025894	1.27266289080211	199.998844941784	1.47214801588168	249.9827241144	1.62361071994823	300.95986388794	1.76712087368541	351.101828691806	1.84148905219701	401.242934350638	2.01092930866063	451.419465543104	2.09844691468722	501.533755526817	
0.0147017897413045	0.0815022813127369	0.0303297197122356	0.198911876497756	0.0296398544344718	0.303639208271075	0.0401090072191932	0.399543684474548	0.0473887298995898	0.596088080210298	0.0538507419296731	0.700158388040043	0.0646521721117951	0.802039506756308	0.0700146921194858	0.89841785650699	0.073283252351572	1.00237334768467	0.100197049657784	1.99569601661712	0.126993064236552	3.00724021117265	0.152036677420936	4.01228792903773	0.172062575091841	5.0085730117028	0.21173786016112	6.01186239786011	0.229419425661716	8.01196103551169	0.237071506361948	9.00966133620336	0.257976781600422	10.0001633215938	0.286740890409386	12.008127249726	0.320988260518727	15.0446428345354	0.371763514125128	18.0325000767613	0.441063736966445	25.0228702190776	0.46693643267577	30.0107234731695	0.570708993709265	40.0116429249756	0.691367156732572	60.0359602564658	0.760212600623316	70.0302524589825	0.803313253016095	80.0354361801777	0.861439885338115	90.0270719852653	0.90397488381581	100.002179221962	0.971386738470422	119.959967381156	1.13871206137858	150.006144489525	1.25248063924684	175.004751525695	1.27277891694198	199.998189290722	1.47225496495592	249.981889649412	1.62385950549281	300.959476457767	1.76706379307601	351.099653122375	1.84129880091085	401.244603280613	2.01082021399962	451.419018508289	2.09854619862158	501.532265410769	
0.0145195189990566	0.0806728221841172	0.0304329763951288	0.19862153669891	0.0297000778588489	0.303945205929963	0.0400367115753887	0.399451832789989	0.0473610641184308	0.595350007104972	0.0540042178804162	0.700171193724836	0.0647001019850234	0.802499230840367	0.070009856683934	0.899023740020661	0.0734026126233653	1.00248242883604	0.100505578390256	1.99586947543841	0.127036037442224	3.00724440212404	0.151811178706815	4.01172820419698	0.172000842700791	5.00744052350585	0.211806120972096	6.01137531617672	0.229338548526471	8.01128210138704	0.236882980243181	9.00999474966924	0.258074686429395	10.0010955754467	0.286699272644771	12.0082110687537	0.320942044896041	15.0452304990521	0.371831212993523	18.0330849473104	0.441203416674152	25.022147512794	0.466920790830784	30.0102540866142	0.570597866096222	40.0110617797166	0.691383808041009	60.0377036922427	0.760081581231865	70.0307739995995	0.80329050894297	80.0355032353999	0.861369471024124	90.026356729562	0.904095839774964	99.9999738502096	0.97144525397143	119.95916271849	1.13862389701669	150.005578245426	1.25230203976655	175.003589235178	1.27303179670285	199.997786959389	1.47219532152723	249.982604905116	1.6240577574569	300.959655271693	1.76714768712598	351.097447750623	1.84124971501892	401.244335059724	2.0107470235178	451.418780089721	2.09858699475304	501.533576712891	
0.0143906173041794	0.0804810279505171	0.0308540081411092	0.199264556698479	0.0296077676883219	0.30390978656998	0.0399450258799321	0.399992872972482	0.0475502319912124	0.595420263748358	0.054057265726273	0.699473400318949	0.064842526533196	0.801612961037394	0.0700405528519718	0.89901652227105	0.0734135075491917	1.00267253504756	0.100711557217629	1.99608670641862	0.127011232500667	3.00745651083034	0.151792556417123	4.01150468678969	0.171961944200195	5.00761654346409	0.211698047742037	6.01208265563855	0.229351488430039	8.0114860610212	0.236720150423169	9.01029742949161	0.257975731476008	10.0015696186147	0.286762261672286	12.0081458761766	0.32090329004322	15.0462437779651	0.372110233276551	18.0327571217797	0.441317082278006	25.022359854331	0.467158499512764	30.0092221812505	0.570600398871626	40.0107451300563	0.691341312260394	60.0374727242552	0.760030648783379	70.0307814501798	0.803431734686903	80.032962587537	0.861321073958745	90.026021453451	0.904108827641645	99.9996981787406	0.971474435288	119.958387858144	1.13875898827269	150.005265321056	1.25222496394664	175.00582440925	1.27303893855003	199.999128063833	1.47214393805668	249.982575102795	1.6240372878656	300.959714876335	1.76734791778383	351.100576994325	1.84140616300918	401.244186048119	2.01079515819178	451.419465543104	2.09877122703526	501.532980666472	
0.0143631623409821	0.0799085119768805	0.031034367279741	0.198746421229468	0.029610981571941	0.303603265042169	0.0399282082343705	0.399912808338698	0.0477261424754687	0.596187673513391	0.0542009505226933	0.699627068536462	0.0649167945639674	0.802444573849366	0.0701346907517869	0.898964542832324	0.0734203468969799	1.00249115998477	0.100574880050254	1.99634258728384	0.127091773259661	3.00695173401887	0.151822321553622	4.01171283737522	0.171894790501842	5.00840118269594	0.211699140465727	6.01252410251795	0.229499551161436	8.01106137794734	0.23673566305588	9.0097852020999	0.257982367035864	10.0011523861211	0.286881470577968	12.0074948817279	0.320987641392939	15.0462866188015	0.37220806337562	18.0321629380054	0.44142771900838	25.0233023527317	0.467153817742527	30.0105651483393	0.570696985745276	40.0112145166116	0.691334063124852	60.0372045033664	0.760223738208151	70.0302897118837	0.803362079234922	80.0314799220687	0.861355870940908	90.023659619514	0.904136739469498	100.000249521679	0.971565176011182	119.958201593638	1.13871623904136	150.005295123377	1.25237606374715	175.00458761293	1.27299344742355	199.999291976598	1.47213209972436	249.9827241144	1.62393404233529	300.959893690261	1.76728795371824	351.099951145585	1.84158080387376	401.244007234193	2.01103618620928	451.41934633382	2.09879085269697	501.532265410769	
0.014214254905829	0.07968528560788	0.030643070758797	0.198610666418751	0.0296596744399224	0.303254251923909	0.0399721574253588	0.399252093211052	0.0476592590381965	0.596543438719996	0.0542436295439353	0.70029936698808	0.0649014757540357	0.803292310182644	0.0702440364595232	0.899174847101215	0.0733336766879218	1.00289954491434	0.100524424840561	1.99612512347299	0.127216613538271	3.00683042925929	0.151765951275591	4.01152890117548	0.171773451329645	5.00761747478662	0.211858574488628	6.01207334241324	0.22951722381642	8.01168629536523	0.236929622207881	9.00969113852433	0.257953340318844	10.0003812510659	0.287103383560471	12.0075321346291	0.321075870016078	15.046210250354	0.372012304326324	18.0320660804622	0.441326604964043	25.0226299378648	0.467033288087554	30.0107812151664	0.57073059681619	40.0116168479447	0.691365266217589	60.0366755121692	0.760203529518134	70.0300140404147	0.803324921344205	80.0347134738942	0.861147151723044	90.025835188945	0.904007995304924	100.000756161135	0.971201267115902	119.959311730095	1.13876034804439	150.005310024537	1.2522920532062	175.003410421252	1.27287888983386	199.998904546426	1.47212481780627	249.982783719042	1.6239140423925	300.959804283298	1.76714379880765	351.099951145585	1.84164084542539	401.243858222588	2.01106623827754	451.418958903647	2.0987858325947	501.532444224694	
0.0143771399583645	0.0788302805932903	0.0302061506292815	0.197689908578325	0.0296314756162858	0.303299130028341	0.0399432321089932	0.399740688293552	0.0475876344676061	0.596562065170604	0.0542545229796456	0.700504374360079	0.064934510484706	0.802636833744231	0.0702920021362841	0.899276535880001	0.07330964114396	1.00223888799435	0.100527638107179	1.99582477195695	0.127220203484125	3.00731075885433	0.151652912984431	4.01186464294768	0.172025205863664	5.0070987281372	0.211815856037516	6.01179534263792	0.229412391792657	8.01181388655189	0.237043297590622	9.00980569119557	0.25789968450852	10.000337478907	0.287081306707213	12.0077482014561	0.321228690737733	15.0459541366582	0.371902650982367	18.0326584015915	0.441280202852742	25.0228087517906	0.466945802680203	30.0102466360339	0.570697434904692	40.0112703959634	0.691437998971824	60.0369437330579	0.760109228302174	70.0294254445755	0.803343056849047	80.0352573662519	0.861256326236226	90.0277574386477	0.9039036912683	100.00242509111	0.971294936129724	119.959401137057	1.13899707769971	150.007247175401	1.25233841955472	175.003589235178	1.27276291584804	199.99903865687	1.47231038452822	249.982485695832	1.62408322926908	300.959595667051	1.76693689472294	351.099891540943	1.84152211166302	401.244305257403	2.01106852691546	451.418809892042	2.09881896358629	501.533099875756	
0.0146423201177833	0.0782057488011405	0.0304322469178052	0.196821363007258	0.0296476081867804	0.303408735048635	0.0399137011768401	0.399464231021175	0.047658398921052	0.59604966315592	0.0541408282253949	0.700583536775162	0.0650000334634196	0.802243233559829	0.0702366055734702	0.898450394587896	0.0734403346394465	1.00270257019916	0.100329531769921	1.99646342638216	0.127081057267094	3.00724603193847	0.151686558467715	4.01192285060583	0.172258489485744	5.00711642326528	0.21176376734914	6.01199650830449	0.229441724207582	8.011801779359	0.236974411469295	9.00972466613542	0.257962145959257	10.0010005805486	0.287011776090291	12.0072909220937	0.321329126479465	15.0465883673014	0.372039291199518	18.0327720229402	0.441340452592803	25.022851592627	0.46698376756484	30.010311828611	0.570815941293381	40.0108233611488	0.691493924700486	60.0370256894406	0.760420033216128	70.0295744561804	0.803225070641855	80.032776323031	0.861480299737916	90.0276531305243	0.90403180011954	99.9991766381236	0.971541206407767	119.959155267909	1.13900400917858	150.006144489525	1.25255204054158	175.004691921054	1.27281622112601	199.998040279117	1.47248410695739	249.982396288869	1.62413454717452	300.960281120433	1.76696290770921	351.098967668993	1.84151306737993	401.243798617946	2.01113083624338	451.418720485079	2.09890771084551	501.532384620052	
0.0144124469269476	0.0781897926268505	0.0307241051231257	0.195443573186962	0.0296063709169141	0.304235080067544	0.0400712498943442	0.39967663076576	0.0477187056871588	0.595522243565434	0.0540223480825402	0.700768113259152	0.0650050375352958	0.802224723524538	0.0701592511775123	0.898923855679278	0.073486255658608	1.00278720413411	0.100247469803182	1.99626412336065	0.127190937425934	3.00665929874433	0.151763156434744	4.01219246847837	0.172019011081321	5.00765565901037	0.21176219231095	6.01183073289408	0.229421739165951	8.01156336079122	0.236947623657571	9.00930184570663	0.257898750333768	10.0005842793776	0.286865426363791	12.0087754502071	0.32128519167159	15.0471052513057	0.372235775024416	18.0324423347645	0.441505853093049	25.0218532148744	0.46707294386691	30.0098536179261	0.570913447347489	40.011195890161	0.691399311546759	60.037282734459	0.760419674712232	70.0308857583032	0.803390664374071	80.0343930989437	0.861443908773882	90.0277648892279	0.904243485887935	100.001441614517	0.971484843813148	119.958894497601	1.13904361988192	150.005667652389	1.25269241591232	175.0061075313	1.27306861633721	199.997935970994	1.47239085990837	249.982634707437	1.62405340843076	300.962218271297	1.76716568032473	351.099414703807	1.84156943220972	401.244037036514	2.01118762601821	451.419256926857	2.09894726790468	501.532444224694	
0.0142799109952789	0.077960578145018	0.0304551360953545	0.195303263626995	0.0295306997817414	0.303792090685203	0.040150110896655	0.400053263417811	0.047604729548343	0.596141514840479	0.0539147740879493	0.701030571589744	0.0651139461500638	0.802258483966264	0.0703447522470437	0.899282356645816	0.0733884546168042	1.00309081527902	0.100341914466103	1.99541824967244	0.127191774975968	3.00737874539905	0.151754561869862	4.01173612043848	0.171918267872171	5.00782236574331	0.211705107734696	6.01196856862857	0.229538631866563	8.01133704941634	0.237033220040054	9.01053677938192	0.257763878721473	10.0009745035178	0.286722903488328	12.0083712562289	0.321214044200093	15.0469003603491	0.372295144140773	18.0321964656164	0.441541769938221	25.0219351712571	0.467059761781637	30.0097977385743	0.570912065969097	40.0113672535066	0.691420939985658	60.0370033376999	0.760193676454141	70.0307739995995	0.803457753764599	80.0342515379191	0.861400797182408	90.0268708195988	0.904288691526211	100.001858847011	0.97139173845612	119.959989732897	1.13896338169217	150.007694210215	1.25277636062624	175.003395520091	1.2731964256751	199.997682651266	1.47229534508305	249.982813521362	1.62409129551213	300.96078775989	1.76726745730485	351.100278971116	1.84153759989508	401.244037036514	2.01128821458998	451.418362857228	2.09903860655733	501.533099875756	
0.0144361549647784	0.0775780374156644	0.0302371674371339	0.194476292875761	0.0294456603883651	0.303808476140972	0.0398902921277546	0.399359835586285	0.0476359284093832	0.595654840610697	0.0538902311070602	0.700896810391318	0.0651590167552978	0.801752310171002	0.070312279831484	0.89886215556164	0.0733388885407747	1.00307696185638	0.100404445719468	1.99538332507755	0.127155218105549	3.00687583123264	0.151689232376324	4.01246860560863	0.172113347128745	5.00789594022321	0.2116452683179	6.01236996863917	0.229752787042594	8.01164531717389	0.236957535060189	9.01023223691448	0.257667733929189	10.0006317768266	0.28668840806842	12.0077174678126	0.321329615872017	15.0462419153201	0.372227971117476	18.0331743542733	0.441550356307464	25.0224734756797	0.467050358994649	30.0106024012405	0.570726769834188	40.0112331430622	0.691577201207908	60.0364482694718	0.760056774404379	70.0310049675871	0.803363386852564	80.0320461661671	0.861466909146983	90.0251348344021	0.904165084307055	99.9987445044695	0.971424103880176	119.961479848945	1.13891806788951	150.006084884883	1.25271395742099	175.004423700165	1.27328877068	199.997369726895	1.47238480216141	249.984095021164	1.62403048453671	300.959536062409	1.76720104631006	351.100457785041	1.84164354708741	401.244126443477	2.01145242606778	451.417886020092	2.09912999885416	501.53321908504	
0.0144696105972284	0.0772610166815145	0.0304864068894232	0.194097259157811	0.0295580261365679	0.303376953667286	0.0398566721015908	0.399047056735223	0.0476420405135639	0.595924691313875	0.0539707826344722	0.700284349412277	0.0650814637635316	0.801937992600497	0.0703442783551914	0.899473801633467	0.0733707749769012	1.00253574705091	0.100408046352248	1.99575678541223	0.126986064710013	3.00674963702978	0.151685599845745	4.0124141232406	0.172025730032381	5.00867825114873	0.211568025715577	6.01172549344815	0.22973616222155	8.01191074409505	0.236999737398524	9.0088501542794	0.257943521434391	10.0007994148821	0.28668587752819	12.0080117657322	0.321315025679393	15.0466246888801	0.372155187513028	18.0334146354862	0.441512852503173	25.0223449531705	0.466952349205621	30.0107197478793	0.57057715013226	40.0113113741548	0.691588565421361	60.0364929729532	0.760126397687899	70.0305355810318	0.803394134583857	80.0337970525243	0.861495684275939	90.0261481133152	0.904088519727941	99.9981410074698	0.971456127674743	119.959565049823	1.1391839237271	150.007798518339	1.25266250689522	175.005064450066	1.2733992608755	199.99750383734	1.47237584132482	249.982753916721	1.62389043427321	300.959416853125	1.76725257879222	351.098997471314	1.84167309076413	401.244275455082	2.01152870739386	451.41904831061	2.09923862386665	501.533815131459	
0.0142133224438396	0.0776412218285848	0.0305852050124546	0.192917782828828	0.0296419134257085	0.303512926756722	0.0400064845407271	0.399315190312485	0.047527197883864	0.596113924410516	0.0540230127121659	0.700943027271889	0.0650200034758327	0.802631944300946	0.0703556899322183	0.899044869400569	0.0732848399859003	1.00241316172285	0.100354539847484	1.99649369436439	0.126894382012251	3.00726070026832	0.151700023619756	4.01142179908448	0.172043262206086	5.00843424464577	0.211622319641936	6.01220931550268	0.229658886650408	8.01159595707978	0.237156346545425	9.00936331299364	0.258107154392068	10.0015603053894	0.286920362373041	12.0073859169918	0.321318232845848	15.0463853389898	0.372027715631138	18.0325671319835	0.441594906460537	25.0226243499296	0.466989938877854	30.0099895910155	0.570523708005169	40.0114045064078	0.691697251156084	60.0364817970829	0.760215375301029	70.0297905230074	0.803567255489239	80.0351754098692	0.861608589900197	90.0271390404875	0.904074509117728	99.9995491671357	0.971548325027182	119.958454913367	1.13914660911225	150.008051838067	1.25279635013821	175.003589235178	1.27330058070011	199.99750383734	1.47238916906895	249.981353207635	1.62400860599987	300.960042701866	1.76733356852437	351.098550436499	1.84181550715159	401.243470792416	2.01147095448015	451.41904831061	2.09929188891148	501.53321908504	
0.014003087814989	0.0767810072285908	0.0302736959560587	0.192988985346659	0.029589336316848	0.304050823725674	0.040063952460995	0.399891387920499	0.0477466143601567	0.596105135054136	0.0540166420524653	0.700984994993414	0.0649811287181422	0.802570535221599	0.0702554747946118	0.898478334263807	0.0732124708025358	1.00305670559134	0.100241978166475	1.99661080817259	0.127049215685792	3.00733869853024	0.151641778705791	4.01179432809663	0.172039891228722	5.00803796690909	0.211832915209947	6.01173387535092	0.229827437413299	8.01092726750297	0.23712951747611	9.0093530684458	0.258027805356355	10.0015165332305	0.286835901127257	12.0084420367413	0.321483319080021	15.046255885158	0.372142031504787	18.0330979858259	0.441601541834129	25.022208980081	0.467000839962052	30.0101181135247	0.570545112795683	40.0110878567475	0.69173364137506	60.0363774889595	0.760279182367369	70.0306398891551	0.803420674588108	80.0321504742905	0.861697430422642	90.0277648892279	0.904175444534393	100.002007858616	0.971533782183579	119.960637933378	1.13909783614472	150.004654373476	1.25284654248211	175.00643535683	1.27332508788329	199.997995575636	1.47240724273397	249.982515498153	1.62425092077339	300.960698352927	1.76732519829763	351.100398180399	1.84198967836765	401.243440990095	2.01136768510799	451.419465543104	2.0991874341112	501.531848178275	
0.0141195617464045	0.076194914318691	0.0301321097699198	0.192312845189603	0.0295313694259572	0.303916858800445	0.0400134430890724	0.40021554636873	0.0477911649497877	0.596251643729696	0.0539984740153606	0.700766425237065	0.0651174066915569	0.801759120467006	0.0703318735895769	0.898465936032621	0.0732813911965337	1.0027950039603	0.100318077622723	1.99504432367649	0.127071273283955	3.00731518263635	0.151751128447318	4.01196429445843	0.171991228000081	5.00809058663206	0.211968390432775	6.0121287561038	0.229964935902411	8.01155311624339	0.2369512460833	9.00945737656921	0.257999191011509	10.0011691499266	0.286711083409937	12.0083377286179	0.321430530109826	15.046638658718	0.372225986035418	18.0325615440484	0.44171272830676	25.0222015295008	0.466958043047011	30.0106247529812	0.57074805789215	40.0098100822358	0.691787343285852	60.0359602564658	0.760304640023444	70.0307218455378	0.80342319283488	80.031979110945	0.861615774084722	90.0257830348833	0.904182870248697	100.000510291987	0.971443110750797	119.960131293921	1.13927571835528	150.003894414291	1.25262149618703	175.005898915053	1.27338816961523	199.999277075438	1.4725094983033	249.983141346893	1.62423954612912	300.960757957569	1.7672766088763	351.099712727017	1.84192631053341	401.245020513106	2.01132726027737	451.418988705968	2.09929012356625	501.532682643262	
0.0140701501273132	0.076910228229681	0.0304278184149301	0.191084183389484	0.0294831661688066	0.303917237150223	0.0400446651953424	0.399496419856131	0.0476399854658967	0.596011537139833	0.0540053265355424	0.700453326243883	0.0650700917968187	0.801970821719693	0.0703545762363083	0.898813144713479	0.073484488322679	1.0022706693757	0.100505219080187	1.9949151026754	0.127222929896045	3.00733148078063	0.15177572508403	4.01156149746404	0.172184085208299	5.0076472771076	0.211905761530237	6.01314017237179	0.230036983648518	8.01185020813058	0.237105445855039	9.00905318259102	0.257961664296682	10.0012697327599	0.286689500698977	12.0081598460146	0.321376425885144	15.046531556627	0.372214364832232	18.0328130011316	0.441719460482601	25.0230918738398	0.466928299563763	30.0102000699074	0.570871887883668	40.0106967012847	0.691724733941089	60.0367760950025	0.760399076094915	70.029961886353	0.803481504320941	80.0354883342394	0.861589902528524	90.0230188696131	0.904166440484436	100.001098887826	0.971547883690876	119.958320802922	1.13930735248448	150.005876268636	1.25269587034493	175.003395520091	1.27320941218263	199.999694307931	1.47250004993681	249.98212806798	1.62427688309571	300.960281120433	1.76737491477061	351.098908064351	1.84192507146111	401.243768815626	2.01159102268225	451.418899299005	2.09936458292269	501.533874736101	
0.0139386417682287	0.0755002350225147	0.0306495050816805	0.191110857048831	0.0294888770388486	0.30365195574821	0.0399868943216598	0.399676019585349	0.0477625563733214	0.595846576636639	0.0539968657289545	0.700933131970003	0.0650769116333985	0.801984558727016	0.0702158517861687	0.899078222388688	0.0735642431996673	1.00280350227839	0.100454924631321	1.99536376730441	0.127300268703991	3.00701389979777	0.151654947054057	4.01198757752169	0.172295808012141	5.00682398799074	0.211848167220766	6.01155413010256	0.229891961432132	8.01142831902431	0.237228836931691	9.00978147680978	0.257704494424558	10.0013721782383	0.286550078726062	12.0085789411532	0.321318465062402	15.0463369102182	0.372221866859688	18.032826039647	0.441643085465466	25.0228664937875	0.46682281009902	30.0100808606235	0.570743835898406	40.0111027579079	0.691637202526403	60.0367015892	0.76055323693737	70.0299469851926	0.8035849474226	80.0356075435233	0.861658731318212	90.0259469476486	0.904203103656595	100.002812521282	0.971644010601766	119.958842343539	1.13913064676133	150.008513774042	1.25286319054838	175.00366374098	1.27314875793134	200.001422842548	1.47253188821191	249.982068463338	1.62424795387069	300.963082538605	1.76750090362898	351.098669645783	1.84187639859328	401.24391782723	2.01176559202125	451.419435740783	2.09929737568203	501.53292106183	
0.0140994124478477	0.075325328285735	0.0302029611870676	0.190930806210262	0.0294516767060204	0.30276245542021	0.040095119304911	0.399724884914365	0.0478082066948439	0.596364450171189	0.0538927137074602	0.701081910744231	0.065150141667324	0.801827456257672	0.070145863546436	0.898649697609397	0.0734305220996287	1.00305728766792	0.100279566115761	1.99589788077558	0.127193155911981	3.00721180583548	0.151810261854662	4.01180177867688	0.172348261994334	5.00751735761461	0.211710805906737	6.01183026723281	0.229792388712108	8.01125881832378	0.237077094591358	9.01062246105471	0.257740275817593	10.0005349192834	0.286489669412609	12.0078580975147	0.321326146221025	15.0468323738043	0.372371950435931	18.0326565389465	0.44144227893302	25.0232222589941	0.46687895463319	30.010248498679	0.570800700924094	40.0108866910809	0.691630691018715	60.0358783000832	0.760379914866309	70.0305802845132	0.803733820425013	80.0339013606477	0.861600141311397	90.0274966683392	0.904358992329446	99.9991617369631	0.971690795320751	119.961658662871	1.13897082752304	150.00599547792	1.25282586848296	175.003991566511	1.27330680709212	199.998904546426	1.47263872403732	249.982366486548	1.62413417464549	300.964006410555	1.76742852727444	351.099384901486	1.84188777025731	401.243888024909	2.01181483288526	451.418154240981	2.09935883810013	501.532205806127	
0.0139811836958779	0.0752697326962457	0.0298119571101447	0.1901443479891	0.0294301958817485	0.303839442615107	0.0400912971192206	0.399293216921534	0.0477020230950117	0.596365381493719	0.0539905618101585	0.700307690683195	0.0651653611749849	0.801972742572412	0.0701874456006502	0.898922982564405	0.0733100105705212	1.00309209584749	0.10041845080286	1.99630417022946	0.126984620444064	3.00754987591401	0.151923742227187	4.01159269676881	0.172344117533196	5.00803470728024	0.211614892772212	6.01144469970524	0.229883511260084	8.011801779359	0.237010556153805	9.00980196590545	0.257858022878612	10.0008599508465	0.286800762049943	12.0074036121199	0.321363470428488	15.0464831278554	0.372524460616803	18.0332320962702	0.441400927098836	25.0229205104943	0.466992148353356	30.0106322035615	0.57063624940663	40.0114901880806	0.691724065976164	60.0366345339778	0.76036785288561	70.0306920432169	0.803697331727407	80.032716718389	0.861655378213508	90.027645679944	0.904342695930579	99.9984166789388	0.971632332587902	119.959661907366	1.13907320677201	150.00538453034	1.25283906211664	175.003931961869	1.27338189553951	199.998353203488	1.47255223263346	249.983260556177	1.62422454244674	300.960728155248	1.76748345931683	351.100308773437	1.84185497182355	401.244454269008	2.01164789292334	451.418631078116	2.09939154414669	501.532563433978	
0.0136522948185107	0.0740614144726503	0.0300872409881139	0.188527048207437	0.0295109866193643	0.30310861636322	0.0398068495160403	0.399324561745447	0.0477127705546403	0.595756412974167	0.0540262699546723	0.700202916898527	0.0653043107461638	0.801730191260906	0.0702544648451254	0.899482882028138	0.0733575574548029	1.0028342359219	0.100371628752388	1.99613490235956	0.126865462109198	3.00769516222874	0.152014602849419	4.01248117846279	0.172375902722915	5.00850595648061	0.211640749482549	6.01208358696108	0.229869446781594	8.01147488515083	0.237165663091942	9.00942105499052	0.257760609808331	10.0018313202457	0.28701876087865	12.007928878027	0.321334177501641	15.0461003542955	0.372411730584686	18.0327589844248	0.441516207787751	25.0228981587535	0.466919868111299	30.0103863344135	0.570522426464559	40.0105774920008	0.691728535218587	60.0374168449034	0.760518341476578	70.0310198687475	0.803656019139738	80.0342962414005	0.861820330671924	90.0265802469693	0.904267517462134	100.00214196906	0.971602455608294	119.958298451182	1.13917450814316	150.006457413895	1.25290212596719	175.005392275596	1.27328130696774	199.999247273117	1.47249497321013	249.982873126004	1.62437691857246	300.960370527396	1.76743667696399	351.099742529338	1.84197644599096	401.243888024909	2.01156600561742	451.418958903647	2.09934608729287	501.532384620052	
0.0137565054747653	0.0733262881300179	0.0300816752734284	0.187340776134365	0.0294718457653507	0.303434433729708	0.0398571066799881	0.399248746270708	0.0477930343819553	0.595747216164179	0.0538999876511076	0.701102050593951	0.0653194651601968	0.802526413816723	0.0703194806372049	0.899613674635998	0.0733905290592644	1.00281002153611	0.10032145272119	1.9953993903912	0.126892985499867	3.0075834035251	0.152005966933814	4.01243833762639	0.172313556747446	5.00896183885923	0.211707132165133	6.01218789508448	0.229741028990286	8.01099152875757	0.237207859880174	9.01036821000392	0.257670677027857	10.0007593680133	0.287060433498165	12.0072965100289	0.321402378521707	15.0462111816766	0.372196822413978	18.0331594531129	0.441399981468816	25.023281863636	0.466993784672572	30.0101851687469	0.57045488940473	40.0106482725131	0.691624580372633	60.0378676050081	0.760439727554147	70.0304461740688	0.803572075784977	80.0347209244744	0.861958021386019	90.025283846007	0.904309146961414	100.001940803394	0.971688296314525	119.959363884156	1.13919146641552	150.005131210612	1.25301322290188	175.004006467671	1.2733928139463	199.998308500006	1.47256415441228	249.982277079585	1.62444009865207	300.960668550606	1.76736356396821	351.098729250425	1.8420015196802	401.243262176169	2.01165291302561	451.418452264191	2.09940788524904	501.532861457188	
0.0138262146378663	0.0742718424328153	0.0297449101733773	0.187587634812574	0.0292581003712535	0.303575820131351	0.0399571264581327	0.399495139287652	0.0476670877357796	0.595563512795062	0.0539284521257787	0.700674398929532	0.0651463807248221	0.803057093036065	0.0703131676147303	0.899079270126535	0.0733834233270256	1.00338150432381	0.100518830115176	1.99522895836814	0.127094450660729	3.00746256442678	0.151875512604876	4.01185672670617	0.172102800674722	5.00876858943418	0.211729903479443	6.01184842802216	0.229924776443434	8.01069629951544	0.237082593841628	9.01019964062592	0.257770016413742	10.0009884733557	0.287066794559422	12.0073505267357	0.321463719588473	15.0467094392303	0.372204141584978	18.0327273194588	0.441436418440185	25.0227100316024	0.467154691846972	30.0109190509009	0.570580108225222	40.011289022414	0.691595292754325	60.0374317460638	0.760366335030626	70.0299544357728	0.803405304951246	80.0335064798948	0.862162260316554	90.0247101513283	0.904411321802543	99.9988264608521	0.971607800817808	119.959416038218	1.13916377328257	150.009214128585	1.25285362446271	175.003827653745	1.27360919172948	199.999128063833	1.47257138566643	249.9827241144	1.62436955916832	300.961204992383	1.76744573316801	351.100129959511	1.84215382428034	401.243619804021	2.01178030486906	451.41782641545	2.09952246370035	501.533040271114	
0.0137391664580897	0.0739124610754476	0.0298902842041438	0.186765116947189	0.0294871531141938	0.302701308275325	0.0398274857064028	0.399872703262234	0.0475862420297586	0.596844023066676	0.0539826544652957	0.69980035273477	0.0650722871220379	0.802754937082615	0.07014108513111	0.898685378903842	0.0733823665174635	1.00258091619363	0.100533168999133	1.99508553469846	0.127181151184338	3.00675103401357	0.151780023064963	4.011782686565	0.172135611029411	5.00808313605182	0.21184194719958	6.01236344938146	0.229968358894142	8.01142925034685	0.237090876058381	9.00923199651686	0.257879163880736	10.0009074482956	0.287147179880677	12.0084001272274	0.321392564666396	15.0465790540761	0.372328836795546	18.031782958413	0.44145869342359	25.0227864000499	0.46726320422473	30.0103677079629	0.57077492052691	40.0117584089693	0.691824536828757	60.0369176560271	0.760470038288516	70.029745819526	0.803513803041935	80.0308242710073	0.861999618847801	90.0254030552909	0.904433598462328	99.9988860654941	0.971594009385633	119.960906154267	1.13914667020702	150.007440890487	1.25281988971216	175.004662118733	1.27354162090048	200.00181027272	1.47249959816969	249.982098265659	1.62430638504918	300.960847364532	1.76757713727135	351.100308773437	1.84224110000914	401.243977431872	2.01180526530947	451.418333054907	2.09961120499911	501.532384620052	
0.0139079717652653	0.0729720654263536	0.0300607027344631	0.185608647195089	0.0297235053161076	0.303865519645958	0.0396709259225091	0.398865914503064	0.0475150798957519	0.596785757200869	0.0540269227914255	0.700495759626674	0.065104206544446	0.801883859478419	0.0701258050933018	0.899145394026192	0.0732864602747265	1.00212643079881	0.100408737204426	1.99566947392501	0.127109506404047	3.00697175745327	0.151871258349538	4.01119828167719	0.172260496081354	5.00751409798575	0.211880614368379	6.01222701063076	0.22989308461007	8.01156522343628	0.237065877526874	9.00910626797525	0.257978789220487	10.0005507517665	0.287233828529617	12.0082073434636	0.321443298519074	15.0462838248339	0.372325412406832	18.0319207941475	0.441427564650395	25.0225721958679	0.467110429789808	30.0101609543611	0.570784472829006	40.0117323319385	0.691814074286899	60.0369511836382	0.760621257429287	70.0295893573409	0.803680004389372	80.0331861049443	0.861964115771787	90.0257308808216	0.904271150970602	100.002186672542	0.971774253249814	119.959267026613	1.13914701889419	150.003954018933	1.25301982059474	175.006241641744	1.27353998519535	199.999977429981	1.47258913869455	249.982545300474	1.62446884012245	300.959744678656	1.7678032748553	351.099027273635	1.84221151460917	401.244245652761	2.01162407320757	451.420359612733	2.09963793376498	501.533397898965	
0.0138849904588149	0.0731377171454877	0.0299035704200138	0.185779690398559	0.0294242361215678	0.304319888625467	0.0396015159700697	0.397201990387224	0.0475728900683375	0.59621316846766	0.0540878422018956	0.700663106643851	0.0651622231417697	0.801520760106887	0.0700163955375817	0.899573569559534	0.0732146116133717	1.00211222813022	0.100408512578151	1.99564199991036	0.12706837153601	3.0067740842462	0.152003569153619	4.01140503527893	0.172179967988347	5.00789221493309	0.211958599348301	6.01226892014462	0.230004957580945	8.01151400069711	0.237041331507545	9.00900289117438	0.257992614497504	10.000995923936	0.287172670412439	12.0081533267568	0.321524292069643	15.0457986057956	0.372303155118557	18.0316674744192	0.441561068761005	25.0222145680162	0.467053782079511	30.0104776040214	0.570648319582969	40.0112964729943	0.691786337678657	60.0369213813172	0.760672611097512	70.0299171828716	0.803746850145911	80.0354808836592	0.862135941725514	90.0264163342039	0.904312766927871	99.9998471903454	0.971790049321821	119.958194143058	1.13921284103118	150.005116309451	1.25299049596509	175.003902159548	1.2736171012484	199.997339924574	1.4725564237073	249.982277079585	1.62440983025505	300.958671795101	1.767698781312	351.098043797043	1.84214701499099	401.243500594737	2.01180282765993	451.41997218256	2.09965794264847	501.533397898965	
0.0136840310592273	0.0727484170518316	0.0296270851257358	0.185768732806913	0.0291348106894361	0.304107314257908	0.0395318643859875	0.395680645930019	0.0476701646218459	0.59662696670944	0.0539705083454207	0.700753503136956	0.0652522211555695	0.801940379114481	0.0702540912741781	0.898671118027596	0.0733864864033266	1.00230931926071	0.100636418324578	1.99486876937951	0.127089315222895	3.00652099734857	0.151765172250447	4.01249794226834	0.172172684114472	5.00797137734817	0.211873073644469	6.0126009366267	0.23005198099791	8.01194334038361	0.237114735206937	9.00938287076678	0.257947587245337	10.0010685670933	0.28712270240669	12.0076112970442	0.321435618757435	15.0457743914098	0.372260355223284	18.0322039161967	0.441671301966769	25.0226448390253	0.467156060745642	30.0108724847743	0.57067066329798	40.0106855254143	0.691940025147309	60.0370927446628	0.760712446939357	70.0294626974768	0.803750979379925	80.0351158052273	0.862079642591794	90.0277946915489	0.904460413654936	99.999035077099	0.971701704655887	119.959430939378	1.13923122043194	150.007768716018	1.25303172300205	175.005451880238	1.27337857521736	199.999724110252	1.47261687530279	249.982575102795	1.62447581928504	300.958165155644	1.76752301935623	351.100338575758	1.84214338297264	401.243440990095	2.01198475342284	451.419703961671	2.09955473884142	501.533159480398	
0.0136320621978715	0.0717513125917862	0.0295708366152227	0.18436712150252	0.0291940163441294	0.303222325023414	0.0394739879032369	0.394642599658423	0.0476061064913109	0.596014505730398	0.0538554496867184	0.700829289507866	0.0652377854198842	0.803052320008097	0.0704644079954771	0.898710408196846	0.0733682407463053	1.00286694862578	0.100774383435406	1.9953758744973	0.127200448866251	3.00704183947368	0.151550549661077	4.01231633437491	0.172346642671755	5.0077944260674	0.211905230097204	6.01163329251764	0.22999107428253	8.01164904246402	0.237055047912952	9.01053677938192	0.257863943162356	10.0007742691737	0.287008754201731	12.0079512297677	0.32156271123597	15.0458684549854	0.37236151788266	18.0323901807028	0.441601334018228	25.0220134023497	0.46718091097276	30.0102075204876	0.570770434520681	40.0111437360993	0.691949323998696	60.0373274379404	0.760647371129358	70.0299320840321	0.803762465782901	80.0339386135489	0.861964569159988	90.0280182089562	0.90465670804882	100.00059969895	0.97154295014631	119.959907776514	1.13933925930493	150.005131210612	1.25319539777611	175.00579460693	1.27344946961067	200.000186046227	1.47274099152758	249.982873126004	1.62462059758804	300.961026178458	1.76782012732942	351.098759052746	1.84213147609498	401.244275455082	2.01198308940551	451.418154240981	2.09957666804221	501.532146201485	
0.0138143876953392	0.0720332195561579	0.0296748229617075	0.18360135610383	0.029332786056547	0.30250462459844	0.0395384783915494	0.393205219748098	0.0476477896755163	0.59527649083273	0.0538648243652268	0.700305711622818	0.065144323715557	0.803163554842819	0.0703745925121712	0.89873922098763	0.0733573648078181	1.00248696903338	0.100628932190721	1.99697053149995	0.127150636010111	3.00722205038331	0.151640615341284	4.01205928935653	0.17234936342589	5.00787172583742	0.212023176825052	6.01223539253353	0.229873059707832	8.01172541091151	0.236993943998749	9.00994073296247	0.2578746264655	10.0008068654623	0.286963464465026	12.0083749815191	0.321788028676884	15.0459671751736	0.372422259622976	18.032060492527	0.441623126687132	25.0223654422662	0.467111099803642	30.0102820262901	0.570761395080466	40.0105886678712	0.691632159327336	60.0371113711134	0.76046901778016	70.0308559559822	0.803654735978046	80.0312117011799	0.861935340773795	90.0269900288826	0.904712282593202	99.9996460246789	0.971614357401509	119.95978856723	1.13937274371597	150.006800140586	1.25335354379445	175.002307735376	1.27374074186421	199.997846564031	1.47270920689665	249.982396288869	1.62457629039956	300.962993131642	1.76801242585468	351.099355099165	1.84216790058663	401.243828420267	2.01185927593623	451.419376136141	2.09977813900056	501.531967387559	
0.0137678282967523	0.0715111696221363	0.029725851992711	0.182628080403839	0.0292218294779842	0.302486871262705	0.0396143093096641	0.392050379810426	0.0476218479936355	0.595487318970545	0.0538829691250871	0.700757053804103	0.0652874222415057	0.802358717553596	0.0702032134885077	0.898131940490164	0.0735276177606227	1.00298627432498	0.100495534600132	1.99626295920749	0.12714190650532	3.00584136473202	0.151705882343077	4.01195172160427	0.17206263464992	5.00797743094462	0.211946552035932	6.01223399554973	0.22968844355191	8.01161272088533	0.237107472846614	9.00924689767734	0.258033545857007	10.0009549457446	0.286986248398757	12.0079093202539	0.321659299972265	15.0463192150901	0.37245745970192	18.032488900891	0.441636927004703	25.0230602088738	0.467073779042072	30.0105968133053	0.570724806917608	40.010398678075	0.691697923218828	60.0365823799161	0.760556054214358	70.0313327931178	0.803749228059837	80.032165375451	0.86185075255091	90.0270421829443	0.904617148009426	100.000569896629	0.971770513198042	119.960287756106	1.13929770593254	150.006844844067	1.25325099020189	175.004662118733	1.27389431533898	199.999157866154	1.47264786964831	249.981859847091	1.6246488783506	300.96016191115	1.76792723908824	351.100845215214	1.84228662242806	401.243500594737	2.01191609551338	451.419614554709	2.09972708808784	501.533159480398	
0.013564830442319	0.0710427871489278	0.0294903139355307	0.18241736868134	0.0290475133335786	0.301692220313658	0.0396114834092118	0.390750806530768	0.0476916437260814	0.595567179877525	0.0540103424468568	0.700316421831917	0.0653438089690221	0.802378158911418	0.0701770561268696	0.898225829442758	0.0734043610418045	1.00318813848344	0.100487347960359	1.99627483356975	0.127260313801286	3.00638525708977	0.151893289847386	4.01143576892244	0.172134863622669	5.00873599314561	0.211998187187676	6.01202072269028	0.229771909062518	8.01141900579901	0.237107909712572	9.00942571160317	0.257984893664539	10.0008972037478	0.287061074361602	12.0077090859098	0.321411689200891	15.0463275969929	0.372553359611664	18.0330067162179	0.441826663193806	25.0219947758991	0.467110919554889	30.0098107770897	0.570712106401777	40.0100745778344	0.691848602675627	60.0372752838787	0.760521111683942	70.0306026362539	0.803945919086543	80.034311142561	0.861794788824287	90.0273402061541	0.904480956523863	100.002790169541	0.971673247183597	119.95978856723	1.13936701975503	150.004922594365	1.25334409867011	175.00580950809	1.27381568428021	199.998755534821	1.47278426703183	249.98212806798	1.62474498799419	300.958582388138	1.76791603729744	351.09917628524	1.84215059634539	401.244066838835	2.01190032836767	451.41812443866	2.0996115524581	501.533457503607	
0.0135709386691416	0.0713514114283897	0.0292748254358989	0.181799916395613	0.0290692620004031	0.300210544375481	0.0395452786267043	0.388867497751365	0.0477272706418033	0.596274693962323	0.053971906016137	0.700419216556208	0.0651702775744805	0.802830956284157	0.070231262636963	0.899583814107368	0.0732331637046232	1.00303772989478	0.100560169586052	1.99565433993389	0.127227934678054	3.00730586941105	0.152019469478457	4.0115633601091	0.172099000747641	5.00811433535658	0.212005544403204	6.01120814378252	0.230095644287418	8.01186790325865	0.237210041378166	9.00901686101234	0.25794235029334	10.0011421415732	0.28706633319968	12.0074166506353	0.321304593778049	15.0463518113787	0.372536007314183	18.0337256972113	0.441755010311009	25.0222965243989	0.467213456514605	30.0098964587625	0.570760171412821	40.0114566604695	0.691766266955348	60.0375397794774	0.760547317026156	70.0300289415752	0.803937963243057	80.0342887908203	0.861764296909842	90.0275786247218	0.904340279142669	99.9998471903454	0.971718056934108	119.959617203885	1.13933551999821	150.006144489525	1.25332844626335	175.003172002684	1.27360287742062	199.998606523216	1.47285243145092	249.982604905116	1.62449290596932	300.960102306508	1.76798959609988	351.100278971116	1.8421228090732	401.244543675971	2.01182584218914	451.41720056671	2.0997612358625	501.532742247904	
0.0136362327971601	0.0709725814372431	0.0296344855764656	0.179976328673471	0.029198229400089	0.299745290563898	0.0396582537538229	0.386889659735129	0.0476647059888824	0.59664361409967	0.0538395597344866	0.70056723863088	0.0652433005957703	0.802470243426609	0.0703166927696361	0.900207509164432	0.0732973199616346	1.00266892617275	0.100580845572993	1.99580451569191	0.127254860325521	3.00635033249488	0.151863714459131	4.01160387263917	0.172077176320637	5.00807987642296	0.212098930862487	6.01184935934469	0.230004676842485	8.01204764850702	0.237224250901415	9.01016704433736	0.257814329786781	10.0012334111812	0.286955921738772	12.0087689309494	0.321430983646459	15.0466507659109	0.372510848557358	18.0329284851253	0.441694019217803	25.0228460046918	0.467146313107366	30.0105781868547	0.570807165493124	40.0121793667531	0.691570409799951	60.036150246262	0.76048950897815	70.0305802845132	0.803855201460161	80.0342664390796	0.861789331856062	90.0273402061541	0.90444707846023	100.000510291987	0.971794160805406	119.960280305526	1.13937243052965	150.00538453034	1.25318927718235	175.003335915449	1.27369315905707	200.000737389165	1.47271102290583	249.98242609119	1.62447845117353	300.963678585024	1.76792741194171	351.099116680598	1.84231381786222	401.244394664366	2.01196743428044	451.420091391844	2.09988133088668	501.53232501541	
0.0136545039622339	0.0701598715622557	0.0298452586880277	0.179999189731209	0.0291844210818742	0.29913053038236	0.0396257651448918	0.386631392355923	0.0476701899479998	0.596373705188834	0.0540762463830703	0.700660720129867	0.0651532737109706	0.802339334403433	0.070204901010091	0.899446618657112	0.0735733729432484	1.00245553689798	0.100605239748908	1.99515258992065	0.127207478590925	3.00723043228609	0.151707222417312	4.0121933998009	0.172130611276543	5.00805845600476	0.21211775663743	6.01231176098102	0.229875576650752	8.01156708608134	0.23720153728254	9.00992955709211	0.257760036000119	10.0007481921429	0.286902527109134	12.008387088712	0.32152080714496	15.0465418011749	0.372417390525934	18.0330029909278	0.441737957471572	25.0222946617538	0.467005421335714	30.0097791121237	0.570933437231998	40.0113858799572	0.691626611331063	60.0357479149289	0.760578652870194	70.0304461740688	0.803886087027196	80.0346389680917	0.862002860938852	90.0248144594517	0.904415598819983	100.00153102148	0.971719884119155	119.959535247502	1.13953884868899	150.005578245426	1.25309316008818	175.004989944263	1.2738521284053	200.002659638868	1.47281880398872	249.982366486548	1.62462193798824	300.961264597025	1.76784186281511	351.099682924696	1.84223523299705	401.243530397058	2.01193390814615	451.418839694363	2.10003047013676	501.532503829336	
0.0135836100614993	0.0696930097641164	0.0293661327408141	0.180495308153525	0.0291820824726773	0.297505518085993	0.0393398469484395	0.385452512655436	0.0475901365268272	0.596552577322326	0.0542440692271443	0.700450008407369	0.0650339064484372	0.802300160649498	0.0699998120905443	0.899425256446571	0.0736553894265203	1.00310967456026	0.100521582348015	1.99499147112289	0.127217922902144	3.00737921106031	0.151741819770478	4.01182785570773	0.172101330782852	5.00755135088697	0.212088172308478	6.01256927166067	0.229832643165989	8.01116568607075	0.237315061473792	9.0092822879335	0.258013806629239	10.0005321253158	0.287036489785518	12.0079912766366	0.321533597626553	15.0459662438511	0.37220205834152	18.0330961231808	0.441779798139514	25.0222555462076	0.467137090624431	30.0095798091022	0.570868620088113	40.0115423421423	0.6917265670866	60.0366345339778	0.760791024353942	70.0304014705874	0.803963695211467	80.0339013606477	0.862138273576803	90.025835188945	0.904277837063443	99.9989903736175	0.971653049669451	119.959401137057	1.13948316983648	150.007575000931	1.25307613029024	175.00703140325	1.27371596944036	200.000007232302	1.47290925400829	249.982813521362	1.62492404222183	300.959744678656	1.76787466720934	351.099057075956	1.8423548285704	401.243560199379	2.0119402030835	451.419554950067	2.1002046860563	501.532026992201	
0.0136127348475154	0.0694834549188236	0.0291620807369088	0.179199736650365	0.0291660090469881	0.296804465051249	0.0393041110679774	0.383560909284747	0.0474289252901564	0.596585581064496	0.0541012712360818	0.70052323364132	0.0651657591116591	0.802540849315944	0.0699380640940201	0.898448822981126	0.0735774130729735	1.00298150129701	0.100431660711396	1.99608181697533	0.127197881189533	3.00770750225227	0.151748453747086	4.01142645569713	0.172145924149293	5.00727009148279	0.211909897795737	6.01270477908884	0.229880385398091	8.01122808468028	0.237172218558056	9.00980475987304	0.258055388817331	10.0008040714947	0.287046681926596	12.0083880200345	0.321699148573229	15.0457371385086	0.372210719402835	18.032887506934	0.441591253021766	25.0227789494696	0.467225441381795	30.010555835114	0.57056848311048	40.0115795950435	0.691732693882394	60.0367574685519	0.760760322947215	70.0304610752293	0.803993991789732	80.0333425671294	0.862128376554385	90.0270347323641	0.904473143731525	100.001337306394	0.97176566520419	119.958745485996	1.13935141678403	150.006338204611	1.2533346398728	175.0049005373	1.27366704299086	199.998144587241	1.47289426224684	249.982664509758	1.62490389922789	300.9610857831	1.76802235281039	351.100129959511	1.84259357987092	401.243470792416	2.01203399428685	451.41842246187	2.10015035654469	501.534172759311	
0.0134504028521626	0.06935536169111	0.0295919662726819	0.177706855737995	0.0291460968231417	0.295837868680031	0.0390739525133576	0.381851117534286	0.0475358886136239	0.595608623730127	0.0539964369363988	0.700673584022318	0.0651346125152781	0.802504876983208	0.0702811914718687	0.898243815609126	0.0734166502681233	1.00307766034827	0.100385472329895	1.99639706965187	0.127251582518248	3.00729609052448	0.151714520400723	4.01197314202247	0.172287748326186	5.00784006087139	0.212010991313144	6.0113087266158	0.229820118056034	8.01136126380213	0.237142663798596	9.00976657564929	0.257954231466493	10.0005647216044	0.287090005673357	12.0071605369395	0.321745440322804	15.0466619417813	0.372358332788551	18.0324088071534	0.441518252846984	25.022911197269	0.467211332665482	30.0106713191078	0.570706440686329	40.0098883133283	0.691699705700391	60.0369474583481	0.760710113597952	70.0300587438962	0.803991278206781	80.0331935555246	0.862045538030508	90.0277797903884	0.904512822980212	100.000175015876	0.971841524565476	119.959579950983	1.13933496839331	150.007113064956	1.25337899176477	175.002486549302	1.27371339443821	199.998472412771	1.47295975778646	249.982545300474	1.62473857086731	300.959089027595	1.7680152377853	351.098520634178	1.84256762350907	401.243828420267	2.01209095393491	451.417260171352	2.09998716781042	501.533517108249	
0.0134736687758866	0.0686172740338693	0.029661175691001	0.176828647695675	0.029246727432483	0.294523423343716	0.0390060700056136	0.380828903745706	0.0477612125388712	0.59564250058717	0.054035820324274	0.700196164810182	0.0649819055081111	0.801623845869468	0.0704882926855549	0.898605867242811	0.0734408057315101	1.00253912309508	0.100351639310258	1.99594048878135	0.127305539462997	3.00660225523934	0.151904205273951	4.01142086776195	0.172253622856707	5.00803424161897	0.211906132793253	6.01170127906236	0.229897163087003	8.01170771578343	0.237348916775321	9.00951604988862	0.258066376048867	10.0000711206633	0.286969211391804	12.0077491327787	0.321551877524229	15.0473399445834	0.372276282183948	18.0320958827832	0.441494850867219	25.0227361086332	0.467081075675066	30.0103900597036	0.570966535682596	40.010093204285	0.691720671762301	60.0364706212125	0.760669439786977	70.0297979735877	0.803937442054572	80.0326794654878	0.862003499232419	90.0275264706601	0.904470810259155	99.9996609258394	0.971749635798042	119.959877974193	1.13926823676162	150.005950774438	1.2533685266152	175.002546153944	1.27380981428789	199.998338302327	1.47275778737728	249.983171149214	1.62488166727159	300.960579143643	1.76803864622902	351.100904819856	1.8426144505654	401.243947629551	2.01221840713505	451.42056822898	2.09998768812288	501.532861457188	
0.0136275756946964	0.0688678725541142	0.0292226135786636	0.17641156072121	0.029171919065814	0.294547695937164	0.0390964334558421	0.379867895309671	0.0478684250260504	0.596721379530957	0.0540202952176604	0.700833131213304	0.0649371285867216	0.801466918023099	0.0705176051468942	0.89879329590205	0.0735930337856712	1.0013884741088	0.100351637494179	1.99595864957069	0.127270759719036	3.00651797055034	0.151902356715051	4.01171656266535	0.172133781329793	5.00819023814281	0.211750974213278	6.01259860832038	0.230005873594907	8.01144880811998	0.237367607517223	9.00905504523608	0.258125874656896	10.0008040714947	0.287019006692513	12.007744476166	0.321580163502197	15.0464235232135	0.372406298575906	18.0325093899867	0.441722744855698	25.0220804575719	0.467079095435886	30.009728820707	0.570693825983141	40.0109798233339	0.691786124461084	60.0367798202926	0.760625987572999	70.0300363921555	0.804124162781241	80.0322100789325	0.861944876312084	90.0271315899073	0.904589624618756	100.000681655333	0.971821762427173	119.959386235897	1.13931376961136	150.005369629179	1.253425561031	175.00518365935	1.27384534865634	199.997697552426	1.47279783494658	249.982873126004	1.62498678543549	300.95986388794	1.76790879412237	351.098848459709	1.84263995814036	401.243530397058	2.01223986072687	451.419763566313	2.099992732067	501.532444224694	
0.013464302864907	0.0690531766338308	0.0291087123647499	0.176281583020564	0.0288955224756471	0.293649697291074	0.0389150407063115	0.379353456026952	0.0479619275455903	0.596201992597296	0.0541033418834024	0.700280391291523	0.0650814823143134	0.801752484793977	0.0704279496211504	0.899496269789512	0.0735399518999738	1.00242666589954	0.100325919449042	1.99620684702504	0.127347185772649	3.00623298585605	0.151750931574457	4.01165928632973	0.172258897341004	5.00758534415933	0.211794220054904	6.012150176522	0.230048166775027	8.01143204431444	0.237304858901901	9.00898985265895	0.258110398438897	10.0009521517771	0.287042639864377	12.007881380578	0.321517354816568	15.0469590336685	0.37258545878806	18.032611835465	0.441714754180747	25.0224064204575	0.46716915198913	30.0095630452966	0.570607411692796	40.0111027579079	0.691965467157165	60.0373311632306	0.760584103877954	70.0305057787108	0.804175323348461	80.032195177772	0.861977002310571	90.0264684882656	0.904697027695283	99.9998546409257	0.97180559965563	119.961852377957	1.13937196386137	150.005503739624	1.25336276864352	175.005556188362	1.27373972955149	199.998874744105	1.47298113687247	249.982485695832	1.62493536918238	300.96016191115	1.76799018197745	351.098967668993	1.84248981104792	401.244335059724	2.0121948854425	451.419316531499	2.1000664070985	501.532384620052	
0.0133767891140635	0.0688020324167907	0.0292454541542702	0.175379480734575	0.0288249809284416	0.291933037036951	0.0388777329046799	0.377264907044916	0.0479119184917977	0.596070443289879	0.0541567420718718	0.700606645215447	0.0651041325974327	0.80262332956754	0.0701943080277759	0.898510814137054	0.0735414393472745	1.00346835014977	0.100516072713498	1.99551813401382	0.127389821056654	3.007342656651	0.151843295392075	4.01115823480838	0.17222916019075	5.00709733115341	0.211785098891133	6.0124123438143	0.22985145837042	8.01173379281428	0.237242497326778	9.00960173156141	0.258059218686432	10.0011589053788	0.286927173338773	12.0074883624701	0.321545603914162	15.0464114160206	0.372508284489515	18.0335580591559	0.441587330486067	25.0233507815033	0.467160231702907	30.0100901738488	0.570721095550572	40.0111325602289	0.691842031935823	60.0370443158912	0.760671877567477	70.0304312729083	0.804127314720266	80.0325230033027	0.862022957870159	90.0262077179571	0.904623414634573	100.001568274382	0.971792793583117	119.960310107847	1.13943589250314	150.007411088166	1.25326565387586	175.003544531696	1.27379269955333	200.001229127461	1.47311666052407	249.982396288869	1.62491072639864	300.961026178458	1.7681274262708	351.099861738622	1.84252210109015	401.244305257403	2.01233006759558	451.418094636339	2.10018690918632	501.532444224694	
0.0134436743812391	0.068427968177655	0.0294806417052896	0.174547780611116	0.028859221174698	0.29059108858216	0.0387500938707603	0.375815187111064	0.0478705077805648	0.596357465252211	0.0541430813799257	0.700789359054376	0.0650111910134824	0.802080834193594	0.0703207336880776	0.898451849779349	0.0736141863041787	1.00359454435263	0.100745957395254	1.99541918099497	0.127373458906413	3.00725511233314	0.15182725536885	4.01239689377379	0.172167271011542	5.00753272443636	0.211838965171628	6.01262515101249	0.229880740028265	8.01222925640044	0.237174007558877	9.01010464572782	0.258086946260845	10.0012790459852	0.28698672093437	12.0077314376506	0.321478305497013	15.0463695065067	0.372408057215611	18.0331128869863	0.441612825767574	25.0230564835837	0.46710836349642	30.0103602573826	0.570572845678635	40.0111549119696	0.691828312270787	60.0355430239722	0.760703915649112	70.0306473397354	0.804024216097365	80.0335064798948	0.861934881556095	90.0270347323641	0.904601099845862	99.9996162223579	0.971876276099097	119.957672602441	1.13940947990382	150.007783617178	1.25326004640591	175.005049548905	1.27386206254965	199.998815139463	1.47316762799029	249.982038661017	1.62483536946842	300.959714876335	1.76812615739617	351.098908064351	1.84249620135271	401.244096641156	2.01231182703755	451.418601275795	2.10023913360623	501.533159480398	
0.0134076300161795	0.0673474739713543	0.0293262936393476	0.174161179897607	0.0288245125896031	0.289795215272293	0.0387450147168243	0.37431078108238	0.0478916692601444	0.596200188159893	0.0541417272136162	0.70068860159812	0.06501933309529	0.80251453945446	0.0705132408965382	0.899234800989108	0.0735920181318338	1.00245006537811	0.100789321552681	1.99606132787966	0.12729504448783	3.00696011592164	0.15162195975681	4.01216871975385	0.172278877027531	5.0078773137726	0.211888412547685	6.0115522674575	0.229907365752027	8.01199921973544	0.237192402661157	9.01032630049005	0.258039023221196	10.0007509861105	0.287045107540332	12.0082157253664	0.321500512866397	15.0471220151113	0.372433803153859	18.0325857584341	0.441714047100273	25.0226560148956	0.467128391751419	30.0101665422963	0.570542676505299	40.0104396562663	0.691843754309246	60.0357367390586	0.76069485944509	70.0302599095628	0.803945027473233	80.0341323286352	0.862036279784785	90.0271390404875	0.904635414644488	99.999802486864	0.971929375741039	119.958730584836	1.13919193904426	150.004952396686	1.2533032891276	175.004632316412	1.27395390512349	199.998979052228	1.47303705589561	249.982634707437	1.624842915399	300.961562620235	1.7679968988796	351.100010750227	1.84246431837411	401.244603280613	2.01240908336624	451.419197322215	2.10025012502872	501.532384620052	
0.0134552335328784	0.0665232899117543	0.0291085814702758	0.173043054440313	0.0288314615424181	0.28851779000656	0.038766972017368	0.373016504699614	0.0478794482764882	0.595628239710923	0.0541647562918225	0.700045232352602	0.0650045116523603	0.802936079314774	0.0704357065370448	0.899234160704868	0.0735040561259752	1.00213399779437	0.100709060577541	1.99604200293716	0.127263887425711	3.00702880095826	0.151600018783518	4.01102598700907	0.172170415080891	5.00792434556039	0.211936220717427	6.01095528971552	0.229741584823971	8.01225440210876	0.237283136678817	9.01020709120616	0.258038985409499	10.0011291030578	0.286943831314901	12.0068913847282	0.321468237725332	15.0470028058274	0.372426948229701	18.0329228971901	0.441722888969135	25.022913059914	0.467322523794725	30.010617302401	0.570480347060805	40.0107302288958	0.69191368109333	60.0367798202926	0.76076210840901	70.0307963513403	0.803873615002628	80.0343036919808	0.861948365148322	90.0263492789817	0.904635172369651	99.9999514984689	0.972053213928197	119.959535247502	1.13897942003902	150.006472315055	1.25327229180186	175.005377374436	1.27400142411757	200.001273830943	1.47299431560498	249.982575102795	1.62491718226853	300.960132108829	1.76799592978025	351.100606796646	1.84252621765817	401.244066838835	2.01251727747323	451.419554950067	2.10016913231634	501.532861457188	
0.0133251499867399	0.0667813244603277	0.0291660855200395	0.173257957114198	0.0287635994451909	0.287291471064682	0.0387436536645507	0.372005146639279	0.0479487720786801	0.595879929624759	0.05419292974856	0.700254023222382	0.0649368510555033	0.801968493413367	0.0704109479578898	0.898982645414008	0.0736038306432293	1.0025592629448	0.100702255595556	1.99587971998624	0.127248930356022	3.00653287171083	0.151704346327303	4.01139572205363	0.172122189323569	5.00814972561274	0.211936862791584	6.01135575840359	0.229665045204302	8.01140131067093	0.237235431420221	9.00977495755206	0.257988448476248	10.0017288747674	0.287034680109336	12.0078981443835	0.321605398068681	15.0464626387598	0.372455220796625	18.0321405862646	0.441659504798914	25.0223822060717	0.467431716989659	30.0100789979784	0.570357210869679	40.0120005528272	0.692076291269644	60.0363998407002	0.760811503631003	70.0302450084023	0.803739123911275	80.0354361801777	0.861926136172254	90.0258128372042	0.904577556677592	100.000853018678	0.972058539766201	119.960846549625	1.13924688896805	150.00569745471	1.2533364111785	175.005377374436	1.27393029253385	199.998636325537	1.47306529493492	249.982187672622	1.62499708667227	300.961443410951	1.76806325623021	351.100368378079	1.84248624161445	401.243649606342	2.01268913918975	451.419882775597	2.10022366027533	501.533278689682	
0.0132726549863347	0.0664981369274767	0.0292921547413642	0.172215909066105	0.0286468232006477	0.286353221822982	0.0387385814315054	0.370431531705057	0.047945813333792	0.5959088006232	0.0541488002389698	0.700444187641554	0.0649336542209084	0.802104524710461	0.0707135650446348	0.899155405743393	0.0736722002472332	1.00325798767322	0.100705682824805	1.99571347891457	0.127307112568693	3.00678735559226	0.151734721407329	4.01232564760022	0.172058268123645	5.00844169522601	0.212115978533083	6.01190291039018	0.229675801709402	8.01070188745062	0.237091302959187	9.00951046195344	0.257933028065756	10.0011412102507	0.287087661714873	12.0078627541274	0.321517360963297	15.0468975663815	0.372354464269562	18.0324404721194	0.441779977456944	25.0227361086332	0.467379488844459	30.0094009951763	0.570440028159402	40.0114678363399	0.691926383471806	60.0370852940825	0.760628508800004	70.0298352264889	0.80376886888464	80.0358459620911	0.862187325196062	90.0264461365249	0.904554348171361	100.001016931444	0.971958993309473	119.960414415971	1.13948644396502	150.006666030142	1.25341761399725	175.002799473672	1.27385533074634	199.997921069833	1.47281835818207	249.982277079585	1.62499022373874	300.961860643445	1.76818343768114	351.099086878277	1.84256126598684	401.243739013305	2.01255692095913	451.4187502874	2.10017232746874	501.532742247904	
0.01337544300879	0.0663469279835208	0.0290616614752294	0.171579495635735	0.028550851966146	0.286548654035217	0.0386241402280319	0.368880239407734	0.0478397709602962	0.596771205286332	0.0540630520509045	0.700727309690789	0.0651527845919943	0.802683050624801	0.0706323773278608	0.899308550091983	0.0736103616272006	1.00318778923749	0.10085893100606	1.99573024272011	0.127496268188762	3.00698013935605	0.151768365167667	4.01240108472518	0.172040799605839	5.00804914277946	0.21203522246104	6.01228708093396	0.22966894333935	8.01107348514024	0.237002628622525	9.00949649211548	0.258015854575571	10.0005162928328	0.287175933178852	12.0073579773159	0.321448258551033	15.0467057139402	0.372266703991084	18.0323808674775	0.441882569550957	25.0222704473681	0.467325996053421	30.0100007668859	0.570489404382414	40.0111064831981	0.692087622328012	60.0367760950025	0.760559995562773	70.030572833933	0.803859920428002	80.0348252325978	0.862346650813013	90.0270794358456	0.904597725748567	99.999251143926	0.971910297958937	119.958514518009	1.13944241989861	150.005801762833	1.25343246866802	175.004319392041	1.2739425930641	199.99841280813	1.47271685713536	249.983200951535	1.62473081334024	300.959357248483	1.76822812511116	351.097864983117	1.84272086144577	401.243947629551	2.01241783085429	451.41812443866	2.10039702630482	501.532205806127	
0.0134127874848892	0.0657949956929971	0.0288766370740556	0.171001784628609	0.0285646553076086	0.284939445118036	0.0385339588484592	0.368020541400706	0.0477838536018967	0.596605546291241	0.0542065454401628	0.700521312788601	0.0654147615758216	0.802257960097341	0.0704382868157218	0.898442478346387	0.0735987355112873	1.00348837358417	0.100684103513172	1.99550160303891	0.127411449868083	3.00705953460176	0.151692163134968	4.01271959703057	0.17199895144075	5.00816322978943	0.211811032575281	6.01228149299878	0.229716876809812	8.01149723689156	0.237165922409983	9.0091016113626	0.25810108803911	10.0008329424932	0.287059824896321	12.0088350548491	0.321501690806104	15.0467113018754	0.372377207038834	18.0323864554126	0.441631966693348	25.0226411137351	0.467335782434715	30.0099076346329	0.570419616682625	40.0109462957228	0.692285674113049	60.0366829627494	0.760600786347865	70.0296638631433	0.803890283316436	80.0336033374379	0.862134725004956	90.0249411193158	0.904685683729363	100.001881198752	0.971903285268733	119.960429317131	1.13947474868386	150.00538453034	1.25336700144061	175.004155479276	1.27400568671697	199.999575098647	1.47304260823127	249.981681033166	1.62463348548597	300.959476457767	1.76814554761954	351.100547192004	1.84264445494993	401.244037036514	2.01259825230422	451.419256926857	2.10071216025932	501.532265410769	
0.0130960524028023	0.0658305096404251	0.0291154531858916	0.170264264496035	0.0285222617978555	0.283685768576829	0.038434794874274	0.366037319176091	0.0479465122651926	0.595740696906467	0.0541639445248693	0.701341691522549	0.065235126336767	0.802358310099989	0.0704096048219318	0.89877158444556	0.073511663279377	1.00336951354623	0.100590216275918	1.99532069363738	0.127282549971822	3.00684975420179	0.151757276756665	4.01187209352792	0.172048565747648	5.00769477455665	0.211825817684988	6.01222328534063	0.229673404572399	8.01193588980337	0.237208384849249	9.00966599281601	0.258151315921693	10.0010499406427	0.287037595827121	12.0082995443941	0.321542163041038	15.046714095843	0.372454703464395	18.032766435005	0.441534185768111	25.0227435592135	0.467193831039157	30.0106098518208	0.5704409901807	40.0109425704327	0.692323833775071	60.0370741182122	0.760680358938832	70.029745819526	0.803833924447107	80.0333053142282	0.86215656764805	90.0225196807368	0.904585751815684	100.000756161135	0.971838659735737	119.960943407168	1.13944079637635	150.008394564758	1.25336317272692	175.006062827818	1.27391284971182	200.00026055203	1.47315755202297	249.982753916721	1.62472655372106	300.961026178458	1.76805527343367	351.098341820252	1.84258946032266	401.243739013305	2.01265840710467	451.417975427055	2.10069432974515	501.53321908504	
0.0129191482279146	0.0659050590985991	0.0290552399594973	0.169856287020071	0.028384523455344	0.283184717055484	0.0384421837867848	0.364907770465885	0.0479231101748331	0.59556671421626	0.0539326933891659	0.701462763451499	0.0650104381352206	0.80278840648605	0.0703602051295904	0.899367630865004	0.0733668253629975	1.00337836111027	0.100547880534356	1.99576307183931	0.127368237297956	3.00717525142616	0.151798222411969	4.01168815732817	0.172180826679404	5.00840025137341	0.211811507765164	6.01207706770336	0.229610736795877	8.01106230926987	0.237094234602588	9.00975260581134	0.258140477608639	10.0002937067481	0.287150342529912	12.0086059495066	0.321487820173676	15.0467196837782	0.372399735286683	18.0322039161967	0.44147825631416	25.022698855732	0.467290720723612	30.0103248671265	0.57060284708294	40.0112741212535	0.692185612931795	60.0368506008049	0.760719684899028	70.0298426770692	0.803810674962681	80.0338790089069	0.862177371418265	90.0259394970684	0.904447889476304	99.999221341605	0.971955757792979	119.958663529613	1.13947748163832	150.005339826858	1.25346259524208	175.003186903844	1.27395032078885	199.99844261045	1.47299971892903	249.983111544572	1.62490987650858	300.960430132038	1.76812428774282	351.099414703807	1.84272405659817	401.243828420267	2.01265192441269	451.419137717573	2.10070392712326	501.532742247904	
0.0128714939846964	0.0649627717006153	0.0286084890289654	0.16947285862393	0.0283321357774982	0.281828303997644	0.03849256408322	0.363600630190668	0.0478896787414911	0.595641743887614	0.0540177469299144	0.701304904282599	0.0651269044356117	0.802278623815983	0.0703656461372738	0.899527236263647	0.0733832453483712	1.00288755413676	0.100614417481793	1.99659846814906	0.127437141626639	3.00707420293161	0.151748211565381	4.01157453597946	0.172052554398517	5.00873552748435	0.211778951513109	6.0124952315195	0.22979267075442	8.01071213199845	0.23716335918033	9.00972280349036	0.25814295664673	10.0005144301878	0.287276386429449	12.0078171193234	0.321558792332429	15.0464039654404	0.372359264448733	18.0321871523911	0.441581979688618	25.0222890738187	0.467298302099753	30.009544418846	0.570655123656914	40.0114678363399	0.692154043008558	60.0365004235335	0.76059966661582	70.0294924997977	0.804089684069839	80.0336629420799	0.862236792819652	90.0274445142775	0.904336442978407	100.00182904469	0.971930999394268	119.958410209885	1.13949427748802	150.005637850068	1.2534433021382	175.005124054708	1.27410450398305	199.998204191883	1.47288017401962	249.982575102795	1.62486027626465	300.960757957569	1.76829565298873	351.100159761832	1.84279769586687	401.244126443477	2.01262931817531	451.41782641545	2.10074432215155	501.533517108249	
0.0126402958077792	0.0645542558038128	0.028318268453991	0.16811676570821	0.0282642251670953	0.281087116782607	0.0384506812554715	0.36178760715848	0.0478087199176128	0.595779696037426	0.0540769461351988	0.700484409133335	0.0652437433057778	0.802590616863661	0.070424074705139	0.899591904971851	0.0733616213798202	1.00312224741442	0.100638340006851	1.99611557741706	0.127434194593132	3.00698596012186	0.151701891224203	4.01093564872362	0.172017826063563	5.00813715275858	0.211738287108493	6.01214039763543	0.229902870246307	8.01147954176349	0.237218991783941	9.01046227357949	0.258179719004744	10.0012362051488	0.28714267459607	12.0079782381211	0.321530796685543	15.0466908127797	0.372365155116418	18.032397631283	0.441762544189698	25.0219910506089	0.467317819728045	30.0099094972779	0.570490736959502	40.0114231328584	0.692324352224888	60.0364370936014	0.760366036876434	70.0306622408959	0.80404557804704	80.0336182385984	0.862246774164596	90.027675482265	0.904486768884787	99.9992362427655	0.971857931977995	119.959214872551	1.13949015644965	150.005920972117	1.25357920901158	175.005749903448	1.27408661088401	199.999783714894	1.472924287493	249.982545300474	1.62490292416808	300.961741434161	1.76834765809963	351.098520634178	1.84284638065563	401.243858222588	2.01261227496632	451.420001984881	2.10069980459477	501.533040271114	
0.0125614230853559	0.0642948242714438	0.0286421582653438	0.167019798734653	0.0281329801685737	0.279317254728936	0.0384621224747497	0.361062252426459	0.0478063037729006	0.594930038851429	0.0541349764753514	0.699983881480913	0.065152705935981	0.803469610709365	0.07035589372015	0.899280726831388	0.0733045781775716	1.00284634311479	0.10069185042317	1.99533955291862	0.127580340173721	3.00754289099503	0.151672522487696	4.01131097170337	0.172061418246591	5.00877278038556	0.211743776533309	6.01181583173359	0.229851642716993	8.01216406382332	0.237010730348961	9.01033375107029	0.258174708401968	10.0013200241766	0.287131743337021	12.0081514641118	0.321548814805907	15.0461348132291	0.372427481766944	18.0321349983294	0.441754803612694	25.0220897707972	0.467364665224563	30.0098443047008	0.570319933507741	40.0118813435433	0.692144415828126	60.0372752838787	0.760397440520756	70.0304014705874	0.803953632655192	80.0344825059066	0.862232047774778	90.0271464910677	0.904588010651283	100.00090517274	0.971995018188065	119.959416038218	1.13941550039788	150.006695832463	1.25352180627516	175.002248130734	1.2741185028033	199.999187668475	1.4730711977098	249.982277079585	1.62500492168539	300.960400329717	1.76838019725319	351.100547192004	1.84291688735682	401.243649606342	2.01267506288346	451.41967415935	2.10071207085235	501.533159480398	
0.0127986553849244	0.0634792694971644	0.0288590653395186	0.167093926187305	0.0280953518348136	0.278160290211742	0.0384171830171986	0.360256949475971	0.0479377931853941	0.594255761339434	0.0541545622880987	0.699667115405268	0.0649710670582659	0.803142716501202	0.0702726677136946	0.899353137158125	0.0732985031283889	1.00220594245984	0.100647228022747	1.99591115212164	0.12741362155517	3.00808003126442	0.151652255124356	4.01162203342851	0.172098554335626	5.00803098199011	0.211667981657379	6.01261024985201	0.229928527522645	8.01183903226021	0.237046755134421	9.00933630464026	0.258018725869269	10.0013619336904	0.287155721322339	12.0071139708129	0.321552472901292	15.0459336475625	0.372534579052432	18.032092157493	0.441788639822111	25.022514453871	0.467297137291696	30.0098238156051	0.570296344014907	40.0113076488646	0.691951679319315	60.0365115994038	0.760547757617404	70.0301705025998	0.804077315739307	80.0345644622893	0.862272698488953	90.0276382293638	0.904613278931643	100.00060714953	0.971959398752028	119.958633727292	1.13946630842166	150.007932628783	1.25347613633475	175.004200182758	1.27426020814343	200.000946005412	1.4730352369062	249.982634707437	1.62504547168576	300.959625469372	1.76817622430838	351.098461029536	1.84286364019338	401.244066838835	2.01268214635418	451.417051555105	2.10064750864929	501.533040271114	
0.0128179646938184	0.0636538051601235	0.028369170813484	0.166136468418416	0.0281634058252392	0.27746767728743	0.038336168506053	0.358678037644857	0.0479065256713296	0.593155229146815	0.0541918549149982	0.697359938459226	0.0650362111051074	0.801990961569412	0.0701484871228794	0.899698774232212	0.0734280457623733	1.00280955587484	0.100686998997974	1.99610533286922	0.127355685691873	3.00763579041743	0.151717293495187	4.01152703853041	0.172192462550921	5.00800211099167	0.211673527380646	6.01172269948056	0.229793707133092	8.01171702900873	0.237290550192795	9.00883152782879	0.257934367255234	10.0013917360114	0.28725369413786	12.0073663592187	0.321491973528945	15.0461133928109	0.3725522357818	18.0328763310636	0.441835487367538	25.0224287721982	0.467301000781543	30.0098424420557	0.570495600468609	40.0105365138095	0.691988579792469	60.0358522230523	0.760642790873282	70.0302599095628	0.803990706485312	80.0343632966227	0.86213263481441	90.0276531305243	0.904551417645547	100.000763611715	0.971825138759641	119.959728962588	1.13953622004266	150.004579867674	1.25360348198459	175.004036269992	1.27415683595325	200.002391417979	1.47314802617043	249.982515498153	1.62501453396466	300.959774480977	1.76822434408119	351.099295494524	1.84287813548423	401.244633082934	2.01275599599119	451.419793368634	2.10068849551562	501.532444224694	
0.0127070997901403	0.062719303036417	0.0281659680622635	0.165443317073267	0.0282838062970412	0.276269705475071	0.0382982938607542	0.35771045174345	0.0477273995601377	0.590438037456774	0.0542097252082766	0.696008473052328	0.065057835568423	0.801751320640814	0.0701451259884308	0.899204067345606	0.0734923555042547	1.00317964016535	0.100652031298565	1.99562686591924	0.127500719666206	3.00794010005423	0.151848480096875	4.01160713226803	0.172182253646036	5.0077730056492	0.211610741372721	6.01203143289938	0.229684743453877	8.01223391301309	0.237361683135659	9.00918170510021	0.258032609353948	10.0012250292785	0.287022841683889	12.0080480873109	0.32154603705483	15.0466274828477	0.372579981144474	18.0328185890667	0.441732043707086	25.0223151508495	0.467254115796948	30.0103025153857	0.570347083362388	40.0109574715932	0.692092464230435	60.0361055427806	0.760683279033833	70.0301034473777	0.803855364627878	80.0326347620063	0.862207495757152	90.0248293606122	0.904522494250034	100.001232998271	0.971951967822317	119.960183447983	1.13957188729338	150.007157768438	1.25364342971611	175.004736624535	1.27396216061128	199.998278697685	1.47328626340499	249.982575102795	1.6250255837636	300.962963329321	1.76836983343152	351.099593517733	1.84307239306982	401.243828420267	2.01278519518916	451.418839694363	2.10065702854136	501.533338294324	
0.0126423241643256	0.0624605845478604	0.0285443833180375	0.16478872830164	0.0283361285378364	0.276006752379384	0.0382641237139876	0.35607766872472	0.0477189929186921	0.588102455173555	0.0540937488039367	0.693893032132228	0.0650064197111324	0.802045385729782	0.0704443762305559	0.898939222501029	0.0733159553829742	1.00276112710326	0.100422325701409	1.9962087096701	0.127613364840286	3.00698805559755	0.151778806894465	4.01257570769962	0.172199095875604	5.00760723023879	0.211582757833029	6.01219720830978	0.229786902500354	8.01155125359833	0.237250864890513	9.01005435431118	0.258119072352464	10.0006150130211	0.286970402463159	12.007207103066	0.321504842000071	15.0470316768258	0.37246784028739	18.0332749371066	0.441644190296349	25.0231868687379	0.467394867180454	30.0102317348734	0.570426209029113	40.0109611968833	0.692098792322873	60.0364892476631	0.760770991628595	70.0306398891551	0.804095578649079	80.0338343054255	0.862390132829314	90.0265429940681	0.904682366125516	99.9986774492473	0.972114815058062	119.959706610847	1.13957240313549	150.006546820858	1.25367711529284	175.004393897844	1.27398137622913	199.997116407167	1.4734277106931	249.982366486548	1.62506415682225	300.963767991987	1.76841274061516	351.097984192401	1.84303729705745	401.244633082934	2.01268644348819	451.419554950067	2.10057344443555	501.532444224694	
0.0127980559398764	0.0626525097486913	0.0287813813237665	0.164042375156942	0.0282787014909885	0.275021820595849	0.0379904648047435	0.355087701978755	0.0477841581414805	0.58673894078142	0.0538568670549182	0.6912030816262	0.0649449922059884	0.802411511899537	0.0703372706970422	0.899064543589023	0.0732702287803108	1.00300606492875	0.100581743193334	1.99592325931454	0.127580821975994	3.00727234179995	0.151672273088241	4.0115312294818	0.17217501033126	5.0074465771023	0.211706891333846	6.01232247119012	0.229924500734116	8.0111796559087	0.237165122756044	9.01027694039594	0.258039683176746	10.0009726408727	0.287210711292999	12.0074585601492	0.321616500915183	15.0468472749648	0.372514469399839	18.0330998484709	0.441671476068794	25.0231775555126	0.467468462676999	30.0109674796724	0.570611057122192	40.0110282521055	0.692093053219204	60.037036865311	0.76074229858699	70.0310794733895	0.804228662415973	80.0354063778568	0.862252379399377	90.0261928167966	0.904719151618163	100.001441614517	0.972129087445586	119.960228151464	1.13948339633413	150.005310024537	1.25349324388065	175.005928717374	1.27397899967435	199.998144587241	1.47333442490105	249.982992335288	1.62496443725013	300.960519539001	1.768339700897	351.100785610572	1.84291783857478	401.243232373848	2.01274154540383	451.418780089721	2.10072987752465	501.532444224694	
0.0128170768610985	0.0611634487138872	0.0285401843352406	0.163577557902796	0.0281523241023005	0.274598068844526	0.0379612478650878	0.353945056545466	0.0475947614485651	0.584409412094649	0.0538927479946963	0.689370355301728	0.0650061420285743	0.802548474519161	0.0703130114523078	0.898367157636743	0.0732413568752956	1.00296054654008	0.10060884920597	1.99543780744557	0.127425762581875	3.00717781256312	0.151772280439049	4.01190189584889	0.172142973553478	5.00721747175983	0.21172648845052	6.01189266584235	0.229865596889056	8.01132028561079	0.237169031601301	9.00984201277425	0.258091785741829	10.0006327081491	0.287339148362684	12.0077491327787	0.321736137373597	15.046468226695	0.37236552325077	18.0332637612363	0.441820505850631	25.022177315115	0.467477753332748	30.0112841293328	0.570591276357437	40.0110208015253	0.692157925497386	60.0363290601879	0.760641171690402	70.0305355810318	0.804045462432074	80.032500651562	0.862286428695401	90.024486633921	0.90472572906349	100.001605527283	0.972047631659252	119.958514518009	1.13963287857285	150.0066064255	1.25331744142981	175.004080973474	1.27403532874136	199.99874063366	1.47321670494152	249.982396288869	1.62484229796706	300.95864199278	1.76836187622888	351.101858494127	1.84279461694354	401.243083362243	2.01257812543962	451.415889264587	2.10096815321619	501.532563433978	
0.0126481643536027	0.0609021108807139	0.0280650171929201	0.163139152373534	0.0280187331982491	0.273549894440412	0.0379211544747173	0.352427553793699	0.0475256393941282	0.582140244749378	0.0537308070318644	0.687605673729632	0.064970759459883	0.801671226903201	0.0703557576626538	0.89836756509035	0.0733707813331775	1.00247218428821	0.100513015644227	1.99653024877371	0.127350472116073	3.00747560294221	0.151723769985146	4.01270050491869	0.172011473384208	5.00799931702408	0.211736323307156	6.01131478021225	0.229757265225713	8.0123382211365	0.23712331459126	9.00999102437911	0.258066343731973	10.0003942895814	0.287262264022694	12.0080695077291	0.321645131744438	15.0470298141808	0.372194397299465	18.0323994939281	0.441779091245305	25.0225032780006	0.467488565810334	30.0100249812717	0.570613290253288	40.0114343087288	0.692094474830732	60.0364631706323	0.760621411787272	70.0303195142047	0.803824329173207	80.0314873726489	0.862368735116852	90.0267888632161	0.904554115451314	99.9987966585312	0.971935986713979	119.95855922149	1.13972395023278	150.00538453034	1.25332426114998	175.004095874634	1.27414613957376	200.000215848548	1.47324256891617	249.982962532967	1.62487548558306	300.958731399743	1.76832354158882	351.098669645783	1.84284142313824	401.243411187774	2.01257632906389	451.420210601128	2.10093857675691	501.532742247904	
0.0125978950941027	0.0610988818690857	0.0281407738220511	0.1627272022249	0.0279643270562513	0.271914492077065	0.0378854523314158	0.350198578836379	0.0475880980945553	0.580557112863048	0.0537108764755175	0.684548665731318	0.0648441462428587	0.799058285128904	0.0702614853235152	0.897490201059074	0.0733259633055373	1.00272631892369	0.100401547175851	1.99708392001802	0.127437620821209	3.00682973076739	0.151579489773831	4.0116797754254	0.172051329854849	5.00733854368878	0.211772430226534	6.01176973126834	0.229692016338145	8.0122646466566	0.237143995071833	9.01009626382505	0.257864614573174	10.0008813712647	0.287221769436017	12.0082902311688	0.321490128835033	15.0463704378293	0.372150956633887	18.0325224285021	0.441672184266854	25.0229167852041	0.467399891753068	30.0100082174661	0.570405303689436	40.0108308117291	0.692232015043096	60.0366717868791	0.760902245844302	70.0300438427357	0.803721229191154	80.0347581773756	0.862312953315363	90.0275413718206	0.904609081021322	99.9993852543704	0.971887210283078	119.959743863749	1.13966932988658	150.005891169796	1.25336729674553	175.005749903448	1.27412324425385	200.00179537156	1.47330766633286	249.982277079585	1.62506635430116	300.959983097224	1.76842084262099	351.098818657388	1.84290140508523	401.243858222588	2.01273718147652	451.42149210093	2.10083748575408	501.534113154669	
0.0126067306758088	0.0614187984342285	0.028674116787299	0.161210252445886	0.0280515065648822	0.270960584975323	0.0378639931691281	0.348785209585041	0.0476961027006942	0.578262275940534	0.0536105734647169	0.682587125859363	0.064969638843087	0.796961237828779	0.0702050528011234	0.895654971805302	0.0731360038143871	1.00147729899513	0.100315719461571	1.99588856755028	0.127489911225324	3.00688514445795	0.151594281449362	4.01155590952886	0.172176820566236	5.00753412142016	0.211648503889693	6.0118465653771	0.229717843953384	8.01092074824526	0.237169249289222	9.00993887031741	0.257990349794573	10.0009055856505	0.287225878180934	12.0081300436936	0.321520141228945	15.0463797510546	0.372360129612481	18.0326304619156	0.441686063374317	25.0228236529511	0.467396201620187	30.0105297580831	0.570273265893838	40.0101677100874	0.692393288917032	60.0360124105276	0.760934976477778	70.0301556014394	0.803857616143861	80.0351307063878	0.862250815481758	90.0281895723018	0.904712579388243	100.00122554769	0.971969168500481	119.960980660069	1.13951278950912	150.006964053351	1.25359669206675	175.003723345622	1.27411586074592	199.998323401167	1.47334995485636	249.982306881906	1.62533000941768	300.960966573816	1.76848846288576	351.100189564153	1.84315467253822	401.244126443477	2.01283670084923	451.417647601524	2.10074032479282	501.532563433978	
0.0123563616740254	0.0617246432980139	0.0286407315199086	0.160823622628547	0.0280472914978529	0.269910256887858	0.0377715301132699	0.348004906823727	0.0476908424743664	0.576294857095106	0.0535872139328917	0.679713821230166	0.0649326494751973	0.793962088242664	0.0701999101309894	0.892511991095902	0.0730111698425798	0.999261799110674	0.100411044003138	1.99533885442672	0.127395729140072	3.00737897822968	0.151662968648918	4.01135241555597	0.172236541844762	5.00831410403935	0.211568024132328	6.01174132593116	0.229611826259937	8.01153635243784	0.237062619230809	9.00985691393474	0.25808192867315	10.0014327142027	0.28713215012126	12.0086310952149	0.321578115462733	15.0464402870191	0.372383155634785	18.0320176516906	0.441808452810628	25.0221996668557	0.467518377280131	30.0097697988984	0.570336809451186	40.0113784293769	0.692211548804551	60.0366978639099	0.760771242099071	70.0304089211676	0.804018316171753	80.0311148436368	0.862359520829555	90.0257085290808	0.904516056875624	99.9996683764196	0.97203805067242	119.958827442379	1.13952371983685	150.006800140586	1.25377028634594	175.004915438461	1.27401969000757	200.000513871758	1.47305609269952	249.983260556177	1.62532184184673	300.96078775989	1.76863912731043	351.098759052746	1.84313058880996	401.243947629551	2.01299502147308	451.416962148142	2.10078125801497	501.532503829336	
0.012305987385351	0.0606979693476289	0.0280321619412118	0.159726102682238	0.0279485768227831	0.26798151703127	0.0377389263172001	0.346624774145191	0.0476399052615859	0.574076213997108	0.0535260943579202	0.677000645868537	0.0648714662676098	0.791885238999917	0.0701521870113754	0.889984730994399	0.0729457811926002	0.996038375417713	0.100333465691039	1.99577774016916	0.127317941126144	3.00764114552198	0.151660018099669	4.01129933017174	0.172067406004657	5.00801235553951	0.21173286753287	6.01176647163948	0.229765725549178	8.011863246646	0.237125416554303	9.00943502482848	0.258032379931362	10.0012455183741	0.287180194884771	12.0079419165424	0.321534923032457	15.0463546053463	0.372418879565217	18.031755018737	0.441804564361335	25.0224306348433	0.467643192762278	30.0098964587625	0.570325896259796	40.0113709787967	0.691926398745497	60.0369325571876	0.760775816394682	70.0301407002789	0.804022188229768	80.0310477884146	0.862338093183806	90.0239799944645	0.904472395914423	99.9997205304813	0.972066095251574	119.960325009008	1.13963747969055	150.006069983722	1.25369489663316	175.003931961869	1.27395931887834	199.999411185882	1.47303065665013	249.982962532967	1.6252188215859	300.963261352531	1.76860168007525	351.100338575758	1.84292777745141	401.243888024909	2.01311793017993	451.420240403449	2.10090857535261	501.53262303862	
0.0122137360285734	0.0600744125337532	0.0279098316628029	0.159758509795912	0.0277953816949016	0.267434219525526	0.0377058794589657	0.345127789592922	0.0474421617472333	0.573360376217195	0.0533176193590342	0.674460289043951	0.064857352071048	0.789781788857395	0.069970488182682	0.887983609914903	0.072975152417487	0.993364432017675	0.10035324969214	1.99575282729148	0.127326139407449	3.00751285584342	0.151758167578351	4.01205882369526	0.1720635375788	5.00804308918301	0.211756511647774	6.01179394565413	0.230037674337714	8.01176452645778	0.237196200361797	9.00872908235045	0.257975341734972	10.0009195554885	0.287264157052248	12.0073291063174	0.321514199245385	15.046682430877	0.372725052069031	18.0327533964896	0.441875663031528	25.0231235388059	0.467477087975526	30.0111164912773	0.570278873867286	40.0109313945624	0.691976266596235	60.0362024003238	0.760841103932138	70.0298277759087	0.804048404264724	80.0349146395607	0.862390897651788	90.0257159796611	0.904548455082236	100.000830666938	0.97202676482103	119.960272854946	1.13970140535208	150.008007134585	1.25361109795063	175.00518365935	1.27424734233531	199.997727354747	1.47328996098845	249.981979056375	1.62547049654713	300.961264597025	1.76866278609367	351.098639843462	1.84285500297393	401.244037036514	2.01315898857183	451.418929101326	2.10101091138821	501.532444224694	
0.0120611834288681	0.0599230435187373	0.0282225062985081	0.159400198004263	0.0277738729455068	0.266516721313956	0.0375383876389509	0.344301997546766	0.0473243776690547	0.571131779609654	0.0534694954431121	0.672281867437734	0.0646732388322303	0.786913664709774	0.0699287637001455	0.884587134854265	0.0730787463090064	0.989702006166956	0.100619549668732	1.99529880755792	0.127141806318293	3.00684323494408	0.151865957322548	4.01191260605799	0.1723209492601	5.00779628871246	0.211664674149649	6.01157927581088	0.230041078516728	8.01182878771238	0.237180441635825	9.00942850557076	0.257924818864693	10.001378697496	0.287106901305541	12.0087344720158	0.321534660734184	15.0467038512951	0.372564047292024	18.0329955403475	0.441760617539399	25.0230676594541	0.467245244312028	30.010341630932	0.570126527171361	40.0109947244944	0.692326350904256	60.036913930737	0.760966413649714	70.0295595550199	0.803993069014948	80.0357491045479	0.862453157060822	90.0261257615745	0.904626307162425	100.002201573702	0.972063540365993	119.958589023811	1.13971446610349	150.004728879278	1.25372575686823	175.004557810609	1.27433853942692	199.999798616055	1.47339770630856	249.982277079585	1.62530065647582	300.958910213669	1.76879229074133	351.099623320054	1.84287409938248	401.244066838835	2.01297880133206	451.420001984881	2.10103913552636	501.532146201485	
0.0121961035412418	0.0590478186188982	0.0282956333630823	0.157999052361135	0.0277319293926147	0.265310949675405	0.0374387594499379	0.342413450078129	0.0473230689774832	0.568302538177675	0.0536240143761901	0.670959796898201	0.0643562645930566	0.784793276138731	0.0699966472876473	0.881051077829387	0.0730940553604264	0.986678118326128	0.100689245330567	1.99637937452379	0.126993568739814	3.0067426521108	0.151756863406602	4.01145812066317	0.172340906501752	5.00831270705555	0.211559828062914	6.01184749669963	0.230129798208801	8.01138920347804	0.237248045844013	9.00868624151405	0.257826650806125	10.0008050028173	0.287032584013625	12.0083954706147	0.321653847753785	15.0462717176411	0.372427920309283	18.0322970484497	0.441564183819656	25.0228962961085	0.467193877046493	30.0101497784908	0.570209713526757	40.011318824735	0.692360442054497	60.0370629423418	0.760925537051979	70.0290529155634	0.804077004174069	80.0354063778568	0.862480427745841	90.0262673225991	0.9046461037946	99.9929554036206	0.972089559443688	119.959877974193	1.13973484926806	150.005533541945	1.25389956870437	175.003574334017	1.27427318991868	199.998457511611	1.47332179032286	249.982008858696	1.62511630796454	300.960668550606	1.76862944350558	351.10010015719	1.84303428071899	401.242964152959	2.01296576863093	451.418452264191	2.10097039119016	501.53292106183	
0.0123170398181999	0.0593130054334666	0.0278793710844557	0.15740983078961	0.0277039812781056	0.265122473278319	0.037377945785327	0.341188644535363	0.0472825490035381	0.566503397671956	0.0535200978105082	0.668754017692654	0.0643773512059471	0.780837192652651	0.0698671007333793	0.878212930625712	0.0729272490753212	0.983544450842032	0.100655656890791	1.99575073181578	0.127171177988466	3.00643857530463	0.151676524782441	4.01221528588036	0.172365534151506	5.00759977965855	0.211696862770846	6.01256368372549	0.229875843419374	8.01117313665099	0.237211531200339	9.01003479653804	0.25778554292316	10.000337478907	0.287089740581116	12.0075377225643	0.321737897317153	15.0470586851792	0.372319621894156	18.0329825018321	0.441618276961599	25.0231142255806	0.467289295945587	30.0109302267712	0.570263840755108	40.011195890161	0.69232663676499	60.0363290601879	0.760960703230781	70.0298203253284	0.80405931894623	80.0349071889805	0.862412894038774	90.0263045755003	0.90455208778174	99.8962915755474	0.972116907614746	119.959244674872	1.13960379262371	150.006427611574	1.25384023101141	175.005779705769	1.2743512932144	199.999589999808	1.47328127906551	249.982396288869	1.62522983685024	300.962248073618	1.76849300737905	351.100219366474	1.84326169313803	401.242576722787	2.01301706269451	451.419376136141	2.10115596983304	501.532503829336	
0.0123604952648855	0.059042259787545	0.0277796457497653	0.156492740031648	0.0278005113963762	0.263885676957975	0.0373555710339929	0.339836218702106	0.0471121879853017	0.564811010011281	0.0533191594784588	0.66588030560985	0.0645972770254703	0.778008707920229	0.0696887057657081	0.875005514038741	0.0727856954709238	0.980268756672053	0.100455989703463	1.99380799301741	0.127435560045908	3.00697385292897	0.151782998992753	4.01158198655971	0.172231554478485	5.00816555809575	0.211687533046114	6.01263772386665	0.229777805970065	8.01156708608134	0.237235023238998	9.00930929628688	0.25779116747415	10.0009353879715	0.287122475219279	12.0076094343991	0.321648775124925	15.046975797474	0.372312872023186	18.0322691087738	0.441763106356377	25.0231905940281	0.467223660390348	30.0101758555216	0.570273847432026	40.0111735384203	0.692415111201994	60.0360682898794	0.760922958455504	70.0298277759087	0.803963177879237	80.0345272093881	0.862445501606703	90.0253732529699	0.903908182286629	99.6437392570491	0.972160763167069	119.959520346341	1.13964106104495	150.006636227821	1.25363492809722	175.00335081661	1.27428136643032	199.998546918574	1.47343630916953	249.982783719042	1.62542793805068	300.959387050804	1.76870130848837	351.099951145585	1.84325292478835	401.243858222588	2.01296250195297	451.419286729178	2.10131188260968	501.533159480398	
0.012267849775304	0.0578125575255372	0.0281785232437626	0.155852077442233	0.0277131228029198	0.262382958951377	0.0373023542462238	0.337675957885231	0.0470107544623976	0.562785907376627	0.0530504721786806	0.662922716291654	0.0644828252165611	0.776563469976053	0.0697010253327735	0.872317891839039	0.0727317542306073	0.976258074402629	0.100340501844757	1.98908083268383	0.127467853277915	3.00691215281133	0.151775723733613	4.01157500164073	0.172157460229596	5.00786986319236	0.211706254242265	6.01187217674668	0.23003408841983	8.0112439171633	0.23728419127358	9.00875609070383	0.257716006066376	9.99994259815412	0.287174295276388	12.0078208446135	0.321562404606742	15.0466610104588	0.372482495206934	18.032244894388	0.441804298244639	25.0228180650159	0.467155662436438	30.0103081033209	0.570357142193372	40.0104135792355	0.69228455624365	60.0364929729532	0.760961830413406	70.0299171828716	0.804167264686961	80.0332010061048	0.862630165539474	90.025008174538	0.903391690954755	99.3380419496771	0.971948605031858	119.961979037822	1.1396587887411	150.006710733623	1.25362467778632	175.00580950809	1.27432491786799	199.999589999808	1.47354088019888	249.982992335288	1.62543986280973	300.958373771891	1.76865417271607	351.098371622573	1.84325744245955	401.244156245798	2.01308223163677	451.417975427055	2.10128274897683	501.533457503607	
0.0120611903195667	0.0575803999189895	0.0280607603517153	0.155685356157381	0.0274905314712455	0.262307987487682	0.0372203235311785	0.337164137947129	0.0470287226493217	0.560455505574984	0.0531156986650329	0.660946566297504	0.0641593459831369	0.773554657918686	0.0697242950647365	0.869267985175019	0.0725863642785953	0.972692331472095	0.100196034091274	1.98311431489295	0.127410127520994	3.0043668483358	0.151826697532822	4.011154043857	0.172255923601822	5.00776415808516	0.211877935570327	6.0117301500608	0.229952211544722	8.01146743457059	0.237331126401163	9.01006832414913	0.257889682767611	10.0003104705536	0.287171566699143	12.007821775936	0.321667000409265	15.0466218949125	0.372471554820923	18.0325093899867	0.441766778607864	25.0228478673369	0.467327279456676	30.0108091548423	0.570172016807726	40.0108457128896	0.692032613172107	60.0366233581075	0.760994734776376	70.0305653833527	0.804104681660794	80.0314799220687	0.862548446747642	90.0259245959079	0.902706364765871	99.0222118531747	0.971877170823604	119.96009404102	1.13960428909431	150.00601037908	1.25374974373894	175.005705199967	1.27432756290559	200.000424464795	1.47361415114697	249.98242609119	1.62544016556523	300.959893690261	1.76845989426885	351.099384901486	1.84333884521579	401.244126443477	2.01303934233453	451.419405938462	2.1010654572286	501.532682643262	
0.0119775652803137	0.0570956647318199	0.0278363816461246	0.15529422979845	0.0274099115469236	0.261330680907364	0.0372207306733971	0.335366452632863	0.0469852882614431	0.558241926543245	0.0532261397187162	0.659298358249364	0.0641878517066703	0.770440781038361	0.0695726892592077	0.86646988484015	0.0724758725027608	0.970300287760472	0.100043891372463	1.97659040056764	0.127164904878996	2.9964100942975	0.151955551817558	4.01181993946622	0.172220634954101	5.00822143744758	0.211859295212977	6.0116873092244	0.229838747889438	8.01150934408446	0.237191231426973	9.01066995850376	0.258226832946264	10.0007602993358	0.287263644283498	12.0079093202539	0.321679589780479	15.0457837046351	0.372419617324036	18.0334723774831	0.441852288432647	25.0226746413462	0.467281114273841	30.0086186842508	0.570037602084825	40.0112145166116	0.692088169835094	60.0358484977622	0.760748284808374	70.0303344153652	0.804010958257733	80.0319344074635	0.86233529106991	90.0269900288826	0.902009002894521	98.6971355865906	0.97199876494536	119.958328253502	1.13971619866617	150.005593146587	1.2537404756765	175.002888880635	1.27436784591325	199.997772058229	1.47346634931686	249.982515498153	1.62533351328604	300.96230767826	1.76838752387477	351.100040552548	1.8432806524559	401.243977431872	2.01296790527701	451.419823170955	2.10104046996609	501.532444224694	
0.0120764967287195	0.0568566713634183	0.0281930381113091	0.153948817988	0.0273245474944986	0.260046183411167	0.0373381675312398	0.334246042524987	0.0469302448008546	0.556158499835127	0.0531377490687347	0.656447521776212	0.0644402344526944	0.768187387968448	0.0695743873105625	0.863131792060636	0.0726001840928315	0.966370921589482	0.0999499918213865	1.96971141952762	0.127114517620937	2.98641816769968	0.151855920767641	4.00768626441513	0.172074734069788	5.00749128058376	0.211913666206281	6.01140046188504	0.229918787800612	8.01146557192553	0.23721392247001	9.0088594675047	0.258272929918453	10.0013591397228	0.287276521881585	12.0087363346609	0.321638843885136	15.0462437779651	0.372453876671137	18.0319394205981	0.441980914188288	25.0210783545292	0.467158906791805	29.9778645516526	0.570040567255839	40.0111213843586	0.692202456465214	60.0366717868791	0.76048789724585	70.0307814501798	0.804103207150144	80.0325826079447	0.862299205710649	90.0263194766608	0.901343726526591	98.3672536957497	0.972116061449978	119.958611375552	1.13981659501295	150.00662132666	1.25364725246933	175.002888880635	1.27431610928517	200.001273830943	1.47344866185385	249.982038661017	1.62534908198437	300.961234794705	1.76851125389754	351.099653122375	1.84316927511743	401.243619804021	2.01301952593795	451.422028542707	2.10119689113426	501.532563433978	
0.0122218220360357	0.0565213879765243	0.0281748904192375	0.153526797914507	0.02737220802924	0.258651818960213	0.0371001914374453	0.333404592618789	0.0469221589069027	0.555162916050151	0.0530786251987187	0.654240927663451	0.0644646375663983	0.765172347691659	0.0696541099288701	0.859439738511918	0.0725555013194267	0.962998777329951	0.0999679566962995	1.96286666459059	0.127010085035616	2.97800390146833	0.151630024338045	3.99746127435408	0.172099755901828	5.00283653057692	0.211955399472364	6.00561415500379	0.229854302038772	8.0037607406317	0.237329379996719	9.00024752806628	0.258160598847465	10.0014438900731	0.287180675709155	12.0076811462339	0.321718333402128	15.0471564740449	0.372503936388899	18.0133744372775	0.441922407863747	24.9967801497116	0.467080992647785	29.9020809747105	0.570079043325977	40.0106221954823	0.692315617775354	60.0373795920022	0.760648823419231	70.0313253425375	0.804115887176878	80.0331115991419	0.862318661499121	90.0273029532528	0.900843054413031	98.0352409389594	0.972143223356519	119.959840721292	1.13992925910743	150.007753814857	1.25352198982138	175.004960141942	1.27431892270591	200.000424464795	1.47330925882461	249.984542055979	1.62563209278965	300.959655271693	1.76863427287299	351.101828691806	1.84341730193097	401.246272210587	2.01316427409524	451.393358709932	2.1011278547353	501.536258921779	
0.0121349279192037	0.056895113883647	0.0275455862108358	0.152865529814108	0.027350022164676	0.257684262162636	0.0370430638108069	0.331699195546518	0.0468577698774573	0.553311970728678	0.052928343437035	0.651844809415758	0.0641680979066219	0.763342473542437	0.0695194884698226	0.857328430335547	0.072394087339655	0.960511738720229	0.099812397784413	1.9563986296171	0.126952097518851	2.96898124879401	0.151384313578248	3.98529075152708	0.172065750244103	4.99046391076082	0.211769320461894	5.99057143349309	0.229607641772335	7.98289539066106	0.237180844071989	8.97811930474445	0.25793966809596	10.0006792742756	0.287172604713467	11.9951678967158	0.321616586224332	15.045994183527	0.372343606084486	17.9682183330695	0.441473302816114	24.9335358993185	0.466705627556503	29.8108430316993	0.570112478673787	40.0082342845144	0.692392624546433	60.0335611696276	0.760933669474229	70.0273094797865	0.803944288334898	80.0278812918113	0.862334175546284	90.0222291081073	0.900282219917468	97.7023117607991	0.971978058032694	119.953939861739	1.13990724567434	149.995966996913	1.25368377504671	174.99691351528	1.27436476497594	199.987654170259	1.47332864352991	249.968046471321	1.62565811944889	300.963142143247	1.76872972827413	351.079506753398	1.84345561115761	401.222430353809	2.01291347226691	450.945519232683	2.10098402309845	501.505741345103	
0.0118630454502947	0.0563306378427922	0.0276698356453077	0.151831456215181	0.0272520798499692	0.257126865628203	0.0370800073809138	0.330608849694075	0.0467461145799542	0.551186459883719	0.0528508465138018	0.649196069931699	0.0639506683983212	0.759397740549696	0.0693867000107672	0.855077016326011	0.0722860262284364	0.956550416544916	0.0998922133749113	1.94950311760217	0.126823048351965	2.95889549145126	0.151542518910199	3.97211579735106	0.171895595959122	4.97533550757733	0.21158692833341	5.97276594369602	0.229492371377474	7.95780369904756	0.237032472636295	8.94979871791812	0.257967045172954	9.99066196913888	0.28695871590737	11.9649110903488	0.321579778525478	15.0298096605941	0.371975297633059	17.9132796170023	0.441127108968548	24.8575399808395	0.466266278371925	29.7159785187548	0.570025939464027	39.9686791540041	0.692251685970068	59.9741129898684	0.760877190315938	69.9577285108968	0.803930187328282	79.9483388971366	0.862181169430425	89.9311159623152	0.899592628460379	97.3677434549854	0.971730360823081	119.836578321751	1.13965317508386	149.849116060322	1.25352359120748	174.82523724532	1.27411287136367	199.791748613348	1.47315656326138	249.719793137623	1.62545894204121	300.944932925133	1.76849586812886	350.730551377135	1.84290483244011	400.823049450462	2.01183404641533	449.802659828043	2.10075102357108	501.007208119881	
0.0117994696528137	0.0554423198578482	0.0281132303395657	0.151671195980383	0.0272013051005911	0.255557325230051	0.0369995373878869	0.328132230255162	0.0467024883017906	0.548618046967905	0.0528761051346038	0.64672090568424	0.0640482766912789	0.756474144503858	0.0692922684096508	0.851244798736472	0.0722539761327462	0.951907017031415	0.0998453060182089	1.94336570212697	0.126818404739774	2.9484881950049	0.151614963388097	3.9593506250884	0.171657989131836	4.95943270970982	0.211331968853582	5.95303820419625	0.229462776527517	7.93315531695852	0.236853419258516	8.92134308932489	0.257948864548472	9.96555817033249	0.286763220041146	11.9280763529497	0.32138593173759	14.9924002971938	0.371726403257681	17.8556382029521	0.440931093933693	24.7781484604147	0.46606842616361	29.6185789458826	0.569765092378332	39.8668557991126	0.691866263540901	59.8220131194968	0.760253566378018	69.7797565006313	0.803640170672441	79.747128527093	0.861538199457546	89.7033144713842	0.898973485720916	97.035820105158	0.971260677790121	119.528914061195	1.13903848840575	149.470358363087	1.25275384270806	174.387292138634	1.27326237507233	199.283619040773	1.47231089794412	249.08604678215	1.62506082412553	300.646939517732	1.7676419818296	349.842501816807	1.84183599828141	399.806194258891	2.01047753940811	448.429279470683	2.09989865411735	499.740192246071	
0.0120766363030529	0.0554609281185626	0.0280699065942633	0.150624927877074	0.0271854699130376	0.254747627601373	0.0370498740605899	0.32726132727394	0.0468309762362432	0.546126235330215	0.0528623973322894	0.64510098655796	0.0641582551512178	0.754904400378903	0.0692901280819434	0.847636971669096	0.0722803822855717	0.949325216354227	0.0996260764932897	1.93695750462605	0.126741484331419	2.93780057047689	0.151349285095534	3.94676659505791	0.171608969331815	4.94258741344157	0.211044523436555	5.93302548000218	0.229290364055965	7.90650272878411	0.236584132338368	8.89254939065313	0.25770662155376	9.93462615513098	0.28659600884904	11.8903382326962	0.321108054830611	14.9471883136339	0.37155412021381	17.7981327619912	0.440628580156909	24.6973618188394	0.465751975793498	29.5202704022207	0.569504292170201	39.7441000390282	0.691463921984063	59.6390156928574	0.759772933054905	69.565678978508	0.802985310786546	79.5040756984046	0.860891266014484	89.4287456882677	0.898356644285362	96.7036210838615	0.970686533702531	119.163098021842	1.13832785277221	149.009718788981	1.25185276480912	173.848376768494	1.27231441079191	198.672418141115	1.47128316813779	248.322079185189	1.62422345315565	299.88477496119	1.76646560957594	348.773254144967	1.84063817124285	398.587696563624	2.00900482605597	447.008334609051	2.09859654274582	498.218485737232	
0.0121552657130871	0.0558797467708574	0.0276445246696294	0.150282695950988	0.0271175658902865	0.253940563869226	0.0369428118830532	0.326953088620214	0.0469064389967237	0.544105498269923	0.052819945251079	0.642159287930438	0.063971398439815	0.752186160951014	0.0691525604974286	0.8454283402883	0.0719763627812781	0.947260474304375	0.0994619204553843	1.93005873298226	0.126344299644274	2.92833437544747	0.151107704407941	3.93422261189622	0.171408455659593	4.92637215686513	0.211054651208714	5.91360228296984	0.229281781368386	7.88091650490698	0.236462660659373	8.86353217457408	0.257408816084029	9.90225338397497	0.286468269741643	11.8512357249356	0.320877312875211	14.8990165870725	0.371381494181298	17.7395097339939	0.440251889717921	24.6148298788422	0.465251521818694	29.4225448664629	0.569109703218913	39.6177270222359	0.690984667009603	59.4498082075854	0.759242600616342	69.343823050611	0.802437713996495	79.250226978944	0.860319688846817	89.1441260724033	0.897630717129501	96.3708856207876	0.970111247490426	118.783692124126	1.13750484879153	148.531346833896	1.25097985635644	173.291520401129	1.27149094762862	198.039476448308	1.47050778279725	247.531229894711	1.62320403128821	298.969515881814	1.765209265258	347.666991990481	1.83943503064816	397.322290015146	2.00747312458285	445.549719613711	2.09695024111006	496.641674736916	
0.0118124086952726	0.0556548905874288	0.0273794527961064	0.149824368850725	0.026914631816899	0.252834370981853	0.0368344807494024	0.325691990602592	0.0466135192481052	0.542456300691594	0.0526077485125516	0.640456539306613	0.0639023004891711	0.749675955693349	0.0690537010715479	0.842673371828119	0.0718395907819867	0.943917201043285	0.0992954649878567	1.92341688994154	0.126167314795036	2.91784698526349	0.150794571140993	3.92097734286915	0.171373497218132	4.90988495410981	0.211023229389073	5.89358117687299	0.229062515018414	7.85441292833742	0.236328140633029	8.83312169998958	0.257163894524095	9.87082217989717	0.28628307792364	11.8114049229563	0.320667050941929	14.8506809477458	0.37098451850337	17.6802049779044	0.439874620348448	24.5312660334813	0.464777881229153	29.3227126791413	0.568458279616333	39.4903779794317	0.690319152740986	59.254182047434	0.758667808473596	69.1163642863712	0.801801226372215	78.9894343186968	0.859872937199216	88.8527115273573	0.896801448944937	96.0370102189365	0.969399686305523	118.393698951884	1.13664972437993	148.046761094889	1.25023912362534	172.72257919261	1.27074067389945	197.388593758276	1.46938431027684	246.719697793479	1.62215345502752	298.020192749567	1.76390307001324	346.531732177688	1.83825305842778	396.022551192908	2.00608410667037	444.069438331023	2.09527582123341	495.014080581663	
0.0118534095212537	0.0549192476518303	0.0275780606098265	0.148718423345898	0.0268215317407641	0.251603060733288	0.0368034608798325	0.32438875024047	0.04643140061994	0.540105700832573	0.0524232886092762	0.638781322905092	0.0638939642033258	0.746636817446087	0.0691397389998912	0.839492847179213	0.0718322432929637	0.940085041661404	0.0992145009049245	1.91678622277119	0.126103279551763	2.90791070518687	0.150809186112635	3.90670435942982	0.171212157103899	4.89301684043957	0.210892221810891	5.87352095522987	0.22873657744557	7.82823903994362	0.236022564542406	8.80342182449576	0.257070555544839	9.83787385141739	0.286039853291659	11.7720993868842	0.320373103574944	14.802464517703	0.370582400588953	17.6200266412813	0.439465873760167	24.448698703228	0.464416487853736	29.2213605734502	0.568076981639397	39.3584244780374	0.689832695549278	59.0574159485054	0.75823668879598	68.8869087666263	0.801176504678651	78.7269429261543	0.859456519865913	88.5558133552524	0.896175450722522	95.7054295958002	0.968621017586769	117.999481300644	1.13593671631858	147.555276118577	1.24934184403245	172.145680764392	1.26977104601984	196.730275389162	1.46832392317293	245.895767926722	1.62092552274773	297.043630295951	1.76256770730534	345.378918797843	1.83685545918083	394.70993776801	2.00468363733192	442.576342050318	2.09390028256816	493.367174522421	
0.0119291839586552	0.0543292148110696	0.0278867096604462	0.147688700769418	0.0268027290873596	0.250909443726873	0.0367228983860997	0.322837137801028	0.0464508822613476	0.538556911464551	0.052399429451992	0.636356799320222	0.0637911539062561	0.744737035899428	0.0690350318344753	0.83609811834832	0.0718789708724058	0.936651546530183	0.0992697274024237	1.91021807062568	0.125774353859516	2.89797558926341	0.150795973974761	3.8933065863384	0.170983485463998	4.87643790241501	0.210804165459168	5.85368471665531	0.228347641904514	7.80221975108987	0.235793182102578	8.77348725572429	0.256940601580635	9.80500375403015	0.285701087943589	11.7332315724013	0.320134322943647	14.7528250268337	0.370327385061015	17.559932123686	0.439128388264738	24.3652000504442	0.464125447697547	29.1213346710423	0.567765484269801	39.2242283519899	0.689336516927293	58.8623672083229	0.757646402198781	68.6552329739689	0.800706072591625	78.4608752550951	0.858815924754043	88.2587885232834	0.895519810344757	95.372411010677	0.967949297811283	117.602156757443	1.13501040317499	147.059529410365	1.24834386384715	171.56624913889	1.26884498868748	196.068261532247	1.46740957080187	245.066682258437	1.61976455999435	296.056756239279	1.76123884043856	344.220264163087	1.83532959383466	393.388502856104	2.00316019670175	441.080593363046	2.09237109241824	491.710642313504	
0.0117130102457131	0.0537426853437337	0.0278290432782475	0.146823385723379	0.0268840476185775	0.249448155020963	0.0366552706038119	0.321541406226808	0.0462614508009962	0.536575057119903	0.0524964127081754	0.63286236077092	0.0637843324194922	0.742466064116754	0.0688577442297206	0.833185756380505	0.0718190352267084	0.933467762252421	0.0991558133682801	1.9033950853528	0.125713971961883	2.88788564096927	0.150596742183662	3.88018867566737	0.17086534211069	4.8596121639199	0.210472059667039	5.83462333842602	0.228170215384293	7.77568544087681	0.235647520114183	8.7430833003975	0.256645830013524	9.77185053459368	0.28540434421944	11.6925150826956	0.320026359010173	14.7024171948769	0.370084619213111	17.500122590785	0.43899754259997	24.2821298060244	0.463780015313899	29.0218079575107	0.56729810219421	39.091369605096	0.688819623569532	58.6630083074697	0.757090617409784	68.4218733501767	0.800174510513363	78.1944723079249	0.858023941111292	87.9590665812663	0.894799961052422	95.0380140682089	0.967237301471739	117.202872711639	1.13406620710125	146.560713063094	1.24752757372447	170.984358821909	1.26794139129918	195.404474437234	1.46614993257027	244.238922793435	1.61852772420671	295.064636974116	1.76011737710731	343.061222098159	1.83404978204486	392.05762060845	2.00162282579666	439.5831757458	2.09093250252769	490.048507268245	
0.0116814236518018	0.0535592148052488	0.0275475146641225	0.147223417854006	0.0269056334203646	0.249595129357789	0.0367459608842378	0.319585832639813	0.0461638672404785	0.534703855533395	0.0524077724317286	0.630234052174871	0.0637369751088362	0.7385544512815	0.068774503691725	0.831129745479375	0.0716913807590302	0.929898643277714	0.099161445139939	1.89709957787806	0.125665337522763	2.87855541902929	0.150440770436858	3.86648030651207	0.170652787645358	4.84329679017143	0.210112963742087	5.81488861400727	0.22812071302531	7.75002331421345	0.235475576787652	8.71401299893422	0.256385233695085	9.73800534251714	0.28518936030315	11.6527457480033	0.319823162666219	14.6516377652305	0.369889301875633	17.4387651998385	0.438560800364803	24.1998493231104	0.463390110822011	28.9213499214488	0.566716464911902	38.9596470716891	0.688272803927366	58.460505261754	0.756471525881305	68.189482301816	0.79962991064953	77.9288442211	0.857211097949935	87.6587560434101	0.893992868199746	94.7052115499128	0.966602885004258	116.803134180439	1.13328073573476	146.061717901896	1.24652305992131	170.402051272434	1.26685188867064	194.739823074913	1.46506713864262	243.407140015102	1.61734005600546	294.067421512066	1.75897161371904	341.899617033627	1.83262013310679	390.724443582082	2.00015161677504	438.083522954481	2.08933519091012	488.38652123459	
0.0118497348559699	0.0530123756848131	0.0275121945435211	0.145721689377597	0.0268637436324346	0.247851708132832	0.0366253709115774	0.318131339677992	0.046186273394849	0.533468514404504	0.0523238545457335	0.628130310994059	0.0635264488283189	0.73606327992805	0.0686876264118285	0.826787628804453	0.0716365493664157	0.925694536960262	0.0990956936030309	1.89068381338159	0.125599757532568	2.86815045088925	0.150193303179399	3.85368486626718	0.170452049765957	4.82704986862895	0.210043409920705	5.79419974965614	0.22788630911533	7.72482871146035	0.235042264747353	8.68383256101472	0.25608997431867	9.70518274257896	0.284851823558735	11.612960580828	0.319550087073466	14.6016136381562	0.369452314018662	17.3794045643972	0.438142237275676	24.1154025839907	0.46296188256906	28.8221417202226	0.566267753554777	38.8265275544867	0.68785519897431	58.2596115413708	0.755797857965059	67.9571583086775	0.798943932787988	77.6627318465594	0.856597259040122	87.360196391911	0.893397820233454	94.3710828283334	0.965807127104122	116.402456876129	1.13239577006561	145.561769066428	1.245654111493	169.819237083502	1.26580587463296	194.072295788618	1.46408273405578	242.573718109115	1.61615026009883	293.068745736289	1.75772915428574	340.731813086333	1.83114774685831	389.39117714875	1.99887047128495	436.584078779409	2.08774141717166	486.72098872474	
0.0117391075330423	0.0542495394409998	0.0277477718952384	0.145539455751848	0.0266380761699387	0.246705730311114	0.0366288863458064	0.317083048858562	0.0461824458860707	0.530816340668614	0.052332616195708	0.626915808206785	0.0634943692766382	0.733988176915047	0.0686042518594255	0.823798025274274	0.0716742398339495	0.921682690537676	0.0988673604115635	1.88436281095259	0.12556163497212	2.85829333322771	0.150069405998792	3.83982771833765	0.170347390004876	4.80953867675148	0.209995362208999	5.77445478068955	0.227527312495568	7.69727972535044	0.23467886399335	8.65257644557264	0.255921608918116	9.67216549623193	0.284552687354196	11.5734315273486	0.319284671312049	14.5522982475275	0.368942147414536	17.3196881637492	0.437734492010506	24.0319169697224	0.462720882875518	28.7219332785987	0.566052602274108	38.6929349254389	0.687278981576206	58.060047749561	0.755297863918249	67.7229567693178	0.79825274768364	77.3963959546114	0.856111826521649	87.0599603598572	0.892832285396502	94.0374085921488	0.964765564235072	116.004193559817	1.13169365306511	145.061417899626	1.24491478394141	169.236244080645	1.2648684051415	193.406169211408	1.4629931785225	241.741339284363	1.61499762234485	292.071381262635	1.75626844890603	339.563681313508	1.82996766480953	388.058894192011	1.99725545779196	435.085469069324	2.08637715848757	485.061327272121	
0.0114983820182035	0.0536174588431839	0.0277516624662004	0.145287271072918	0.0265126565766725	0.245798971412473	0.036726082962169	0.316002481892689	0.0461646902822611	0.528747174836742	0.0521522813937025	0.624916840810641	0.063537211887606	0.730750841591787	0.0687186097328156	0.821635145112783	0.0715332407361026	0.91968314106495	0.0986348790074767	1.87632293637845	0.125431891763278	2.84832678516885	0.149840181767367	3.82650095858918	0.170262662805399	4.79279070368766	0.209764949493559	5.75482296741041	0.227387755873814	7.66948673273757	0.234489318978616	8.62217155892332	0.25566978117345	9.63931030000518	0.284401260554732	11.5324635805597	0.318887413184345	14.5026391988851	0.368662852449626	17.2590981825677	0.437539042233162	23.9491466111574	0.462544069055045	28.6210598726882	0.565493256049254	38.5588542833851	0.686547033326597	57.8602827920846	0.754976938255184	67.4897759594514	0.79774919429078	77.1295757749476	0.855560864190883	86.7601862637785	0.892228246922264	93.7045092163095	0.964025589757506	115.605021272716	1.13094089221553	144.562735662799	1.2440226940621	168.652923252257	1.26394594082254	192.74005753536	1.46185584620504	240.90924358166	1.61378435418143	291.075506905029	1.75474761554794	338.396562819596	1.82870592195248	386.724674084408	1.99551060586529	433.589213742595	2.08480340730557	483.400205505775	
0.0114312360876658	0.052050683308794	0.0273991589182747	0.143757035395931	0.0268379602070022	0.244206235262549	0.0365711539939572	0.314603693659716	0.0460744176330775	0.526526436263051	0.0519740409586396	0.622437834857743	0.0633356041645444	0.727749829360612	0.0686791666995551	0.818161544905098	0.071365745915485	0.916613618420134	0.0985258799991285	1.87037190182464	0.12526867987401	2.83880773758583	0.149664516558567	3.81418584793933	0.170199031671732	4.77653959119379	0.209497522133549	5.73471850794709	0.227199220174098	7.64263111625153	0.234390883752738	8.59243722449588	0.255357558923361	9.60558617985759	0.284274996889308	11.4922490736979	0.318527441079879	14.4530127465313	0.368560417324284	17.1988770051083	0.437133600507076	23.8653629736794	0.462271396061458	28.5215350218017	0.564814426885779	38.4258912283679	0.686071046610457	57.658856355214	0.754227866470063	67.2566100507454	0.797186886102307	76.863679467234	0.854887302745259	86.4608592025143	0.891568498917169	93.3716396427912	0.963375901255771	115.205662721109	1.1299563011135	144.063144455182	1.24308257530706	168.067858988092	1.26290067236679	192.074169376718	1.46087585945162	240.077118076636	1.61261717345288	290.078053024412	1.75332619304602	337.231232464943	1.827249255166	385.393374604261	1.99401940759362	432.093912090138	2.08301895085159	481.727013799435	
0.0114778914186638	0.0516134091908874	0.02741927189016	0.142716151501001	0.026699038702102	0.244168123798376	0.0364332821812803	0.313163607093287	0.0458367182905187	0.525191210792777	0.0519745794464468	0.619326693737351	0.063272893433681	0.725032055593989	0.0683669936640066	0.815777592057958	0.0712653004618078	0.91380277060813	0.0984285544295228	1.86364705466339	0.124945872386106	2.82908147073981	0.149543527505465	3.80080600280663	0.169972866264542	4.75990943043006	0.209522938657203	5.71474815892815	0.226857609044733	7.61630495662402	0.234201513585086	8.5625576037537	0.255184281826489	9.57166368801103	0.284009118149965	11.4521109352836	0.318252987368363	14.403127386514	0.368351688796176	17.1397547882347	0.436907928843537	23.7824044879632	0.461899764482326	28.4225205356618	0.564431150346043	38.2932597241714	0.685669603945815	57.4600487972988	0.753460582439118	67.0236676594468	0.796375347307655	76.5980737321499	0.854278537581893	86.1615842953119	0.890805302595009	93.0387030140508	0.962799060992272	114.805417550453	1.1289949647113	143.562927398825	1.24224999176575	167.485193810765	1.26196869262611	191.407714973978	1.45972782505614	239.247451263092	1.61132047440369	289.075204923698	1.75205693034104	336.06316029676	1.825790484516	384.060376391818	1.99245797505009	430.59154728761	2.0813649907583	480.058530859809	
0.0115285948047239	0.0516228461074647	0.027594781891157	0.142940920372942	0.0263305809261342	0.24301859530951	0.0364325055019081	0.311835453853478	0.04584172663775	0.52285621058614	0.0520132972180791	0.616410490064098	0.0633365906214242	0.722432734411698	0.0682672273103797	0.812996954020534	0.0711876415379238	0.910500300915403	0.0985260513595875	1.85728961424039	0.12499649640967	2.81851584946328	0.14931299863663	3.78688319663871	0.169704190827501	4.74319079402594	0.209522436863533	5.69475499250722	0.226653232671391	7.58869450322711	0.234030143190743	8.53230545399936	0.255096386125016	9.53885226394321	0.283638357095438	11.4126033022223	0.317907373612496	14.3531628640816	0.367995252687805	17.0797794799233	0.436634969229587	23.6993882602502	0.461219470464815	28.3223959130657	0.56407316443841	38.1601066793579	0.685179359129219	57.2602316857607	0.753130144334564	66.7901143205682	0.795708546320938	76.3311864972639	0.853672810977762	85.8614823737025	0.890133511235666	92.70575893473	0.96191003294631	114.405209632698	1.12826645150276	143.06278484827	1.24130682266151	166.903348197265	1.26122828818051	190.739993972597	1.45864825310297	238.415281054586	1.61023104179936	288.073340299577	1.75103078759617	334.896786860873	1.8244153069125	382.728182842041	1.99106436216085	429.089003671157	2.07988101080724	478.391001594453	
0.0113467092560376	0.051488924837979	0.0273908540310947	0.142677647135135	0.0265069791876827	0.241181969071943	0.0363518912266395	0.310801656740927	0.0458586025724667	0.520079647084786	0.052031545072442	0.613557150661646	0.0632400022140059	0.719704948927873	0.0682617089563608	0.809063338690499	0.0710052447993764	0.9063833314622	0.0984107107313409	1.8510901494016	0.125029476905365	2.80703403964749	0.149294121039422	3.77329659790426	0.169632896137207	4.72626819798767	0.209249788430576	5.67456531703238	0.226461799554379	7.56125448185325	0.23404337190912	8.50233642629426	0.254976996216831	9.50493349738677	0.283275559521244	11.3730416524543	0.31774598394321	14.3026842516125	0.367706648999488	17.0190535256524	0.436207493304818	23.6153941438803	0.460715346156469	28.2227201879292	0.563616221062818	38.0274528234207	0.684767614855263	57.0598483301242	0.752663716655184	66.5567621473562	0.79503460957847	76.0651709802664	0.85298000994147	85.5612835945499	0.889527071488772	92.3718611811382	0.961274920201698	114.005612662523	1.12759305660113	142.561703524605	1.2403805164622	166.321130054753	1.2601717017049	190.073599174499	1.45763233508635	237.578670300255	1.60922468788953	287.072876384542	1.74987401017173	333.731635320145	1.82301459070352	381.401264303077	1.98958130288599	427.589619100727	2.07831017113171	476.723502131419	
0.0113313714678643	0.0502527069562372	0.0272279756236945	0.141192464185556	0.0267651992409738	0.23967265904806	0.0363763928102425	0.309075654157671	0.0458105562460822	0.518510717867044	0.0519382029382938	0.612472683782677	0.0630076023442932	0.717670940521523	0.0682919788027603	0.806498127195884	0.0708439289984675	0.902914504282483	0.0982723123663484	1.84354690256678	0.124792106179987	2.7978651693359	0.149257527899825	3.75951395577717	0.169463104873037	4.70978332353868	0.209061274590739	5.65431231162547	0.226441743790471	7.53443844657476	0.233764720106812	8.47396834201889	0.254646057147808	9.47193115220022	0.283009500998808	11.332427608227	0.31751041429679	14.2527672266292	0.367327222445337	16.9593352623594	0.435874135553287	23.5315453138251	0.460506865927739	28.1224614548888	0.563324473538068	37.8935733470335	0.68418919599103	56.8595618320307	0.752011712568096	66.323804854897	0.794514836527726	75.7968383328134	0.85236764479725	85.2616287077551	0.888916675492302	92.0388723983359	0.960634131310824	113.605933735965	1.12666498679108	142.060786113705	1.23935019232857	165.737719819402	1.25899454012578	189.407874928623	1.45653014944522	236.745263295429	1.60799535280514	286.073962190197	1.74859966477961	332.564367814628	1.82146145489353	380.07059067167	1.98813853257924	426.087522519088	2.07669774679135	475.058029226211	
0.0114612285887479	0.0499851881973641	0.0273619334208214	0.140845444679587	0.0264866633417287	0.23970412028729	0.036446934133351	0.308520818760197	0.0457573186025078	0.516559015089317	0.0518863380118111	0.610436230654685	0.0629487729555672	0.714793270317965	0.0681456060434943	0.803665509719733	0.0707393409346562	0.900602496100815	0.0981868168286442	1.8367560479212	0.124637940971967	2.78882877965426	0.149256495033998	3.74710524721302	0.169144880042282	4.69288401056367	0.208755880902542	5.63415709508425	0.226255975961078	7.50946270461629	0.233525182871942	8.44326356951479	0.254457287162264	9.43832344736893	0.28273401472994	11.292867821104	0.317205896837656	14.2011123538042	0.367132378426363	16.900065896526	0.435454954176561	23.4487339770688	0.460251296437538	28.0224318271908	0.562770577575915	37.7595597602019	0.683578614992995	56.6602997887207	0.751485197143486	66.0910636292649	0.794126955986255	75.5306216501493	0.851854752218044	84.9608711350843	0.888099558081313	91.7062710457064	0.959998026239098	113.204891353223	1.12590534959692	141.562655219815	1.23842724817466	165.153713537632	1.25807974243682	188.742404002475	1.45545400212233	235.910679098925	1.6065191286516	285.074660565679	1.74726740852148	331.398679832123	1.82013521960695	378.731006146292	1.98682517155273	424.587363088312	2.07530097998422	473.391483437447	
0.0114552464186177	0.0506897336915966	0.0271100124478166	0.140754844459679	0.0261579844193945	0.238669988480704	0.0361576481434935	0.306913821734026	0.0455755700586508	0.515055045618069	0.0517424498320054	0.607768922927676	0.0628637742959151	0.712128581935574	0.0680097287425191	0.800470200325657	0.0707772748004352	0.896430403995345	0.0981748077616273	1.82951745996914	0.124512818555016	2.77812904793335	0.148956278224572	3.73429839826713	0.169091514391348	4.67629622497507	0.208493169157612	5.61464495675026	0.226035648738649	7.48219916886194	0.233406912957731	8.41406102025219	0.254132098093384	9.40466451979846	0.282567525574767	11.2524568051883	0.316937111821821	14.151383455972	0.366836617375612	16.8404277269706	0.435181303128357	23.3658108816088	0.459820149020909	27.9228566848876	0.562026917484982	37.6268910031042	0.683029236256828	56.4606503152381	0.750828479303963	65.8574953892259	0.793559899772677	75.2644571215469	0.851221206435189	84.663838852535	0.887543391758678	91.3721348735468	0.959283347609041	112.805145371443	1.12510399634578	141.063317331927	1.23776441950611	164.569707255861	1.25728870010259	188.076292326426	1.45433281544008	235.076288617507	1.60530786249995	284.072408511386	1.74589829090573	330.233260070507	1.81902914041521	377.395385329604	1.98533298454828	423.088306343412	2.07370587057783	471.730212659496	
0.0113777846906446	0.0499627782489769	0.0270871309173016	0.139922736882613	0.0262327127461661	0.23717237819611	0.0359379795989275	0.304895820433667	0.0454948211432424	0.513093913199722	0.0514637297957376	0.605094281035741	0.0626805615179724	0.709350796073399	0.0678629656019331	0.796993922565698	0.0707439351402058	0.89331396597806	0.0980637753588619	1.82343673875297	0.124372571174195	2.76861232865666	0.148702493258922	3.72101541067758	0.169082278279107	4.65951798392901	0.208221396831445	5.59478916040255	0.226116657993677	7.4542720658047	0.233057880369047	8.38464240416255	0.253882955898859	9.37223866325822	0.282424409342096	11.2125114505378	0.316785685988615	14.1013109001261	0.366610942178842	16.7802419397673	0.435087522166748	23.2827126975131	0.459400867690008	27.8228549968655	0.561663391535149	37.4945686979878	0.682405640811585	56.2596560120216	0.75020950549466	65.6239271491868	0.792761073656349	74.9967801251552	0.850576869650468	84.3655772242456	0.88682988657753	91.0379614484859	0.958586335580372	112.406084843046	1.12439996796868	140.563890037075	1.23697049246996	163.987012276213	1.25631367012713	187.412877760425	1.45344744146786	234.243909792755	1.604199564717	283.072749259017	1.74458423348237	329.067482681039	1.81757298798073	376.063489803037	1.98366207289377	421.589339005476	2.07206837254823	470.065365603028	
0.0113785232017998	0.0493988770087463	0.0272389016440564	0.138797888440803	0.0262609203824429	0.23703937369724	0.0358573728906549	0.303786353365523	0.0455379887042972	0.511154550445521	0.0512664010779113	0.602504214871096	0.0627171994920399	0.706768937188553	0.0680351101203718	0.794493729025234	0.0706235455590626	0.889855557969152	0.0979000147663425	1.8171309867304	0.124170977394787	2.75865067004109	0.148664820736831	3.70665790971861	0.16892429624342	4.6431751361659	0.208094750470999	5.57431775986227	0.225832578038846	7.4278895611641	0.23293730603973	8.35347290171579	0.253649182409873	9.33846611433905	0.282343325796709	11.1729693585429	0.316289284463132	14.051736601834	0.366454196968693	16.7196985247124	0.434785978103407	23.199050131964	0.459179655094215	27.7225906758899	0.56129705203362	37.360823332045	0.681782168431888	56.0597047900392	0.749830910364391	65.3899118743332	0.792123576306689	74.7301685617382	0.849875640010979	84.063262480304	0.886197818425299	90.7034154944129	0.957870439615663	112.007143523932	1.12362913345407	140.06404550973	1.23605060935799	163.404227889603	1.25517479375232	186.746289247241	1.45214736473267	233.411262747113	1.60310064973543	282.074758936622	1.74327983304177	327.900632408016	1.81611900620306	374.728077602595	1.98215504787175	420.093143283389	2.07059052186971	468.395660768242	
0.011353976914352	0.0492981813981276	0.0273431183560909	0.138002204305824	0.026143259151532	0.235856041110905	0.0356194187498801	0.302725373276617	0.0455030082195779	0.508530199970227	0.0511087174321394	0.601367361099793	0.0626824514683464	0.704093713220036	0.0680022594510617	0.791034855355061	0.0705672796095369	0.886354600162137	0.0978108733801464	1.81041882883863	0.124128418933264	2.74767782798815	0.148486395457534	3.69238492627927	0.168758601104745	4.62665626844455	0.208000380089809	5.5539571867031	0.225472614135813	7.40091846068429	0.232876152180478	8.32381772970343	0.253469700379242	9.30520206752147	0.282156153832658	11.1324763862445	0.316043380835203	14.0028412376665	0.366154216028407	16.6590582521142	0.434134739659345	23.1153242364829	0.458872562862906	27.6216502147572	0.560906456564448	37.2263478092384	0.681325882014232	55.8590904664151	0.749384203714156	65.1548907711467	0.791697009457741	74.4642797046049	0.849025093052539	83.7625496111146	0.885547017845747	90.3720211357827	0.956977150329445	111.606347010338	1.12274974396244	139.562904581423	1.23505387245341	162.821458404153	1.25416084299728	186.076452281071	1.45107806246193	232.576440132041	1.60195196288466	281.074265219265	1.74202187345548	326.733215890894	1.81474122826544	373.394602553017	1.98068452482742	418.595725666143	2.06911558024127	466.728697746985	
0.0111709421547149	0.0492876858297676	0.027118938115341	0.137900166281089	0.0260535431014637	0.234890521581362	0.0357319424649456	0.300714182272261	0.0454754387080707	0.506829430406778	0.0512187621615006	0.599134922786814	0.0625538482448964	0.700917204899542	0.0678600369969828	0.787626447724503	0.0705607312884161	0.883625708732808	0.0978079137999859	1.80363484269671	0.12400634028222	2.73837275175649	0.148186174666705	3.67961789137156	0.168627252336533	4.61000794689148	0.207838164808843	5.53447205672249	0.225463650741027	7.37459183539551	0.232655858447829	8.29394555954149	0.253338909097834	9.27161019517319	0.281861141274197	11.0926381336849	0.315917231105467	13.9523924275184	0.365810731278873	16.5991723507658	0.433760749019734	23.033079143825	0.458471939957013	27.5215106910006	0.560490814228126	37.0922299142834	0.680810821801983	55.6595900045373	0.748701563916416	64.9236098592423	0.791065645981927	74.1977202952496	0.848471953097503	83.4618143901846	0.884645766214167	90.0394793877951	0.956149708512187	111.206459467534	1.12189219724486	139.061614641511	1.23405989830561	162.238346192011	1.25334125588801	185.409297523788	1.45027422237617	231.742720202845	1.60070907478666	280.074456955291	1.74076894291216	325.565531152884	1.81331330294933	372.062379200919	1.9791495510768	417.092526398628	2.06745614231814	465.060423423606	
0.0113308877563824	0.0482686116167497	0.0267766484243171	0.136549515781406	0.0259244545730917	0.234293325560671	0.0357881981029895	0.299770781652815	0.0454988635605392	0.504502055403359	0.0511996928689893	0.59656022344392	0.0623937587455267	0.698827782802635	0.0679534745305814	0.785483183543807	0.0705651925272906	0.87994058189541	0.0977258463762868	1.79666889941542	0.123803874843087	2.72803274336294	0.148123346824949	3.66670254335088	0.168528456653879	4.5929731264883	0.207618360192247	5.51562488267519	0.225182759791861	7.34815158875802	0.232409212651828	8.26384055874695	0.25310707878139	9.23886955161768	0.281548198139695	11.0524804374975	0.315697476623167	13.9012115978613	0.365295526318558	16.5398173032596	0.433511576656236	22.9509327713554	0.457994326726618	27.422751387234	0.559903027053224	36.9606154142901	0.680160919686628	55.4601826749126	0.747994694973123	64.6913305695852	0.790215538598972	73.9312651940178	0.848027747485022	83.1608556518472	0.883969915656268	89.7062000323635	0.955521196309702	110.806795442137	1.1212585697707	138.563036712807	1.23313369220601	161.659674525695	1.25254802475365	184.742336481592	1.44911817985217	230.911280151203	1.59955614321787	279.075483156304	1.7394858232099	324.399604751811	1.81203467781584	370.728725337415	1.97760160002129	415.591770921433	2.06589155287647	463.394086251089	
0.0114102662273474	0.048018031286398	0.0267448942432741	0.135768179834161	0.0257888853856377	0.232564354386849	0.0358001757553424	0.298228569750164	0.0455096735817626	0.503267470974024	0.0511676821711521	0.593796582042675	0.0622497990867123	0.696875265117693	0.0677463645188097	0.782935376138978	0.0704893935651876	0.876228388496973	0.0973813243632597	1.79035662813514	0.123734075303871	2.71889600367865	0.148134591183021	3.65430338084267	0.168417128596953	4.57620652697387	0.20755093813623	5.4940819955637	0.22493919314329	7.32136116484911	0.232093672259464	8.23373928324254	0.252780481884556	9.20564648299143	0.281215723127666	11.0121001552253	0.315490566397606	13.8511911960772	0.365008909574944	16.4796855327631	0.433198500424148	22.8666313185504	0.457822666318506	27.3226398031533	0.55951694888272	36.8264416399833	0.679625040933966	55.2596838352822	0.747604567860371	64.4566745448307	0.789682887336047	73.6643854097121	0.847371941302695	82.8613274249165	0.883546874078721	89.3732261507218	0.954777431116416	110.409150523985	1.12052949154621	138.063996848128	1.23232853357674	161.075608639282	1.2515715200056	184.075479747518	1.44799778196522	230.078096663784	1.59848731781939	278.081277728673	1.7382633547787	323.231979618443	1.81063659595173	369.398200717613	1.9761418550509	414.091164455843	2.06441790694475	461.727808683215	
0.011091889831099	0.0485505294950573	0.0267565241936174	0.135429251192675	0.0257478130952022	0.231740905198933	0.0358459980746849	0.297026465194076	0.0452179124537277	0.501400751377193	0.0509694461646919	0.591184455175592	0.0621493595411129	0.694005336532669	0.067575803720242	0.778693318428414	0.0703643985647971	0.873349437724936	0.0972922127211788	1.78334702911023	0.123458516674113	2.70961840146164	0.147899000442102	3.64097708675546	0.168178201625737	4.55986274788823	0.207233712821241	5.47400873540516	0.224624847623236	7.29522732332411	0.231866614313477	8.20329714369201	0.252440476273831	9.17236008443312	0.281043672044214	10.9727387398013	0.315175599938624	13.801708167393	0.365015819022288	16.4196860100658	0.432952056972592	22.7822069311715	0.457553009532411	27.2225114552671	0.55921149299977	36.6932215399476	0.679199815302956	55.0599635812873	0.747209510928344	64.2235682407667	0.78924836538867	73.3984667502577	0.846722043855713	82.5618290003068	0.882962996479818	89.0388068565129	0.954020018287161	110.011557759896	1.11952757832155	137.564822873005	1.23129664377344	160.489665206649	1.25063855328418	183.409800205124	1.4467627832752	229.244957879847	1.59709487025858	277.08549277803	1.73685154753628	322.065993612728	1.80920160206607	368.068450958156	1.97455258457123	412.589783129907	2.06280152100845	460.061024475884	
0.011038298758245	0.0478593826761349	0.0268606938985991	0.135103637552991	0.0256876629964723	0.230701651118431	0.0356858045698652	0.29597709753297	0.0449821381782198	0.499004749544816	0.0507361461717087	0.589056732439623	0.0621035396664972	0.690635520579463	0.0676572114910813	0.776339633563511	0.0702671717735879	0.870184279897782	0.0973599352364439	1.77687422110877	0.123258825563447	2.69881994955251	0.147631668260342	3.62674205470923	0.168072718881087	4.54376018133796	0.206888471277138	5.45442814486518	0.224422677652031	7.26829021611667	0.231669772386352	8.17310180461203	0.252262797865786	9.13924970583305	0.280917360974471	10.9329982761074	0.314769219576127	13.752321996252	0.364772129709842	16.3600161755444	0.432672049519744	22.6991832528782	0.456890428868681	27.1226047621431	0.558672499764633	36.56024730906	0.678733583303143	54.858760661824	0.746595717539757	63.9904917390236	0.788635135182525	73.1324735850009	0.846096598326646	82.2611012299569	0.882242505430556	88.7062800096858	0.953541814109663	109.6094797465	1.11852391614294	137.064948543339	1.23030360445233	159.906299674779	1.24971474856502	182.743450110507	1.44558060084314	228.411163444849	1.59585492048915	276.07903859648	1.73557476449462	320.900365234865	1.80774931112782	366.734320257517	1.97302806878153	411.091143617501	2.06118429412278	458.39355481517	
0.0111542758170598	0.0476945422262363	0.0268395935530713	0.134649574163687	0.0258886138300775	0.228902874410575	0.0356132422272909	0.294004760140429	0.0450231067644349	0.496317767629353	0.0508305599525576	0.586245942835278	0.0622850478913	0.687721470589562	0.0676339924579968	0.774335078232184	0.0701528521135329	0.867417553490655	0.0972733131098329	1.7699805717389	0.123349027251687	2.68810787780808	0.147511410199422	3.61287349807871	0.168075700644214	4.52758497163031	0.20688051281142	5.43396838585653	0.224107117311896	7.2429358915496	0.231473883632961	8.1424696752653	0.252150270704869	9.10491556942806	0.280647326272155	10.8934925056913	0.314588403213466	13.702842692858	0.364210327115783	16.3005214296587	0.432332586896331	22.6172659857511	0.456455637512771	27.0230892244819	0.558165461033662	36.4260511830124	0.678218142607784	54.6607912941862	0.745885250105725	63.7578175686137	0.788108642380361	72.8654000856089	0.845510319315348	81.9620647413223	0.881620558080093	88.372844192069	0.952781114223943	109.208377759116	1.11782403264606	136.56499970787	1.22952112805636	159.322785131305	1.24877915766761	182.076727486879	1.44467204220654	227.578710114294	1.59464095863593	275.076458716655	1.73430671105962	319.733842787373	1.80640723594178	365.398520626902	1.97167922554063	409.591103396009	2.05955330560725	456.727277247296	
0.0110805850494879	0.0479115076340071	0.0267214332889641	0.133909099992462	0.0259302271185224	0.228863817071957	0.0357576757546769	0.293492329021916	0.0451278717591683	0.494586730083668	0.0508685934203748	0.583351567033831	0.0621453617138137	0.686235138038734	0.0672163641372446	0.771490120732506	0.0699224470378294	0.863625499185238	0.0969451660061657	1.76362825358981	0.123338423122615	2.67818859436764	0.147432016955005	3.59962939320481	0.167773415021014	4.51045515632904	0.206833397504954	5.41399431154747	0.224025528032143	7.21527235276846	0.231113431044601	8.11356421788989	0.252127729316681	9.07112346273575	0.280399197953232	10.853201630382	0.31439440923588	13.6532628066307	0.363844319520071	16.2407640508194	0.432099846401304	22.5322362387274	0.456417883436027	26.9231452784567	0.557656434930159	36.2935388880999	0.677769976077355	54.4608326216234	0.745171816383093	63.5252477063272	0.787428913876666	72.5981850251923	0.844834856047905	81.661292267491	0.880838532956191	88.0394754296744	0.951921400245852	108.808341204706	1.11705384834596	136.06774798245	1.22887020328524	158.737974186868	1.24788459535979	181.408991584337	1.44358828066966	226.74750848122	1.5934291423695	274.075160336632	1.73310318704513	318.567767374695	1.80492671788515	364.064717751793	1.97017803597633	408.09112277916	2.05812826995848	455.061476516557	
0.0109248784320163	0.0474680016587	0.0268064376355097	0.131969446199971	0.02571361017898	0.22816208009723	0.0355449898185931	0.292134082422844	0.0449986826988911	0.492721116432342	0.050929720509961	0.581442123015919	0.0619258374311165	0.682774518138816	0.0672001189756753	0.767958953150911	0.0700175396538868	0.858573831157482	0.0968048243784074	1.75732774025647	0.123026112798486	2.66808258075985	0.147307368758781	3.58646119111713	0.167520066752525	4.49280519739454	0.206662547565669	5.3944537678763	0.224010677694962	7.18869799568659	0.230958670011346	8.08320124075444	0.251806542728811	9.03836698669722	0.280113988633005	10.8131016761914	0.314077530803662	13.6024358795352	0.363541363350488	16.1803174933076	0.431549084584036	22.4487357232985	0.456176279666289	26.8221563885524	0.557385252122584	36.1609222850639	0.67723610792499	54.2606914098448	0.74461444146848	63.2918731813745	0.786758741027829	72.3309103601337	0.844162994996492	81.3608774215113	0.880018127874643	87.7056447313047	0.951246673072606	108.409258324568	1.11609133869849	135.570168431499	1.22800265486178	158.154802370085	1.24698642487547	180.740957658585	1.44249833472594	225.919033760514	1.59232208663908	273.076722979423	1.73174266194536	317.402824450214	1.80351342793081	362.731659934708	1.96871704597318	406.58932422073	2.05639118225879	453.396629460089	
0.0109841277271766	0.0461466077831934	0.0266029302472182	0.132048928757173	0.025716536088929	0.22618782185197	0.0354655941556346	0.290282846063081	0.0447982016054816	0.48982249147185	0.0508250661709056	0.579792867229933	0.0618128971587511	0.679856335405186	0.0672800626637691	0.764329938495969	0.0700876193407692	0.855814147876992	0.0967325375850858	1.75032617388839	0.122810176363264	2.65830206437643	0.147302283143808	3.57365271235682	0.167382052715266	4.47687120022227	0.206526949440297	5.37482428290348	0.223728659702868	7.16215949452215	0.230862803509924	8.05279076616994	0.251521529044524	9.00540561970201	0.279850991804436	10.7737030078662	0.313599781183929	13.5527889380857	0.363320528938553	16.1194723297528	0.43124584198913	22.3661423160143	0.455619468367572	26.7218436388052	0.557102148895342	36.0270018304853	0.676688094175937	54.0610344857819	0.744248384672947	63.0575300809901	0.786392276956237	72.0665339707896	0.843487214203346	81.0610064678895	0.879227432748731	87.3725739921199	0.950442210897788	108.009221770159	1.11508166917494	135.066702922155	1.2270316850743	157.573567704165	1.24603888686727	180.075471831277	1.44138363371591	225.083451186258	1.59105872596955	272.077004122412	1.73050742657756	316.240086897485	1.8022535249248	361.397231210859	1.96733170969529	405.090416487436	2.0547425658849	451.72927900866	
0.0110174840428037	0.0468227552162065	0.0262637389398051	0.13154675673841	0.025773209171945	0.22561744500977	0.0354623094012798	0.289024338286247	0.0447176418329572	0.488243666952224	0.0507061575934751	0.577440579348825	0.0617592843784437	0.677108526486958	0.0672714966643002	0.761314199727283	0.0700676930452229	0.852714531872913	0.0966131646502236	1.74352251355802	0.122810726210305	2.64825612107186	0.147245873919046	3.56021582371913	0.167119069908897	4.46006967611295	0.206213565961905	5.35498618168385	0.223478977061845	7.1351381026257	0.230699739305158	8.02360498071289	0.251348580128265	8.97274879517423	0.279669982026437	10.7329790675803	0.313450385229397	13.5028812263277	0.363108203968617	16.0599347430307	0.431130899629431	22.2832005941037	0.45524675021148	26.6223262384989	0.55644773774964	35.893148431129	0.676088291755346	53.8608522958119	0.743818343487253	62.8241108525559	0.7859100032045	71.8074698451589	0.842638759932555	80.7621040896992	0.878498961269065	87.0402706627	0.949720871989993	107.607866463047	1.11404000789432	134.564831836984	1.22608365531022	156.990306480419	1.24490853744332	179.41001580629	1.44018891654344	224.247674896914	1.5898334192744	271.07418582402	1.72924723199754	315.072282950191	1.80097619548802	360.064262800737	1.9658325673701	403.59270084698	2.05327166929892	450.062792824538	
0.010765149836879	0.0463170107024238	0.0264500776437744	0.130350123702188	0.0258097000305127	0.22450674102889	0.0353640348023208	0.287242310832023	0.0447930926026593	0.486342837667718	0.0505833274582345	0.575650344614802	0.0616500776415001	0.675508514379765	0.0672149385094045	0.758461558816728	0.0701053307649737	0.84923016324847	0.0965895314696366	1.73656448651823	0.122798965189417	2.63853707197544	0.147133735931616	3.54700105550493	0.167110755864215	4.44316570652528	0.206295410133063	5.33462607418595	0.223438905196697	7.10839424484331	0.230463565736769	7.9933695947641	0.251251250868325	8.93877601191103	0.279438458505121	10.6926229996938	0.313251203007985	13.4528878328969	0.362763616995902	15.9997023897009	0.430747412939608	22.2004190596684	0.454903204058731	26.5221271101004	0.555986116011873	35.7595297250503	0.675672975812741	53.6598058385337	0.743164939395321	62.5915111879485	0.78516229755322	71.542452705914	0.841992477981682	80.4605567555226	0.877878589888115	86.7069913072683	0.948965971316082	107.207889513279	1.11315907981704	134.065434344454	1.22517112862216	156.406717431142	1.24374238069773	178.743382589624	1.4391027364666	223.413373822459	1.58867910856239	270.075361036638	1.72787338038183	313.904180979687	1.79948187407829	358.732069250961	1.96436455350088	402.092928846377	2.05178426471758	448.397677547182	
0.0107414262252273	0.0448107674945299	0.0267868403878701	0.130126824573614	0.0258067652337117	0.224296131169794	0.035406881100741	0.286241837603762	0.044769133386404	0.484918903726425	0.050426457110277	0.573201723059458	0.0615421504340947	0.672481890779005	0.0670838512478253	0.755114327434885	0.0698229210847693	0.847072172530264	0.0966526992936314	1.73016385601288	0.12252422104491	2.62793582761213	0.146892667360847	3.53388337766453	0.166859069657278	4.42708502605447	0.206035682744392	5.31482895115766	0.223189712320756	7.08102267567544	0.230182091628333	7.96366599398016	0.25105242261059	8.9057066115023	0.279130762194636	10.6522930088383	0.312893501846311	13.403289320219	0.362398121703279	15.9393694535378	0.430313544661142	22.1166838509619	0.454398403031027	26.4223973682572	0.555759902528199	35.6274197614708	0.675196852750974	53.4597428578476	0.742478442309763	62.3578758926872	0.784426352969416	71.2689642569327	0.841389650610925	80.1610210780116	0.877186826898186	86.3736746989354	0.948146602316428	106.806854581117	1.11254197225917	133.565366299701	1.22422322551795	155.822189608754	1.24278406584377	178.076525855551	1.43805747620086	222.579147253806	1.58745330118821	269.077549528169	1.72677148258379	312.735929997579	1.79799165433542	357.399786294221	1.96290387519393	400.592560799354	2.05010846360228	446.733873571948	
0.0109347054320752	0.0446949451687498	0.0264949428327175	0.129624376068474	0.0257248230379679	0.222899118270394	0.0352659844105406	0.285491948343832	0.0446724869692304	0.482771215763711	0.0504742295725313	0.570688083549963	0.0616484323321185	0.669224240983052	0.0669438954757381	0.751776467486002	0.0693768844539189	0.844093221001527	0.0964768504687566	1.72423237923221	0.122519989246099	2.61795787085227	0.14674367255601	3.52089142836573	0.166690885329096	4.41044694904924	0.20569919697711	5.29409258935749	0.222840598744838	7.05468766848389	0.229950923540446	7.93339801174281	0.250733577000971	8.87227772059684	0.27876049127772	10.6124314732155	0.312729022450349	13.3518756599293	0.36205256749386	15.8797145201768	0.429930564500206	22.0333845011997	0.453974313325316	26.322730956346	0.55544369675254	35.4948329607558	0.674532111369505	53.2609352999324	0.742066631623815	62.1240506076297	0.783886614248551	71.0001994758255	0.840820176390027	79.8621932056238	0.876546438438108	86.0404772998864	0.947523198878119	106.406125122745	1.11182530185329	133.06503003406	1.22331452754357	155.236693210935	1.24190031763461	177.409788330762	1.43721901571171	221.74602337103	1.58627557905224	268.07637035743	1.72551615611419	311.569467154728	1.79661165034475	356.065834407507	1.96128579469854	399.092788798751	2.04843838644792	445.071947142935	
0.0108745963289985	0.0455194711983414	0.0262221121195366	0.129447395683873	0.0256245013395977	0.221124454084926	0.0348630089225844	0.283911552217435	0.0446520519183533	0.480211679515765	0.0503089272016741	0.568431430851194	0.0614695039494404	0.666803500895961	0.0668772760567783	0.749492049734297	0.0691694804119701	0.839938241947553	0.0962522478644951	1.71698529296205	0.122441398432121	2.60805814518496	0.146498841869857	3.5067413795004	0.166684869887488	4.39329431634596	0.205631367010533	5.27435507097114	0.222639994172635	7.02801272856874	0.229844790392139	7.90333585178468	0.250542538214676	8.83862065567143	0.27861785782521	10.5722057904833	0.312479175852924	13.301482729133	0.361710569493135	15.8208772879975	0.429428507215735	21.9494183245057	0.453514732278256	26.2232750233267	0.55479788222063	35.3614154203437	0.674014783380959	53.0613752334127	0.741550858641332	61.8907505884794	0.783288821610516	70.7344447291365	0.84030118644482	79.5610184004594	0.875787641191948	85.7067509096402	0.94688757923209	106.007049693187	1.11102810093296	132.565096099752	1.22244599064924	154.654311155658	1.24097010025892	176.74390017212	1.43603759525284	220.913704150919	1.58496851793344	267.077098535233	1.72419403542802	310.4024678701	1.7953531950273	354.73057121867	1.95970221539725	397.593612844568	2.04698272600244	443.403166180099	
0.010726475579117	0.0442506024583568	0.0264400466462418	0.128341944944141	0.0255658692384596	0.22082138136086	0.0348290948604231	0.281991659924886	0.0446681672826657	0.478219609727111	0.0501012026654321	0.565207657912283	0.0613122235634361	0.663907786318377	0.0668396542248165	0.745996330616515	0.0693763392693332	0.835902646800441	0.0960697800311155	1.70903179855261	0.122376408711264	2.59857169389051	0.146416575981325	3.4926651379456	0.166378189938034	4.37690676510139	0.205390495292261	5.25472139504694	0.222379147636915	7.00121718238591	0.229777189231157	7.87448906772868	0.250222472755834	8.80602157314054	0.278458083616411	10.5328574135747	0.312154505155299	13.2512714062301	0.361415494288702	15.7612018655409	0.428997297572187	21.866381607697	0.453179299679741	26.1237948759216	0.554314908218943	35.2275880980182	0.673577149800376	52.8606789534059	0.740941793533811	61.6581397480016	0.782619602214808	70.4667304798436	0.839572509672515	79.2626003099849	0.875065383307342	85.373702522196	0.946134397709805	105.608071121173	1.11019449340239	132.065430386333	1.22158374571204	154.072674158405	1.2399694089646	176.077892804195	1.43487767010905	220.080163035649	1.58360772808174	266.078512166419	1.72288014489766	309.235021550658	1.7941257447481	353.399033319955	1.9580800064129	396.094198471816	2.04544023265458	441.734146798695	
0.0109341255866382	0.043672189321354	0.0264083047732092	0.12743752890374	0.0254427262457707	0.21988598429441	0.0351049209223807	0.281773730452777	0.0445463739684758	0.477429848221349	0.0502556083525964	0.562744309819428	0.0614484827270476	0.661010732964656	0.0667683375843982	0.742935655535737	0.0694309804975275	0.83291345072387	0.0959398845306545	1.70286190320416	0.122235283873236	2.58873459966337	0.146354670393393	3.47962219873826	0.166249155000019	4.35985750919899	0.205088492465165	5.23476361888216	0.222282217917262	6.97461767959573	0.229454574457201	7.84464576856519	0.250005765051669	8.77212143303471	0.27822831053916	10.4931867990707	0.311964759193188	13.2024123636413	0.361073467472276	15.7003790537268	0.428745916850775	21.783581446811	0.452807128099408	26.0233591916004	0.553854713066545	35.0956196954634	0.672944330885575	52.6609698752814	0.740289286270597	61.4256667432582	0.782050145473633	70.1995601229084	0.838969973750428	78.962423882573	0.874589917503357	85.039737713382	0.945356018687676	105.208682767244	1.10931595380081	131.564885504445	1.22070392358042	153.48945763814	1.23887013584255	175.410901959677	1.43388617284887	219.244908286922	1.58230683077007	265.081266902049	1.7214963323155	308.071032300448	1.79272422756097	352.066482142327	1.95654115801693	394.597913342767	2.04365246359097	440.066796347266	
0.0109575211602862	0.0439113391228368	0.0262977791656235	0.127657539299628	0.0252520158554194	0.219324746054539	0.0349458453830028	0.280913392161509	0.0444617883562071	0.475182159501935	0.0503242438783033	0.56078381768532	0.0614980428629879	0.658810250656	0.0667338175164574	0.740254610801406	0.0692818501794222	0.830371580500173	0.0959409125769084	1.69712891453777	0.122076449430002	2.57864209023227	0.146159974527414	3.46661977206099	0.166116895340119	4.34322315748388	0.204964786595685	5.21444588655939	0.222198671160432	6.94833901741726	0.229158488176928	7.8155447334584	0.249840589308704	8.73903992543308	0.278069604243038	10.4522542425379	0.311601345191143	13.1530988356577	0.360944375610129	15.640698043335	0.428404328943423	21.7001796515704	0.452505936966598	25.9225249012362	0.55328996612535	34.9609765346012	0.672350797939399	52.4594838337688	0.739676572995011	61.1908840586396	0.781378377283773	69.932322710751	0.838213745144284	78.6621282458773	0.87412855719389	84.7079633751594	0.94475681384754	104.809257160415	1.10833131948541	131.065726430482	1.21991190345053	152.905883490023	1.23796129036422	174.749573556145	1.43275970827426	218.413274520194	1.58099191377652	264.083246777333	1.72037791758142	306.904241632067	1.79107029579114	350.734228987909	1.95526664002202	393.100406318558	2.04203617302209	438.399058465664	
0.0107424322496985	0.0438454698816842	0.0261762084273434	0.126915755456095	0.025279874989334	0.218129291723395	0.0347537779072306	0.27800685095951	0.0444022738196545	0.472334757280614	0.0502171723351563	0.558295498507119	0.061334609144316	0.656056970217906	0.0666828951466309	0.737887538175129	0.0691351208342049	0.826557349077001	0.0960186373453105	1.69067799261578	0.121826630102819	2.56890371619336	0.145944392902815	3.45329114966746	0.165853172624155	4.32699951900466	0.204955207922632	5.19427204356756	0.221969587742086	6.9222354438745	0.22878921546609	7.78616476725377	0.249557673489641	8.70556353707857	0.277792530363124	10.4126544085462	0.311165423573364	13.103539438526	0.360512195569174	15.5810077197179	0.428088051225948	21.6160607379814	0.452170366401375	25.8221506842019	0.552909383293561	34.8264190554119	0.672006525401725	52.2574091964171	0.739036879868983	60.9575989406497	0.780565347456228	69.6657111473341	0.837552969523639	78.3622721934159	0.873336378002536	84.3783646063678	0.943944858027167	104.409123748463	1.10761658964437	130.566448147236	1.21901376774518	152.323903766079	1.23688342192209	174.086814641205	1.431554163854	217.581178817491	1.57976157207794	263.080756304471	1.71928629121785	305.73786819618	1.78967116856982	349.400515519762	1.95376747508316	391.598369341561	2.04052515734123	436.733585560455	
0.010721800318318	0.0432547385490257	0.0259039699254556	0.125364135740695	0.0252318078799044	0.216768192949074	0.0347429314567446	0.277331991370933	0.0446162164824279	0.47022068424048	0.0501441489442506	0.556386170904524	0.0612657571530544	0.653360907907772	0.0666197566127419	0.734900321158935	0.0690590309531216	0.823480608682574	0.0958695350833031	1.68330808818693	0.121571869183864	2.55855905118716	0.145831061422592	3.44064262555174	0.16569725250464	4.31050114037897	0.204814567715781	5.17504116463774	0.221762643389346	6.8952936800544	0.228524266955009	7.75491423974687	0.249269312530149	8.6719688707627	0.277530656433097	10.3733954386005	0.310871689013591	13.0531949365013	0.360033043706526	15.5203721037324	0.427739637824232	21.5327017835772	0.451866029793499	25.7232125665095	0.552514752226128	34.6936459901908	0.671461261501904	52.0598123577914	0.738548130826334	60.7246341976103	0.779943298105492	69.3992336943615	0.83720955750486	78.0606429028567	0.872474093565326	84.0426861640979	0.943062712286248	104.008304883128	1.10691062219254	130.065947968829	1.21804350155445	151.740180606358	1.23595612201333	173.414489181234	1.43034060385464	216.747384382492	1.5787025062183	262.079904959263	1.71812291908078	304.570451679058	1.78826013745109	348.067606714282	1.95224598282057	390.096779399378	2.03898002964851	435.068172259889	
0.0107570721112834	0.0429660067367361	0.0261027915730224	0.12439358852468	0.0250565717983403	0.216077966538746	0.0348681445350531	0.275756426480163	0.0445601834566756	0.468937962077856	0.0500927482413273	0.554254955709065	0.0612721741897127	0.650581434023511	0.0666128351979773	0.731354892701094	0.0692107690995951	0.820407826408902	0.0956873705525809	1.6768690406272	0.121515823730787	2.54830565578894	0.145632331177805	3.42705672530918	0.165536142977145	4.29360089608143	0.204565066973691	5.15529573000989	0.221439949257971	6.86851769164471	0.22839248318932	7.72442599973108	0.249094590631818	8.63885197290492	0.277318452968719	10.3331064259363	0.310629359437917	13.002665101293	0.360008896092514	15.4594412585049	0.427382063351571	21.4500040681696	0.451500396915473	25.6233282251263	0.552021607634746	34.5614801472596	0.670949294369092	51.8612134161231	0.738015487860871	60.4917774879845	0.779425683307507	69.1320558868461	0.8365366953166	77.7611444782469	0.871711752962724	83.7080135501607	0.942415934807852	103.607120939361	1.10609209285015	129.565566999707	1.21709550308282	151.156606458242	1.23502971845017	172.746842685655	1.42940725018053	215.912770383667	1.57742844022858	261.078099939784	1.71681920584565	303.401276824999	1.78681996077857	346.735115141296	1.95069473230453	388.597186212701	2.03747969246575	433.405053738038	
0.0104789886889279	0.0430201726006221	0.0264413886995426	0.124016359244133	0.0252545514742731	0.214432188660333	0.0349145150599692	0.273619739764838	0.0443523580727492	0.466722665920202	0.0501883172201494	0.55126087018921	0.0611958418184235	0.647655858917297	0.0665028573550451	0.728370993521415	0.0691271883494636	0.817206463418378	0.0956305496279355	1.66982288719298	0.121431572952277	2.53816215644931	0.145444276948562	3.4135762973432	0.165445042888614	4.2769171842722	0.204349292600251	5.13479964942255	0.221123604779153	6.84190980695176	0.228255218334152	7.69417897225066	0.24892357833101	8.60501888802127	0.276949624524957	10.292462579388	0.310411536300362	12.952634454961	0.359818879912992	15.3996419701517	0.427103858869382	21.3671405773516	0.451083365852002	25.5235612303818	0.551555223715769	34.4277347813167	0.67049322861959	51.6606661477211	0.73758629060477	60.2590139106117	0.77903368619801	68.8660776227498	0.835842838009165	77.4624134634022	0.871048467561653	83.3741381483096	0.941696209253439	103.207821992396	1.10529755099257	129.064053542387	1.21619193425111	150.574388315729	1.23395099240547	172.07901737615	1.42857462392091	215.080421361236	1.5762450495279	260.079036733834	1.71552815874307	302.237317377111	1.7853112007024	345.401789103323	1.9492086835133	387.095864491408	2.03571059065724	431.742024623149	
0.0103985412695568	0.0425915532338865	0.0259940152089722	0.123037320985985	0.025412592859966	0.214265380063994	0.0347167674652593	0.272944705553287	0.0442921290604394	0.464198810966701	0.0500385165215013	0.548601595119026	0.0608559458185092	0.645105664998484	0.0664426283572874	0.725846993048769	0.0689224007593407	0.814171807160793	0.0954690922252534	1.66322260442017	0.121314150599797	2.5277688298409	0.14538064503782	3.39960669221813	0.16531659968677	4.26077177688554	0.2042515394139	5.11416107648806	0.220962852253808	6.8146183315215	0.228004380858957	7.66506350164466	0.248756553889446	8.57223447230683	0.276642112002251	10.2525684474766	0.310224421926982	12.9024706295071	0.359496258686751	15.3403046177736	0.426827127780257	21.2831855765279	0.450534056394477	25.4232633817951	0.551117027054567	34.2940601958862	0.669971443682079	51.4602008357019	0.737014596736504	60.0255835063071	0.778461755168489	68.5986390449258	0.835183964079374	77.1617303965338	0.870577026683552	83.0408513422977	0.94087959643601	102.808783815739	1.10452870621664	128.56477525914	1.21534447070705	149.990456539761	1.23294082592256	171.4122649502	1.42735449629294	214.248638582903	1.57518861082447	259.079198667539	1.71425543862527	301.071987022457	1.7838823390695	344.069833972114	1.94788619475719	385.596032886163	2.03420181715878	430.072319788363	
0.0104706587771826	0.0421910299761436	0.0258446934582368	0.122409776947526	0.0250734580372679	0.213198360930554	0.0344087885157886	0.271820890297409	0.0443555113098106	0.462475136689771	0.0499916587053345	0.546516247558189	0.0608161641883723	0.642744296722705	0.0663821310833296	0.723732017789934	0.0687425070811863	0.81003533814211	0.0952159817525089	1.65683710790594	0.121289834713197	2.51854291602432	0.145266247586149	3.38624919882616	0.165069176498337	4.24298817316793	0.204017292824671	5.09421447619365	0.220958178644316	6.78859485171635	0.227874255252	7.63390983168092	0.248651241405136	8.53851314612683	0.276410463031782	10.2134668710386	0.30982175078948	12.8523719966304	0.35933003763609	15.2790226639521	0.426427393120342	21.1991746963525	0.450110499108423	25.3228202468936	0.550737179001364	34.1612498777639	0.669495454489201	51.2610729028363	0.736283326780809	59.7917507706694	0.777718792195945	68.3316698536572	0.834487701028936	76.862045707418	0.869961623250803	82.7079147135572	0.940149180593533	102.409522121675	1.10368595903554	128.065556580536	1.21436594306807	149.407493339225	1.23195343107992	170.74516979756	1.42603188808811	213.418480031063	1.5740163337358	258.078138706085	1.71271503026942	299.905077144792	1.78258464014113	342.74047164283	1.94639673027638	384.097035745905	2.03281568835468	428.403985860341	
0.0102415271992432	0.041580155155787	0.0261755840636008	0.121790709399285	0.0249881418766521	0.211434945375023	0.0344874001448398	0.270143782146998	0.0441846190040574	0.461548150629923	0.0498870068517466	0.544842137102172	0.0607249994311129	0.640349691874124	0.0662966091688211	0.719478667793688	0.0687758610808813	0.806187171654238	0.0950961620680272	1.64995347025327	0.121029974622688	2.50916775777225	0.144990775065898	3.37383676497188	0.164851397746994	4.22661971403523	0.20390014307323	5.07427392949568	0.220803268776978	6.76199395194238	0.22758916779823	7.60395989608769	0.24849265717047	8.50545492158846	0.276145303293841	10.1729599289023	0.309661172080968	12.8028787233984	0.359029913830919	15.2198110401156	0.426090576521161	21.115808291368	0.449909432431504	25.2234593087724	0.550168556780358	34.0289797267092	0.668869711725505	51.0610881532427	0.735790148728872	59.5576013853714	0.777011211600007	68.0655798308573	0.833870718375737	76.5630911751661	0.869158676023418	82.3745832040638	0.939389691467907	102.009954953821	1.10268538919131	127.566591221659	1.21330989056035	148.822160854171	1.23104561404366	170.07810444724	1.42499095922906	212.58641413068	1.57288664494591	257.078658267641	1.71132235817857	298.738733511226	1.78125307357994	341.408725127868	1.94480673682845	382.598336628857	2.03100693236753	426.737320862294	
0.0102331010509519	0.0417133779333749	0.0263138829255163	0.12123404046058	0.0251823860104519	0.210764800606757	0.0345925764232642	0.268847381184709	0.0440550250571113	0.459183930178895	0.0498110116308703	0.543092531313537	0.0607707646458317	0.637444896901868	0.0661702405083748	0.716693897012536	0.0687006770390607	0.803146985669129	0.0951335972949698	1.64394655634763	0.12089546431991	2.49912367711273	0.144747078151478	3.35971768258069	0.164611761832659	4.21054415583834	0.203574706228873	5.05446143964564	0.220380315147938	6.73509502895867	0.227174961852239	7.57371240294601	0.248202927684838	8.47190309610899	0.275969274409428	10.1324492614758	0.30951663004292	12.7521803188121	0.358522184914161	15.1607288701108	0.425784835423522	21.033188807053	0.449543109795605	25.1236513358367	0.549721762387777	33.8948804582049	0.668344702205808	50.861036348427	0.7351581050965	59.325128380628	0.776324845301281	67.798804354675	0.833160910507345	76.2624304600384	0.868343025672499	82.0409536713607	0.938702105323026	101.60985879477	1.1019605527046	127.066061240932	1.21245465011771	148.238691014178	1.23017451829409	169.412171585117	1.42396359653271	211.750563335535	1.57165276834846	256.079684468654	1.71010620852658	297.571585214993	1.77991518946773	340.071942020661	1.94324305491387	381.104823115658	2.0293438773272	425.068837922668	
0.0104849114246724	0.0406362343053964	0.0260199728870491	0.120392794281185	0.0249017011367486	0.209548638901226	0.0345683741550994	0.26758022957064	0.0439224064654727	0.45750757872804	0.0497214622729936	0.54046008997376	0.0608405842114073	0.635012689906123	0.0659759256930166	0.713523384080831	0.0684037552925566	0.800590505323236	0.0951236254175092	1.63679970366481	0.120858817317851	2.48815339619676	0.144561528269017	3.34620489115677	0.164503671396437	4.19323366396617	0.203357690911754	5.035006111986	0.220134925086177	6.70834884286995	0.227113887015708	7.54326700376662	0.247922055434891	8.43845464743039	0.275751537701506	10.0929230019639	0.309196680362046	12.7025073003317	0.358201534855439	15.099869736718	0.425533510395201	20.9498317152938	0.449066286905922	25.0238098352898	0.549399695933019	33.7617832927432	0.667793957737468	50.6614017761048	0.734612506301852	59.0922269675207	0.775869701639787	67.532192791258	0.832394058054269	75.9637814015764	0.867678092031282	81.7076445136081	0.938006335215925	101.209747734558	1.10119084015722	126.566365725192	1.21154454942018	147.65812690048	1.2290779229922	168.745687380056	1.42292048930432	210.917543760881	1.57049125320439	255.080144425569	1.70892544274132	296.405301186068	1.77858984158604	338.737125866639	1.94167929078098	379.607584312338	2.02766867103017	423.403633238348	
0.0102677483510212	0.0408483648395622	0.0260125452198802	0.119636152932909	0.0246310360570608	0.208178954497327	0.0345000195279268	0.266731736537806	0.0438377831695636	0.455636726387481	0.0494954736977507	0.537977766184348	0.0606366731704518	0.632307488993659	0.0658648725479482	0.709923822500913	0.0684803734751119	0.796110494706159	0.0950881549639876	1.6299800944361	0.12083122498313	2.47758591227517	0.144525506562758	3.33352912585703	0.16445780595688	4.17667707768234	0.203180032521308	5.01533797712817	0.220160072865068	6.681970994842	0.226800488903921	7.51448029001384	0.247766221011624	8.40518315003257	0.275469282283289	10.0528426055465	0.308904494111504	12.6525958632836	0.358097265187602	15.0398040901212	0.425230091463097	20.866727943263	0.448646110608949	24.923662860953	0.548912474364049	33.6317781180824	0.667169984789348	50.4619087648073	0.734170217746963	58.8630471192448	0.775325042040343	67.2648883238785	0.831763227827611	75.662330924943	0.866888634356588	81.3735679460904	0.937099785240806	100.809681377828	1.10041479541957	126.06632748276	1.21075525032382	147.074627258166	1.22808055500026	168.078279303045	1.42179977823105	210.082944663216	1.56933111422331	254.0804851732	1.7077468940684	295.239583401242	1.77706593775656	337.40517073543	1.94009407551264	378.102030661466	2.02607084926902	421.737653693683	
0.00993623595396022	0.0408641391149205	0.0259777615643641	0.119590983790186	0.0248159966757366	0.207120753824098	0.0343649302131617	0.264751512007585	0.0438511884026398	0.453461127852685	0.0493157995905326	0.536193061177849	0.0606042471202081	0.629149898162064	0.0658991986999822	0.707722816323334	0.0685380186464434	0.792640445165621	0.0949284842105365	1.62370321341198	0.12067209001083	2.46822495669168	0.144539041118717	3.32096535209158	0.164410139362742	4.15994214313394	0.203118944471627	4.99411965591853	0.220237529721092	6.65546183033726	0.22643198674319	7.48421603306661	0.247651764499573	8.37195263082608	0.27534818497561	10.0132604666828	0.308636160303995	12.6029023557076	0.35791994374971	14.9803866440055	0.424769053958474	20.7841103215929	0.448268463247676	24.8234153037829	0.548404200044504	33.4985691939171	0.666824049482897	50.2605456578688	0.733565728425169	58.6301531567177	0.774634713531576	66.9990814231278	0.831247562060808	75.3620203870867	0.866146617313911	81.040296041239	0.936322393944479	100.409510712974	1.09952649067086	125.565663391589	1.21000829637538	146.490591174075	1.22721458068085	167.411154348083	1.42075276454102	209.248062443502	1.56803502068513	253.080676909226	1.70638976975705	294.07246490733	1.77562688515547	336.070533395334	1.93850894544285	376.600172498395	2.02445029189232	420.076204101806	
0.0100937050892243	0.0395986245912367	0.0259648509217871	0.119094414258519	0.0250879966986565	0.206509689828852	0.0342547401829302	0.263889485694231	0.0438170967663671	0.451043239940844	0.0494781864065915	0.533499210758725	0.0604803485047687	0.626675781652451	0.0659220066880324	0.704742875264408	0.0682760799254254	0.790409171005805	0.094748567118353	1.61752714805176	0.120510360990833	2.4575196370356	0.144434752067675	3.30656826992506	0.164365167631971	4.14354341601901	0.203016124058087	4.97413114611024	0.219989631796806	6.628783165132	0.226420081245092	7.45320438978875	0.247535251286757	8.33882548842046	0.275105940153189	9.97325178210021	0.308379476663806	12.5526677497414	0.357558960540348	14.9204076104039	0.424363598076284	20.7004682451395	0.447982650264596	24.7234136157608	0.5480205308388	33.3630431392962	0.666258108231168	50.0605385565345	0.733024930423786	58.3947185463278	0.774103529459686	66.7334458857226	0.830657060552273	75.0620078724402	0.865578113208125	80.7067559154988	0.935668014787109	100.009310245799	1.09869009952187	125.066549021107	1.2089456717687	145.907315049168	1.22632713488823	166.745012869713	1.41960767916684	208.416190258206	1.56666962498346	252.078126831722	1.70517028190152	292.906866331788	1.77431645452943	334.736611310941	1.93706604698612	375.099357416558	2.02289515081715	418.410880208203	
0.0103425056291922	0.0390612405772715	0.0260115590904265	0.118128763761746	0.0247642390769035	0.206284760885851	0.0341175487363201	0.262466948736734	0.0436224451556602	0.448966943670849	0.0494817093787154	0.530101804375557	0.0603805669007346	0.624047647679377	0.0658656538402881	0.702110899585896	0.0681705302041163	0.786345054106201	0.0945891460321125	1.61102733169692	0.120413746235725	2.44823411857708	0.144309816497318	3.29400007237758	0.164124386839881	4.12754795155973	0.202641089577506	4.95462040476005	0.21971579250496	6.60231218485101	0.226271644951514	7.42325864514691	0.247116714027218	8.30641639568577	0.274846299316424	9.93212551048116	0.308027485176007	12.5028159173352	0.357219386405584	14.8600690863057	0.423956535304671	20.6169789055811	0.44766654312469	24.6239465068711	0.547636656369598	33.2295697195322	0.665722809526578	49.8610604463974	0.732384290791715	58.1595298050858	0.77361745254744	66.4669386304291	0.829963121157485	74.7618239944482	0.864867191969823	80.3740279030051	0.934928228940199	99.6105253888708	1.09770435888547	124.567084473355	1.20799131875506	145.323621691768	1.22536546841968	166.079839966775	1.41832582212805	207.583245189355	1.56541264567802	251.078258963106	1.70397262191888	291.741267756246	1.77294440353298	333.404984005263	1.9355390053681	373.598691346326	2.02157239282752	416.740936954849	
0.0101078062269	0.0395589269683793	0.0259145498299749	0.117335771730956	0.0245383380256087	0.205200934291121	0.0339343812293836	0.261510189459743	0.0434514890601329	0.446404118690217	0.0495053594802801	0.527795675167362	0.0602585106683629	0.621339594591665	0.0657066107225808	0.698652607992304	0.0682070463699228	0.782707541133169	0.0944691840619148	1.60329281449743	0.120261387514107	2.43932275894513	0.14419245119708	3.2807624867614	0.163928079887713	4.1101927562061	0.202429604709964	4.93443026362394	0.219377810879376	6.57607077557375	0.226040853985241	7.39376692023863	0.246729215816677	8.27284501243315	0.274791581617965	9.89267841338438	0.307681888370211	12.4526818942023	0.357059095827916	14.8008732949522	0.423533996966987	20.5336311270472	0.447376775809979	24.5225608735689	0.547190505727554	33.0958541559104	0.665223962508255	49.660863355267	0.731878566581932	57.9257864764111	0.772959722665906	66.2002898141109	0.829420523223957	74.4625341860852	0.864168516127471	80.0416277160421	0.933903181517089	99.2108166599922	1.09675149491392	124.066271370578	1.20713324850042	144.741165130688	1.22455720529072	165.413132244307	1.41732240308905	206.748973917221	1.56434057271115	250.080149431428	1.70257672364513	290.579901110282	1.77145248997046	332.071449351043	1.93393762237474	372.100200845524	2.01995651528275	415.07361630574	
0.00991004080463857	0.0390621682618233	0.0258138566735934	0.117001950811473	0.0247659196601392	0.20312134928844	0.0338599378160198	0.260158665845187	0.0435715123026362	0.444430966390462	0.0495046545738654	0.525749792398749	0.0600498518525945	0.618363669861151	0.0657403921294892	0.695077842874757	0.0682357608930675	0.779779404889996	0.0942599666155857	1.59680824854903	0.120061611117576	2.42937716564321	0.143993952353939	3.26713630681941	0.163796313485354	4.09317330262467	0.202141911849259	4.91461823943516	0.219102861634373	6.54933064308148	0.225861214645491	7.36434970113278	0.246619329129888	8.23939097581937	0.274430811221609	9.85330861605763	0.307549797122576	12.4025311072639	0.356739983833877	14.7405496720144	0.42339701066755	20.4528500734071	0.447006781853915	24.423086314099	0.546670212640678	32.9623248567946	0.664575480886842	49.4608935068339	0.731244349795639	57.6923076433349	0.772184512119444	65.9329257420894	0.828945517857084	74.1626185289819	0.863418804142597	79.707998183339	0.933032320268408	98.8108397102248	1.09592551601537	123.567626386652	1.20610833067106	144.158261534793	1.22365768993586	164.744904603469	1.41624030679768	205.914762249729	1.56313095269544	249.07962591175	1.70130788886542	289.412097162988	1.7701014676208	330.738719359489	1.93244063580521	370.599117542799	2.01822788423653	413.406057238064	
0.0101194606131834	0.0389756389400065	0.0258277435044853	0.116831584272029	0.0248890355397019	0.202054140980112	0.0339174403407456	0.258115082279071	0.0436121952725891	0.442326410302435	0.0491874072854635	0.5240861593212	0.0599834980846691	0.615696478549459	0.0656990163224827	0.692742085968564	0.0683231328245863	0.776901269025173	0.0944233641232817	1.59082869224272	0.119869836455451	2.41899501490516	0.143686322062552	3.25343096446233	0.16347508408864	4.07676107133305	0.20207004321979	4.89434008831994	0.219061122631965	6.5210682639133	0.225655254022599	7.33439184929804	0.246423060376516	8.20573763618409	0.27414902191288	9.81311459829149	0.307334068404351	12.3520198985062	0.356292242693603	14.6795825052081	0.423173669868679	20.3715940452765	0.446747987967791	24.3234683309594	0.545890957328094	32.8286316449135	0.663989720499867	49.2612626598018	0.730595825976621	57.458653721623	0.7715910760891	65.6668059169685	0.828173783137485	73.8627699271007	0.862754601051182	79.3742047378705	0.932382661568996	98.4111831354079	1.09511299165179	123.068586521973	1.20512195460791	143.576475525935	1.22245599435147	164.078956840186	1.41506151796539	205.08341160505	1.56188344708847	248.080518002319	1.70010459730904	288.243697169274	1.76862470850433	329.408254344329	1.93100020059191	369.100954867528	2.01664512874264	411.73948164698	
0.00987851427484976	0.0382780565368801	0.0255936206210653	0.116111555540729	0.0245389089001587	0.201765925760789	0.0339529216674662	0.25800474966305	0.0435964495240185	0.440622322902473	0.0488633464061635	0.522346332419134	0.0600842263490045	0.613405483332383	0.0656329582407453	0.689391769580838	0.0682898077279136	0.773639195447201	0.0942295613810937	1.58481118454331	0.119632169191145	2.40824406044509	0.143532809865913	3.24013819798622	0.163300784745894	4.05988224745371	0.202001476323851	4.87515065324272	0.218934145966333	6.49480496855659	0.225362981135753	7.30353666820529	0.246105121188236	8.17233947892213	0.27390020579186	9.77288053365654	0.307095435611781	12.3031757570779	0.355975076759206	14.6202619166356	0.422716075248257	20.2863798963918	0.446527376654225	24.2240123979401	0.545380442054344	32.6950948952175	0.66353546293643	49.0608234248135	0.730165513086295	57.2256778027133	0.771117112566562	65.3996728129346	0.827309895768931	73.5635844268612	0.862189873635979	79.0415512311793	0.931600533423434	98.0106324909618	1.09437901104421	122.568548279542	1.20425899985156	142.992841773177	1.22135476961968	163.413292198951	1.41404243784085	204.251137088421	1.56074003839198	247.081812424221	1.69896492269824	287.075774012696	1.76709041105087	328.075643562058	1.92953903352688	367.605474401145	2.01519552481594	410.073800125525	
0.00950199457084011	0.0381670217909827	0.0253882157248703	0.114702486380136	0.0245260182708316	0.201069223748492	0.0339032557652998	0.256715420931227	0.0435304410905032	0.439049260941002	0.0488750673743748	0.518823488532655	0.0600447391826947	0.610373213588781	0.0655825359329352	0.686571550335873	0.068144631226305	0.770212685234958	0.0939848955855947	1.57810717572368	0.119697492293493	2.39848054069785	0.143354543531365	3.22654950377608	0.163254456316781	4.04340808321381	0.201651278240247	4.85511324900159	0.218731440408976	6.46867624930551	0.225114017225469	7.27387544259648	0.245917884331366	8.13931664463992	0.273421593991507	9.73412913448996	0.306721641583058	12.2530706049435	0.35560869348543	14.559713844968	0.422271183378842	20.201467496007	0.445952971341983	24.124562052856	0.545077447421223	32.5622734012248	0.663028302688312	48.8619041081946	0.729600614351276	56.9925081687172	0.770521631532284	65.131265659679	0.82668172250081	73.2628492059311	0.861638383067817	78.708405986192	0.930973744711959	97.6096497128616	1.09364187551737	122.068226915061	1.20345488482745	142.407434782321	1.2203446150577	162.746420563718	1.4130126494159	203.416806211645	1.55956712029144	246.082615107827	1.69758599435585	285.908417100217	1.76572182938818	326.741155233567	1.92799351416043	366.103139400938	2.01355916277869	408.406688092663	
0.00967823452428344	0.037913476508044	0.0255633857472892	0.113779567580401	0.0245591037018305	0.199906744055688	0.0337295104546963	0.25475990555189	0.0434910439714434	0.437390255372276	0.0487536578669519	0.516469396214145	0.0599961118594531	0.607793042726022	0.0654325518888866	0.683471992539452	0.0681704717258127	0.766466207525872	0.0939574881940722	1.5702377331726	0.119610680660203	2.38893448476145	0.143214159170459	3.21385511202573	0.163137431764194	4.0267630212896	0.201324326102044	4.83453754033791	0.218496688620911	6.44241295394879	0.224853725935542	7.24380117544545	0.245593144701299	8.10571080245369	0.273171858503764	9.69399379004323	0.306473360617466	12.2029375131331	0.355217924231378	14.499735742689	0.421964162975767	20.1179986455442	0.445492344509892	24.0241952864021	0.544605161472424	32.4284311777388	0.662610667932934	48.6613084110212	0.728755825326603	56.759271479499	0.769808782598778	64.8655630670517	0.826152766987842	72.9635593975682	0.861094469591712	78.3745231337606	0.930353131597583	97.2083018563295	1.09268372085652	121.568024759864	1.20256470334452	141.823219884304	1.219427170841	162.080130073743	1.41195588188556	202.583965450917	1.55832074918671	245.081257123162	1.69619428838411	284.741507222552	1.76422355234296	325.407590777026	1.92660438914006	364.601191830904	2.01190653712514	406.738503176246	
0.0097836159152275	0.0368396870963663	0.025679553558066	0.113980944249724	0.0244007058436913	0.199090803655674	0.0336362429544119	0.252929100080137	0.04343168959909	0.43521494787577	0.0488782948727711	0.513833345999562	0.0599100056156959	0.604835511615484	0.0653922020268329	0.679971733224335	0.0682078487305391	0.763315252367305	0.0939185776590503	1.56371288752476	0.119264285844789	2.37861286998788	0.143157317387106	3.20019633579518	0.162865798653286	4.01006254567482	0.201269526982686	4.8140945451348	0.218235200616394	6.41521088548145	0.22468376905022	7.21305635607254	0.245496652199769	8.07246538208671	0.272915312143421	9.65375506879563	0.306223427220775	12.1534125749351	0.35496716593901	14.4402698678017	0.421614593334161	20.0348334062263	0.445126130838736	23.9232976661057	0.544179462167764	32.294838548691	0.662014455434913	48.4616067834768	0.728035609881769	56.5263067364596	0.769115333443424	64.5991303175606	0.82552951621938	72.6636213887241	0.860209379986616	78.0395226942928	0.929642252754908	96.8092115256111	1.09174958212364	121.068679421396	1.20159289856814	141.241240160359	1.21852242553942	161.418727164408	1.41083048028762	201.750796864659	1.55708188526954	244.08213431257	1.69489630805062	283.574120507751	1.76278029078665	324.074115727447	1.92506215906526	363.102343702252	2.01025811025793	405.073805131383	
0.00947324747833147	0.0368733784164985	0.0252578558276769	0.113176558069852	0.0243789466019925	0.198404491710356	0.0335299468420826	0.251781419684418	0.0434176533425868	0.432332097190636	0.0489671830934873	0.511708475438842	0.0599038638867284	0.602588172142019	0.0652696725661763	0.677448489451244	0.0679980992458115	0.759877333454066	0.0937569690648793	1.55635078292211	0.119147788353836	2.36806587516196	0.143036351221257	3.18658761815063	0.16267041265109	3.99259279764995	0.201244289048914	4.79362547290084	0.217907511528463	6.38836225391439	0.224555570084828	7.1830999012216	0.24536808678514	8.03935220951905	0.272734057203486	9.61320901111301	0.305948337209303	12.1030690042329	0.35474580404343	14.3801520671431	0.421182346287485	19.9508020369552	0.44459082150531	23.8239702555956	0.543830243623185	32.1626876069202	0.661323321812254	48.260694436643	0.727634472347547	56.2926155618465	0.768410027329305	64.3330328441804	0.824851525019411	72.3631171357816	0.859283126191371	77.7068915393423	0.928896714020756	96.4111121220649	1.09095402199288	120.568253748791	1.20064969817146	140.659707471229	1.21755149696889	160.750678337496	1.40977293141256	200.91667460413	1.55584212675884	243.082862490374	1.69340028016087	282.409058373986	1.76152994343549	322.739627398956	1.92344330318561	361.601230597205	2.0087048000931	403.408362028496	
0.00956643577363456	0.0372224970361388	0.0249682428890237	0.112565312175674	0.0244796254232849	0.19660792689351	0.033527106063752	0.250630625178989	0.0433944495249856	0.430175387040909	0.048828473139968	0.509554850294996	0.0599008898710627	0.600496014285178	0.0651282645653313	0.674990496462939	0.0678035592919519	0.756684468781632	0.0936163758257746	1.5502926462773	0.119174438140656	2.35850026145243	0.142871860174986	3.17394398347819	0.162569058814491	3.97612841229663	0.201075683323462	4.7743801584718	0.217727529601699	6.36237090473655	0.224294103276633	7.15341213292068	0.245195469736951	8.00565044111219	0.27248910811134	9.57295818267251	0.305805815736704	12.0526285759875	0.354496671732597	14.3203425342421	0.420757780771961	19.8672624059801	0.444236297899912	23.7244062891628	0.543428858028168	32.0292477147673	0.660844585136283	48.0617564935736	0.727094810227922	56.059464554301	0.767902340977142	64.0666149958498	0.82417202876141	72.064021042505	0.858674716208282	77.3745062535398	0.92806613293046	96.0107849950262	1.09020303380815	120.067761020965	1.19975531965423	140.076535654446	1.21663692279735	160.082972237275	1.40877137457634	200.081971198341	1.55459252771916	242.081951540524	1.69222599110713	281.241671659186	1.76013662660186	321.406927209723	1.92199901664496	360.100653933935	2.00712155110884	401.742173867585	
0.00985454877216709	0.0369169868663878	0.0253917022771875	0.111669278038047	0.0244047473369362	0.195055659617913	0.0336187281760717	0.248451679703848	0.0432604200844159	0.428965104308851	0.0486572512129628	0.507376603311754	0.0598454821934985	0.597507283869872	0.0650767384394516	0.671839774135005	0.067833826507365	0.7541455671485	0.0935255565135254	1.54444359154056	0.11886095579072	2.34874582209986	0.14283299436965	3.160150631142	0.162524272501313	3.96014924598163	0.20083321104876	4.75483588951051	0.21766310514419	6.3358631372156	0.223875992769469	7.12355672656429	0.244906188572546	7.97216287688731	0.272147663359858	9.53359956121612	0.305495190332324	12.002935999734	0.35422240329608	14.2595094778802	0.420364134164821	19.7837618905513	0.444031716737552	23.6238104173664	0.542890676926693	31.8949733576273	0.660246229790159	47.8630197161707	0.726554540493075	55.8255684887313	0.76750869326136	63.7989529006186	0.823376414983317	71.7710418756079	0.857821751242521	77.0411300405649	0.927408212037729	95.6118958299743	1.08937203318625	119.567037325151	1.19889465353581	139.492752890083	1.21570905068399	159.416368822931	1.40759457758692	199.248892019046	1.55344149709616	241.08215817771	1.69093414477844	280.076609525421	1.75870367224279	320.074972078514	1.92046128635996	358.602282642418	2.00550565568267	400.075032032402	
0.00960475773062315	0.0359907029364163	0.0256704690396582	0.111602921307757	0.0242921586985031	0.19544234764291	0.0335981546404362	0.247276990954748	0.043097332477227	0.427298182498616	0.0485075969327752	0.505526880351103	0.0596977857454543	0.594269133639399	0.0648885240634589	0.669055760053408	0.0678417357672651	0.750086281484522	0.0934820985049832	1.53791874589272	0.11875011288591	2.3384963848224	0.142694871265782	3.14758103661073	0.16237795502188	3.94312141049743	0.200595551526085	4.73491257227936	0.217458582972297	6.30971066924	0.223558856151326	7.09350155152513	0.244528822525908	7.93958800874221	0.271874497487011	9.49357318150545	0.305194368166177	11.9529817218495	0.353979500040262	14.1988002874149	0.420020224464463	19.7008406577363	0.443783043335968	23.5230320063539	0.542206318524361	31.7627330088935	0.659603778721084	47.6618615001889	0.725967185408313	55.5918624129577	0.766793543769004	63.53351852888	0.822630138050758	71.4735476570836	0.857089192252094	76.7087745570834	0.926553403422962	95.2128278509965	1.08847768186645	119.067721789004	1.19789525371222	138.909327753571	1.21464997265275	158.747604740315	1.40636670584293	198.417243351157	1.55219533635974	240.083243983365	1.68951255836374	278.912918298421	1.75726534734223	318.742152679997	1.91874955771237	357.102212618605	2.00394698093682	398.408665057564	
0.0095518418033364	0.0353693107198279	0.025491159507393	0.11071994023747	0.0242766085378593	0.194056117712183	0.033358336076263	0.246670350741522	0.0429245383700279	0.424925580144815	0.0485728957770718	0.502827150958505	0.0594442883256367	0.591753107615919	0.0647630406775083	0.666513191337813	0.0677540581058343	0.746926769800208	0.0934967776069077	1.52982566951904	0.118601912665118	2.32892727865337	0.14241068998595	3.13358046501152	0.162244823213311	3.92611359844763	0.200517137116256	4.71415385873845	0.217297586961395	6.2825803126075	0.223296270868372	7.06362984702445	0.244269500204366	7.90664526819761	0.271790365938199	9.45267880919646	0.304844924913737	11.9026586402429	0.353875195075298	14.139087612057	0.419784168862693	19.6171296634157	0.443311561930509	23.4243453457448	0.541705191136438	31.6285406081361	0.659178438965225	47.461008757997	0.725302744686915	55.3582159418261	0.766089153855111	63.2673540002776	0.821964944334769	71.1678503497116	0.856584454848548	76.3742137018499	0.925935034988081	94.8117705670939	1.08767224781007	118.568264691831	1.19693129885013	138.326155936788	1.213624384993	158.080449983032	1.40529026794739	197.585564880948	1.55081562023466	239.087473933883	1.68832940734493	277.752296710482	1.75579728504986	317.411121420738	1.91732532177846	355.601218722842	2.00250923918428	396.742596105937	
0.0098115677841335	0.0347168829075104	0.0252852670085313	0.109639424203297	0.0241245870743311	0.193140860495452	0.0334249096319564	0.244865927890825	0.0429668834539223	0.42211604200512	0.0485911227232429	0.500182893464124	0.0594838316739873	0.589676083750197	0.0645924890291851	0.662179631188638	0.0675601943532834	0.743793102316112	0.0935076465750354	1.52345414284276	0.118409453576942	2.31856817814796	0.142050496049135	3.1202783853101	0.16219100810028	3.90947296030543	0.200407023003389	4.69434276587221	0.217105662915149	6.2555021100367	0.223156201905698	7.0341390534387	0.244177133490957	7.87306922833235	0.271675649808346	9.41294952137298	0.304529601868803	11.8521939976117	0.353550545833028	14.0795667891404	0.41939188407617	19.5336533623726	0.442896809819205	23.3245261969386	0.541384624524305	31.4940874370702	0.658659948403796	47.2617057364957	0.724580172058816	55.1260856637739	0.765475835601148	62.9999675765154	0.821470927364998	70.8647830971655	0.855816654428455	76.0418433172079	0.925246559465063	94.4114732423761	1.0869343929093	118.068315856363	1.19609789820132	137.742566887511	1.21251816698103	157.414695934835	1.40431188534473	196.751040289085	1.54957627176782	238.088649146501	1.68696545288261	276.585267623533	1.7544104288184	316.082027312343	1.91587595851114	354.101387117598	2.00088340365329	395.079358374801	
0.00971444012020317	0.0351079255929323	0.0251375253571418	0.109127044016486	0.0239027963351943	0.19188117401354	0.0335489469126007	0.243679655817754	0.0430770845377915	0.420593795329214	0.0482878014111129	0.497957440070123	0.0595077001561442	0.587459885373842	0.064659444093898	0.658833854998248	0.0675512862906744	0.739650521493323	0.0933404743296379	1.51715886819865	0.118462823546917	2.30782793389698	0.141953389008559	3.10682077474611	0.162005500834562	3.89326026486594	0.200114616343683	4.67392025976477	0.216787268115125	6.22893380655129	0.223160514249406	7.00465803873953	0.243930575667107	7.83981076944994	0.271451359590087	9.37301999920547	0.30420305900325	11.8025144598737	0.353147260502849	14.0196939263074	0.419080933500551	19.450832712391	0.442441709990797	23.2234590759418	0.54102991473883	31.3622792219906	0.658041699285654	47.0618178444453	0.72422767051205	54.892614281278	0.764900619267208	62.7335497281848	0.820838596550656	70.5646960767165	0.854989105395517	75.7089662931093	0.924434357644563	94.0115260949297	1.08604302501443	117.568724648746	1.19522848459484	137.159857006703	1.21143385134777	156.748196828614	1.40318822525015	195.918646563172	1.54844603409133	237.08556262722	1.68555912171799	275.414543048783	1.75289592689989	314.747002542074	1.9143277749975	352.602956221438	1.99922114363065	393.416567678481	
0.00947231828033657	0.0347966746928964	0.025223818595198	0.107940895634688	0.0238929485113496	0.190314995107646	0.0333134774051282	0.242783447057152	0.0429667871639031	0.418531468897174	0.0481411494442483	0.495643161789786	0.0594022957997368	0.584215856169895	0.0650352021801344	0.655192383904462	0.0675314527490375	0.735623366456644	0.0931297448025255	1.50987895280931	0.118285942973792	2.29857151926754	0.141994021381515	3.09385350549437	0.161679946215729	3.87689925631349	0.199942861845703	4.65433035599949	0.216594660969961	6.20186538286706	0.223100098809632	6.97443988225755	0.24338998419209	7.80694719132042	0.271175000520624	9.33309327100554	0.303838524337838	11.7530388817698	0.352770074809771	13.9603044198676	0.418889374221409	19.3678108967428	0.441966582466184	23.1225800820961	0.540594840400595	31.229213721495	0.657562679598215	46.8611625426298	0.72371073272151	54.6595936588868	0.764275346079343	62.4674783318355	0.820223101819153	70.2645047481442	0.854173731592106	75.3748450221102	0.923866147894997	93.6113777818167	1.08516257254613	117.069118539969	1.19437369591933	136.576416969031	1.21060063969933	156.080863257405	1.40215327963225	195.085865407087	1.54732240006817	236.08465167737	1.68434505331585	274.244772148305	1.75138510766368	313.41153073699	1.91289293980358	351.103363034761	1.99767581153009	391.748650982953	
0.00931458089179445	0.0341972485913019	0.0253453275984349	0.107026293254111	0.0239211811318102	0.189932148788087	0.0332883827422153	0.241345295895356	0.0429460720323126	0.416499002993765	0.0482096078003871	0.493180628604145	0.0593731743002733	0.58211880886977	0.0649687517118206	0.653492196417595	0.0674797028816396	0.732436322550025	0.0929782867891629	1.50332919428378	0.118070383916298	2.28956469907623	0.141973935809447	3.08097797151186	0.161492144305058	3.86089564278208	0.199812460904854	4.63502497126724	0.216235327918648	6.17540697544022	0.222878547005702	6.94350600441098	0.243306896260066	7.77380654473811	0.270865662209855	9.2932671256389	0.303619579139932	11.7028601551554	0.35240250912594	13.9002117649173	0.418415151278751	19.2851709233321	0.441695680405759	23.0235357936352	0.540134157401061	31.0953025801418	0.657037174352972	46.6615205197274	0.722923139045179	54.4273851497421	0.763672921645261	62.2002930737398	0.819512960778839	69.9649020154111	0.853556620183602	75.0407982569135	0.923036801406653	93.2123470557402	1.08420651925169	116.56609261486	1.19339671457849	135.996180680864	1.20974782027058	155.414066127974	1.40113030347688	194.251623937274	1.54608462594976	235.08372582636	1.68326664144758	273.078130491529	1.75003836877506	312.076893396894	1.91149575029222	349.604753324676	1.99607273545651	390.080644880462	
0.0093000823980661	0.0336630332567272	0.0252938842300207	0.107595469563361	0.0237200770243402	0.18871619080936	0.0333022253694841	0.239343228941415	0.0428941335633596	0.415197974522654	0.0482933049891304	0.49067013230819	0.0592982049545002	0.579205399164109	0.0647523401303634	0.650736878711466	0.0672636522633504	0.730618846631988	0.0929327498910951	1.49712961302967	0.118026411712925	2.27908685494819	0.141890264654099	3.0673119775317	0.161273713817087	3.84422333967385	0.199611431407986	4.61487301435488	0.215876046602304	6.14843121834777	0.222501771522348	6.91412045027116	0.243229175283938	7.74156602138142	0.270552692812057	9.25337206240501	0.303411530090214	11.6528593111444	0.352062651272484	13.8404366909499	0.418096404674602	19.2007297721476	0.441411113759296	22.9247131599366	0.539693412504499	30.9620992439116	0.656455467949146	46.4622771028681	0.722391584760887	54.1927365755678	0.763002308205175	61.9328768476566	0.818820132175399	69.6649789077275	0.852904419468242	74.7074890991608	0.922147514694577	92.8124520623555	1.08331538469097	116.066441802601	1.19233792341778	135.415497357882	1.20863083584366	154.746836864889	1.399941756072	193.417814601115	1.54480621838448	234.084409300682	1.68193439711037	271.91232329974	1.74856013637612	310.742971312501	1.90985558387191	348.103014370889	1.99434322769814	388.412757987255	
0.00937147251474639	0.0337152091463003	0.0250290066027379	0.107468416797537	0.0238066364074683	0.18714232849259	0.0332686885948287	0.23819793505968	0.0428868947043828	0.412553251367007	0.0482667124175448	0.488294910609772	0.0591015872752683	0.576326157353781	0.0646523736267842	0.64768400345688	0.0670768803663314	0.727052463417214	0.0927392024622611	1.49083270857114	0.117918280249024	2.26900784969378	0.141769726902456	3.05396659133262	0.161236308095635	3.82719783249597	0.1993635795114	4.59455528203211	0.215829388258	6.12161378608547	0.222252176900044	6.88394513462558	0.242824832934618	7.70817950565109	0.270292040687029	9.21326372631167	0.303187519900293	11.6033082959155	0.351635022616604	13.7807072517865	0.417925659893352	19.1164730228241	0.441049313637472	22.825154781439	0.53912281283828	30.8291399141844	0.65583703690587	46.2619347254228	0.721884166862416	53.9600139763863	0.762426390378696	61.6666527144123	0.818308314624753	69.3648397332168	0.852172234758895	74.3759382783455	0.921612792950379	92.4116629993417	1.0826183110205	115.56795328086	1.1913183043424	134.82962843105	1.20760289249077	154.080501671433	1.39890805995721	192.586180834386	1.54366933708346	233.084094397251	1.68046641577302	270.744191526915	1.74718020093079	309.408333972405	1.90831208194224	346.603242370286	1.99273967601559	386.744960501011	
0.00937105960487885	0.0332968343273989	0.0250286732300021	0.106254670709819	0.0240841521927164	0.185943323494299	0.033191442102779	0.237592357136215	0.0428527324243818	0.410841800698288	0.0483217313668925	0.486075976473483	0.0590632323090838	0.573340570152015	0.0644809580923673	0.645168093848717	0.0671281525612975	0.723647548246145	0.0925811647567557	1.4841415054363	0.117753285528948	2.25912721613835	0.141473456261041	3.04035158726099	0.16129755030253	3.81049479574423	0.199254142164456	4.57479774021136	0.21580468229569	6.09582499955799	0.222077183707443	6.8535411792988	0.242568262752782	7.67500020918377	0.270306011259146	9.1736024250329	0.303002500970698	11.5526536634881	0.351432105742193	13.7203119170139	0.417535584582331	19.033639334327	0.440635697276961	22.7253468085032	0.538637920568196	30.6963053816763	0.655387827756906	46.0610335544594	0.721272885015078	53.7268331665199	0.761943475091231	61.4003615259458	0.817606234481113	69.0642088204102	0.851636990539744	74.0417648532847	0.920938787386239	92.0121852384506	1.08167009821651	115.068376974404	1.19056954183537	134.245488038836	1.20673533041188	153.415611890544	1.39770721649243	191.752550312153	1.54236381157007	232.083108941598	1.67903731323006	269.578354532805	1.74588689573205	308.075961608703	1.90689213122142	345.104871078768	1.9910940431976	385.079606805086	
0.0093226969536888	0.0326174163515935	0.0248734972284765	0.105052478842244	0.0238007978254532	0.186410992923695	0.0330682944738498	0.23670332246948	0.0427674605845347	0.408635177481698	0.0481604419777076	0.484616768691352	0.0590051087784699	0.570225529118527	0.0643247499933427	0.642918193238293	0.0671641504228061	0.720645604692439	0.0925168404775184	1.47709558483271	0.11771093953994	2.24830338569027	0.141402945235036	3.02696103191919	0.16108278396354	3.79356079100497	0.19914793359065	4.55458478167326	0.215718998753085	6.06817682759859	0.22194830685854	6.82354234927272	0.242496425095626	7.64076991524092	0.270061502292588	9.13349781422968	0.302730115508347	11.5025494426762	0.35122840839909	13.6609000588334	0.417131623272059	18.9509676959503	0.440110092423743	22.6244715399476	0.538157993452346	30.5638415155353	0.654856827787041	45.8594953588851	0.720711018878829	53.4928961227588	0.761396173192847	61.1344689435223	0.816788031340045	68.7652021340965	0.851034279799716	73.7092305558773	0.920046217604917	91.6132886228184	1.08060244866751	114.569456319009	1.18978070642705	133.661898989559	1.2057856646983	152.748665749508	1.39655230847067	190.918860185278	1.5411886048316	231.084060636809	1.67765510628877	268.411951294597	1.74433841766417	306.74418529142	1.90518607885105	343.607155438312	1.98943620968714	383.413478248817	
0.00925378952108187	0.0327495040798475	0.024804731925155	0.103763273801693	0.0234287089682765	0.185192488359924	0.0328183449215675	0.235088409201801	0.042669452375847	0.406462984094903	0.0480495664504059	0.481514766173289	0.0587090913403672	0.567720911796044	0.0642148611324632	0.639044473588493	0.0670351324173844	0.717069442591096	0.0924798062780932	1.46999727733679	0.117467772815817	2.23797734713468	0.141134059822584	3.01461588611774	0.160855483923144	3.77690827850051	0.19893437497914	4.53466844936108	0.215567060482887	6.04141853431698	0.22163727263554	6.79385411531053	0.242253606112829	7.60650283405812	0.269635597468209	9.09290984703319	0.302234310049685	11.4538356864022	0.350928363290679	13.6009014674587	0.416672445921303	18.8679384297218	0.439610768294567	22.5245424950829	0.537732491588075	30.4282744827231	0.65423387249801	45.6611944404265	0.720254071603441	53.2602368535094	0.760625063195664	60.8670266404082	0.816319306623457	68.463870866747	0.850183475321889	73.3769868310994	0.919419109877624	91.2132222660882	1.07984875807569	114.068702820874	1.18865589766221	133.077460574134	1.20473369871191	152.081540794546	1.39555147337452	190.086034325711	1.53991327916989	230.085757390044	1.67632517145111	267.245786474956	1.74298603107246	305.411455299866	1.90352986689524	342.111257739436	1.98781251080223	381.751611424446	
0.00918048296881961	0.0336717898713	0.0248139303697838	0.102728297984065	0.0236392566968675	0.182921705752139	0.0326466474510678	0.23311812362921	0.0426441669154977	0.404659070561215	0.0480889241657945	0.479020335190982	0.0586167218562355	0.566004891826161	0.0641133545909605	0.635475820275052	0.0670002293372143	0.71367104667774	0.0924365578898898	1.4636499650463	0.117346719329742	2.22751556832029	0.140879694156935	3.00031868829261	0.16074226956547	3.76081479234491	0.198709219844491	4.51475677366156	0.215300847122235	6.01599529188267	0.221187555557595	6.76401500709842	0.241944507396426	7.5733756916525	0.269305772802327	9.05331094436396	0.301939421392063	11.4036634790455	0.350594575981132	13.5418118468737	0.416234648587879	18.7848402456261	0.439295224680492	22.4239876014778	0.537321573248736	30.2946650898697	0.653828646437264	45.4615673186846	0.719794954526894	53.0265382283161	0.759849247400121	60.6011675855958	0.815639700710956	68.1635975817919	0.849421728923463	73.043193385631	0.918765048245957	90.8121202787041	1.07905570427077	113.568224994208	1.18772749057961	132.493513897006	1.20373264356732	151.414624455831	1.39452418693602	189.253968425329	1.53862279757201	229.08439940538	1.67498240533993	266.080605131907	1.74163373984817	304.07777163404	1.90225972474857	340.610919494734	1.98616869872569	380.09078768131	
0.00906168383415958	0.0324988109721581	0.0248431169046705	0.101901254473259	0.0238964865781805	0.182219168422113	0.0325637600487643	0.232078229264468	0.0425140438987466	0.403038074593259	0.0479132851446078	0.477812031519301	0.0586290361787909	0.56336971472645	0.0640730330935004	0.631691915041776	0.0668227891847324	0.710010425264423	0.092339866454916	1.45740498181884	0.117177367606163	2.21800397131752	0.140851733999277	2.98660822366162	0.160401457464298	3.74468824423948	0.198606929149772	4.49401854921632	0.214883342731442	5.98917366866899	0.221102822077527	6.73368742021913	0.241714829008481	7.5395793940088	0.269239539512662	9.01305918460093	0.301687592320284	11.3526316609934	0.350236627512582	13.4810439830889	0.416006973215832	18.7014552141911	0.439023984474303	22.3237772972089	0.536915282607625	30.1625271866143	0.653363849218459	45.2619327463625	0.719202819379528	52.7928843066042	0.759336663135214	60.3337066560312	0.814952476728203	67.8644716861944	0.84871364569281	72.7093701378416	0.917838463310317	90.4123146922823	1.07820909918776	113.068931809801	1.18695958249019	131.909835440766	1.20270956087427	150.749704872621	1.39336194186187	188.420889246033	1.53749665884409	228.085798135405	1.67368624872812	264.917718567574	1.7400122948159	302.743521724117	1.90093710311019	339.107869238824	1.98447730156611	378.419235102623	
0.00912522524182883	0.0314572904309666	0.0248190290174686	0.101764029919173	0.0234573986047356	0.182513218959166	0.032614882037404	0.230175377263841	0.0424904153864089	0.40058083830451	0.0478160786736932	0.474443670757549	0.058706208204329	0.560172484479655	0.0639921423172919	0.628875653917565	0.0666252413587178	0.707337704225207	0.092180658015813	1.45105243083912	0.116922245389344	2.20899854811001	0.140710926788818	2.97359485394462	0.160227227900897	3.72711162695425	0.198584779638824	4.47449756331829	0.21465592380482	5.96234133524621	0.221100789006197	6.70399592662808	0.241576269769185	7.50636005067268	0.269007293823447	8.97310358540257	0.30151705052075	11.3027248805579	0.349900599210997	13.4193531786766	0.41563426994633	18.6177051043241	0.438650538934905	22.2247125196524	0.536205592836561	30.0289420081467	0.652761253866233	45.0623950315835	0.718471886079481	52.560232487935	0.75871572718353	60.0674638963362	0.814349705981859	67.5643697645849	0.848127965495777	72.3747869308673	0.917102067206922	90.0137384516006	1.07745958042923	112.569660977135	1.18592910636471	131.327945123784	1.20177206456072	150.083846516301	1.39212805856452	187.590238955897	1.5362171942626	227.087956824615	1.67247906885342	263.751821968822	1.73863112205032	301.412162639327	1.89950640832616	337.607799215012	1.98274386201411	376.749738884084	
0.00906844144311355	0.0308610875784421	0.0246034700232651	0.101851523305328	0.0234071064055988	0.180665649681866	0.032611789829626	0.229265140457626	0.0424329147679896	0.39805788556971	0.04781308165727	0.472581520461884	0.0587269528792238	0.557362044121259	0.0637647354308956	0.626934021064697	0.0665513080511052	0.703158860031391	0.091956865196531	1.44480244175305	0.116864802725391	2.19907484088755	0.140614265694595	2.96022525335975	0.160242088276041	3.71038460864736	0.198264989743765	4.4550589994642	0.214530319809713	5.93599375520049	0.220941412326608	6.67431467758487	0.241422083399799	7.47252417182144	0.268654738868014	8.93343390222103	0.301502723284205	11.252729624482	0.349596029353337	13.3591273446045	0.415274712067992	18.534377814886	0.438133539580875	22.1264579926973	0.535797799800422	29.8959118979073	0.652206495275352	44.8619744230457	0.717645205606595	52.3255354849891	0.758092100745694	59.8008411570489	0.813729406600837	67.2644764592223	0.847589154209291	72.0421781276575	0.916299013232585	89.613262312957	1.07660304392016	112.069637635864	1.18493464170677	130.745190539495	1.20083240626911	149.416870572944	1.39093959486807	186.760140008699	1.53508217095594	226.09179934496	1.67118629339659	262.582408696195	1.7373824864002	300.078747194391	1.89785106536999	336.10775899352	1.98107208928806	375.082030804802	
0.00887866644878485	0.0300408361737458	0.0246926614011196	0.101242554785775	0.0235979539564838	0.179855282665119	0.0325787849391163	0.227348478690104	0.0424333099427126	0.396379875200598	0.0477960061314	0.470532785518022	0.0586237905305799	0.554435304861882	0.0637702998475561	0.623585800152664	0.0664829665002866	0.69990586684809	0.0917597354703301	1.43794872283667	0.116843581323947	2.1884626534845	0.140555765007453	2.94723935765739	0.160119362827295	3.69390508930292	0.197881430454364	4.43439434949886	0.214431130509404	5.90925269138569	0.220681144692274	6.64400385451112	0.24126852983791	7.43918142825004	0.268438442491204	8.89314675220185	0.301091793213014	11.2033658050818	0.349434814752332	13.3000768395657	0.414846957546804	18.4508959259078	0.43786857127054	22.0249196225001	0.535457109193328	29.7626098414889	0.651599148917788	44.6621982896989	0.71700013001815	52.091505308975	0.757512831918721	59.5340209773852	0.813083440071457	66.9643223835512	0.84688401320418	71.7175861487892	0.915481131540533	89.2132704620291	1.07562865930157	111.570299747975	1.18398435161698	130.161795205304	1.19986344122926	148.747376333465	1.38983634300811	185.923752771776	1.53377701525328	225.091663255455	1.66972194109736	261.414366330333	1.73608326352542	298.74643443533	1.89631503907352	334.605990237412	1.97957213357503	373.415097585866	
0.00887640987237098	0.029869232721566	0.0248560061013642	0.100338546198982	0.0235057669693763	0.178588029187648	0.0325909844543345	0.225861374887805	0.0423717805217768	0.395491422610445	0.0476882884424702	0.467684713908633	0.0585667207536259	0.552151410979099	0.0638015194450785	0.620618024494292	0.0664057739885698	0.696486749008433	0.0916558705581324	1.43067893557984	0.116540717946047	2.17938412145836	0.140358586936887	2.93404787250646	0.159852061900142	3.67708377458983	0.197786938069915	4.41525380885449	0.214148003774873	5.88243293081707	0.22031973069671	6.61334378548848	0.241009946774036	7.40566732133305	0.268154829815851	8.85299650659464	0.300686570673656	11.1537700863714	0.349179723414736	13.2407404185102	0.414600449088931	18.367121601655	0.43756169411945	21.9241020959414	0.534853817264124	29.6291550481756	0.650917848000989	44.4630033016111	0.716376480212809	51.8592222940278	0.756942125060339	59.2679831086469	0.812481281410682	66.6649208164846	0.8460783504206	71.38867283338	0.914749666746529	88.8131295994964	1.07481174914207	111.069643107384	1.18296500549479	129.577744220052	1.19873110268073	148.079074186824	1.38878478631491	185.08882584858	1.53255950184799	224.088219108323	1.66849616426494	260.247992894446	1.73460869890762	297.412214327728	1.89471683931163	333.10749973661	1.97805107470941	371.750012110831	
0.00913806630551608	0.0303759121958577	0.0248522376740875	0.0993692941033605	0.0234103027556175	0.178260727525878	0.03269632444617	0.225201576530774	0.0422613137024769	0.392849813564509	0.047401743465924	0.465952424898297	0.0585524430662967	0.549409131788395	0.0637489368472412	0.616663337992007	0.0661291735871909	0.693079389115721	0.0915207431348166	1.42453232329465	0.116371060649712	2.16838077859255	0.140178070125359	2.92022658049435	0.159702554390589	3.66012392565034	0.197673860788377	4.39551582480688	0.213911970585897	5.85534122406958	0.220059396752208	6.58369606405636	0.240757943902892	7.37228965316676	0.267890850011226	8.81433265174591	0.300292785177176	11.1034907769238	0.348718697371175	13.1807455524256	0.414232680612546	18.2840457693001	0.436838105971237	21.8249087958756	0.534398100722674	29.495601534674	0.650390335135681	44.2629738485361	0.715860976327255	51.6255050423839	0.756229853194673	59.0033310478339	0.811856245180425	66.3646475315296	0.845428030886632	71.0479205459645	0.913974690133901	88.4138232019509	1.07398461996409	110.571132233902	1.18204436040961	128.993484618554	1.19771057859855	147.41585333591	1.38777049953306	184.254092640471	1.53126079009429	223.087308158473	1.66702258290821	259.081291633027	1.73325781066841	296.07814323173	1.89313731101326	331.60874101492	1.97643609771864	370.082780868685	
0.00920084262768588	0.0301640363201963	0.0248422836918374	0.0988646991908262	0.0233034934350709	0.177697655744776	0.0326382804621441	0.22356480628746	0.0423417749352562	0.390866562236065	0.0472956063681953	0.463214598593441	0.0584160890445774	0.546433556303831	0.0637544646862068	0.613680894003782	0.0659896551234403	0.689915919310653	0.0914719314882911	1.41697417529935	0.116547472304855	2.15731526994784	0.140076380453835	2.90712054418558	0.159642581398872	3.64367118182865	0.197372155137586	4.37486002240558	0.213844095103847	5.82923765052682	0.219919153780642	6.55367162266071	0.24052516334638	7.33995646321829	0.267726163640449	8.77408368595048	0.300172781987274	11.0529674609732	0.348470964878922	13.120580254318	0.41389544335242	18.2003385002695	0.436450725127792	21.7242253797613	0.533990487749024	29.36304453628	0.649935802142323	44.0630151759734	0.715430553913392	51.3936243587699	0.755433709258257	58.7406645666556	0.811165380238624	66.065551438253	0.844682213925608	70.7117205630776	0.913235019025934	88.013890955665	1.07305766791285	110.074953392037	1.18136412617193	128.410730034264	1.19693445948044	146.750576124848	1.3866410469322	183.420506821719	1.5300330084967	222.086501516746	1.66563591492014	257.914024127511	1.73189840021062	294.747439798002	1.89157957780523	330.110310118761	1.97473558527425	368.420526614142	
0.00911039432487715	0.0296998338844386	0.0246205862581243	0.0989456951471402	0.0233211737079848	0.175972657243623	0.0325298819924152	0.222977069011218	0.0423634901879726	0.389719027359491	0.0473031536026353	0.460501830685418	0.0583260687809017	0.543962699423075	0.0637283017861126	0.611556430896669	0.0658928472760505	0.687108796788771	0.0913992070490285	1.40980159483163	0.116393163286078	2.14744325112581	0.139827787550433	2.89421287957578	0.159430540959574	3.6267630212896	0.197061288974643	4.35485987106567	0.21377721093319	5.80231591014113	0.219651535822567	6.52410446062747	0.240223321402364	7.30702117325393	0.267398285462037	8.73320980273716	0.299918341908993	11.0030346035069	0.348056810502044	13.0602584940253	0.413708547720557	18.1184286837226	0.436119597727959	21.6248942439611	0.533627078214515	29.2295580780006	0.649395187285484	43.8621289061704	0.714890172047306	51.1608496055267	0.754915403640112	58.4713000138389	0.810565864994378	65.76472681036	0.843817949566446	70.3776514461402	0.912490857813919	87.6133850147003	1.07222531496982	109.574110486939	1.18046280127466	127.828809914962	1.19594158978819	146.083659786133	1.3854927917376	182.588500525979	1.52880949721102	221.08846649087	1.66448051067846	256.74878317982	1.73024821966843	293.414054155386	1.89008650514793	328.611014955294	1.97324868014375	366.754964301971	
0.00898104808827016	0.0294059834362105	0.0243781398341515	0.0973328118715392	0.0233310504886885	0.174975530955706	0.0324258820224303	0.22160533278737	0.0422207134165157	0.387306319929225	0.0473554682997203	0.458040578068257	0.0582135260901441	0.541616174100124	0.0636020112054236	0.607990862589109	0.0657686295312903	0.68327850005195	0.0913188750518182	1.40367128069072	0.116253124326519	2.13811605598405	0.139554496225494	2.88045212352815	0.159301491609342	3.60985788754877	0.196890982398054	4.33443317400685	0.213438529724279	5.77624912383832	0.219352881897594	6.49339503151071	0.239998167111743	7.27345863756536	0.267019873610004	8.69290309494484	0.29946592324763	10.9524628587847	0.347788173694568	12.9999525662156	0.413367904884432	18.0346711232754	0.435798970681681	21.5251514636025	0.533084652581289	29.096801776585	0.648800559325144	43.6624980591384	0.714332117619369	50.9274490035431	0.754387818542089	58.2015070526581	0.809912863292086	65.4644386242445	0.843301763012829	70.0438952535729	0.911769054603982	87.2143989921053	1.07149842528355	109.07137513446	1.17945240704836	127.246189441116	1.19495419643567	145.416549732332	1.38444516385778	181.755212730437	1.52768579017217	220.088285697884	1.66311967984295	255.582350139291	1.72863287287818	292.08248645435	1.88860853750091	327.110736315234	1.9718158524333	365.085229664864	
0.0089765714334654	0.0286977963253651	0.0245783439245825	0.0961802565844503	0.0231534243161615	0.173175109881507	0.0323657879063739	0.220006252002707	0.0420579280729801	0.384890498389249	0.0472845198227571	0.455845741902442	0.0581903242050366	0.539440139007891	0.0634729335953562	0.605010746907209	0.0657132857948425	0.67965035851188	0.0913012445100832	1.39807775757325	0.116191787532206	2.12848012742348	0.139381452128045	2.8669370037979	0.159112513505196	3.59424752495581	0.196891639917638	4.31421555885609	0.213123845918763	5.74895066348909	0.219146506667354	6.46303577966539	0.239798971418149	7.23951612228439	0.266912994635307	8.65210930546913	0.299292758482833	10.9015008899223	0.347463462146816	12.9410547980718	0.412906948404874	17.9512432510039	0.435618406937417	21.4253975073735	0.532410635517915	28.9634661925556	0.648182142810501	43.4620103953784	0.713809332560775	50.6937839059609	0.753847251668813	57.9342025852786	0.809044549894478	65.1640386794254	0.842728264136752	69.7102806220303	0.910795884886849	86.8143251847948	1.07070444186736	108.571098473461	1.1783943299152	126.66291331621	1.19395450553314	144.749633393617	1.3833272155413	180.920270906081	1.52652633690644	219.086316765639	1.66182306673174	254.414933622169	1.72727151528099	290.753064520424	1.88711380380651	325.609861628755	1.97012938772106	363.418922294668	
0.00898292536537573	0.0288231064994234	0.0247784669390166	0.0958384612158008	0.0228424376153167	0.172570230449939	0.0325058344445837	0.217888977541375	0.0419498479249433	0.383393281006346	0.0472628397012777	0.454368227811823	0.0582060838943479	0.536457345773716	0.0634952554272002	0.602344894371654	0.0656967297839893	0.676953946955798	0.0911932768017919	1.39090866956502	0.115962219549614	2.11859087913464	0.139421218079967	2.85353899787586	0.158822542754611	3.57675076857756	0.196854047716305	4.29450737712945	0.213075853600387	5.72183055140442	0.218875134128875	6.43463463344018	0.239538319825714	7.20622367012963	0.266724351979028	8.61268083482296	0.299161996086996	10.8517040055454	0.347182549023481	12.8807302438115	0.412661102510255	17.8676645044826	0.435240217284468	21.3260253933819	0.531889182279593	28.8301697240724	0.647865892872768	43.2616531167727	0.713039056536726	50.461202867804	0.753220694332635	57.6673302515531	0.808334887443374	64.8641975281245	0.842110693510547	69.3762785603151	0.909830200619631	86.4144301914101	1.06979962688811	108.071827640794	1.17757194602085	126.078296086859	1.19287791315428	144.083208793198	1.38214901854704	180.087549354637	1.52518777603082	218.088266838602	1.66050494340431	253.248888011813	1.72577949741034	289.420572947438	1.88534469354606	324.11062606993	1.96833756765454	361.751154610745	
0.00900457250821543	0.0283566703447843	0.0245279063125202	0.0957868164711083	0.0226947997460054	0.171020029546207	0.0326080491070267	0.21665015850491	0.0418974986932581	0.381652406366433	0.0471359962089255	0.451784302555113	0.0579589803765504	0.533666928849724	0.0635821798174756	0.599394697426043	0.0656365887671124	0.673550137730233	0.0909315371655315	1.38441281133094	0.115768733736503	2.10940408086433	0.139302709345524	2.84036707049806	0.158624540088128	3.56043655898226	0.196603860382838	4.27480664598306	0.212894516558528	5.6957479326186	0.218756058655561	6.40439272823368	0.239375165765785	7.17338896299856	0.26641220369342	8.57366959667041	0.298895909194157	10.8022787188582	0.346998079312284	12.8200359545066	0.412454206245841	17.7833984419338	0.434742856872231	21.224649073305	0.531619427044009	28.6969198217158	0.64744784298908	43.0629349658205	0.712286795559676	50.22809656374	0.752668483345636	57.4005063465992	0.807624277499604	64.564736356416	0.841412781000553	69.0430662601056	0.909183746758366	86.0145575497661	1.06886307719682	107.571580782116	1.17672031822506	125.495079566595	1.19197223872455	143.417454745001	1.38096987629528	179.255185431045	1.52394494157701	217.087922132851	1.65913701840533	252.080637029704	1.72452072741645	288.083909049516	1.88370675317878	322.609363953278	1.96661804049605	360.083506136106	
0.00914217764049473	0.0279160874853098	0.0240859473611545	0.0952320683851217	0.0230882843787868	0.169738296913772	0.032434115990858	0.216572698663829	0.0418745396155886	0.379322033668619	0.0469366597458879	0.44880805768248	0.0578576537578384	0.53057278436551	0.0634519097157868	0.596970814125412	0.0655532639124111	0.670063557214781	0.090804702960217	1.37718854246278	0.115695997044533	2.09780655422414	0.139147642203981	2.82670759577561	0.158573724674896	3.54335750075888	0.196178874380917	4.25458903083231	0.212609168893227	5.66840011217525	0.218882725557548	6.37463650772678	0.239149115717468	7.13968905723676	0.266016308748383	8.53311608840754	0.298595196682511	10.7535016326521	0.346686120806957	12.7609370206963	0.411990714010647	17.7003170216436	0.434307312856341	21.1235651885026	0.531193689741387	28.5637071722603	0.646755949014296	42.8628049299122	0.711870933870811	49.9938540461889	0.751838462835704	57.1355450867061	0.806945809200541	64.2644556208807	0.840611844373464	68.7100923784639	0.908569239336594	85.6158173963191	1.06795572297821	107.070417502068	1.17565810217214	124.912265377663	1.19116577223327	142.75097053994	1.37983357715217	178.421852932022	1.52258390410411	216.087264502729	1.65789532243536	250.914293396137	1.7230425128989	286.749808151197	1.88218110262491	321.108429662157	1.96510240879633	358.41871868428	
0.00915858049153363	0.027596623848507	0.024002603949848	0.0942047905302834	0.0229891019309426	0.170213547890642	0.0322199093097808	0.214505744722966	0.0419568366103134	0.377171056973219	0.0468567778452322	0.447271724753301	0.057791753567291	0.527917292793106	0.0632825414583145	0.59444576591492	0.0655049277351596	0.666845663249344	0.0908765683184475	1.37021456652466	0.115600425917864	2.08717969849124	0.138993828779786	2.81415336806609	0.158352509753608	3.52724468966078	0.195956052541109	4.2340817743746	0.212375153755129	5.641591527477	0.218531471805264	6.34469216006873	0.239010369849859	7.10606226029359	0.265835267957342	8.49270227852423	0.298317987664793	10.7038844935235	0.346424972057099	12.7007838297816	0.411658856605234	17.6173808876682	0.434000515743693	21.024221014187	0.53064647007572	28.431142723286	0.646122385262625	42.6614492735539	0.711341508782013	49.7606508845818	0.751093645110964	56.8689335232892	0.806335682775352	63.9651509113573	0.839915483246066	68.3772824095875	0.907682257653717	85.2156094785642	1.06706716328867	106.570029082365	1.17471952897019	124.329935476447	1.19027178239197	142.08205744572	1.37901236726007	177.589027072455	1.52135187033792	215.088052285174	1.65659742133995	249.750661773779	1.72151956624785	285.417376182852	1.88062748002445	319.609819952072	1.96351727227732	356.753215976751	
0.00892148344710761	0.0270596272792664	0.0241675084960833	0.0936184793416656	0.0225850701587457	0.170101047039355	0.0321007505849266	0.212381194304366	0.0418922360367661	0.375161815925412	0.0467951539649051	0.44505412939315	0.0578197563242455	0.525285608152885	0.0630489385526647	0.59079969641614	0.0655225699941077	0.66322706776521	0.0909035934137105	1.36371707847615	0.115391561131382	2.07944227090885	0.138839424317912	2.80068830692185	0.158050427662227	3.51035329292727	0.195819773784825	4.2144373882413	0.212133125310939	5.61533521703926	0.218154118788409	6.3142607307273	0.238686524347673	7.07261008632487	0.265596373576621	8.45329522829626	0.298071357733314	10.6531572179388	0.34620547338875	12.6402236509211	0.411404997311393	17.5343553467299	0.433574942214106	20.9257504204048	0.530187165288081	28.2970918835533	0.645559067814349	42.4624889787437	0.710758675466266	49.5272018538266	0.750581445557951	56.6021729482674	0.805839369102985	63.6645870537728	0.839271797429674	68.0429525223416	0.906816649841443	84.815394110229	1.06633020223639	106.070236709082	1.17395251621937	123.746398581232	1.1893661779977	141.41560304298	1.37791690597167	176.75658864306	1.52012288271251	214.090210974385	1.65530810355788	248.583051541572	1.72025841820907	284.081755366164	1.87917800052806	318.111150637345	1.96174235236863	355.084703234803	
0.00892222178072984	0.0264975013726093	0.0244053944407641	0.0930876837070071	0.0226642345728584	0.167443561854659	0.0320878296541456	0.211987506808477	0.0418187768334606	0.373063138810858	0.0467775247823162	0.441720751433946	0.0577863471698885	0.522864111366239	0.0630111217570533	0.586979877057786	0.0654037337629802	0.660151316900972	0.090743052525576	1.35704659726762	0.115298498309617	2.06874347051047	0.138696595075171	2.78743162919379	0.157985557037164	3.49285467390396	0.195716969064071	4.19429195058665	0.211896538095623	5.58923630010915	0.217817453319537	6.28395270162114	0.238388471349865	7.03816512253876	0.265226042775663	8.41403253306049	0.297872880357201	10.6029365818106	0.345766979504592	12.5800071300743	0.41097257145078	17.4521121167171	0.433223647661243	20.8257282432871	0.529860232026755	28.1626405751324	0.645094675051476	42.263357320588	0.710437545153797	49.2937938012628	0.750001980277212	56.3350435695235	0.805233565757872	63.3652525419284	0.838464927480325	67.7101947075269	0.906032037983709	84.4192169563856	1.06549404889189	105.571018030477	1.17301633670853	123.162869136597	1.18816023322495	140.751219901548	1.37670507406464	175.923703178851	1.51883459464705	213.094202506334	1.6539885802256	247.417363559066	1.71888698587275	282.748488932832	1.87762770298202	316.615670170962	1.96024737205438	353.418038236756	
0.00882373560528765	0.0268312386185838	0.0241476108554389	0.092506050958913	0.0228305526761356	0.16636410083429	0.0320893173968528	0.21075250037362	0.0417850471615273	0.371573080969908	0.0467736905156287	0.439136156789167	0.0574889847506448	0.520166884902942	0.0628749164064302	0.584791327319051	0.0652242344242667	0.656618926958557	0.0905909154529083	1.3504662215139	0.115365961629083	2.05804141048324	0.138505180066547	2.77345294367405	0.157809076336125	3.47732580203241	0.195418275700482	4.17534559068986	0.211694295527823	5.56302515881414	0.217624284388958	6.25340718526974	0.23830326892851	7.00570573838743	0.264831403201071	8.37456774083564	0.297425239430134	10.55233596609	0.345661730213459	12.5206427693428	0.410517745306043	17.3687717887635	0.432837156009669	20.7252478554844	0.529401019012222	28.0299457410039	0.644633301476328	42.0635923631116	0.70978835113468	49.060020670267	0.749298335069225	56.0682531921807	0.804529104589109	63.0656945126768	0.837501824248404	67.3777125641812	0.905346159069526	84.0202383843708	1.06464619952117	105.070525302651	1.17187398677399	122.581038424258	1.18715090024083	140.085227434783	1.37560947419544	175.092650557382	1.51768138714484	212.093440568089	1.65276508905087	246.250870913895	1.71744673171419	281.416772220191	1.87608175744236	315.117596902654	1.95872815900026	351.752684540832	
0.00881216152029355	0.0266115138040189	0.0239255970776416	0.091203014323595	0.0226516480989336	0.165979042623722	0.031985580340687	0.209025362741031	0.0415615553893535	0.369133830847527	0.0468111695467413	0.437238674445005	0.0572966427588108	0.517731767524289	0.0627394783521071	0.581751024918626	0.0651809543157953	0.652862553947585	0.0904223377195058	1.34458340633544	0.115155961775751	2.04801223098421	0.138321234745202	2.75981069841841	0.157686837858493	3.46052404509245	0.195116108876213	4.15475404954316	0.2115831205687	5.53563263488934	0.217584480511884	6.22398344690618	0.238213991802079	6.97306614332646	0.26453717222889	8.33373483581366	0.297039952292914	10.5034750608561	0.345536784349133	12.4604290424636	0.410218740164835	17.2847311062671	0.432377221170626	20.6247823688421	0.528832040391529	27.8966921133571	0.644132776657101	41.861983387025	0.709130956762065	48.8263965508761	0.748650762497304	55.8023494338869	0.80381765295092	62.7655553381661	0.836639568254365	67.0440234268362	0.904572070082989	83.6166031997041	1.06374205250684	104.571396031009	1.17089640141226	121.99774739819	1.1861626063343	139.418027974018	1.37446439355353	174.265278522553	1.51654378708399	211.091218316116	1.65141811819288	245.082262303935	1.71591197057268	280.084250844884	1.87450032793627	313.615112890843	1.95707575265571	350.086854007772	
0.00877989579868312	0.026398109977331	0.0241236875038348	0.0907234705319365	0.022318857319028	0.165136224837557	0.0318313774533842	0.207186975721804	0.0414223540613117	0.367346477392582	0.0467418002814576	0.435167878798705	0.0573581162800244	0.514631744066602	0.0627868818709232	0.578379346320359	0.0653347125562358	0.650052462835138	0.0901374484133186	1.33766309785813	0.114836568804542	2.03824684859191	0.138184983483299	2.74671257835115	0.157550045602951	3.44374091460311	0.195120577033087	4.135083586379	0.211326820249214	5.50884966156067	0.217412381802913	6.19419323312691	0.237956990481918	6.93965075659769	0.264254041216112	8.29331543799517	0.296936770098423	10.452998311032	0.345148899706691	12.4011634019204	0.409957448133937	17.2009996228508	0.431963279647568	20.5259522845633	0.528387182279702	27.7636936680836	0.643594012958133	41.6630491692458	0.708521449945708	48.593655325244	0.748199883670393	55.5340167864338	0.803249913396903	62.4652969543716	0.835974691237561	66.7101480249851	0.903639142526279	83.2165591947145	1.06280523595381	104.071544053084	1.17008979136914	121.414553229666	1.18536801393811	138.751037129501	1.37326702538298	173.428727372864	1.51529329345077	210.090158354662	1.64997258961095	243.916976652763	1.71443423043593	278.754501085427	1.87304889656821	312.113224925451	1.95561803480224	348.420457230614	
0.00869175364175168	0.0256098163959477	0.0241310086335232	0.0902717500008731	0.0224169452518422	0.164237440388082	0.0317066506724387	0.206173303907058	0.0415924208776609	0.365159673883592	0.0465715007043186	0.43286108020244	0.0573499751266314	0.511915018037826	0.0627958530335554	0.575069717085679	0.0652550152611793	0.646670074027772	0.0900524452251159	1.33049622174091	0.114652039389687	2.02817180145826	0.13801578215377	2.73342330433452	0.15735206072473	3.42724882240451	0.194982485108161	4.11538099258755	0.211114146711392	5.48235632953895	0.217157493417934	6.16465959870476	0.237559006632718	6.90634386894371	0.264213485598749	8.25321920909471	0.296508154892526	10.403134371433	0.34472464160908	12.3418344314451	0.409499705805754	17.1172625514992	0.431704684581348	20.4288935757372	0.52794990442643	27.6299259504001	0.642888460544038	41.4630793208127	0.707833682253847	48.3613574091364	0.747544891213667	55.2672785631527	0.802645083621488	62.1653216926263	0.835440687580827	66.3772113962446	0.902757376281846	82.8164928379842	1.06192406547072	103.570023145184	1.16905498309192	120.830509694995	1.18430324350029	138.084627430242	1.3719996708237	172.591729188361	1.5139649411628	209.090066968638	1.64856891715691	242.751497286505	1.71303799613536	277.428238197524	1.87166599793985	310.612678064502	1.95403433107063	346.754269069702	
0.0087224939995903	0.0251607006575865	0.0239091784943476	0.0894060638810131	0.022654919277812	0.162825831918402	0.0318870335656171	0.205417622985142	0.0416917884593386	0.362833084683557	0.0463698123490933	0.430666389555771	0.0571919556342983	0.509589156433518	0.0626210378079352	0.572444668118487	0.0650841506040681	0.643192864945282	0.0899191801326332	1.32391619523314	0.11463461218769	2.01827114446842	0.137822662466852	2.72057524436666	0.157009766368381	3.41002866881778	0.194760354423209	4.0947833978444	0.210892551909457	5.45639990495599	0.216721033908958	6.1341215329336	0.237359311953949	6.87284373186468	0.263981869131439	8.21379260109361	0.296250760260308	10.3531884754512	0.344352306107195	12.2816914850782	0.409174715059164	17.033871932129	0.431241580239115	20.3305645429797	0.527638804993508	27.4962979310961	0.642451473321696	41.2627406686576	0.707251832193553	48.1271707709371	0.746823670059813	55.0011699139021	0.801945898985933	61.8652942768193	0.83465660864326	66.0439171396524	0.902200574704159	82.4159496441184	1.06098015712036	103.070603300913	1.16805744100077	120.246697128311	1.18314931575938	137.418485951873	1.37072194972446	171.758351985856	1.51276425218135	208.091182576614	1.64714813119651	241.584348990272	1.71164926972669	276.090561020689	1.87014440732959	309.112071598912	1.95232323847581	345.08867695521	
0.00895855382096847	0.0247012439649572	0.0238010149922115	0.0887423874387583	0.0224072058790576	0.161586750947475	0.0319114794823227	0.204248289340592	0.0416326319435559	0.360952948221523	0.0462441462492955	0.427677222583029	0.0572752591471684	0.506467945388265	0.0624544907710216	0.568992255498368	0.0649196325086856	0.639914667846002	0.0897522491609011	1.31748192070138	0.11452281841417	2.00843544722508	0.137653896257051	2.70748224657332	0.156798269632291	3.39450468638951	0.194542028135686	4.07479535369738	0.210740804179126	5.43000994973514	0.21642827065167	6.10362258270872	0.237328274339811	6.83988562449832	0.263612278845435	8.1739459666313	0.296106582817586	10.3033915910743	0.344147820806985	12.2210642509955	0.408905596397055	16.9510997109189	0.430808258047485	20.22772604653	0.527352809369378	27.364016604171	0.641980273132117	41.0634711747673	0.706760357647024	47.8941762255768	0.746160501836506	54.7343348330779	0.801357037149375	61.5648011997471	0.833899348623593	65.7107346417639	0.901538162962322	82.016494234968	1.06020896484692	102.57206262511	1.16705895067189	119.663271991799	1.18213226995166	136.752314671182	1.36967030362428	170.92431913229	1.51142967797172	207.089645778024	1.64583080262483	240.419450769272	1.71036607152577	274.752615622965	1.86855943100369	307.613223470259	1.95068659033626	343.424425945161	
0.00894102961807504	0.0248655423560394	0.0240498628459132	0.0877318661135096	0.0221969984339126	0.160454699307969	0.0318636393842261	0.20289081399299	0.041365819966558	0.359705761834199	0.0463903498047175	0.425380668534599	0.0573817308225395	0.503586258856295	0.0623561194804079	0.565903407911046	0.06486677086041	0.636476748932763	0.0896760550706462	1.31089979871792	0.11434912160802	1.99917367749108	0.137564368520423	2.69326490965517	0.156759308057894	3.37712155135996	0.194308469115722	4.05479427103494	0.210654376535976	5.40298157291972	0.216310490362842	6.07407125315849	0.237027779641214	6.80712030089576	0.263454191712934	8.1336429841291	0.295750295909991	10.2532929581976	0.343731109254051	12.1613031468661	0.408452600045067	16.8676513495518	0.4306391890881	20.1267110795949	0.527062935968333	27.2295857848459	0.641476764646389	40.864414022414	0.706149116777879	47.660585633797	0.745566397096178	54.4680808975126	0.800602715952985	61.2658950962667	0.83322336307922	65.3765314143821	0.900779580351168	81.616956869435	1.05929392103248	102.072761990123	1.16605498027799	119.080077823275	1.18115283853406	136.087439791454	1.3686640577535	170.091031336748	1.51018909937327	206.089479886198	1.644459214577	239.25599796084	1.70882356477812	273.420243259262	1.86701106692408	306.11205076057	1.94907020317177	341.762201492939	
0.0086475164849149	0.0246027165896046	0.0242797477241201	0.0876309485861942	0.0223677513468708	0.160501876614899	0.0316909907292397	0.201337426219974	0.0412836078706234	0.356460277438799	0.0463296648663509	0.422868600631873	0.0571538383620138	0.501952893760983	0.0623682257018441	0.563075505255206	0.0649749672840771	0.632263736843614	0.0895827714934109	1.3046822895051	0.114293111405502	1.98856777651512	0.137409030815119	2.68003733575618	0.156643239449726	3.36001199232372	0.194216559937796	4.03483276958004	0.210425657256028	5.3755103522411	0.21618346412175	6.04375623913336	0.236771242940425	6.77360619397877	0.263422710832912	8.09374885221774	0.295363500044749	10.2036031759117	0.343389095755538	12.1003471559302	0.408030234691819	16.7848474633757	0.430211714854281	20.0267838973752	0.526457917064392	27.0952108448725	0.640851148542565	40.6631626741791	0.705484819238596	47.4277810782328	0.744918368659318	54.2021883150891	0.79974707066118	60.9661433519287	0.832576756422769	65.0418513498647	0.899857633786132	81.2162423122236	1.05843716683549	101.572641791309	1.16526432439015	118.496503675159	1.17998218524083	135.42484478928	1.36752856379697	169.258741918958	1.50913535190106	205.090014348915	1.64302733288598	238.090667606187	1.70734944596697	272.086112558622	1.86535281070939	304.613858282979	1.94741842740827	340.094612622942	
0.00869216035323326	0.0238164384483846	0.0238741294279064	0.0874675305859416	0.0223412985959069	0.159002185406525	0.0316256629571958	0.199778959828785	0.041180100036227	0.354714658874747	0.0461370201975889	0.421186515726691	0.0569243322279652	0.49826636993979	0.062342738892464	0.561011345281935	0.0649411070319887	0.629805743855309	0.0896101296791051	1.29712763396929	0.114039235557317	1.97846735084251	0.137192791702974	2.66646237855336	0.156362229489164	3.34385680605048	0.194165637067405	4.01428080964088	0.210273058844014	5.34853226684231	0.216010926730741	6.0138053722176	0.23664333925086	6.74069698104526	0.263087432551567	8.05411642193742	0.295037881854458	10.1537718326012	0.343254605225961	12.0400831376343	0.407794418757183	16.7010135344811	0.429524371880285	19.9266630000693	0.525704665742079	26.9629574576234	0.640317234569128	40.4634796730854	0.704816368623441	47.1955800196684	0.74421828692434	53.9361429957706	0.798951199686724	60.6666412020289	0.831798229206766	64.7098832965558	0.899139903054832	80.8151850283209	1.05747968610003	101.072521592495	1.16446130315202	117.913801244931	1.17903692219757	134.754799206862	1.36631007906278	168.424172623614	1.50786154247325	204.090191183781	1.64180808344903	236.922684844967	1.70595137427175	270.750938776749	1.86371941185518	303.112655770969	1.94588650947857	338.42443095102	
0.00873131774477152	0.0233252458491391	0.0235233599458654	0.0867865300894302	0.0220845329046862	0.157336558716684	0.0316457669592803	0.198827773935062	0.0408982018762146	0.354262676409222	0.0462140733223366	0.419178293312901	0.0569059784851421	0.495357384016148	0.0621110979837141	0.558208937580363	0.0646994988005197	0.626632145917722	0.0896694915689886	1.29013281968956	0.113784838744743	1.96902909548901	0.137166382671799	2.65315680639245	0.156209263946868	3.32737123310959	0.193847836212524	3.99541547480423	0.210065965665925	5.32307875642576	0.21574448890098	5.983805610869	0.236439317627025	6.70726529617221	0.262902101183608	8.01340738281198	0.294783269723063	10.1032857695518	0.342736934452336	11.9803751188891	0.407389587812814	16.6179432900613	0.429049456828185	19.8259330178284	0.525245962422932	26.8297131432019	0.639724609013447	40.2642884102877	0.704138758482757	46.9617510093208	0.743565551068039	53.6695761358351	0.798287524087647	60.3662263560493	0.831170306065733	64.3770882288399	0.898512506114043	80.4157370697508	1.05657946316682	100.57053129804	1.16342130638941	117.33162035532	1.17816513302014	134.086705676469	1.36514305230494	167.588888072567	1.50640033988349	203.090740547658	1.64043059981497	235.754523269821	1.70440017069999	269.419132657145	1.86209221257088	301.613122188934	1.94422924694453	336.757140104232	
0.0086626891643329	0.0229425486867043	0.0235550946717279	0.0854886812116448	0.0221377885140582	0.1568348669111	0.0314799361850963	0.197307680942507	0.0408013910165783	0.351485676350432	0.0461743054204765	0.416679642275378	0.056870082452122	0.492793569505328	0.0619678846315161	0.555614564049015	0.0645690429319911	0.623792194276645	0.0894834352594956	1.28395803489782	0.113682633431919	1.95880573524239	0.136967038912441	2.64115857823357	0.156245542546853	3.31019322186737	0.193679592297165	3.97482579630259	0.209742150824617	5.29614118355705	0.215506500627267	5.95352738408381	0.235962229158991	6.67374420433624	0.262646180971806	7.97372838640514	0.294579176084731	10.0523843366539	0.34250578654799	11.9203467251935	0.406981572891923	16.5348804962217	0.428630009590899	19.7253166569363	0.524901627690292	26.6964725540706	0.639005707117578	40.0636629107933	0.70353709226745	46.7279108231029	0.743069775318823	53.4022865696161	0.797581713950519	60.0665155899026	0.830483012318227	64.0445539314326	0.897806524308088	80.0154248438725	1.05573858191378	100.07084323288	1.1625106582954	116.747435259624	1.17692663419267	133.420444988815	1.36410023144078	166.757552329048	1.50503875676615	202.090991888326	1.63905493069996	234.586406398157	1.70285276603959	268.085717212208	1.86046808028899	300.114750897417	1.94254334128777	335.089789652803	
0.00850531497540534	0.0232585998995481	0.0238066651269298	0.0845369860009127	0.0222094986208077	0.155960878923997	0.0314637614795333	0.195345689961202	0.0408940296995063	0.348235971899816	0.0460877309630249	0.413856774581967	0.0568610255117767	0.49013976595501	0.0620426428581107	0.551544218929989	0.0643273707477641	0.621258123879139	0.0893964794836598	1.27812714095043	0.113533380196705	1.94839808955008	0.136677576070261	2.62767768460632	0.156081884853849	3.2937635282783	0.193549521780835	3.95448990319048	0.209588475428266	5.26856425777123	0.215337263246841	5.92468246267288	0.235744813117067	6.64010623152271	0.262236990040742	7.9342580062451	0.29429468328627	10.0028454286179	0.342423081989115	11.8606349811582	0.406606737391395	16.4519890657278	0.428312669711686	19.6245345206337	0.524246151146486	26.5641781886301	0.638344357956361	39.8627654651199	0.702919616569091	46.4952776308843	0.742535070987291	53.1354738405326	0.796829562051794	59.7663801406821	0.829810807934785	63.7111926196182	0.896923241084696	79.616885856092	1.05477296503078	99.5725037227435	1.16153957201693	116.162818030273	1.17594754252155	132.752172644496	1.36306976326094	165.925471527506	1.50359850682726	201.091198525513	1.63754894009172	233.420927031898	1.70134156831388	266.754030301888	1.8589214070488	298.61485968753	1.94088221427726	333.424763782409	
0.00851881141351833	0.0224446876726221	0.0236731794550523	0.0847102265434779	0.0219865707833706	0.154703491644582	0.0314372625742594	0.194307541826204	0.0408079828042783	0.346958692153229	0.0460347835253869	0.411276749238353	0.0568239547637552	0.487954417637473	0.0619497723719114	0.548017009469149	0.0641491001698664	0.616806809637529	0.0892789681345728	1.27089751697772	0.113343578497803	1.93874993738129	0.13659691113397	2.61350807796785	0.155757264107089	3.27715874605352	0.193350051675938	3.93466018387363	0.209541564611142	5.24199781693088	0.214985822167752	5.89433764632678	0.235766686988609	6.60554019580765	0.261882340479716	7.8950707481343	0.29391065176106	9.95279708715782	0.342133760510116	11.8002657234164	0.406111569862547	16.3673374356514	0.427950938321469	19.5242888261087	0.523751249219251	26.4313958101837	0.637847953933945	39.6631495192484	0.702436694174434	46.2608898270185	0.741753189118186	52.8688846288563	0.79627546007546	59.4661701856591	0.82905389226291	63.3768403806315	0.896044819135235	79.2174826010034	1.05383277810574	99.0722494134851	1.16050219868525	115.581687672477	1.17517062566745	132.085777846398	1.36182566366342	165.09239234821	1.50248229628323	200.088812360775	1.63623459630413	232.253465811295	1.69991254872867	265.423654693691	1.85743346774259	297.114253221939	1.93933259275519	331.758814040065	
0.00844427400278421	0.0220331377016386	0.023288052433226	0.0842703730987196	0.0220535421767848	0.153468165067605	0.0315058473094156	0.192854955165188	0.0408554674733038	0.345049248135318	0.0460374986857682	0.40913624992142	0.0567088694837813	0.486022680086491	0.0618647290320587	0.545799123070707	0.0642818119025	0.613004277953646	0.0890513769831003	1.26397732491573	0.113356844134364	1.92887535742231	0.136481379398339	2.60012474037565	0.155642949156049	3.26070250977234	0.193140377695298	3.91455106779766	0.209149476386003	5.21567305428715	0.214806021997325	5.86425499727297	0.235490940537308	6.57312970608916	0.261785989742951	7.85586020696024	0.293564393323332	9.90245817306825	0.341755703879088	11.740490649449	0.405729767175656	16.2836320292659	0.427566564875783	19.4253637469317	0.523329092767538	26.2964807031427	0.637303739468781	39.4618795445629	0.701978359056695	46.0261928240726	0.741063552043673	52.6029845958526	0.795477700448666	59.167364665012	0.828403403248596	63.0446041064339	0.895524115582796	78.8174832994953	1.05321536419803	98.5729711302385	1.15957789848492	114.997599434323	1.17404715109796	131.419785379633	1.36066445921419	164.258001866792	1.50137258806462	199.08961504438	1.6350110306236	231.087718224148	1.69844167748592	264.093428097099	1.85577585701012	295.614153395806	1.93772740860967	330.093698762709	
0.00835929430263833	0.0214525908901668	0.0231876363620466	0.0834394369507744	0.0220313235136587	0.152828593871781	0.0313526387777645	0.192441695344246	0.0409263566599481	0.343289514214165	0.0457017939750531	0.407874162373609	0.0567157031446834	0.483624437259275	0.0618871653932974	0.541987976653418	0.0641435906314001	0.610511302162793	0.0889340247650263	1.25743012752716	0.113242807555636	1.91873034468356	0.136208881013082	2.5875295344748	0.155499542016013	3.24412985817486	0.192964085456118	3.89486384082796	0.208821215064376	5.18999928609217	0.214600775206996	5.83398003011664	0.235159999465942	6.54014738433702	0.261485338570529	7.81556467503829	0.293441824575471	9.85257933230868	0.341284890243513	11.6806010228104	0.405440809447997	16.2014353653797	0.427092636004069	19.326140644545	0.522826002593999	26.1637262643722	0.636761461098106	39.2617122557534	0.701427196992084	45.7920806916758	0.740491150117087	52.3334337785298	0.794794954649032	58.868931673377	0.827666886387511	62.7109000679283	0.894694329248261	78.4183035618139	1.0523926475071	98.0735363848068	1.15855527227371	114.414517024503	1.17303610343255	130.752749831634	1.35946675725763	163.424788577053	1.50008903075697	198.091773733591	1.63361874771499	229.922030241643	1.69710419447687	262.75718143167	1.85421681618445	294.115156255548	1.93592389501403	328.429179531772	
0.00836735824775447	0.0226676630210968	0.0236322912870929	0.0820455527130007	0.021950433053224	0.152282911628551	0.0310829741626249	0.19016231255497	0.0408977091978559	0.340999566734935	0.0455831376347014	0.40527324048072	0.0567047035905901	0.479933140410114	0.061846513488779	0.539234405177033	0.0640948389911476	0.606900564712509	0.0887527863065506	1.25082530455702	0.112953886137832	1.90893015411169	0.13624141384821	2.57370312018877	0.155303008411943	3.22676744507162	0.192838972433894	3.87497521536106	0.208784404102996	5.16247870531944	0.214553827759796	5.80323241677615	0.234911969095953	6.50569822959953	0.261043313032557	7.77474853382185	0.293208679391638	9.80342878576788	0.340963635121974	11.6212450439817	0.405123156629824	16.1196987748234	0.426658108529681	19.2262600284519	0.522380903883716	26.0308600668981	0.636270896520633	39.0628190161654	0.700605563332955	45.5614852331537	0.739834464716731	52.0677088341617	0.794129424056196	58.5711506075133	0.826998768769772	62.3775983607559	0.893586842038305	78.0176262575037	1.05136570442066	97.5722762472155	1.15766626876832	113.832164771547	1.17201895480682	130.087606731017	1.35827712154411	162.592767380152	1.49875570903069	197.091354522037	1.63218931857467	228.754911747732	1.69576708276868	261.421769231228	1.85289150953726	292.616218719932	1.9341620942332	326.761352243207	
0.00828763127188118	0.0218558189850243	0.0237310496564743	0.0812636128613022	0.0219903650046501	0.150867330486203	0.0311361056819959	0.188627784063194	0.0408181193133947	0.338816808658185	0.0456074812630855	0.402853053366382	0.0566981576414317	0.477180529360088	0.0617426170454859	0.536827402097266	0.0641984077253157	0.603489712360309	0.088669093634732	1.24419568512451	0.11296782621201	1.89913240826146	0.136329395312906	2.56018217969272	0.155108712269619	3.20976778209396	0.192715738191988	3.85448868082966	0.20874621218232	5.13512529694091	0.214290301177472	5.7736787589196	0.234727407777505	6.47320485217583	0.260785679769291	7.7340101580367	0.292917003022745	9.75296600578177	0.340813473597013	11.5608031430826	0.404936852277205	16.0364236394469	0.426256182476493	19.1255095571154	0.521976973406101	25.8978578963345	0.635839499762874	38.8634191371209	0.69985338170459	45.3275854422938	0.739243422135931	51.8026656178859	0.793551879363468	58.2688991935038	0.826284934141991	62.0444456651884	0.892919981784706	77.6149074942069	1.05035007834708	97.0669853457127	1.15695844618895	113.247897719468	1.17107169545034	129.419334386698	1.35736881201884	161.762370409744	1.4973568381206	196.091590961544	1.63077076015742	227.588225387474	1.6942937780848	260.08859220486	1.85119531557726	291.119963393204	1.93260531596279	325.094210408024	
0.00805232142165577	0.021636774472464	0.0230846760172692	0.0807663957694383	0.0218751888596063	0.149844243582751	0.0311770803683711	0.188153537168427	0.0405922745751023	0.337169852074696	0.0456959331737264	0.400543810048475	0.0565753393747329	0.4752716092111	0.0616524388964409	0.533661662193529	0.0641778449319071	0.59993386473166	0.0887065891182459	1.23758620554172	0.112819025954635	1.88874245769722	0.136228190773133	2.54677229940841	0.155178612999974	3.19288150763437	0.19224386073278	3.83479586592477	0.208309238257312	5.1097313911663	0.213957315969461	5.74294790938465	0.23440808977197	6.43995244688988	0.260767402581227	7.69395583865012	0.292280972453503	9.70360777431668	0.340536872657279	11.5005577512373	0.404626644358582	15.9529976298205	0.425971580308808	19.0247683990042	0.521453214579787	25.7648799401567	0.635413417536283	38.6631698919288	0.699418082239611	45.094453061199	0.738726293377737	51.5351748860003	0.792848279502199	57.9675492997037	0.82554231842479	61.7103392953497	0.892175434501645	77.215988526834	1.04959799216795	96.568377614688	1.15600266038791	112.66488981545	1.17011434969573	128.751881606205	1.35639908626907	160.932226759065	1.49617524107735	195.092781075322	1.62946130113346	226.426486212498	1.69285778652565	258.755176759923	1.8494313642618	289.623708066476	1.93101809346166	323.426830154274	
0.00778566849054271	0.0210728659562762	0.0229150636252221	0.0806826931570204	0.0217707032267246	0.148781662783246	0.031018114217197	0.186199316909485	0.040407881392359	0.334827430391644	0.045521347973141	0.397892247492996	0.0564406724613249	0.471341107990776	0.0615672127525188	0.530998079756642	0.0638723603262342	0.596603979231944	0.0885225775303812	1.23142783530958	0.112744340865984	1.87843900371299	0.136045117134796	2.5335081711001	0.154957831079656	3.17698616034711	0.19207239828883	3.81455915866214	0.208053486003702	5.08201523266219	0.213955080483901	5.71300682135546	0.234115400796393	6.40643694298909	0.260627527042623	7.65343585799834	0.291874565920842	9.65448330480673	0.340150965087521	11.4419850146567	0.404007123172992	15.8681485593677	0.425510169841527	18.9254167741083	0.520907954533238	25.6309091941615	0.634796060776509	38.4634533632239	0.699066408231161	44.8618012425298	0.738178546417755	51.2691854460336	0.792225335083569	57.6668215293538	0.824797011234815	61.3781365487632	0.891373539133338	76.8175687483374	1.04882897155831	96.0708576683788	1.15498546134261	112.082105428839	1.16903084669962	128.086351075416	1.35522076235301	160.096226952314	1.49506203644096	194.092168148682	1.6281588868372	225.262511863448	1.69149597838953	257.421165268567	1.84788362480278	288.120836624491	1.92930947129892	321.759271086597	
0.00786855578334562	0.0198401187061514	0.0232951865467988	0.0788676037529679	0.0217751501319602	0.147513608950475	0.0310171529249526	0.184443555661	0.0404890007587887	0.333084052822431	0.0454035560689425	0.395741911081836	0.056372263506034	0.468762159488838	0.0614941062614474	0.527646017139172	0.063489579293614	0.593167864756107	0.0883788806529688	1.22457376714725	0.112646157498811	1.86892344858947	0.135808109322547	2.52071016971825	0.154574494908945	3.16091153347275	0.192014112079464	3.79488101208711	0.207817906863586	5.05493051083368	0.213872075561818	5.68358354865316	0.234048670311431	6.37343087251242	0.260368233664849	7.61338246993429	0.29171616861719	9.60363961390569	0.339712499701835	11.3814835091156	0.403470757609151	15.7839309255905	0.424998520595188	18.8259571157989	0.520436320344351	25.4973705818205	0.634219156414499	38.2639380001857	0.698432187719577	44.6283596623548	0.737502915855635	51.0019182315553	0.791604346875995	57.3669952792134	0.824181413583475	61.0448683692019	0.890588568509779	76.4181580426685	1.04784600796576	95.5731812598844	1.15398701273698	111.498263059834	1.16807202345412	127.42003078312	1.3540796994076	159.260510267613	1.49389876638248	193.091987355696	1.62690037985443	224.091474364329	1.6901385210316	256.089120730396	1.8464167826887	286.618442019643	1.92776287505601	320.094900867265	
0.00825311827053224	0.0191041083347109	0.0234254875574861	0.0787086604664354	0.021877754651854	0.146923688887052	0.0309391945735805	0.184135360663017	0.0405541680770533	0.331699583673363	0.0453221410337924	0.393620765811237	0.0563963543909329	0.466595670452541	0.0613441110298863	0.524658334461713	0.0634190044312558	0.589510619386963	0.0882833781589487	1.21780805820999	0.112443051894733	1.85816387939599	0.135619823877923	2.50726815880664	0.154460033818843	3.14364295111444	0.191978870542138	3.77440355795038	0.207667944548484	5.02887629738503	0.21350236551936	5.65402942513535	0.233936864145527	6.34098173290892	0.259988099439392	7.57438333897463	0.291585676063339	9.55341804645495	0.339299778205487	11.320475364118	0.403394647160484	15.7014790793309	0.424661313151954	18.7260355215144	0.520052189444209	25.364187734686	0.633738970801416	38.0635732709997	0.697799998297387	44.3950708190749	0.736858319630599	50.7358095823048	0.790877543854867	57.0680295710911	0.823554689150642	60.7114549033258	0.889854140407406	76.0180916859383	1.04690746717666	95.0746554852423	1.15300983667406	110.915426519162	1.16711364899551	126.753770095466	1.35290298884492	158.426566821009	1.49258339017123	192.094011934462	1.62560204014102	222.923133975257	1.68868434553883	254.755645680817	1.84486642378597	285.119027646891	1.92618918768708	318.42859349707	
0.00800313344931583	0.0201156210091374	0.0230561854502889	0.0791812338910306	0.0216622763589353	0.146204169472761	0.0309151060446419	0.181730816856807	0.0402749459415006	0.329498461080468	0.0452953895145477	0.390561283987452	0.0563262642732425	0.464912188563563	0.0612020811005565	0.521598416080491	0.0635213977810343	0.586484927108732	0.0882500505884558	1.21002324959386	0.112376730039166	1.84835635465919	0.135439753757807	2.49352742619342	0.154339383138521	3.12687937839824	0.191750520930305	3.7546043394464	0.207380650628543	5.00280112917946	0.213159073058799	5.62405294685001	0.233574813625909	6.30759195754974	0.259762461090959	7.53429269800936	0.291461275566949	9.50366679688205	0.339084535934517	11.2605522098683	0.403221722557623	15.6185569151935	0.424504188826623	18.6260822622639	0.519655946271946	25.2316195604216	0.633339303036792	37.8629328703448	0.697130968379217	44.1618415804369	0.736267530873037	50.4705018704303	0.790113602425131	56.7675551204695	0.822812622561603	60.3786784620605	0.889261987876515	75.6186288262077	1.04613420009696	94.5741255045149	1.15202612427498	110.334288710785	1.16609029334928	126.087032570677	1.35157743880744	157.59399428117	1.491132742138	191.093607624068	1.6239801619737	221.756924452135	1.68738379716502	253.422945491584	1.84317843736812	283.618003948808	1.92445000979684	316.76645845181	
0.00775263428410749	0.0194493634210416	0.0227707647074223	0.0775752918786638	0.0215648824433429	0.144710255374459	0.03096733070175	0.180169963951634	0.0402256488576283	0.326794686255629	0.0453905294592517	0.387310066137724	0.0561444957292354	0.461334483959279	0.0610669409443119	0.517852869693935	0.0635419051694884	0.583773614392164	0.0881260635206591	1.2038861833646	0.112198046961043	1.83893509594186	0.135280742031502	2.48066027411369	0.154051353977229	3.11043035986666	0.191555577320886	3.73498440052951	0.207093866543686	4.97617508369716	0.212908117267803	5.59384689756092	0.233006534437085	6.27420963277079	0.259537296209461	7.49401486121548	0.291243040429748	9.45320867350859	0.338801457052541	11.2014216110919	0.40265620808724	15.534790041521	0.42415028289473	18.5271627710221	0.519194582455235	25.0976953805529	0.632819780046077	37.6648591945835	0.69661336336881	43.9286719464408	0.73561584346477	50.2025454772795	0.789449669277526	56.4674420229897	0.822034536550942	60.0445720922219	0.888517817723803	75.2182122922059	1.04528033606168	94.0723885297881	1.15113231997631	109.754469655111	1.1649686839628	125.420578167937	1.35044334932609	156.761302532048	1.48972619565723	190.093292720638	1.6226083859093	220.590804335976	1.68616207207495	252.088725383981	1.8416327362075	282.11748689018	1.92262543179161	315.103399534601	
0.00792140620773379	0.0188428032433453	0.0228713993731099	0.0762202830805763	0.0215716341216639	0.143131838308439	0.0309114392879603	0.179744858872259	0.0401294068032545	0.32515084378185	0.0452210378859377	0.386018176268942	0.0561084801638746	0.457692256165937	0.0609541482370977	0.515732772161183	0.063292110950172	0.580605371559127	0.0880147864565425	1.19797833889313	0.112189715940088	1.8290220989285	0.135009710054389	2.467043407397	0.154013951911218	3.09336829827947	0.191220341359398	3.71539240128854	0.206814407729992	4.94905590293502	0.212897429747548	5.56429789631703	0.232898287282576	6.24027643071513	0.259220753047539	7.45347765109689	0.290848539098364	9.40326650281696	0.338447041695884	11.1417024164764	0.402230212298888	15.4519107182199	0.423641954343069	18.4263284806579	0.518672984358419	24.9635737603078	0.632102172356806	37.4649340496319	0.696069074799509	43.6963107004011	0.73487104101372	49.9357811769676	0.788666853224977	56.166993649399	0.821300949843143	59.7111250987347	0.887446453871069	74.8178255605252	1.04433269646928	93.5716275810731	1.15025554223343	109.168094088823	1.16408806161563	124.754414337827	1.34930340177335	155.928074341148	1.4884717779429	189.095093781996	1.62152423070858	219.422478848065	1.68468838118906	250.75486290423	1.84016236515501	280.618549354564	1.92101257479371	313.433158258037	
0.0081167345488964	0.0186992686153184	0.0231345274927428	0.0756525183070361	0.0213775412201005	0.142289660806514	0.0308592656265874	0.178522017837955	0.0399849975717491	0.323146579488815	0.0451824036335741	0.383551714066375	0.0561471466691087	0.45528871644183	0.0608598456096049	0.512884555032649	0.0632113707630053	0.57628322011095	0.0879265389537555	1.19142229394052	0.112034915898945	1.81951283023205	0.134841705616981	2.45315389600954	0.153819814294548	3.07705711548239	0.191057263010159	3.69544300702654	0.206573478808147	4.92317305283196	0.212671435002325	5.53459243288802	0.232791335498817	6.20703194167069	0.259027159672526	7.41353415909143	0.290549046994734	9.35365402030108	0.338094239095982	11.0817718116464	0.401895875948517	15.3687529294823	0.423401984284845	18.3249186329699	0.518104827315577	24.8311993011298	0.631510962321222	37.2629562698233	0.695620009103365	43.4621426886525	0.734182807669341	49.669486263211	0.787972642870616	55.8672456303511	0.820580078552335	59.3778531938833	0.886648994086606	74.4182509420909	1.04348763606334	93.0728037832213	1.14936764268289	108.583797234423	1.16306599272541	124.088451673383	1.34819145159918	155.092268249483	1.48720879602479	188.09613488417	1.62016235328768	218.2574167143	1.68300841557134	249.423742238009	1.83837038341651	279.120654900183	1.9194101114198	311.763572632534	
0.00801125111919677	0.0185197089038654	0.0229639776270238	0.0758486053554247	0.0213796557210735	0.141608281960224	0.0307082346755526	0.176796582779366	0.0400000317607721	0.320597578826993	0.0452981989160513	0.380657163641954	0.055986161572114	0.453060323561092	0.0608115260098958	0.509500885656804	0.063177138948134	0.57299338148004	0.0877776537975929	1.18415506782065	0.111893696191163	1.80835069687482	0.134743838224279	2.44047859637107	0.15365117442739	3.06042695471866	0.19099817322075	3.67470571390383	0.206484792934758	4.89598961081523	0.212430224102203	5.50470815553319	0.232535878529767	6.17408920112609	0.258721958744843	7.37326144457147	0.290206376058139	9.30381988302298	0.337874568933311	11.0206528392677	0.401403438524862	15.2863588252196	0.423082463745831	18.2254794637561	0.517544434505333	24.6984895658407	0.630940244359652	37.0629677949397	0.694871196356887	43.2286601302862	0.733557584027838	49.4029194032755	0.787192331281265	55.5667637291493	0.819795423050422	59.0457771071609	0.885943584133085	74.0190414020886	1.04247977014491	92.5740395900115	1.14831365380555	108.000565812998	1.16195166972738	123.42189296252	1.34720618669147	154.258354605201	1.48578135675973	187.100111514959	1.61874048199887	217.092026755005	1.68164246255498	248.09025228727	1.83666477562461	277.627588421798	1.91779648675016	310.096460599673	
0.00776531890288296	0.0176586975865504	0.0224590520100718	0.0751354305758716	0.0214368439404355	0.140434015216646	0.0306291458993884	0.176423951903812	0.040021582565205	0.318820790062003	0.0451307785255687	0.379117076318825	0.0558044441373415	0.451245263260869	0.0609169008462956	0.506218905059744	0.0629136547409558	0.570300811629395	0.0875706888655104	1.17788272699386	0.111819637355825	1.7986059199935	0.134472525741536	2.42739304915797	0.153509368961369	3.0437537202879	0.190980140464094	3.65494444679296	0.206464736844887	4.86917683516559	0.212188570468789	5.47470373757194	0.232370557835175	6.14018347308507	0.258530542249043	7.33428652799759	0.289749391296804	9.25343440280689	0.337564027662296	10.9610239829376	0.40103434082415	15.2029328155932	0.422532115898556	18.1264705655514	0.517058234058814	24.5650943771693	0.630370552625338	36.8640857312221	0.694172839332331	42.9953899134569	0.732958373372602	49.1354286713898	0.786680785062721	55.2661849704043	0.819149900997687	58.7161671624989	0.885155073878375	73.6186472198276	1.04147656122353	92.0741801615059	1.1472446672063	107.41724498461	1.16079405930417	122.756198518964	1.34598459498367	153.42757020462	1.48441488318023	186.09924526859	1.61737116593575	215.924043993785	1.68020499201483	246.757984231691	1.83521120936252	276.128859502429	1.91598547192741	308.429646590021	
0.00774643829723227	0.0177446029950314	0.0226046940827524	0.0739062303549154	0.0214446365652753	0.139814816701174	0.0304909819890257	0.175631105392168	0.04007405127685	0.31709312856049	0.0449154219579675	0.377180303805413	0.0557539269917884	0.449373421390121	0.06089763754474	0.503310559420342	0.062759859582314	0.566658874874344	0.0875747845981125	1.17103145279912	0.111596937394116	1.78824856571783	0.13446416062836	2.41327350110551	0.153193160132582	3.02715801845779	0.19078755920678	3.63443835448842	0.206316660341588	4.84245439780139	0.211917822644034	5.44460292772879	0.232031042408627	6.10654270630395	0.258294701282152	7.29390391741905	0.289585676761148	9.20346708640694	0.337221499066728	10.9006714890014	0.400766476283935	15.1189880593174	0.421997935424136	18.0272232487789	0.516717307882404	24.4318742771336	0.629805470576894	36.6645815440542	0.693654691899284	42.7608232956652	0.732391910859705	48.8678746095721	0.786233474953367	54.9667126228254	0.81830801587476	58.3834056223941	0.884300788556302	73.2188937874675	1.04067572530462	91.5742164248769	1.14625485954542	106.833395165025	1.15978112484907	122.089840973768	1.34475950536797	152.595385094954	1.48334191088754	185.09648657484	1.6160483848662	214.759101069304	1.67864629168632	245.423838629891	1.83370055179829	274.623514467804	1.91432479966425	306.764620719627	
0.00773949471425841	0.0166945932306967	0.0230590412440213	0.0733606645270017	0.0212036666259173	0.139353244523969	0.0303165503591668	0.173717572286272	0.0399264383015004	0.31529398805477	0.0448324905433982	0.374306795449413	0.0557685640532238	0.446248223120286	0.0606821991662729	0.499918158895775	0.0628359334533878	0.563074505493202	0.0874978961166543	1.16457203255904	0.111612280779333	1.7780601300661	0.134370632124936	2.40041030714653	0.153071414307132	3.00997721324798	0.190565647071223	3.61392900255503	0.205987794245274	4.81600716624493	0.211696860247969	5.41459618146121	0.231687812681376	6.07366515833647	0.25786767165002	7.25319534395487	0.289311695492114	9.15340477510889	0.33699076781864	10.8410240062207	0.400487384658784	15.0359010510921	0.421657560023129	17.9271489175995	0.516350066709281	24.2980506800983	0.629175857617828	36.4646452232322	0.693055919701946	42.5276015076074	0.731833665967607	48.6022725997781	0.785509508077242	54.666670305858	0.817442185473406	58.0468070334642	0.88357834867388	72.8194532794777	1.03984399115269	91.0740068190999	1.14528240231938	106.248844990896	1.15878511886401	121.422455248497	1.34363236822712	151.761382043709	1.48210412037786	184.095724636595	1.6146045024202	213.595543952748	1.67726439867079	244.09058709772	1.83197762135991	273.121775514017	1.9128333351393	305.09917761674	
0.00769173812287197	0.0167757874568463	0.022856056525602	0.072760921921266	0.0210366893732684	0.137929252375018	0.0302362628107771	0.171690243208694	0.0397254394363933	0.313025606512884	0.0447976867596756	0.372189171742132	0.0556552769737942	0.442250637573946	0.0603855131928103	0.497277684899173	0.0629808295279554	0.560210339466335	0.0873275607680022	1.15807547583305	0.111432410099031	1.7691462092972	0.134174805537306	2.38734641318226	0.153038764992689	2.99313610793111	0.190297891452017	3.59483339822275	0.205637789940803	4.7894844975635	0.211302647678947	5.38450375352084	0.231532414518708	6.04057852846093	0.257643586313998	7.21349073617845	0.289124853940952	9.10278646426021	0.336606955785798	10.781959531344	0.399923009105691	14.9521136883239	0.421463211421248	17.8265455952228	0.515985986788408	24.1644468751801	0.628740300202651	36.2636509200157	0.692528668139598	42.295400449043	0.730977161574342	48.3361229723362	0.784953026565902	54.3675183332295	0.81672501958917	57.7128608511007	0.882780615322141	72.4203405970185	1.03891689342223	90.5724635594594	1.14451527482961	105.666455485039	1.15772587990022	120.755300491214	1.34255933112001	150.927528004068	1.48078121164707	183.095767361016	1.61313933923586	212.431062964242	1.67574457415644	242.758766076955	1.83038590727023	271.622092920377	1.91113026829245	303.430635072471	
0.00783247951157719	0.0168049549505468	0.0222244090964989	0.0727944931881033	0.0212915218032596	0.13619012396485	0.03021756539537	0.169944246294864	0.0397743523788129	0.310475849151507	0.0448310830123095	0.370192212510194	0.0555220208016302	0.440128881122936	0.0603448486106633	0.494650889702236	0.0628913197512889	0.557182086051146	0.0872564391319842	1.15079102024637	0.111154235360872	1.75874485003197	0.133993389941284	2.37341801907916	0.15294216195188	2.97691223662126	0.190089294967942	3.5753180002599	0.205161120151735	4.76314529942056	0.210964607537206	5.35430003253808	0.231542610609216	6.00682972826628	0.257366505030069	7.17396494232785	0.288911766069383	9.0531516300036	0.336268992917673	10.7214244981918	0.399512557708151	14.8684045566483	0.420967137765027	17.7259441354911	0.515414978195908	24.031029334768	0.628139823111613	36.0633942242433	0.691856899306503	42.0622755185284	0.730263718436661	48.0695412112402	0.783927955847968	54.068086963842	0.816017133929869	57.379335626521	0.881976719039291	72.0214663331271	1.03799323474007	90.0729096047438	1.14369090803308	105.083477383342	1.15667025283821	120.08840650424	1.34135826860816	150.096087952426	1.47954282780923	182.096391230696	1.61176427835017	211.261411273048	1.6743380696496	241.426065887722	1.82876109497153	270.121426850145	1.90930289448596	301.763701853536	
0.00765965209522287	0.017039180747948	0.0219200354764394	0.0719971719627389	0.0213076819176195	0.136024290346784	0.0301783038041164	0.169203699364067	0.0397274371582503	0.308964545515333	0.0447214695551557	0.368111929015615	0.0553931886561804	0.43696785603951	0.0605791172606231	0.49163951650791	0.062781362688492	0.553990385531875	0.0870924247860767	1.14474906533053	0.111061779339421	1.74879925673004	0.133740250402552	2.36050197256659	0.152839171796065	2.96089488608252	0.189981702338192	3.55530318059013	0.204932991630069	4.73658770614424	0.21079801245572	5.3240432261711	0.231323001008673	5.97466371071201	0.257035608734954	7.13371364822609	0.288769828370147	9.0036946783503	0.336016977578479	10.660886671072	0.399257076251196	14.7856844894999	0.4205148326756	17.6264882024718	0.514681151238664	23.897799921507	0.627414504461396	35.8632716389152	0.691206377925704	41.8281335838106	0.729651171841659	47.803533144823	0.783052148432277	53.7675938867698	0.81522888291745	57.0468348567248	0.881239198995432	71.6273082865295	1.03713180640969	89.574056004571	1.142741977715	104.500126752633	1.15558329216733	119.421072933032	1.3403585367218	149.261324941996	1.4783428305036	181.095137554155	1.61027261438773	210.093637128075	1.67289178158594	240.095571070241	1.82723759000442	268.621774058826	1.90761622711793	300.099421041166	
0.00746875128178319	0.0161084366561709	0.0226082018735903	0.0706606368201564	0.0209123601739328	0.135213501324515	0.0301802209898498	0.168221736171097	0.0396976093321029	0.307109554761619	0.0445387519323239	0.364930065590572	0.0554027814591699	0.434263033476825	0.0605560046660687	0.488570575939675	0.0627607775433411	0.550658055310518	0.0867799732647097	1.13832876063672	0.110909544018046	1.73865389474535	0.133644752370158	2.34687043752005	0.152510705790098	2.94408917102181	0.189700007410252	3.53462898456886	0.204960696072789	4.70965432422692	0.210656343169447	5.29463951124194	0.230967558714594	5.94113004602189	0.256676244350472	7.09392615274446	0.288345569585675	8.95346752296438	0.335729518861049	10.600079691741	0.398913017035731	14.7019846710496	0.420128243793948	17.5269801153909	0.51418121877835	23.7653006651098	0.626814297343309	35.664862687043	0.690597703490541	41.5961634932337	0.728888822874537	47.5371562746837	0.782389552704637	53.4677490101788	0.814388272498647	56.712694959275	0.88047786493433	71.2302743159582	1.03625273308461	89.0743008841889	1.14169850539623	103.916321636529	1.15460266265562	118.754536573909	1.33898105581729	148.425101617838	1.47708552460079	180.093988185737	1.60900601013141	208.926265314435	1.67140447536351	238.765985223549	1.82569373167508	267.121018581631	1.90582781853256	298.433918333637	
0.00763186330163191	0.0152574952637156	0.0229568197494592	0.0701203315093479	0.0208435667046516	0.134205955865789	0.0303195962380224	0.165996151809865	0.0397413014285853	0.304472311290045	0.0445651183584202	0.362745532180249	0.0553902513520895	0.43223484583629	0.06018882904626	0.485968169751503	0.062784758750456	0.547314607426453	0.0865641916560422	1.13154745204708	0.110758276049791	1.72792994863865	0.133677496443798	2.33320537486241	0.152339146386732	2.92709579447123	0.189479442217434	3.51429262579548	0.204809221956301	4.68280196736973	0.21039693916218	5.2647873645144	0.230710396843153	5.90704643537757	0.256358046801675	7.05401665401135	0.287956264693754	8.90385690309356	0.335504930148107	10.5403977500266	0.398534104641518	14.6189349157255	0.419733078042543	17.4268387289892	0.513871653405425	23.6322482031296	0.626246522573539	35.4650008720235	0.690011478196107	41.3625281979724	0.728520175832305	47.2695984875759	0.781812640345011	53.1682692120197	0.813872155607959	56.3782421374551	0.879679421501521	70.8246200240456	1.03540868797162	88.5744191039426	1.14071966978633	103.331890671684	1.15363873139101	118.089274264008	1.33764850873583	147.594287414937	1.47583838135398	179.095804148256	1.60777425154795	207.76059223309	1.67001270754634	237.431437290416	1.82417826612893	265.622826104039	1.90416654671885	296.765793021862	
0.00783669982184591	0.0155291140245095	0.0223420308218752	0.0698254078574227	0.0209334887734623	0.133111288094729	0.03025373519358	0.165222935830932	0.0395627035431847	0.303294071873798	0.044626075801779	0.360258813712647	0.0550473332627991	0.430346967755722	0.0599651676569625	0.48295135414114	0.0626571483576189	0.543304740064244	0.0864609441495944	1.12492481753354	0.110557095236276	1.71838610459327	0.133461368941932	2.32078805156486	0.152272121481581	2.91067634543	0.189362021785818	3.49478514407414	0.204629604261067	4.65544203973349	0.210171756597185	5.23378130917172	0.230501837524686	5.87351696163882	0.256204683200496	7.01422683022339	0.287742543688725	8.85373219318598	0.335235012955441	10.4815269902362	0.398139046201738	14.5359103061097	0.419330427772546	17.3265092154364	0.513336826470941	23.4985382274429	0.625707062093945	35.2639395135848	0.689400294323904	41.128367636804	0.727841531297867	47.0029124183565	0.78113765529425	52.8672620449107	0.8132688178812	56.0451564971097	0.878996428892796	70.4217895020451	1.03459391892854	88.0750886666343	1.13977837629591	102.749478814086	1.152541684322	117.422760256626	1.33662256269753	146.762459933122	1.47460369062925	178.095876674998	1.6063576030172	206.592996902043	1.66862066081552	236.095131020345	1.82274705278448	264.127941684076	1.90243326091075	295.099306837741	
0.00758839449501495	0.0156618402180139	0.0219766355066599	0.0698835864117423	0.0210310196414993	0.130961941213758	0.0301219660641733	0.164146909062394	0.0393707514728303	0.301507213183947	0.0444598738780865	0.35790274233376	0.054813434921255	0.427381520403676	0.0600514612071596	0.479488347727238	0.0625954164002189	0.539894178750334	0.0867154517575605	1.11733896269297	0.110465753568481	1.70866565851306	0.133170888874307	2.30838446527462	0.152212647684586	2.89377912793068	0.189092967326685	3.4750355184949	0.204640191370261	4.6291517360234	0.209885965648534	5.20404511209922	0.230345288197836	5.84057328977169	0.256021593159271	6.97384189133853	0.287328916612126	8.80405358677045	0.334838781983419	10.4215963854063	0.39778675468841	14.4526789428922	0.41896891984445	17.2263026364577	0.512977770936418	23.3647127677625	0.625182692599495	35.0643086665528	0.688767778807844	40.8960659954063	0.727039352076835	46.7369341542602	0.78048033125694	52.5669962105359	0.81259109953259	55.7123651546839	0.878173803645987	70.0214847267471	1.03370023842292	87.5736124622159	1.13856197108832	102.166962648364	1.15144922943	116.755799214429	1.33556454864431	145.928441980716	1.47321617201169	177.096277027271	1.60487812633618	205.426131727859	1.66704642755146	234.761700674248	1.82130383789927	262.621195940365	1.90084269722584	293.433506107002	
0.00741112147655178	0.014877351962282	0.0223001509248823	0.0679830772693565	0.0209175789389511	0.13077432337963	0.0300241293934625	0.162533072636391	0.0394892377449544	0.298987607389491	0.044349150770455	0.355550279829679	0.0548547270314721	0.423733035287083	0.0601379736647288	0.476110004352114	0.0625143552007107	0.536508413898796	0.0867629229748003	1.11101656328016	0.110453169176946	1.69808536890668	0.132998368977593	2.29417481176735	0.151927573892139	2.8773349988424	0.1889509378805	3.45378087570657	0.204490755933446	4.60237621327497	0.209666556264879	5.17442439902048	0.230133776607172	5.80700796011553	0.255634938066335	6.93411306917631	0.286925989416212	8.75424180123307	0.334251992406252	10.3618604269852	0.397482741924659	14.3686922771025	0.41852853858275	17.1258427377506	0.51254329415512	23.2324929081244	0.624580750311032	34.8650615244033	0.688217414479226	40.6630714500459	0.726327676892084	46.4708627579109	0.780041821907288	52.2659182629147	0.811773416229632	55.3786015115365	0.877310099145647	69.6226998698186	1.03282023995692	87.0740138040189	1.13757794475786	101.584416680321	1.15054290180555	116.087482166629	1.33450372266047	145.095258493298	1.47181037260296	176.097586350333	1.60342624470237	204.260711966243	1.66541304136886	233.428627956003	1.81941567446774	261.116506556802	1.89924103184985	291.769582922484	
0.0076875126776011	0.0135555051584354	0.0225303357980991	0.0671559464470628	0.0206611559125922	0.130229521527229	0.0300808516270282	0.161471190328783	0.0396266397199455	0.298304860663236	0.0443817059631331	0.352868973160885	0.0548490439585016	0.421446609371171	0.0600508823319773	0.473908416097954	0.0622811051906468	0.533880862002303	0.0863817762561452	1.10487972988154	0.110188372512165	1.688053744686	0.132915747542113	2.28138030284499	0.151811359578552	2.86168249390493	0.188841241983856	3.43433509410287	0.204154846142619	4.57588008728566	0.209392609795271	5.14447772305611	0.229898379558089	5.77355485482428	0.255343775633242	6.89442708785049	0.286599728034177	8.70402116510486	0.334008840728868	10.3013617154117	0.397218778313459	14.2843917556201	0.418189966152403	17.0259285940464	0.511942013571271	23.0993882920825	0.623980981045526	34.6645477836124	0.687569544469029	40.4297006503833	0.725850127544794	46.2032081132599	0.77934802755726	51.9665576740394	0.810989938201764	55.0461193681908	0.876601482732898	69.2214488708296	1.03179874279379	86.5751378521054	1.13664218646676	101.001222511797	1.14958902415652	115.421728118432	1.33343560283761	144.262253819805	1.4705163650469	175.09965563258	1.60209053076946	203.093220943319	1.66392490734619	232.093677691537	1.81750428368232	259.621264508986	1.89750634778895	290.107984319002	
0.00768817420257575	0.0137614656808375	0.0220164361517899	0.0675073315273922	0.020651730767316	0.128984030437949	0.0299680599224409	0.159341066526915	0.0395254969472199	0.295645993046659	0.0441986511374989	0.350785400933622	0.0548268326862958	0.418459392354977	0.0598276076394542	0.471572106219008	0.0622591889527032	0.530217039167788	0.0862066662698442	1.09838107767987	0.110119101155087	1.67818265718651	0.13276480390695	2.26741302602624	0.151592498720598	2.84476641712437	0.188538676096591	3.41546044604092	0.203969040044601	4.54901329492926	0.209192362618111	5.11422883293063	0.229605181166524	5.74058603724883	0.255178637215948	6.85415111370168	0.286416560597149	8.65304150111439	0.333828438132468	10.2409235398027	0.396843152006557	14.2025871785191	0.417755656179671	16.9261466981415	0.511524132888447	22.964916494566	0.62335759285739	34.4637546460625	0.686803859131868	40.1966874785723	0.725313099426647	45.9346221460785	0.778522970050828	51.6678825385466	0.810301151931249	54.7125941436111	0.875863644025384	68.8213825140994	1.03075319990037	86.0757031066737	1.13564735944868	100.417544055557	1.14865279671759	114.756823436382	1.33221511582973	143.429517367201	1.46924915953434	174.106552890825	1.60070866830693	201.927920390987	1.66245876835135	230.761603351044	1.81607578812924	258.121939543198	1.89577047654788	288.440067623474	
0.00736734805960506	0.013780326781067	0.0216802495922356	0.0665162588359225	0.0207768753999624	0.128092922123392	0.029744116208522	0.159147496959741	0.0393618702876144	0.292548385206786	0.0440340030614972	0.348807009944633	0.0548059767067182	0.415561669613187	0.0596160453149581	0.468072690914934	0.0621131120193233	0.526699899631807	0.0862403155744692	1.09157986207113	0.110128994021488	1.66792972744955	0.132564729071013	2.25363061672978	0.151303644372579	2.82747431887217	0.188413387528793	3.39505353958586	0.203878262732115	4.52228061301723	0.208859269656077	5.08457552356333	0.22937802861563	5.70654247347331	0.255036183872493	6.81439807715367	0.286034541814276	8.60332936708776	0.333339125645277	10.1818497517007	0.396390058051962	14.1201148431638	0.417135766260206	16.8267950732456	0.510906065395592	22.8314244483515	0.622679021169762	34.2645522073945	0.686285616331389	39.9630745350518	0.724612838374238	45.6680962643344	0.777760871079829	51.3671733946473	0.809550513315335	54.3791359742536	0.874858665835467	68.421070288221	1.02995434403437	85.5764024716863	1.13461285169179	99.8350427909961	1.14763442839106	114.090234923198	1.33121839581148	142.596467990226	1.46815844166412	173.103898505198	1.59926651369133	200.760727391272	1.66099270833267	229.428739249046	1.81451035699878	256.623180821508	1.89420809650606	286.769826346911	
0.00725756167130808	0.0134293546113125	0.0220033213065548	0.064505315214114	0.0208364323197021	0.125969019264989	0.0295941918738898	0.157724581652466	0.0392276329787562	0.291143048612271	0.0437112872099046	0.347259326522116	0.0547873370478633	0.413238107211376	0.0595077547957063	0.464131712316144	0.0619454195982488	0.52333264481556	0.0861693834887887	1.0846736398471	0.109900747859209	1.6584646965733	0.132487098959932	2.24094507254348	0.151247157236868	2.81026906644593	0.188353580996439	3.37466246561383	0.203636242436998	4.49594281185808	0.208566470589436	5.05443466685138	0.229091923232108	5.67312941505087	0.254715923569335	6.7746524911859	0.285729870686915	8.55321117643789	0.333063716894485	10.1210511542724	0.396092936347686	14.0354296854764	0.416840588674365	16.7272162056523	0.510305219628792	22.6985191353311	0.622159525242702	34.0639341584802	0.685798850935981	39.7284632137787	0.724042053284759	45.4028407065216	0.777095513340464	51.0676637941672	0.808773713315634	54.0458119153404	0.87392672898479	68.020214169985	1.02911966296535	85.0761034589464	1.13371307134063	99.2513196312749	1.14647372414335	113.423646410014	1.32996037040941	141.761675177475	1.46690173803016	172.101273921892	1.59795811589199	199.592923443978	1.65958483064308	228.096128466775	1.81286991341687	255.124213483571	1.89236112982041	285.103280558147	
0.00722753263618968	0.0135864534426774	0.0223312634825193	0.0638119637801392	0.0205587834499135	0.126225132960843	0.0294634172951333	0.155797995479229	0.0391954903270603	0.28969894571743	0.0435885447557749	0.344592280729569	0.0546116075719729	0.410660613900891	0.0595384027183282	0.460059475448228	0.0619978435161902	0.519779183700895	0.0859620231229619	1.07780816298377	0.109696201435075	1.64847090733042	0.13237592907068	2.22714426962704	0.151035520229047	2.79387406462112	0.188120722118595	3.35448117204176	0.203548199569088	4.46915052530411	0.208450074100438	5.02468775956978	0.228971133877874	5.63956268841091	0.254357769394887	6.7341315792116	0.285370353609198	8.50358193011647	0.332887575724606	10.0611997118575	0.395771901478144	13.9511338206066	0.416592990487605	16.627054330155	0.509896885046035	22.5663570176899	0.621678310049601	33.8624965457393	0.685190114902562	39.4948353690977	0.723391552422198	45.1366612767588	0.776295334932151	50.7680349844033	0.807815203378304	53.7128715613098	0.87338941597813	67.6203266271805	1.02826467709382	84.5764898995889	1.13277048140844	98.6682297708743	1.14528483226534	112.756990841607	1.32861747738767	140.929728486377	1.46550576696754	171.099796727944	1.59661385440853	198.429053403053	1.65825399327254	226.766184992232	1.81119320925608	253.624054052796	1.89066477093502	283.435870502076	
0.00708026255071058	0.0129058876846129	0.0220988008020078	0.0646797999453721	0.0204188071290641	0.125366497243576	0.0295725545030304	0.153545824770138	0.039248899657046	0.287660047867795	0.0438016264661234	0.341992784924304	0.0544978535797876	0.409058419006518	0.059649967339941	0.458544271898958	0.061940607984191	0.51687910354895	0.0857579349415474	1.07005315668861	0.109581745883424	1.6379681503247	0.132091266454237	2.21340959061026	0.150817051300737	2.77758616488731	0.187766609508667	3.33493550609667	0.203183553662987	4.44352472021943	0.208414881073388	4.99463025622429	0.228753601467192	5.60708840309909	0.254140111104327	6.69382114612916	0.28522080655631	8.45291146520608	0.332442947594074	10.0009347622392	0.395370079476951	13.8675327223445	0.415970188109984	16.52726870896	0.509588316525873	22.4324309751762	0.621101707698038	33.6645085516509	0.684658255386025	39.2609653805588	0.722637070636652	44.8711933774091	0.775570580136751	50.4690506498303	0.807057865872597	53.3804639237666	0.872699418260745	67.2216088254742	1.02739007761247	84.0797448136249	1.13185520909992	98.084812084943	1.14433062056836	112.090029799411	1.32751514720528	140.097766894118	1.46421841793718	170.098945382736	1.59506385761527	197.26253095556	1.6566461864524	225.436524639738	1.809539308028	252.123238970958	1.88908466643921	281.770069771337	
0.007162708096388	0.0115431381774862	0.0216084697334315	0.0635402940876444	0.0205577456524317	0.122960687420801	0.0297124479012477	0.152959950138956	0.0389739281883286	0.286153255325128	0.0438518854112286	0.339625421259736	0.0545625268663517	0.40579305669586	0.0595667474598449	0.456281682019058	0.0617765412077295	0.51363519076032	0.0856257133872802	1.0644064317716	0.109562269012147	1.62810055528469	0.131764480661878	2.20026537007774	0.150648529502	2.75977531998569	0.187503765478097	3.31447248745916	0.202882262971708	4.4164455863261	0.20815374208201	4.96393805657435	0.228421077441394	5.57401946835162	0.253983181934662	6.65330721907383	0.284959078971996	8.40309409173352	0.332185938974704	9.9403075281565	0.395192412995714	13.7842808700313	0.415566425931052	16.426689600969	0.509076190823674	22.2990823526313	0.620414934911853	33.4654625751679	0.684003149782296	39.0294646765371	0.722178348600988	44.6039857675727	0.774991577697179	50.1677342836413	0.806458041196464	53.0463538286378	0.871749851447492	66.821974602398	1.02646964002878	83.5775384523428	1.13076712534706	97.5014689048142	1.14346409762428	111.423843617559	1.3262993998959	139.263108191811	1.46290772778025	169.099584153576	1.59354400229724	196.094727008266	1.65504637978635	224.099622323248	1.80791451361069	250.6223940868	1.88723260216525	280.104477656845	
0.00721064068218425	0.0119757365833531	0.0219381415955206	0.0614662388124881	0.0204008132260007	0.12340658718605	0.0296719122912691	0.151317169954939	0.0389066638110224	0.283497210779971	0.0437380188774422	0.336874905685404	0.0545013931323664	0.403221471462677	0.0593922940705092	0.4523120070448	0.0617344163845427	0.509694648718966	0.0855777313046972	1.057647591338	0.109489365729849	1.61816893182072	0.131791228665399	2.187443852802	0.150674037021687	2.74344248393978	0.187400211185276	3.29500156014714	0.202811529839837	4.38935993317506	0.207637578944979	4.93462840522076	0.228185457861513	5.54051793428879	0.253762010453779	6.61402263775861	0.284714330838899	8.35401246305996	0.331891701460004	9.88135015537079	0.394893912186053	13.7020180822454	0.415244295372159	16.3260657894967	0.508456528176061	22.1656256966729	0.619738716682197	33.2654629244139	0.6833268029283	38.7966452198125	0.721576575368024	44.3371097085572	0.774460646974174	49.8677329448651	0.805707226243351	52.7123852945337	0.870764870965193	66.4217741352234	1.0254655678063	83.0772170878621	1.12978847227638	96.9152125478103	1.14229243101135	110.757739392091	1.32521135612616	138.429254152171	1.46138805947742	168.09816656427	1.59216494878509	194.928621793267	1.65369147332678	222.764806169226	1.80630617231637	249.125274492764	1.88548794942539	278.442521425511	
0.00709228908449049	0.013148598157684	0.0225079419684816	0.0614468301964741	0.0201844531168486	0.122410283081304	0.0297609458492377	0.150012663576252	0.0388511342029584	0.281727785283736	0.0436063252200897	0.335044158421309	0.0544141736088838	0.400028053817491	0.0591944877268095	0.449950726080509	0.0617456720174282	0.50627768456266	0.0855037657587743	1.05151739361241	0.10929165649982	1.60801530434856	0.131893107561329	2.17364654234505	0.150444387714269	2.72754527400746	0.187259570140235	3.27577906312009	0.2025622585931	4.36277207191651	0.207465116432306	4.90392875499058	0.227849697844825	5.50797659375478	0.253412520646841	6.57326004758767	0.284366627879109	8.30447634899158	0.331530448594921	9.82179394219805	0.394414560697348	13.6183676238892	0.41492435379967	16.2262894815269	0.507917352084468	22.0322062936157	0.619252432474927	33.069240717843	0.6828679474981	38.562603867928	0.720689087432588	44.0715673034051	0.773642503065222	49.5681339374221	0.805009916374736	52.3776940541459	0.870028408420665	66.0215885692092	1.02463580178636	82.5777897930106	1.12882852594889	96.3328826465945	1.14111596211503	110.094183265065	1.32399301768528	137.597769397047	1.46001975051723	167.097464230666	1.59086601574352	193.761667212121	1.65216407605975	221.43140562545	1.8049840638018	247.626187945543	1.88392731439103	276.782114914868	
0.00692960457262965	0.0119981965539466	0.0218454768279232	0.062703053322726	0.0202839918719774	0.120645696096653	0.0296768937742097	0.149250812642572	0.0385787295844105	0.279563595449936	0.0435576488714454	0.332954241559307	0.0543623782725712	0.397295699032501	0.0590110451421106	0.44719727101944	0.0617583006933683	0.502772710427233	0.0853127458317301	1.04495657563183	0.109232380399317	1.59823606853362	0.131723655481927	2.16059103028355	0.150074070190451	2.71088717356782	0.186989234652719	3.25519730085996	0.202212453117267	4.33653485359064	0.20746718023153	4.87419581754693	0.227560643728133	5.47449228915876	0.25317797132541	6.53360340292156	0.284029218853956	8.25431904279543	0.331082641051346	9.76149080835594	0.394022934096862	13.5351306727365	0.414627070059835	16.1273085229981	0.507427502110732	21.8989265889381	0.618747867214561	32.8693826281136	0.682184031747686	38.3304400622647	0.719858137552948	43.8045310569143	0.772785124465688	49.2675253763562	0.804257920222288	52.0441688295662	0.869344639199501	65.6219766978737	1.02378815818263	82.0775131320115	1.12767022930964	95.751357408045	1.14018972123646	109.429457396942	1.32275118735418	136.764734921233	1.45879856065203	166.098952367655	1.58942957167782	192.596485869072	1.65065850517551	220.098019982835	1.80334689583855	246.126296735656	1.88241053127393	275.110651743145	
0.00700453410764159	0.0107622406066664	0.0211979711341118	0.062157698497573	0.0204088823299579	0.120022597668085	0.0295639726361551	0.148415023431129	0.0385307895161128	0.27693208543269	0.0434426265459681	0.330392959081617	0.0542923491856144	0.395001909847834	0.0588326802095929	0.443689502916422	0.0616655722309506	0.500098999857828	0.0850228701255129	1.03787805873968	0.108959309818196	1.5890890843015	0.131411226711033	2.14712201101856	0.149913221657378	2.69365072183681	0.186737264372028	3.23513614789431	0.201988012213912	4.30948086540563	0.207077178797609	4.8451930369671	0.227324114234453	5.44099494604732	0.253019776159488	6.4943807545546	0.28370457078747	8.20388140851764	0.330736196346205	9.70164588519878	0.393564418005508	13.4523100227548	0.414147088711869	16.0272192906582	0.506800940953064	21.7662429306799	0.618073674727929	32.6673154413421	0.681386153225847	38.0964881173431	0.719315028591043	43.5376363714481	0.77209365414384	48.9676618733145	0.803483194283784	51.7128415261582	0.868538153758399	65.2217091754769	1.02277843663598	81.5768415902594	1.12672751048241	95.1695564980265	1.13924761534764	108.759672584833	1.32156184247523	135.934352851986	1.45755159472904	165.098995092076	1.58794813742659	191.431006502814	1.64907707194975	218.763829677553	1.80155338866352	244.625466752659	1.88061943417566	273.440201850334	
0.00689879700468018	0.0108456767371494	0.0217125336190722	0.0597254005523616	0.0201349679880342	0.119313220938226	0.0294354748267777	0.146458111067997	0.0385869288348787	0.274878140903424	0.0432245521870022	0.328349259100185	0.0542418600379464	0.39285008914139	0.058882373402427	0.440158451750144	0.061590623735162	0.496977090320678	0.0849932965213305	1.03120711186988	0.108752564430865	1.57834755948204	0.131382162025171	2.1330881446389	0.149816893115169	2.67695560132658	0.186713602454334	3.21482307218419	0.201749916410272	4.28255167443969	0.206943855337422	4.81418558464063	0.227083537090617	5.40704684283117	0.252859878885143	6.45398929641202	0.28347331444224	8.15403237007905	0.33037520643132	9.64173390681943	0.393228481843766	13.3692341903999	0.413576375953947	15.9272231905713	0.506259921285146	21.6330693967708	0.61746378205295	32.4657176411259	0.680671870730743	37.8633110327668	0.718745088790309	43.2707491365622	0.771399376361724	48.6685881317786	0.802813534224145	51.3790480806898	0.867745207788879	64.8201974061794	1.02188996337317	81.0755889032484	1.12570171445078	94.5863399777618	1.13823873860098	108.093665216908	1.32041656040572	135.104447619874	1.45634105925815	164.09853117704	1.5867525214409	190.263157852038	1.64756954051506	217.431859645184	1.80000030276679	243.126037478747	1.8787588757334	271.773149422114	
0.00682833600314268	0.0105972964743767	0.0220268625921754	0.0587398721403305	0.0198388594694927	0.117719407946626	0.029313266841211	0.145267589835881	0.0384772691666619	0.273259968006888	0.043227953589514	0.326167548761283	0.0540762156301435	0.389466332454058	0.0588305531503247	0.43767525484586	0.0614843619886386	0.493212015264813	0.0850119361016159	1.02443651348933	0.108680622354957	1.56789881918308	0.131164036286316	2.12018956042377	0.149712419586589	2.65985582117691	0.18665746081602	3.19416284600087	0.201469219353734	4.25644623825188	0.206793675258735	4.78348779705551	0.226861842066742	5.37299769112048	0.252576258619511	6.41391495359103	0.283236379343044	8.10412745228864	0.330142495223449	9.58142239107455	0.392865190526046	13.2868615065553	0.413245031052457	15.8277933345829	0.505858452671455	21.4981859546958	0.617043873188283	32.2651256692426	0.680187668416556	37.6303537403077	0.71803774972415	43.0045175527376	0.770852696505369	48.3691902900022	0.802267895021856	51.0465063327022	0.866778992778385	64.4210623719795	1.02106644820119	80.5750440213605	1.12478750437388	94.0013949228807	1.13721325673948	107.425452477231	1.31921098443109	134.268119987593	1.4548819962947	163.100421645362	1.58537070666209	189.09738046257	1.64604441251445	216.098503804889	1.7985099034593	241.627293658217	1.87696245454916	270.105918179969	
0.00681791463556548	0.0102190813016193	0.021754645983278	0.0592430591551333	0.0199767446291892	0.116752287706484	0.029189889812979	0.144398811434181	0.0384033122645713	0.271590805201815	0.0432928127855261	0.323316828703448	0.0538072878192197	0.386640117820304	0.0588729321780171	0.434526278747671	0.0612763847874916	0.490241154600559	0.0850151545283508	1.01726335094503	0.108581023208665	1.5588986346648	0.130858137812542	2.10735593595513	0.149494157053913	2.64377770184306	0.18629794360148	3.17409354396308	0.201353286637184	4.22888281664275	0.206494175719053	4.75441330464084	0.226579483897442	5.34076601532782	0.252067268665768	6.37426436252137	0.282922186740365	8.05372707091206	0.329949035004305	9.52195744750979	0.392375557023633	13.203713031043	0.413144395609089	15.7268379722897	0.505413720419142	21.3662026509805	0.616518448409311	32.0646789836739	0.679532042741929	37.3972325350832	0.717232230305965	42.7378352088083	0.770120584782572	48.0687419164115	0.801521841504895	50.7126719090424	0.865998080608323	64.0219943930018	1.02014822413552	80.0757135840521	1.12393183824115	93.4176345102582	1.13600501859653	106.756718196936	1.31801393093698	133.43296954699	1.45333692200673	162.102952863584	1.58393548676752	187.933599828608	1.64455064270962	214.765341679681	1.79678663029421	240.128981971342	1.8753886628721	268.440653891007	
0.00679768868552166	0.0101160100909524	0.0212615858044933	0.0581098142586353	0.0200353206356063	0.115342570985694	0.0290818243609219	0.142754634266368	0.0384098623872245	0.269754208068076	0.0431211771883155	0.320727810276649	0.0538765760594439	0.384973690775163	0.0587520000170712	0.431946195196398	0.0611407351075748	0.487043371381012	0.084956447652203	1.01088681841015	0.108541782604195	1.5488532734368	0.130763135389278	2.09331578314839	0.149300500843703	2.62719992797166	0.186070916135922	3.15471528324283	0.201125852250607	4.20220508276001	0.206362106604857	4.72450481290021	0.226299023134912	5.30775016596459	0.251596972376951	6.33421237144111	0.282516580047907	8.00342540972371	0.329572791588486	9.46224011553929	0.392017423457658	13.1197850385728	0.412685058885776	15.6272125385698	0.50500344620287	21.2329732377195	0.615914328496579	31.8644707166731	0.678800552118081	37.1633327442233	0.716531182320905	42.4700837066142	0.769398657936538	47.7687629293761	0.800704218310075	50.3805809211595	0.865513097819818	63.6217641235062	1.01919824090186	79.5779254168541	1.12288772416546	92.8356994897953	1.13492024896097	106.090211640135	1.31694271728962	132.599070803868	1.45193323689233	161.105856610818	1.58248012536913	186.771145397928	1.64306596066318	213.436798914223	1.79511311409716	238.633322691033	1.87364715286864	266.774555137059	
0.00665452411188736	0.00930758757378548	0.0212926139719321	0.0570563393196514	0.0201270437156614	0.114427684842784	0.0290126125575465	0.141382956250178	0.0384610436851057	0.267258263686658	0.0428771584466335	0.318921946786413	0.0539483542691605	0.381144936541284	0.0586943728959433	0.42841453284971	0.0611499217607892	0.483852573080442	0.084883892099558	1.00429910849151	0.108424157755993	1.53821116729747	0.130650554249463	2.07998506527916	0.149156010595883	2.61008967044352	0.185864552550112	3.13560827020955	0.200744893368098	4.17599999506144	0.206167738872945	4.69457862603151	0.225896951355856	5.27439531520029	0.251289268941848	6.29395362675911	0.282140533423447	7.95310884737486	0.329199880415744	9.40103266752019	0.39170024453425	13.0355832372786	0.412148195375787	15.5275107364025	0.504457859689923	21.0999934188967	0.615352809921144	31.6657115875295	0.678191444411286	36.9288741598452	0.715917897352992	42.2046381590053	0.768747873346593	47.469040987359	0.799945597028584	50.04736862095	0.865015980034923	63.222375769578	1.01826894705164	79.0778797238425	1.12175450345062	92.2535260507646	1.13377943513252	105.424807769209	1.31569767839507	131.766289647783	1.45077556089276	160.104304911067	1.58102233175781	185.601180782363	1.64150189154522	212.106318997903	1.79356732352958	237.133699702035	1.87183620834328	265.111585626812	
0.00659408775224482	0.00885720581885951	0.021673919426524	0.0570583402079003	0.0202087168326697	0.113968011690426	0.0289839216914564	0.139527048725849	0.0383477792047985	0.265308423553991	0.0427005201949036	0.316337264830147	0.0536250291114139	0.378869104419154	0.0586291416831339	0.425890474169406	0.0610572812385071	0.480299461211726	0.0846305845793294	0.997610350078318	0.108254136589016	1.52857279401525	0.130534747433156	2.06707879765315	0.149022565336148	2.59394263324242	0.185574154814322	3.11556015575933	0.200613334909708	4.15007989205717	0.205761889361384	4.66489504868197	0.22581943704021	5.24008818714868	0.251103361335505	6.25445949787455	0.281900632501312	7.9033035810952	0.329090351909829	9.34125945619786	0.391358661935437	12.9521283566537	0.411731275605365	15.4266308112343	0.504015550372248	20.9665181364876	0.614679990375699	31.4658311460593	0.67766084296603	36.6960658789909	0.715126711789622	41.937862682823	0.768147574653422	47.1692296383791	0.799096549569381	49.7134708673581	0.864117300221613	62.8231885813164	1.01739908937301	78.576917609461	1.12092614600088	91.6695272195744	1.13266405139299	104.759761526135	1.31458869240529	130.93267402671	1.44971838256787	159.102768112477	1.57962080015827	184.43248276544	1.64016500037422	210.768701425709	1.79187965897681	235.629457353286	1.8699743976796	263.447960465504	
0.0064714864237681	0.00932637682393697	0.0216505545832471	0.0565118867131998	0.0198369690716583	0.113886018927966	0.0289876785550563	0.138338200963904	0.0383655003962437	0.263174239767967	0.0429158933924386	0.313560264771357	0.0535857369786031	0.376160236424228	0.0584623667574065	0.422443212927033	0.0608941298444545	0.476996671376879	0.0843058109967014	0.991628872919294	0.10804505847728	1.51842114560347	0.130237259503655	2.05426799058651	0.148733883064528	2.57720350774264	0.185396588927492	3.0949669847982	0.200389767272608	4.12338818833648	0.205453918517365	4.63413160285846	0.225802357789087	5.20624439205594	0.250940933940025	6.21435814670018	0.281808690095576	7.85411578165318	0.328761192819471	9.281362378979	0.390955106571214	12.8699447312829	0.411402017300096	15.3267986239128	0.503597185270715	20.834616789155	0.614121788769652	31.2657346377621	0.677046542303496	36.463514643155	0.714297278274849	41.6715789449367	0.76726540114733	46.8687328360168	0.798220596020484	49.3803330729511	0.863054039492299	62.4236251387525	1.01656810216216	78.0760598032028	1.11995820644603	91.0852750686559	1.13170080584373	104.092189536359	1.31328506709825	130.099132911439	1.44842932630681	158.100799180232	1.57834362793438	183.266198736515	1.63873640547211	209.434078986773	1.78995778638863	234.12989396893	1.86826064935443	261.7770933402	
0.00640224995680614	0.0082013346597646	0.0210407949747492	0.0559459809467417	0.0195555867479392	0.11282314709017	0.0288783704232763	0.137752137157834	0.0383418601550619	0.260834291910387	0.0429556385671222	0.31173871431725	0.0535799020476663	0.373118653455323	0.0585604947458256	0.418870135831572	0.0609574725417222	0.473394781490634	0.0841670830570202	0.985107636146257	0.107933061474622	1.50834400299413	0.130086566222552	2.0400709099334	0.148563407583853	2.56073958805058	0.18511753759361	3.07514168926336	0.200090727128157	4.09654095375322	0.205328487431031	4.60378119857717	0.225529769004445	5.17408955037203	0.250831821554836	6.17316109456882	0.281500663907733	7.80571588107186	0.328467747321864	9.22130604560745	0.39051236233748	12.7862933416042	0.411002154504763	15.2281529414949	0.503050581919401	20.7049841435063	0.613565634644276	31.0656269535945	0.676427122687537	36.2298569961531	0.713741864684876	41.4049487550692	0.766379235256346	46.5695063575859	0.797579786713196	49.046796672501	0.862058626642994	62.0231564506891	1.01571148282068	77.5745910493648	1.11879967485156	90.5015519089347	1.13081227073548	103.423298793879	1.31201417018952	129.265725906613	1.4469950253364	157.100633288407	1.57687542456972	182.100287236603	1.63710068445798	208.101617216108	1.78834064071991	232.629868648599	1.86664118151455	260.109295853956	
0.00659011592666428	0.00764820001730223	0.0209160418592021	0.0551956551293753	0.0196080662229081	0.110987852352783	0.0287146031019457	0.136061146480954	0.0382388467569114	0.258691784429248	0.0427121735491001	0.308943087807853	0.0534519224698275	0.370526899268592	0.0584656733891188	0.416661737281408	0.0608220503257035	0.470196096052386	0.0841682073321807	0.978412358475355	0.107805290332604	1.49912041748388	0.130100856683571	2.02676929589325	0.148369285869516	2.54426938193144	0.184874159153683	3.05556412552161	0.200039768334915	4.06952701243701	0.20500445365325	4.57448551706154	0.22522407297694	5.1410415703815	0.250573628211634	6.13347604456553	0.281187433969543	7.75705753848836	0.328185729460777	9.16066018507416	0.39018313167792	12.7021008535353	0.410448315268847	15.1276781416274	0.502491305730005	20.5702031469097	0.613022906182862	30.8654130986585	0.675828328510985	35.9968550002125	0.713279390173018	41.1366123823259	0.765870076526883	46.270063812328	0.796879678697539	48.712802061366	0.861233342947531	61.6221513208482	1.01483546383201	77.0761248793646	1.11783202315106	89.9189686879907	1.12962339822898	102.756449510386	1.31075246508538	128.431350326356	1.44561656143274	156.101435972013	1.57543426736568	180.93221506842	1.635552088409	206.766473236555	1.7868591200307	231.128740642391	1.86479060963264	258.442422239662	
0.00670261459806228	0.00816118228957786	0.0215562171592143	0.0540116349650783	0.0194552088209705	0.109337032235983	0.0285714472007074	0.135166000010114	0.038176279944489	0.256808562961332	0.0427444753871122	0.306521591021207	0.0533296281273763	0.367926210206334	0.0582704598969509	0.413383045417035	0.0606609610282658	0.466735970917562	0.084010668943634	0.971275459302079	0.107580063532672	1.48902034105722	0.129721009634311	2.01445697921099	0.148044256196475	2.52720638902172	0.184875336659766	3.03469411893833	0.199830529150959	4.04279619317004	0.204666125788129	4.54488529307847	0.224961375952744	5.10773980500143	0.250181308194873	6.09355304165573	0.280696588458442	7.70649277868517	0.327894091683575	9.10071654172878	0.390053571279053	12.6198203706213	0.410130049596785	15.0270589867677	0.501872276084887	20.4349639396282	0.612402866387518	30.6652420845588	0.675204809835865	35.7632606831425	0.712702667663458	40.8716138695316	0.765321235306572	45.9672685059608	0.795861967040354	48.380707348193	0.860606427948714	61.2224314160992	1.01397557272812	76.5778151715496	1.1168465960707	89.3367877983797	1.12857079570107	102.091142497004	1.30972468936493	127.595082298716	1.44428141922693	155.101031661619	1.57404478297664	179.765826731372	1.6339946927179	205.432923681175	1.78516860953657	229.630220339269	1.86304192201921	256.775340009121	
0.0063213724119244	0.00752649689905977	0.021447599273888	0.0533443169062106	0.0193272974144869	0.108337301155364	0.0287231099769905	0.13284691959798	0.0380382004876231	0.255171181537608	0.0427262905774727	0.304197009985378	0.0532573669279583	0.365216178058245	0.0580947734801782	0.410374960955394	0.0605385167225082	0.463361178209585	0.0838814832535857	0.964828670123814	0.107235259203762	1.47871001856933	0.129526884581761	2.00029389183024	0.147943634609343	2.51024071931642	0.184738222053111	3.01431328951412	0.199568952158568	4.01648400338048	0.204414043652698	4.51457400434345	0.224564019043709	5.0749847259467	0.249952015616044	6.05362491647201	0.28034264672005	7.65567982142764	0.327578532731733	9.04124228493871	0.389834566933471	12.5361270714287	0.409844497794392	14.926719228667	0.501400433335041	20.301237200136	0.611806097310755	30.4642850342436	0.674542768897006	35.530627490924	0.711977193464987	40.6048346680592	0.764364712471069	45.6667530771478	0.79508787391808	48.0475993561069	0.859793478814604	60.8231361944241	1.01308993164347	76.0777992808589	1.11567973001228	88.7545547547071	1.12761366254993	101.42611115509	1.30861595993705	126.763448531988	1.44290312817675	154.100105810609	1.57261520631482	178.600183452349	1.63253489634414	204.10108775925	1.78363202716486	228.129464862074	1.86135987663051	255.110314138727	
0.00596894407466147	0.00751789126060034	0.0208111497971486	0.053649892559577	0.0192664979438142	0.106970556238202	0.0288442039028521	0.131535617475205	0.0378885338557692	0.253444975227548	0.0426492045945052	0.301986341336547	0.0533276793960085	0.362402419863334	0.0581182702802268	0.407328110193427	0.0605599131544043	0.460854378099922	0.0837150086182751	0.958378504901376	0.107029368037139	1.46852123367166	0.129490705490719	1.98691823764892	0.147789971998291	2.49390462364165	0.184417507552639	2.99502583274059	0.199359484529914	3.98976389432261	0.204207911768317	4.48405503068417	0.224360117374224	5.04035349765452	0.249657606761249	6.01457083748305	0.280165679606734	7.60408781287344	0.327152919612159	8.98182111353287	0.389289422030348	12.4533008335118	0.409377595620554	14.827714987075	0.50095662292619	20.1668566722274	0.611496144545551	30.2646206596004	0.67394402687452	35.2971039543664	0.711321104745546	40.3376903881549	0.763608505975101	45.3685100753091	0.794550544965354	47.7138096359286	0.859051526519297	60.4232784539406	1.01216026947263	75.5768893205391	1.1148090773335	88.1705931764181	1.12635105764246	100.759895170918	1.30735497657298	125.930950497952	1.44147964428524	153.100908494214	1.57122851299477	177.43316926656	1.63103199731959	202.768268360733	1.78217689847527	226.63271779705	1.85959979053096	253.443529931396	
0.00605023720760273	0.00631058530455993	0.0205622408661498	0.0529974501953449	0.0195603260426313	0.106357462250878	0.0286753300205051	0.130888028174471	0.0379796565288946	0.251712948151674	0.0425174861639723	0.300403325865533	0.0532319149791497	0.360529675773885	0.0582058731972074	0.404413856476722	0.0604832418224436	0.456770936257812	0.0837407165673012	0.951410058690782	0.107061134562585	1.45781044249571	0.129255072817	1.97401127153101	0.147729617228347	2.47672218861741	0.184246321726047	2.97429668869002	0.199233927845995	3.96294320243146	0.204003701496358	4.45478356355432	0.224118742159698	5.0075648909887	0.24940513994886	5.9744638983735	0.279866887971188	7.55429185981908	0.326720722621133	8.92230029061628	0.388801386290396	12.3700908907125	0.408986471000046	14.7280895533552	0.500449608409607	20.032418402322	0.610986983196626	30.0652487202319	0.67318988171548	35.0646495760736	0.710685604585138	40.0715705630339	0.763018021602902	45.068326197317	0.793794141913798	47.3811524039472	0.85815483532707	60.0246686856478	1.01126045447908	75.0776408396135	1.11381891997846	87.5856928250185	1.12534606548884	100.091421660932	1.30621543012341	125.098258748829	1.44018668778492	152.101562166215	1.56979580227532	176.267034249241	1.62949814865302	201.435717183104	1.78059567661917	225.137252231827	1.85789662235622	251.776000666041	
0.00623811653520944	0.00562387318159276	0.020907132437444	0.0510666657947645	0.0195068790035422	0.106499714491437	0.0284422026539822	0.12930777756722	0.0378957147835788	0.249847800161614	0.0423001157451763	0.298141434477531	0.053020869593979	0.358682077392757	0.0581759555973855	0.401182865788202	0.0602501243774192	0.452817734050811	0.0835892917497681	0.944528341890829	0.106910677531822	1.44807206845679	0.129008541387391	1.96095249984066	0.147591668756198	2.46013254038375	0.184179758771448	2.95553147102539	0.198985774748054	3.93654253700152	0.203625388274284	4.42485923933068	0.22393745026662	4.97420957456314	0.249109469204361	5.93438629592366	0.279551318227634	7.50402046661296	0.326381574921514	8.86224488856726	0.388403413529814	12.2866509112482	0.408408894936062	14.628514411052	0.499857868579453	19.899403193243	0.610270978857751	29.8652062286414	0.672589195161301	34.832381462287	0.709957734329418	39.8037408297473	0.762479529806587	44.7689022785097	0.79304075991261	47.0478432461945	0.85723511407002	59.6244384161522	1.0103109757807	74.577081056565	1.11263322958865	87.0029829442103	1.12431491059228	99.4253695895254	1.30493484344936	124.266252453089	1.43896604207404	151.102156233575	1.56836866650519	175.104266894191	1.62797229593211	200.10051359891	1.77865902237591	223.635438772238	1.8561049768952	250.111034400289	
0.00627427010893829	0.00561228076267457	0.0213355748386794	0.0503627096530707	0.0191407156724377	0.10514310498275	0.0281969066048389	0.128906304797053	0.037771118683199	0.247527322765684	0.0421734984943613	0.295568830610331	0.0530198654914573	0.355080682271606	0.0581061468991855	0.398958925793312	0.0601738446636909	0.449365583365154	0.0835108491906988	0.937693540463345	0.106694977736936	1.4381988854816	0.12879686162313	1.94725879901521	0.14739054013459	2.44324556743226	0.184062637960857	2.93530151585111	0.198648514964406	3.90990391866506	0.203359903664823	4.39442222205407	0.223760916503499	4.94102143053178	0.248965470578473	5.89416992641679	0.279383526658595	7.45389622236664	0.325927367108001	8.80227982480368	0.38792129947059	12.2033413169381	0.408016509915967	14.5278505527108	0.49954212556052	19.7667362987904	0.609499983989422	29.6648247356499	0.672045860659223	34.5973007544586	0.709189963039271	39.5370175076267	0.761792817195599	44.4692101388136	0.792385689393668	46.7136735464238	0.856563603152359	59.222751558219	1.0093547348626	74.0782051046515	1.1116018342827	86.421189484772	1.12317009195451	98.7590865501311	1.30360104984502	123.434261058509	1.4377853634662	150.10325694039	1.56692352736743	173.944181748028	1.6263101757297	198.768290246812	1.77687576551179	222.13215009776	1.85433940849545	248.444503512687	
0.00642659053219883	0.00581167746212573	0.0209255738075392	0.050825642434285	0.0189744402695758	0.103521825252461	0.0281743758788017	0.126839889277029	0.037721710038522	0.245939155916925	0.0421305341304357	0.29320248557978	0.0528675748058575	0.3523101723667	0.0577339761627493	0.396285477158369	0.0600918481223665	0.446238289619625	0.0834557959395872	0.931160545743361	0.10658449743675	1.42887087543263	0.128660848200641	1.9340560215786	0.147244559939447	2.4273923624895	0.183940280221552	2.91514490232609	0.198501659209636	3.88461641648955	0.203392735367207	4.36396471568178	0.223414053128082	4.90810057606664	0.248712296406214	5.85431537571297	0.279214091971685	7.40428699947962	0.325661062803741	8.74138623247731	0.387369806917254	12.1203269518701	0.407739173275101	14.427213702723	0.498982880794528	19.6339148047977	0.608945120531618	29.4654527962813	0.671438721084414	34.363624481006	0.708555698839967	39.2699067553334	0.760983232275007	44.1704232446171	0.791624931597067	46.3813627664237	0.855766142381273	58.8254605426292	1.00845230090847	73.5778613884302	1.11066861808024	85.8375855343347	1.12206430708321	98.093548568761	1.30242690757896	122.601919486658	1.43641246977959	149.102927135799	1.56541761845365	172.773337963995	1.62471896184155	197.436409621406	1.77529809196561	220.633033748218	1.85256925834951	246.778315351775	
0.00627601087588905	0.00639450528620124	0.0202248731556483	0.0501754665307421	0.0191441577279076	0.10255486508338	0.0280994922845535	0.125342700997956	0.0376949401198353	0.243063668500547	0.0420967265359082	0.290217917012032	0.0528720032825496	0.348952667333193	0.0575010075430713	0.393117758194256	0.0599614223617515	0.443097258866773	0.083184998516057	0.924293089819655	0.106498858481193	1.4189667259833	0.128601879704347	1.92120074386113	0.14690691770526	2.41139945916718	0.18379217912842	2.89548957315306	0.19827928073468	3.85740177516805	0.203211304139536	4.33427648171959	0.223004210410905	4.87514805663547	0.248429648872089	5.81360866489386	0.278853223969824	7.35452457403636	0.32530718936623	8.68079531997332	0.386962316499777	12.0365665974553	0.407196172538504	14.3274932741051	0.498407613196945	19.4998863168057	0.608372031975738	29.2664328968293	0.67078506540442	34.1312669602564	0.707959321107937	39.0036453691879	0.760211023809076	43.8707646325321	0.790854157679355	46.0468950434433	0.854903035941365	58.4297900282424	1.00733237180526	73.0787768202699	1.10956547476563	85.2547713454031	1.12101829379059	97.4260138318858	1.30142249559875	121.768482679511	1.43496560575656	148.101062511678	1.56397207768886	171.603626668159	1.62325117969101	196.102576943976	1.77363148314365	219.131965346653	1.85077735334636	245.111397034	
0.00550907855573308	0.00640361478470151	0.0205196784872441	0.0488849918356484	0.0191641713065727	0.102507913331125	0.0280046011674191	0.12383190667879	0.0377588187204847	0.240923954986999	0.0420387359428598	0.288047237024349	0.0528684104234052	0.346227734024617	0.0575513177633055	0.390237643269056	0.0598622063935753	0.439360239902135	0.0829472049498539	0.917078890876357	0.106319603515711	1.40844313063596	0.128403157026556	1.90753917366298	0.146689466677602	2.394027500008	0.18343793497791	2.87498557632421	0.198058320262375	3.82964952791588	0.202896906203488	4.30411932686336	0.222924344453365	4.84161997988052	0.247924791086025	5.77356365873257	0.278579101241622	7.30360311770403	0.325058548962521	8.62061418938269	0.386667834803967	11.9527661961717	0.406634065055673	14.2278464199671	0.49784492802349	19.3673628460227	0.607731137690931	29.0656229954738	0.669981518931958	33.8971511025695	0.707411295365272	38.738170019258	0.759574496574529	43.5694408157629	0.790035257655839	45.7116561854077	0.854081676457982	58.0281963025622	1.00638622846115	72.578969545826	1.10868187607439	84.6729406330636	1.11989186919281	96.7576893335049	1.30023245356665	120.935977194894	1.43373033809496	147.10235693358	1.56279049628621	170.436403866124	1.62184829826182	194.770025766347	1.77202841378122	217.632148642568	1.84916273126516	243.445164169607	
0.00492074958617918	0.00526257506423215	0.0211821591117685	0.0474739290627636	0.0188930832296295	0.100820727979897	0.0281115815326352	0.122684531873277	0.0376616231140277	0.239720686277748	0.0418586247339427	0.286086075502172	0.0527808684993285	0.343984585502539	0.0575531468779418	0.385588917754835	0.0598358777413462	0.436619561422031	0.082890689295285	0.911527510103394	0.106346105370672	1.39808309880801	0.128193297951367	1.89382847620136	0.146689110455468	2.3771260915573	0.183224446099178	2.85437191626741	0.197914502810726	3.80353757247035	0.202506744078588	4.27444971935178	0.222816106705213	4.80759271424929	0.247798950968647	5.73366114491844	0.278482026983644	7.25343789526638	0.32477918219264	8.56074225787215	0.386244369369581	11.8695944375962	0.406378922652543	14.1280933950606	0.497343477708193	19.2341259821815	0.607218870596581	28.8654761957599	0.669302716043539	33.6638808857401	0.706626861721783	38.4720874470383	0.758801462805456	43.2689402881104	0.789116650001487	45.3798706713147	0.853154880036449	57.6259581016911	1.00561404311554	72.0789909080366	1.10780528213965	84.0938219319326	1.11878973645643	96.0920097911102	1.29899617631626	120.101981594229	1.43261615094818	146.102474163803	1.56134416996829	169.270000627915	1.62042503962853	193.436610321411	1.7704043336534	216.133255810434	1.84751983885222	241.779691264398	
0.00480124696204954	0.00430328057088034	0.0209385983137634	0.0479098389386823	0.0188170084585252	0.0998666244273094	0.0280078190768282	0.121211390632976	0.03741833437063	0.237436050247324	0.0416535818974044	0.283330146615632	0.0527288359842593	0.341350281517701	0.057480397010657	0.383218090734607	0.0598091498049358	0.433324251271255	0.0829837348002921	0.904209585113275	0.106165342518266	1.38899595204846	0.12802005913474	1.87998681150891	0.146511092877182	2.36104983486851	0.183173911759103	2.83448212664735	0.197586068178698	3.77732317154648	0.202143640911251	4.24476521067971	0.222505919316374	4.7739836124342	0.24774082769419	5.69416375640503	0.277897475997441	7.20314834127092	0.324469964185487	8.5015231834554	0.38602803567298	11.7864794896949	0.40598078949495	14.0280674926527	0.496948695821799	19.1005873698404	0.606742460370228	28.6660111241383	0.668824580175442	33.4316500248547	0.705836269990059	38.2061948646148	0.758086444099931	42.9703657354508	0.788314094936576	45.0471650105618	0.852369112421955	57.2254223584055	1.00477069616269	71.5857699465275	1.10679714363775	83.509107845039	1.11773848997493	95.4267847341103	1.29784089103319	119.267516607009	1.4313309579354	145.102800010274	1.55978709689296	168.101481424918	1.61877201884352	192.104342265832	1.76874261827383	214.633275193584	1.8457814271436	240.114441876597	
0.00466410740233761	0.00463561128336536	0.02012778990162	0.0478486736039039	0.0189020721143099	0.099607614900462	0.027858402636054	0.119257010302974	0.0373326156982177	0.235150279167566	0.0416488347017605	0.280779894489161	0.0527634559365527	0.338485009545328	0.0573000755498472	0.381085711385985	0.0596393929880436	0.430137323779953	0.0828786265287974	0.898004706962276	0.105944220481847	1.37877550218475	0.127846508217365	1.86699241748846	0.146124823014161	2.34475355323192	0.183022595397009	2.81514717242476	0.197169320577722	3.74975486049407	0.202034795576977	4.21454006927875	0.22221770475206	4.7411987310585	0.247320956207384	5.65463330594178	0.277278064847571	7.15357869959144	0.324229460898472	8.44182540925804	0.385822643479975	11.7030888703247	0.405539682022831	13.9257747512059	0.496512944019149	18.9674753032182	0.606096779689824	28.4653167067766	0.668245274942447	33.1992999546853	0.705283691427503	37.9384992417725	0.757412270196209	42.670342044934	0.787653238002778	44.7140160402844	0.851617875431363	56.8251883636197	1.00394636129587	71.0911482759328	1.10573665914051	82.9226205200476	1.11667548339222	94.7609263777898	1.29662671982429	118.435286793861	1.42985428201475	144.103468583435	1.55821028490709	166.93480996582	1.61718377185806	190.770077454748	1.76699137455226	213.137273186584	1.84405528940507	238.453782046226	
0.00480882503185928	0.00355589560449235	0.0201548351541906	0.0456970857280934	0.0188869933840618	0.0980545545455233	0.0279396769410901	0.118237983383678	0.0372172431532498	0.233817454763191	0.0416964830594592	0.279507300459055	0.0525442478262269	0.336410139362958	0.0572824455960069	0.377760045941486	0.0594478383246758	0.42665013208409	0.0826362313617691	0.891331781032103	0.105857731415042	1.36827751820699	0.127795670900585	1.85467986797557	0.145914831056706	2.32782420510531	0.182685508082652	2.7958788077631	0.196925330544088	3.72265081372305	0.20199548104589	4.18477034459516	0.222016382787904	4.7080552905086	0.247041440076621	5.61444487611082	0.276944001281544	7.10407285350529	0.323885336961881	8.38151016822304	0.385478067491073	11.6200093126796	0.405093481284324	13.8266662014905	0.495999900626608	18.834208637056	0.60564950086115	28.265575963686	0.667687397727731	32.9686746938423	0.704598828455128	37.672606659349	0.756687042268571	42.3692678226028	0.787029938703718	44.3804572880936	0.850690149529523	56.4254237553893	1.00293425386085	70.5847770402948	1.10461853226009	82.3395753631285	1.11560581057131	94.0935183007788	1.29545083381969	117.602192713405	1.42853081720871	143.104524586769	1.55686711024215	165.769166686797	1.61567813689882	189.437332562033	1.76539494609606	211.639259522918	1.84221253018453	236.786088868106	
0.0049227623471198	0.00332485985960604	0.0207922334103489	0.0449986629519024	0.0188152926007268	0.0965615717697514	0.0279966808036934	0.116633547494466	0.0372252861467049	0.230694570247767	0.0415991829498792	0.277075326293942	0.0523922447301292	0.333037471234503	0.0572074376352708	0.375232785839983	0.0595495291458199	0.42382851585533	0.0823863223511286	0.884763978132547	0.105739406424721	1.35781562297728	0.127563085528891	1.84085845954815	0.145792887636619	2.3103456095164	0.182264202714123	2.77523464689343	0.196735859458899	3.69605410490046	0.201722879027733	4.15502157466849	0.221813075462293	4.6743018337013	0.246843659548064	5.57317192119323	0.276878798034661	7.05352066655627	0.323351908300475	8.32249319079539	0.384953650938503	11.5368096144281	0.404484695887742	13.7276824489941	0.495457136847618	18.7002863198325	0.605118693750725	28.0666566470672	0.667030093134613	32.7341527795321	0.703873268574979	37.4066842746045	0.755930020155216	42.0700860476534	0.78624223756452	44.0492789962904	0.849867690189099	56.0257336529613	1.00185173758918	70.0821832488401	1.10366189135358	81.7560235667528	1.11462938256424	93.4258941569407	1.29418725384678	116.768375926666	1.42736813451792	142.1030175905	1.55541262380387	164.60251012886	1.61411770873992	188.106822843392	1.76387998271905	210.136045354243	1.8403903880768	235.116860870455	
0.0046649272919425	0.00325792560020827	0.0210962144160976	0.0451746538063152	0.0186512344804694	0.0955048335639327	0.0277238861181446	0.116096290809753	0.037234779497539	0.228984269180296	0.0415192063686436	0.274212062485776	0.0522831227871965	0.330589519067228	0.057105982820007	0.371146870172402	0.0593504129085577	0.420923749986903	0.0823517961306434	0.877596985600007	0.105586393021167	1.34862987244483	0.127366884380784	1.82699269688522	0.145860314730555	2.29318459491035	0.182146903284593	2.75451714437449	0.196585916701572	3.66980431372043	0.201310231728655	4.12510376970257	0.221630428081592	4.64085897295789	0.246480399915635	5.53368338024385	0.276708494086182	7.00350911233612	0.32293548940693	8.26207922957217	0.384462693613434	11.4532569449376	0.404071430114885	13.6266423363506	0.494849791494059	18.5664385084113	0.604278511160984	27.8669363930722	0.666345817500786	32.4987665979137	0.703175252071101	37.1381765385157	0.755169266427292	41.7695668935504	0.785402479643478	43.7157090682293	0.849140852589829	55.6247955783426	1.00108554442541	69.5813999483844	1.10264104451274	81.1710636107113	1.11355456149107	92.7599463936572	1.29287601927923	115.933620366816	1.4261247946528	141.103179524205	1.55386578192986	163.436270803417	1.61257803653655	186.777937351243	1.76220561935025	208.635215371246	1.83851209597792	233.449793541075	
0.00441138125494594	0.00350180795714694	0.0207223487711566	0.045807869453465	0.0185078647526609	0.0944742160447081	0.0274741455037167	0.114665735747346	0.0371808019138109	0.227610757622875	0.0413734601042538	0.271935706494723	0.0521014124945042	0.328703037970456	0.0570212435977218	0.368161544905098	0.0592985134882171	0.416958498794665	0.0822710130124184	0.871430408088071	0.105430673752998	1.33921792695281	0.127306401999269	1.81336011410083	0.145658863577385	2.27724920075428	0.182029792602136	2.73418590787503	0.196380789312613	3.64288280616537	0.201271035848065	4.09414754011526	0.221363621707119	4.6077234486495	0.246276233916435	5.49487423908039	0.27634192539771	6.95391013399694	0.322693445726926	8.2018692279831	0.384117017822791	11.3698067209254	0.403766256655467	13.5269777870845	0.494388736207054	18.4339765049153	0.603485538718386	27.6657781770904	0.665698715293295	32.2645389815231	0.702446781036647	36.8718071189567	0.754426986722504	41.470753922323	0.784675605609045	43.3810737071934	0.848137235289206	55.2245168800753	1.00010499972498	69.0799982497685	1.10150816740064	80.5877278811627	1.11245965702861	92.0947436883981	1.2916714283121	115.101085079878	1.42462529940816	140.104667661193	1.55239602060806	162.272296454368	1.6109457580341	185.442882778653	1.76045108782715	207.135711591531	1.83675802292184	231.78199605483	
0.0042147180089345	0.00335197053113615	0.0199466995259765	0.0443104956374815	0.018557706580937	0.0940042837926014	0.0274192468390495	0.113408086533469	0.0370868863527115	0.225439350039465	0.0413186977924894	0.269314528336798	0.0521037451112271	0.325840501758017	0.0567877023194315	0.366172938472104	0.0591594483864762	0.413808882412236	0.0821018794686137	0.864284486727781	0.105341036123213	1.32837325816311	0.127104178995048	1.80059575674539	0.14540703453758	2.26032311225652	0.181812309149903	2.71486445782913	0.196308457463675	3.61586816635727	0.201044785556657	4.0647238017517	0.221156438411938	4.57407616261066	0.245968456254922	5.4553577584551	0.276084416361246	6.90283454378584	0.322460036193013	8.1417197623585	0.383783088536056	11.2871257693233	0.403411845126008	13.4285667979443	0.493912065710888	18.3007787566204	0.60300331382027	27.4653426673921	0.665175643628909	32.0314662050702	0.701884974534185	36.6054414246877	0.753758336842232	41.1700596795843	0.784102117908839	43.0473473169471	0.84711807313211	54.8250726467953	0.999063853672381	68.5797960945717	1.10061555348358	80.0050999567372	1.11137668105048	91.4284904513247	1.29056857632713	114.269794039841	1.42308142816777	139.1042633508	1.55101248395931	161.110095343416	1.60945447803286	184.107559985174	1.75877863285473	205.633987538905	1.83499376362985	230.116016510166	
0.0042147180089345	0.00335197053113615	0.0199987110979345	0.0426067574834676	0.0185291475399181	0.0931038622527411	0.0275392514398217	0.111621351534892	0.0370402647796137	0.223265308559523	0.0413466965185631	0.266723152499844	0.0521333437301628	0.323166354631176	0.0567185136899843	0.362295784570474	0.0589904354693139	0.410004167941172	0.0819138364414278	0.857513248062995	0.105207674854216	1.31820752349807	0.126866774864298	1.78721346689105	0.145326863705754	2.24348619789105	0.181571061148206	2.69444614267308	0.196203545497541	3.58951034176372	0.200709645113953	4.03508166825477	0.220914463638132	4.54046193852165	0.245554830354106	5.41476234067836	0.275645066722595	6.85344930396738	0.322243936860801	8.08127227352419	0.383392293106044	11.2046720604187	0.403124879348933	13.3287243660749	0.493474805180216	18.1668378129462	0.602434111292244	27.2661160143383	0.664463903594965	31.7978756132904	0.701459664135437	36.3383567494253	0.753061017762215	40.8695666025121	0.783379645316543	42.7141722696388	0.846424728512051	54.4257178204783	0.998108734590528	68.078796727289	1.09967617062471	79.4217716777688	1.11027618822764	90.7600541942401	1.28933908005388	113.436200770509	1.42169799035544	138.104782912356	1.54958867420987	159.941352623012	1.60797167431854	182.773876319349	1.75709133241416	204.135199014894	1.8330944711964	228.449768744612	
0.0042147180089345	0.00335197053113615	0.0205941251253228	0.0411093218218473	0.018504776905367	0.0912466377801462	0.027593773751218	0.109821323362386	0.0370411504441037	0.221229874065549	0.0412622963035154	0.26489522830717	0.0519267618044863	0.319885159837502	0.0565378096011153	0.35944221233739	0.0591109069370037	0.405822500675936	0.0818641918985677	0.851462853036723	0.105045111197476	1.3090273609008	0.12670554020488	1.77383827837099	0.145151154276599	2.22706581752729	0.181376809322287	2.67472957904367	0.195841909675486	3.56334227413573	0.200391987252025	4.0056914575023	0.220582388026691	4.50745633370625	0.245367506639773	5.3735131344853	0.275278948497391	6.80389316646459	0.321939312427636	8.02159219445491	0.382922850095025	11.1197075059721	0.402624234191069	13.2283631875561	0.492952267227579	18.033019803846	0.601880932209901	27.0658164777295	0.663838611006449	31.5638305361158	0.700819190438893	36.0719500769651	0.752394986097461	40.5699750456494	0.78247233208175	42.3808556613059	0.845687441781967	54.0246791630263	0.99711893550063	67.5789894528451	1.09867257451189	78.8393821719111	1.1093002350845	90.0922288847354	1.28804235865857	112.601832640832	1.42050237512044	137.105183264629	1.54817935081059	158.773265553668	1.60637608283011	181.440296961648	1.75551007453335	202.635546223574	1.83144638582771	226.786203187946	
0.0042147180089345	0.00335197053113615	0.0206743788281432	0.0412013699572523	0.0184916364407546	0.090774551844688	0.0275483662946126	0.109148537421631	0.0369906315974314	0.219375043382895	0.0412404573187779	0.26273261008014	0.0518189535648077	0.317942595662103	0.0564925644573027	0.357146298573199	0.0590267731500623	0.403604032200913	0.0819024194802081	0.844353602501067	0.104833315591235	1.29876581643044	0.126703939712496	1.76028462517106	0.14498817951953	2.21062797486608	0.181072705812718	2.65531499674474	0.19566633676659	3.53646174477201	0.200069418857933	3.97538435971867	0.22033853540389	4.47443070545644	0.245261404073782	5.33405020490551	0.27508387846679	6.75370512662494	0.321480761231215	7.96185996132392	0.382503751512877	11.0360682234863	0.402151705417331	13.1287815259952	0.492327758579724	17.9002746783008	0.601281106506246	26.8658671183921	0.663235699889342	31.3310706840331	0.700017941946719	35.8057594713319	0.751615976537817	40.2701152678978	0.781530601602845	42.0483772432504	0.84479399379838	53.6254696230239	0.996190021146898	67.079696268438	1.09758997752957	78.2557409685725	1.10827391998615	89.4278010398216	1.28678768811324	111.769871048573	1.41924644713267	136.108444639715	1.54658489308496	157.605700024942	1.60475599458931	180.106121557526	1.75371647944146	201.135595409046	1.82982138528562	225.123710514835	
0.0042147180089345	0.00335197053113615	0.0198271642142909	0.041404340061217	0.0183772805798971	0.0906435700619388	0.0271869269248392	0.108300786536438	0.0367715737923825	0.218070857146329	0.0410873606433352	0.261200788244469	0.0518237934066821	0.315018912304779	0.0564180919808556	0.353811669149345	0.0586664628386584	0.400560644794606	0.081839660704746	0.837568801451932	0.104683641718359	1.28801707386137	0.126540148109853	1.74746776450797	0.144764755658251	2.19386719611746	0.180931968268107	2.63478375873188	0.195564366478858	3.51024571403371	0.199956032569397	3.94509402574059	0.220092672786151	4.44104139575852	0.244901762908961	5.29475677602624	0.274652972294664	6.70401348169398	0.320871695553057	7.90205881032569	0.38215615465987	10.9536387289674	0.40161838522595	13.0277525892222	0.491674784263941	17.76796913699	0.600509059333628	26.664639984543	0.662527093726765	31.0979736931944	0.699295129549663	35.5396470967912	0.750839621701536	39.9709930975904	0.780671474078503	41.7152357235532	0.843943907131686	53.2269306352435	0.995272540297018	66.5797548835498	1.09662344319497	77.6710790357407	1.10703086474447	88.7616297591309	1.28548982551017	110.937820049351	1.41785082230085	135.11260008443	1.54503450114899	156.43858153103	1.60322620437623	178.773913106589	1.75200952476504	199.633260408839	1.82797783428955	223.454840145036	
0.0042147180089345	0.00335197053113615	0.0195719887832917	0.0397522684797673	0.0179938156210806	0.0894992438825206	0.0270542855238006	0.106852529069996	0.0366661277840273	0.215243347392181	0.0411211076145909	0.257970379632529	0.051832118455546	0.311349210496791	0.0563422426545736	0.35060311751304	0.0584528537087	0.397065653272551	0.0816653332564179	0.832339716482139	0.104691447394822	1.27817241263867	0.126213384867142	1.73409804750778	0.144559671904653	2.17787801808526	0.180818419102881	2.61521713802986	0.195254390861124	3.48361384778559	0.19972281974824	3.91480974535896	0.219934625394922	4.40716221040962	0.244629730970828	5.25475973297528	0.274234188546075	6.65360564973716	0.320635570331984	7.84405511181109	0.38175836699092	10.8706215699318	0.401065116911145	12.9283897884559	0.491135863858231	17.6342666118836	0.599881739482833	26.4645099486347	0.661852142220999	30.8648431747446	0.698700465250359	35.2721675407759	0.750130489248649	39.6703994376849	0.779830502920629	41.382429479967	0.843106958833403	52.8266109587849	0.994382598484026	66.0795452777728	1.09566311886111	77.0879817247599	1.1058038485947	88.0942291327001	1.28442196671956	110.106752526722	1.41637997885769	134.109513565149	1.54378248010037	155.27089679302	1.60169785738137	177.440914894146	1.75030353050921	198.134963623124	1.82617425188663	221.786461513533	
0.0042147180089345	0.00335197053113615	0.0203778673408749	0.03908977074259	0.0179901045887412	0.0879560424496809	0.0271183562788527	0.105065008268034	0.0366825192767533	0.212763730258873	0.0411920712080892	0.255466577217261	0.0519897274529072	0.308685075087151	0.0564264700394399	0.34733813355216	0.0584241371133704	0.393193301502718	0.0815405052334391	0.825517255078182	0.104459716238011	1.26945127563356	0.126256347799178	1.72056255509719	0.14444651438094	2.1612161923555	0.180530798768923	2.59467984642055	0.194910743357109	3.45718780381669	0.199371352033325	3.88473128725654	0.219718933161238	4.37447604922214	0.244410754212717	5.21399155486916	0.274081875756171	6.60330771383893	0.320428390066541	7.7853664255754	0.381342945875666	10.7865874066931	0.400869815228663	12.8282223250234	0.490785040342174	17.4999754909379	0.599360973880792	26.2652199656487	0.661149808644033	30.6326849570166	0.697955392584795	35.005831648828	0.749391658388527	39.3689303346009	0.779178933903912	41.0473508094066	0.842375939100996	52.4265669537953	0.993517359190392	65.5801477852423	1.09461949008015	76.505741230507	1.10459452884863	87.4272159364419	1.28323771346846	109.275476387845	1.41509139224514	133.1073956213	1.54247629643315	154.103688892145	1.60014363747115	176.107439844568	1.74877900577881	196.636413517681	1.82447739951087	220.119438887634	
0.0042147180089345	0.00335197053113615	0.0208302014476665	0.0382111188668773	0.0180803099855258	0.0863018317367943	0.0269076755741363	0.104118078809313	0.0368259487787399	0.210922869414175	0.0411393406492861	0.252991500281289	0.0519397259923071	0.306203857243245	0.0562839074547134	0.34505729557143	0.0585117691574648	0.389987776664637	0.0813942296722394	0.819438920375998	0.104337347916542	1.2584954302168	0.126258110135085	1.70748667035533	0.144312961143085	2.14387519967046	0.180208857256778	2.5740200858985	0.194623525596073	3.43035104661189	0.199299863921901	3.85382674606967	0.219334806021193	4.34130001238368	0.244003029643231	5.17349997955456	0.273888080514091	6.55401420928971	0.320231519344124	7.72362672673018	0.380906165045911	10.70241913301	0.400467111593882	12.7284264592805	0.490319152335008	17.3658184804367	0.598810455296012	26.0656002944871	0.660597820531222	30.3977383596325	0.697146823431506	34.7400880780093	0.748706650642099	39.0681057067079	0.778543645025749	40.71545353661	0.841642623521651	52.0244703139488	0.992638994808426	65.0801244439713	1.0935618490679	75.9226513701064	1.1035610629624	86.7615363940472	1.2818783874403	108.439603240959	1.41365396317757	132.106678386536	1.54088419317248	152.939863554701	1.59846960320244	174.780670317208	1.74720410393011	195.136865034485	1.82256231907008	218.451909622279	
0.0042147180089345	0.00335197053113615	0.0201789608298143	0.0386352162261705	0.0180796855220971	0.0857252557790018	0.0266536264562856	0.102571559539959	0.0368147152822333	0.20957099655367	0.0411407135351826	0.250631325262502	0.0516534503338784	0.304052123848289	0.0559395437548792	0.341709365697689	0.0584093283189738	0.386667146182567	0.0811001012066218	0.811686999086722	0.104319224821584	1.24873249254615	0.125891517360239	1.69450834164854	0.144051117300572	2.1270527208042	0.180115065107582	2.55469840302197	0.194308390000153	3.40302301677232	0.199071641749933	3.82365818251244	0.219222479784391	4.30723037157732	0.243725524112766	5.13366917757527	0.273560059561029	6.50319938938711	0.319909776375447	7.6623280091031	0.380606973267658	10.6202448208645	0.400044625052303	12.6286445633756	0.489790048988937	17.2339897762614	0.598291980753332	25.8661370855105	0.66003633389146	30.164553824476	0.696417390244789	34.4719714973833	0.747882210436642	38.7700787716962	0.777606270782005	40.3826137654127	0.840716734118084	51.6245306170827	0.991651413444968	64.5786035360716	1.0926543015039	75.3392932888171	1.10256173218485	86.0955662790231	1.28070705784992	107.60641975354	1.41226418721452	131.106914826043	1.53942928029905	151.772923874715	1.59695307245008	173.452291464516	1.7452444768809	193.637405958252	1.82076661217534	216.786630432157	
0.0042147180089345	0.00335197053113615	0.0193156486675626	0.0383783603826746	0.0179433512378651	0.0848260420480481	0.0267353972952265	0.10113466711877	0.0366824877762273	0.208531262259988	0.0409511035024583	0.248161457911934	0.0514861482359157	0.301329111392432	0.0558641703606275	0.338288967289552	0.058263903803252	0.38344704032612	0.0808300119986149	0.804558598231535	0.104091231655994	1.23901123155872	0.125722433691677	1.6800424580301	0.143750524565702	2.11118391620906	0.179822291422378	2.53567241504883	0.194109757471492	3.37709127223642	0.198628461977311	3.79438438707627	0.218989224829621	4.27509369068276	0.243423863002498	5.09437807700233	0.273156422118145	6.45366886325391	0.319606328857534	7.60224746134575	0.380263162753156	10.5363317295547	0.39963742376976	12.528350440079	0.489324663730068	17.1016264929537	0.597628931384169	25.6663255619076	0.659236717908772	29.932060330637	0.695677709727397	34.2062838059165	0.747073464471801	38.4697235303585	0.776928713738467	40.0482093723643	0.839789784718083	51.2260959374256	0.990589665925782	64.0797797382198	1.09147044053431	74.7564790998855	1.1013896331763	85.4292385361473	1.27960132736224	106.772081426184	1.41093437680718	130.107762213131	1.53778102976554	150.606684549272	1.59552035624767	172.113407293682	1.74342537570416	192.137857475057	1.81898100508977	215.120397567764	
0.0042147180089345	0.00335197053113615	0.0197346160009926	0.0369281384077703	0.0178270870788592	0.0833144109937968	0.0267894228900917	0.0997543307134309	0.036572458074634	0.20606594965867	0.0406764229760044	0.246018979534624	0.0515434897437	0.298621960523421	0.0558801495219243	0.335385190951314	0.0581039256784225	0.380243872898194	0.0808363172532844	0.798349470921491	0.103850124449886	1.22855364369572	0.12552824263164	1.66653944549275	0.143489848441629	2.09405293675461	0.17937368931508	2.51514723063242	0.193945287409098	3.35059537907774	0.198521697954002	3.76380976689579	0.218527373191848	4.24154465917088	0.243176957737126	5.05549908664908	0.272710446838223	6.40460167007958	0.31936124103036	7.54292035351548	0.379966330020811	10.4533043259713	0.399209071613073	12.4281075395215	0.488895489931538	16.9686727511617	0.59706612120984	25.4668400011903	0.658500978896919	29.6974434214287	0.694948293807981	33.940268288919	0.746316670104652	38.170538030119	0.776128690331373	39.7151982378214	0.83888069451698	50.8264207361581	0.989621669376807	63.5802257835042	1.09033549098209	74.1734041406454	1.10027564646139	84.7638644675425	1.2781099733552	105.937720747087	1.40944656317073	129.106121106417	1.53613599375594	149.440132299459	1.59388084798118	170.777890785117	1.74192140550169	190.638398398824	1.81714322003983	213.457532365641	
0.0042147180089345	0.00335197053113615	0.0205724443744786	0.0350906281413945	0.0177314129515399	0.0828125081854519	0.0266968477277349	0.0978213562497126	0.0364006577482885	0.202850485862961	0.0407075732860367	0.243744078735025	0.0514320814562274	0.296300086143696	0.0557680796927427	0.332857523396204	0.0579812800032617	0.376609037477437	0.080892720840658	0.791379103858178	0.103623963789523	1.21869722452607	0.125482719229026	1.65338369984392	0.143332318499025	2.07773663168362	0.179142329339804	2.49589306863934	0.193727679217857	3.32342637256023	0.198269022234304	3.73488684722294	0.218309414020058	4.20879051143868	0.242980064956891	5.01444359554234	0.272260273135753	6.3543177040193	0.31889085275891	7.4833245591352	0.379452292377331	10.370907427741	0.39864037616097	12.3284020120641	0.488486871405993	16.8348025879998	0.596745569426185	25.2663001833687	0.65785579639264	29.4644824036794	0.694208860277339	33.6721107301016	0.745584529697119	37.8703765038676	0.775379983208636	39.3806150308471	0.837997713918128	50.4271292397731	0.988621650392417	63.0802992997764	1.08930037560998	73.5901578180597	1.09911638122347	84.1010757502822	1.27682766678447	105.104723524174	1.40808998674461	128.106327743603	1.53458309089282	148.270838236116	1.59221441127326	169.443357753144	1.74026877612847	189.138507188937	1.81530743130312	211.79289392542	
0.0042147180089345	0.00335197053113615	0.0205555836354203	0.0354414984477473	0.017626845370274	0.0825694111771509	0.02663510297265	0.0968125083946357	0.0363296902636132	0.20084572680483	0.0406584778218603	0.241297843693666	0.0512740637072139	0.293956791345773	0.0555725680696651	0.330286403824287	0.0580807531911	0.37322638673561	0.0807824296280559	0.784707691327117	0.103453538725407	1.20855034914227	0.125425621899489	1.6400066486788	0.143143455436501	2.060975852935	0.17895606532502	2.47587918029211	0.193402250129678	3.2967151110664	0.197781783005013	3.70510268704012	0.218000172121541	4.1748214534656	0.242711248613682	4.97412291791207	0.271985427261763	6.30380649526161	0.318551136419921	7.4221343405829	0.379041864262856	10.2869654654328	0.398173041312125	12.2291770470324	0.48794212273121	16.7002655979062	0.596071216007009	25.0658423219297	0.657219746833364	29.2311414063378	0.693534210121404	33.4064081374743	0.744801386805642	37.5709227827393	0.774622044420702	39.0473990053475	0.83716108066881	50.0282065471101	0.987830342561217	62.5805516299745	1.08819724421631	73.0072244198443	1.09787340272277	83.4341370598264	1.27570809718089	104.272352150002	1.40672098312838	127.108024496838	1.5330401763421	147.106252939487	1.590637486778	168.109554878035	1.73849574625725	187.642087949443	1.8134220375902	210.124083160263	
0.0042147180089345	0.00335197053113615	0.0194408921309978	0.0364989442404104	0.0176083965103111	0.0806115965953177	0.0266297068532601	0.0962040200882632	0.036430755841343	0.199729071090905	0.0405717205137703	0.240303482269511	0.0511251713187439	0.291309361534022	0.0555665056864718	0.327245606658767	0.0582193317553826	0.369872694303711	0.080580102659125	0.777530454246743	0.103303261477735	1.19928788091637	0.125095859539056	1.62706953099398	0.142870690486354	2.04422508590359	0.178914197331515	2.45572792187164	0.193262368857604	3.26989488483651	0.197543615763116	3.67434040536977	0.217788538163824	4.14020605765643	0.242493923206914	4.93503112036063	0.271777569403838	6.25416747005362	0.318168346804647	7.36194063713812	0.378759848258621	10.2035636701922	0.39783681116388	12.1285774499458	0.487177619885477	16.5668406069138	0.595223453903772	24.8668838897646	0.656518425382852	28.9979568711812	0.692874190615325	33.1421919356055	0.744185518669081	37.2721917678946	0.773915424655792	38.7148572573599	0.836316172429221	49.6279054971021	0.987010211917344	62.0802675183951	1.087140104145	72.4236726234686	1.09675665894961	82.7645012593227	1.27458743081111	103.437306017522	1.40543090114356	126.107217855112	1.53167339355787	145.94022223029	1.58896960238152	166.775856311049	1.73667861930393	186.145534599505	1.8116820766032	208.456136662414	
0.0042147180089345	0.00335197053113615	0.0187330218163046	0.03478582010152	0.0176237946150849	0.0789709118869933	0.026526172414324	0.0947244469017373	0.0363313759443847	0.197631339850796	0.0402329452601689	0.237914509011855	0.051128642177548	0.28843308831426	0.0555811990056123	0.323557831372924	0.0581218635129745	0.366848311697789	0.0803554110844524	0.771173072031395	0.103100830672161	1.18860153695684	0.124762984355146	1.61342833347618	0.142742098700726	2.02729177965622	0.178802754320284	2.43556339210512	0.193126564083402	3.24323694155755	0.197321860139237	3.64544472688094	0.217533056747556	4.10750778927605	0.242115713489715	4.89497680097405	0.271507585633237	6.20505743604288	0.317688435847159	7.30207475922402	0.378289565453659	10.1201758447896	0.397508782859249	12.0278139400938	0.486563009694857	16.4351553264082	0.594839217933058	24.6665396496743	0.656014805967912	28.7659029615765	0.692286041679964	32.87777084278	0.743669379528474	36.9720674945445	0.77318457202004	38.381354384521	0.835547458958015	49.2273585779462	0.986065650503218	61.5805571014944	1.0861681750749	71.845209573399	1.09567964684113	82.0977264816323	1.27351031811416	102.603280614536	1.4041462060915	125.107111567928	1.5302757147758	144.773923300205	1.58740201896439	165.444139598408	1.73496854249081	184.642588651719	1.80993165791721	206.788175263404	
0.0042147180089345	0.00335197053113615	0.0197268979965615	0.0322536596427971	0.0176369856141345	0.0789376534863186	0.0263534354590422	0.0940540620268809	0.0361006053303884	0.195220931623027	0.0400688628491291	0.234826941993013	0.0511064014959211	0.285739965490862	0.0555383946894734	0.319591008573915	0.0578193035454103	0.363830622972555	0.0803467422727958	0.764637981835718	0.103145146126138	1.17745698231237	0.124669219176462	1.60065815535493	0.14256867485941	2.01075288850047	0.17856517542686	2.41483378239329	0.192822927175183	3.21688260942348	0.197306998992899	3.61443098812738	0.217324438616067	4.07456644571525	0.241792469016561	4.85551433705552	0.271108448920213	6.15372060986201	0.317369301408246	7.24197558501607	0.377942202679851	10.0376792950485	0.397046437379025	11.9287174975713	0.486124312278966	16.3019408143077	0.594389729442618	24.4661581566828	0.65545335807117	28.5323309962474	0.691557510537371	32.6097287679563	0.74274747001832	36.6710267998244	0.772244375042338	38.0494571117244	0.834586835771257	48.8268749887223	0.985063319784106	61.081010597359	1.08522172789562	71.2734073420666	1.09451313965632	81.4300501837325	1.27220554414878	101.772131135524	1.40283502840466	124.108078164299	1.52885059916077	143.60914428849	1.5859582639177	164.111051979002	1.73329834337375	183.141043413018	1.80821883723006	205.121674178122	
0.0042147180089345	0.00335197053113615	0.0207012731948238	0.0314636944102313	0.0176302455744383	0.0781259476934342	0.0262794497972734	0.092672495984763	0.0359229003155839	0.194208933278453	0.0401544187962107	0.23191875642467	0.0509282091171036	0.282780397112289	0.0555147584035022	0.317211508612623	0.0578012183145284	0.360510254424946	0.0801861616171869	0.75836517534766	0.103052894300071	1.16774317190519	0.124563983715416	1.5866302261564	0.142214776156813	1.99361562261894	0.178341214693045	2.39434678220062	0.192496097989028	3.19052990710385	0.196978495879563	3.58435392700876	0.217305679226999	4.04160787268763	0.2414533909944	4.81522579005254	0.270995237650495	6.10349019484723	0.317194359784757	7.18149736253825	0.377466708161735	9.95411265572004	0.396580253647796	11.8293500401924	0.485708655227748	16.1679700683125	0.593715770048562	24.2663075175336	0.654810162939423	28.2976861473632	0.69069532614159	32.3412620100589	0.741859550330508	36.3711483956223	0.771310285730484	37.7156003363238	0.833552256162618	48.4269911712079	0.984113172375745	60.5803167038662	1.08429150839817	70.6871211827418	1.09339033143067	80.7619417521786	1.27074321201588	100.938590020253	1.40148233906869	123.110341161633	1.52730807502047	142.440654887813	1.58441431395184	162.779469376806	1.73148478708209	181.640615761353	1.80639489129601	203.456842022815	
0.0042147180089345	0.00335197053113615	0.0197470387686056	0.0332085107999944	0.0175442269484886	0.0765659751790904	0.0260841072521708	0.0906843333851624	0.0358897143541376	0.191829244142272	0.0401667174754566	0.229440012406235	0.0508647833662419	0.280391613029522	0.0552696659516634	0.314774062927644	0.0579130349985996	0.356474426447202	0.0802423305432853	0.751467684272349	0.102922292577702	1.15954054871886	0.124377717625522	1.5734582987786	0.142231457384009	1.97686997786144	0.178220151835547	2.37488377113011	0.192190506196886	3.16326078341432	0.196626465616707	3.55535347473526	0.216970108586026	4.00944651174601	0.241237355099783	4.77460755487382	0.27082333263336	6.05357316986392	0.316809887097873	7.1222182178183	0.377076215356265	9.87090643821082	0.396053456233106	11.72903170251	0.48514198890057	16.0343308731382	0.593000759154389	24.0676992626399	0.65413973134003	28.0648313003824	0.689947135064614	32.0742779176298	0.741075521041128	36.0714637065065	0.770616686242283	37.3824588166267	0.832611789139282	48.0273085193602	0.983247694905092	60.0810272447492	1.08309278342422	70.0960592014812	1.09233005407713	80.0960759452778	1.26947324844371	100.10494459686	1.39993015795126	122.11118109814	1.52565951726111	141.272940347482	1.58265829972808	161.449406692978	1.72981403785025	180.140024196923	1.80454798868536	201.789655484151	
0.0042147180089345	0.00335197053113615	0.0183748748428265	0.0328464209675335	0.0173219368109022	0.0757527996428378	0.0259716968063077	0.0892890958193368	0.0359145444836083	0.189091519700818	0.0403747877753982	0.226932411941272	0.0508680347123148	0.27743673036743	0.0551012340691931	0.311980211751821	0.0578436401161261	0.35238606605798	0.080110806837756	0.745663682263021	0.102884214231794	1.14924128568602	0.124221689766532	1.56031105144786	0.14208979090915	1.96108056851201	0.178002407062929	2.35590178814653	0.192187570863151	3.13577070345446	0.196373013558152	3.5250989966746	0.216574270052936	3.9751500939035	0.240919396193666	4.73458536611453	0.270452187600368	6.00426290150915	0.31634090227716	7.06223033665272	0.376700697362179	9.788018733007	0.395693614147153	11.6280828594745	0.484515933340467	15.9011387127784	0.59221960548633	23.8665876127846	0.653470591153265	27.8327047476203	0.689199018120915	31.8065524924665	0.740466334899587	35.7695773709289	0.769796214105508	37.0492986704789	0.831913198160868	47.6281213310985	0.9821412210819	59.5815403452558	1.08190598285715	69.5108086728101	1.09126201323605	79.4305379639078	1.26827417926486	99.2717611094409	1.39851736943226	121.109621947809	1.52439037402736	140.108220940409	1.58088438320265	160.116468085178	1.72812728007388	178.640356504444	1.80292358567984	200.121187445685	
0.0042147180089345	0.00335197053113615	0.0188821747077126	0.0302807474496315	0.017304311303397	0.0746564074699052	0.0259552164086594	0.0881102888784228	0.0358955327046297	0.188215421686107	0.0403931306421251	0.225402685581294	0.0508821790342569	0.274691453482331	0.055233248712699	0.308327361060867	0.0575669249467009	0.350126386560987	0.0797135123680479	0.739569049416556	0.102696562761728	1.13855447606523	0.123990870729595	1.54701618949605	0.141828634018901	1.9442097772895	0.177728166804693	2.33571420814738	0.19219607004899	3.10989600242355	0.196362424641677	3.49456395770166	0.216364765011316	3.94198290462908	0.240539164420902	4.69428797154751	0.270358503225602	5.9543048983345	0.315927868470516	7.00207155780282	0.376297092227498	9.70405907557071	0.395292056507713	11.5281957241236	0.48403106360839	15.7680788002179	0.591741954138767	23.6658913327778	0.652736826420128	27.5988086820506	0.688503512171665	31.5402240510988	0.739743597782536	35.4708798836953	0.768814083010376	36.7161012714299	0.831295132481493	47.2285839655655	0.981000927440568	59.0814648499232	1.08075856873094	68.9273239316566	1.09001486154291	78.7644039361183	1.26688577201984	98.4402092990954	1.39708169304392	120.109567814687	1.5231127649375	138.941758097558	1.57942052066288	158.779819088416	1.72640956520491	177.141031538655	1.80118843319861	198.455178098699	
0.0042147180089345	0.00335197053113615	0.0202315045256681	0.0293365028191424	0.0172539485223775	0.0735146569793601	0.0260177513465718	0.0857647821894898	0.0358810292065006	0.18545751373919	0.0401441547701356	0.223145916467208	0.0505408357532365	0.272971650014668	0.0551758016220454	0.305269130701731	0.0573121237072908	0.347006135942094	0.0796850067114666	0.731313573676634	0.102347365736378	1.12897011948977	0.123629788404174	1.53350304882618	0.141806935521281	1.9269998682506	0.177461049054143	2.31478739088974	0.191799903975561	3.0834224610056	0.196215591721778	3.46450063359036	0.215942310160821	3.90782245987601	0.240172764677244	4.65436822826657	0.270084940522037	5.90460440583951	0.315619448860016	6.9416897272069	0.37583734926417	9.61986472485677	0.394812674951859	11.4289297809006	0.483620117515639	15.6347469414786	0.59124068642098	23.4671638686003	0.652017910211033	27.3664940021374	0.687984038151135	31.2734485749165	0.739143074323392	35.1710424576845	0.767987255586544	36.3828293665784	0.830464980061516	46.8285176088352	0.980323941760711	58.5844589936507	1.07991459551325	68.3425949436026	1.08885836699549	78.0966456818358	1.26568311701623	97.6065042710597	1.39562963904539	119.109580736787	1.52142898301577	137.776129719695	1.57789094353641	157.445479771529	1.72468310731823	175.642734752941	1.79927992660882	196.790122425985	
0.0042147180089345	0.00335197053113615	0.0201659634369136	0.0299112033989489	0.0173200208067895	0.0721754733883318	0.0260453172208306	0.0852281876168883	0.0358325683586241	0.183486325947897	0.0400081613652478	0.221111646126397	0.0502499067735674	0.269604657132883	0.0548820764016353	0.302579704064626	0.0572472399825775	0.343280933132061	0.0797029656317359	0.724528365173892	0.102105569971475	1.11857690929668	0.123535369707706	1.52044683827279	0.141594861123633	1.91043129118919	0.177320034799042	2.29474952098735	0.191338009959692	3.05711842028818	0.195848864196217	3.43467991899822	0.215542071806673	3.8743232541195	0.239936493317087	4.61374207684633	0.269675240824014	5.85430553861874	0.315532469510141	6.88152489476055	0.375442961676413	9.53695280526715	0.394355626866467	11.3291553355759	0.482925770876575	15.5023445426246	0.59049011793059	23.2671549046209	0.651392791538277	27.1329835040952	0.687224032769967	31.0063732128794	0.738343722708337	34.8722406623275	0.767343297320463	36.0489502394372	0.829615718939528	46.428544384358	0.979443490540961	58.0871141359772	1.07886795635429	67.7586259147333	1.08791476647945	77.4281647212697	1.26463573426053	96.7707652346176	1.39427892218078	118.11030891459	1.51979926089464	136.61105268477	1.57633930011846	156.11352464032	1.72286015980835	174.149817286161	1.79719279520677	195.12415778248	
0.0042147180089345	0.00335197053113615	0.0188133241368972	0.0298442172983556	0.0172420630440426	0.0718613921409184	0.0258446358326744	0.0843325100011671	0.0357686449700948	0.1815264449942	0.0398385552843692	0.218691095214195	0.0501508555563542	0.266493865258439	0.0548708142611409	0.299240534443436	0.0572559796737145	0.340012282088718	0.0795718649387416	0.719041711316791	0.102036745724903	1.10878219024467	0.12350166839747	1.50730448038533	0.141335940309787	1.8939371035149	0.17707895042199	2.27496869610335	0.191143966045726	3.03077526402448	0.195361110219116	3.4054957633556	0.215474658176228	3.84132742819067	0.239672462717549	4.57331243448	0.269294416930919	5.80401319065569	0.315276034512718	6.82198265142577	0.37510986346702	9.45505602723565	0.393989990263151	11.2293082470938	0.482365704718995	15.3686420175182	0.589810981468579	23.0667789995646	0.65069689749523	26.8978208398841	0.686480063631434	30.7403707343973	0.737576834361509	34.571676804743	0.76656538801953	35.7153505090551	0.828670934051523	46.0288393807695	0.978439874052455	57.584509168652	1.07772097313358	67.1753795921477	1.08689216684596	76.7629620160106	1.26337647526349	95.9392134242721	1.39301519691593	117.10968853737	1.51836570203718	135.448851573819	1.57465101467602	154.779200224594	1.72114418644274	172.651267180718	1.79540083059897	193.457835511124	
0.0042147180089345	0.00335197053113615	0.0183364272573409	0.0285132900998378	0.0170790964302068	0.0712582734910101	0.0257978096145368	0.0819311821680694	0.0357758536440385	0.17992554522022	0.0396876094620393	0.216114373155181	0.0503029940201956	0.263965382796115	0.054887875386441	0.296885801840686	0.0571703330609325	0.337005914752993	0.079425752236759	0.711334784547264	0.101993345758134	1.09940319028716	0.123286083967262	1.49400391408302	0.141111514776151	1.87809810124073	0.176876538918088	2.25499438896365	0.191141881416957	3.00387308141192	0.195180654726469	3.37514512624368	0.215323131466215	3.80817979668938	0.239458582561121	4.53387418494727	0.269133018600333	5.75362119118189	0.314897017350508	6.76271794220503	0.37469298534998	9.37194946123719	0.393463196853149	11.1289498625426	0.481760425472559	15.2345967657206	0.589401489510962	22.86660984811	0.650011041366242	26.6645971891813	0.685979792003969	30.4725652154964	0.736880163502377	34.2715227290719	0.765747560920365	35.3830248278945	0.82768892009939	45.6262584532072	0.977449932898029	57.0838488027703	1.0765992783098	66.5916340806857	1.08567948356437	76.0977518601712	1.26209676977194	95.1074902505811	1.39161143777885	116.1087850381	1.51697718972772	134.28183738803	1.57319453713428	153.446008297065	1.71959628876948	171.145430407797	1.79363525921899	191.791334425843	
0.0042147180089345	0.00335197053113615	0.0194664468363542	0.0265154613910059	0.016874135942228	0.0699525956832036	0.0256930688567491	0.0811461136547453	0.0357515765208234	0.177133207443508	0.0396716834152391	0.21393953131994	0.0504117079478026	0.261398541487072	0.0546769556134048	0.293782082196708	0.0570467131466854	0.334018523113825	0.0793436696208598	0.704520763253738	0.101794788419201	1.08863570485218	0.12317244264184	1.47990636852534	0.140925181741629	1.86104814684643	0.17664916140912	2.23456908888862	0.190802578203891	2.97720512641576	0.195008378609277	3.34485525792686	0.214865971671513	3.7754608063827	0.239204725848738	4.49402382519484	0.268799492436537	5.70328879635003	0.314463565268433	6.70210560928284	0.374527712531249	9.28754276898632	0.39296395300398	11.0282180176567	0.481329703923591	15.1012043710168	0.588762434090567	22.6678749333522	0.649388931822926	26.4305539746517	0.685145370610691	30.2061380539405	0.736081548770118	33.972173316067	0.764884379785402	35.0494921527346	0.826905785601574	45.2266763841927	0.976621697268091	56.5827600285247	1.07552090829507	66.0089241998775	1.08435367995084	75.4314241172954	1.2606454029845	94.2734350452739	1.39017933529434	115.109371654879	1.5154425333831	133.111977080589	1.57153566572845	152.113129293906	1.71784824142848	169.644749436404	1.7917732098748	190.125548596264	
0.0042147180089345	0.00335197053113615	0.0199489175505678	0.0266777243330421	0.0169549759260722	0.0687293071775281	0.0255951835411677	0.0800187259038485	0.0355964869576754	0.175066631852424	0.0394809682882423	0.211151922915453	0.0502250601029501	0.258865373308267	0.0546360816699424	0.290975163401629	0.0568085544612824	0.330455515943223	0.079155123295311	0.698235034665571	0.101585926365571	1.07859721212784	0.122997526574369	1.46692105489957	0.140801800993946	1.84430040661323	0.176527426395745	2.21500642630736	0.190448979436651	2.95024729728201	0.194580541232332	3.3144978687266	0.214473490541759	3.74169640653567	0.238981307825714	4.45446729770074	0.26839834767562	5.65384255490583	0.313850908270721	6.64183786569689	0.37401879995009	9.20391745633844	0.392469985167057	10.9292957324473	0.480869091463009	14.9688615768047	0.588174992736191	22.4668638663302	0.648780073413719	26.1981498877756	0.684339994560885	29.9402957629336	0.735243295263873	33.6713077099827	0.764031550551175	34.7170323611296	0.826078486593901	44.8276344822458	0.975782496665226	56.0821816190256	1.0743980110378	65.425834339477	1.08334267847903	74.7639266333214	1.25930950551663	93.4397449183987	1.38889184246777	114.109958271657	1.51383169134175	131.944545662307	1.56988593993362	150.779743651291	1.71612662605832	168.143502220913	1.78988234157419	188.461461498981	
0.0042147180089345	0.00335197053113615	0.0189425182676127	0.0271116533295945	0.016736302171896	0.068132085690986	0.0255391371036427	0.0788701214615565	0.0354700064119171	0.173400714124292	0.0393131046522414	0.209496817259822	0.050227849006618	0.255987441170248	0.0545652523236899	0.287589020200313	0.0569224118361007	0.326476411328345	0.0790158032760339	0.690813383628631	0.101486163140614	1.06896407753486	0.122779434700731	1.45368381852933	0.140578842112926	1.82743729880159	0.176382021772511	2.19567123925414	0.190178775888448	2.92379866874175	0.194260584115405	3.28536284034745	0.214140777792172	3.7082409729381	0.238688202546043	4.4137461513824	0.268181177275865	5.60410574083215	0.313359584158778	6.58241669429105	0.373443256357914	9.12039738313649	0.392022479604875	10.8295929989575	0.480171344370221	14.8363576637949	0.587478388547998	22.2660874925858	0.648089505525906	25.9665690900164	0.683713946361298	29.6728795368504	0.734357532711234	33.3725953215886	0.763309360839382	34.3833022455932	0.825147113400019	44.4279630062684	0.97477899219736	55.5830039186123	1.07335440373255	64.8411053514229	1.08223423590414	74.0976808468283	1.25823005053758	92.6064049687949	1.387577140796	113.109784929252	1.51234718263753	130.777978511333	1.56834710394733	149.447043462058	1.71439680139397	166.64249342399	1.78801037000658	186.799400959524	
0.0042147180089345	0.00335197053113615	0.0182586788446337	0.0261057085814677	0.0165003687882913	0.0673271647282546	0.0253526125855429	0.0773774224481181	0.0354970916924418	0.170848846735307	0.0393106595608612	0.206662890111363	0.0502508183550346	0.253667633162387	0.0542306384390972	0.284513618582024	0.0569513711719369	0.323373884941359	0.0787478571984356	0.684991046206985	0.101171613818057	1.05851068062324	0.122758019904336	1.4404581072754	0.140400915198895	1.81045439962948	0.176146214091647	2.17541939800039	0.189751061521749	2.89675865039469	0.194173365590216	3.25487460033167	0.213972974660162	3.67414851472974	0.238321799542756	4.37385900439002	0.2678987500723	5.55437451469365	0.313214017278827	6.52150307853028	0.373051817084233	9.03756090067183	0.391675614489128	10.7284774491891	0.479524746351554	14.7016800439992	0.586891206176966	22.0670340655226	0.647300923061487	25.7328797780484	0.682927395387943	29.4075066323988	0.733403649456368	33.0752426640888	0.762366976179127	34.0505444307786	0.824241362651011	44.0289993354141	0.973777718866979	55.0819784742987	1.07237124057223	64.256748892381	1.08098567750063	73.4319715021126	1.25712191145763	91.7734151964625	1.38605141176597	112.109857455994	1.51083864384923	129.610696104656	1.5666816303783	148.111973988307	1.712454864788	165.143481382572	1.78619312134124	185.131260746589	
0.0042147180089345	0.00335197053113615	0.0190268969843937	0.0246070869388127	0.016674860705647	0.0663640862823758	0.0252324885717583	0.0758108142607453	0.0354453419807467	0.169933982420269	0.0393859885936071	0.203705693694859	0.050227932947892	0.250600555239213	0.0542461948236001	0.281290136681404	0.0565683849136558	0.319716290326266	0.0785888729490498	0.67867033481627	0.100930410115289	1.04901805931702	0.122448974380981	1.42726266400371	0.140261767459752	1.79448873749117	0.175812743754782	2.15636104656933	0.18949455299055	2.8697840574554	0.193915345941573	3.22482128793757	0.213855141489679	3.64057852846093	0.237860049576311	4.33474578642039	0.26751174946452	5.50445842103287	0.312948344757608	6.46111286603158	0.372644026277389	8.95453070312086	0.391090832968632	10.6281972957304	0.479179257148537	14.5686154748261	0.58632087255476	21.8677496704719	0.646591449313722	25.499363692071	0.682221036783269	29.1405653808061	0.732714034762738	32.7772865095894	0.761491737533814	33.7170788108408	0.823450022584291	43.6296184320661	0.972723860377618	54.5815714281453	1.07138959018244	63.675454621819	1.07993545227255	72.7656288580763	1.255845574717	90.9398368282909	1.38447094541564	111.11160636329	1.50929415319803	128.443681918868	1.56507129027927	146.78036158379	1.71070174370056	163.643515666882	1.78436140569725	183.462271167506	
0.0042147180089345	0.00335197053113615	0.0197497730505753	0.0240555857487571	0.0166683456713024	0.0655760637304008	0.0251432988666489	0.0741293187081014	0.0351967243288887	0.168642485453179	0.0393236833867863	0.201480152989371	0.0499489592455478	0.248188837339136	0.0544121464718175	0.279327752798406	0.0564138227701254	0.316922992123194	0.0785736653943401	0.671584309136216	0.100656744969104	1.03899551549102	0.122148995364403	1.41435162334974	0.139988032956237	1.77833855707654	0.17547643851565	2.13609314000193	0.189395082858648	2.84357757277303	0.193578832409247	3.19526763008102	0.213592847128619	3.60779760520598	0.237695462484522	4.29350403080757	0.267230024219154	5.4545288231954	0.312718933234357	6.40191055542038	0.372292661488232	8.87112704523521	0.390596873327347	10.5291930541384	0.478875172771959	14.435322731633	0.585624681018138	21.6673942545112	0.645947834024524	25.2666466808247	0.681600003098013	28.8730262201489	0.731943901586191	32.4750648979009	0.760643125450452	33.3833747723353	0.822786111613922	43.2292391509656	0.971575560228852	54.0819802205284	1.07031598607421	63.0928341479738	1.07878419862651	72.1000312720643	1.25449284563665	90.1062063060576	1.38301765409685	110.114897540697	1.50767308021728	127.27851547698	1.56345925040012	145.447557086433	1.70888010801674	162.146574886772	1.78258049062647	181.794592890546	
0.0042147180089345	0.00335197053113615	0.0191428982843352	0.0241998352395856	0.0165328160967089	0.0634509639770266	0.0250283670431691	0.0729367529319925	0.0352579439235459	0.165807990780052	0.0392469940657457	0.199850338561206	0.0497073259789633	0.245265590539247	0.0541571029721218	0.276356368265228	0.0565003146571068	0.313750354611967	0.0786009158725772	0.66510672810679	0.100531808633313	1.02870870889703	0.122045291087896	1.40092800605811	0.139772435004394	1.76062573387124	0.175441264103399	2.11494443515143	0.189257600111827	2.81778319831036	0.193327875756778	3.16507019552534	0.213247360335282	3.57475335050556	0.237579350680475	4.25408906433809	0.266783707813236	5.404325416534	0.312438197519241	6.34208565569763	0.371660404713782	8.78857834143244	0.390280292347976	10.4299168663674	0.478260426160047	14.3004541907186	0.584989175901271	21.4672623559579	0.645405781808115	25.032385536823	0.680810981561602	28.6073478419074	0.73130904568859	32.1729438690456	0.760000479775856	33.0522858874951	0.821806476713666	42.8301525455373	0.970570294141048	53.5822288254364	1.06914444426132	62.5096101771288	1.07749117784125	71.4469357597002	1.25327404052748	89.2748407602182	1.38162992686302	109.117384055438	1.50614127778845	126.111948326006	1.56174714822213	144.114931403002	1.70720887300703	160.65084110066	1.78057715790695	180.127376549561	
0.0042147180089345	0.00335197053113615	0.0183102517039953	0.0242416228811685	0.0164504321459267	0.0619240279466608	0.0250900867849695	0.0719219969996135	0.0352781618365696	0.163717695568273	0.0391474618291525	0.197002266951816	0.049541326035855	0.243163450069034	0.0540307329583498	0.27131139411816	0.0563449389654716	0.309997590475801	0.078284320891244	0.659193761361407	0.100469311536215	1.01930712436816	0.12203419311339	1.38685223016458	0.139533957681538	1.74433294469414	0.175345044231987	2.09488887012096	0.188987476960045	2.79053060559575	0.193152411309132	3.13483131711707	0.213060309152119	3.54214751588633	0.237107595573793	4.21498283128743	0.266318474781856	5.35456811336465	0.311991485260493	6.28219835736534	0.371076931913944	8.70476955824608	0.389916803715039	10.3290537050048	0.477476306779563	14.1676531858215	0.58437148988113	21.2685646941013	0.644780163311993	24.7993257988856	0.680056624387018	28.3406338330121	0.73048933586841	31.8730878165842	0.759079710646948	32.7216514880497	0.820747079474199	42.430607729424	0.969736848791566	53.0832150377884	1.06795177048013	61.9262483705494	1.0762113653289	70.7890867771409	1.252060427629	88.4415753164168	1.38015765435775	108.114945736638	1.50453713253269	124.945761154625	1.56016324456427	142.782708050905	1.70551180803342	159.149653489811	1.77877832887551	178.461486411859	
0.0042147180089345	0.00335197053113615	0.0183804523678602	0.0225459064700431	0.0164742595061874	0.0623927851316686	0.0251307538787827	0.0699762022991879	0.0351330378251723	0.162040019893195	0.0392088853077839	0.194402669283149	0.0494206465005237	0.240330847144798	0.0539977745117333	0.268930293446269	0.0562566221693712	0.306408215236058	0.0779050922256163	0.652066291828751	0.100360080992349	1.00885023499705	0.121820883816927	1.37353769402431	0.13944288937439	1.72733141907142	0.175114911300401	2.07473295508784	0.188701864086088	2.76356113493037	0.192894858119223	3.10466089091477	0.212771258318339	3.50863038217111	0.236861970553914	4.17467006989867	0.265910313800442	5.30479823734114	0.31152960238852	6.22167682838985	0.370873627807276	8.62096170638224	0.389394511957485	10.2291535311385	0.476885160315395	14.035525527114	0.583817927949539	21.067546176499	0.643922193692163	24.566018329155	0.679414273027742	28.074813893746	0.729758612974585	31.5723935738454	0.758202508209032	32.3850864267308	0.819899492296861	42.0298112158299	0.968678400732904	52.5832289494187	1.06693861075837	61.341724273452	1.07504053664436	70.1100557949507	1.25092108160005	87.6068793612088	1.3788144637903	107.11317051948	1.5028787911307	123.78038609649	1.55848361273257	141.448249524734	1.70364400094437	157.646036989803	1.77708966940267	176.794389280158	
0.0042147180089345	0.00335197053113615	0.0190063538603544	0.0208545456288377	0.0162887872680024	0.0617459707203838	0.025047231995512	0.0684599073563275	0.0349176818454688	0.160097368406309	0.0392015425292136	0.192797142000347	0.0493486528337027	0.237219225811226	0.0539441215332144	0.266584466615216	0.0560654324884101	0.303818672940337	0.0777666932203394	0.644529447836334	0.100365758672395	0.997548170429622	0.12170825890495	1.36064469774437	0.139264232620689	1.71082570628081	0.174655320820696	2.05495213020384	0.188351681162678	2.73655091890429	0.192574074581566	3.07469512283853	0.212391448740284	3.4754797238716	0.236739398651186	4.13391772427556	0.265731167657139	5.25453289773147	0.311215869271307	6.1621341193938	0.370562475562484	8.53788401138222	0.388963112300868	10.1298270519509	0.47649312982365	13.9017578094305	0.583098179888902	20.8662873776839	0.6432181413361	24.3328580083842	0.678724260368297	27.8081222365914	0.729167568429317	31.2732639529577	0.757431479723025	32.0508906499292	0.8189144738166	41.6299907282477	0.967655951103272	52.0825089788951	1.06577170856464	60.7598525829212	1.0739313109727	69.437998555868	1.24954915329313	86.7742472167281	1.37760120579576	106.112646999803	1.50141422201957	122.614511849478	1.5569338225767	140.115951666834	1.70194993144758	156.146726925175	1.77524675845221	175.132760874355	
0.0042147180089345	0.00335197053113615	0.0190938850533054	0.0209312687792457	0.0160045342795924	0.0598311679599438	0.0250116022458047	0.0677807331250906	0.0346775422442187	0.158153625525833	0.0390223868165155	0.19037596535582	0.0492811050360181	0.235123648254469	0.0539814022886618	0.264396004187968	0.0560999362291097	0.299841780216468	0.077772759203687	0.638439296979546	0.100172732961741	0.988307821113824	0.121643688337464	1.34696671298662	0.139096270101531	1.69424327579676	0.174389753893949	2.0344332322145	0.188011396207559	2.71060543736107	0.192220767737392	3.04481806323331	0.212223966640986	3.44272441198624	0.236419329400122	4.09453535409465	0.265458809808503	5.2041525397893	0.310927600422559	6.10260724288077	0.370215201450586	8.45450084259223	0.388575192704773	10.029983688759	0.476118482307732	13.7692380639376	0.582404708212924	20.6682919330152	0.642640049526201	24.0997423910949	0.677901104896106	27.5404489654898	0.728458637086809	30.9729329260058	0.756834076063585	31.7175814921766	0.818032877948901	41.230494340906	0.966800619262868	51.581807634822	1.06461012239218	60.1771166250821	1.07276630363052	68.768966252364	1.24828041985256	85.941942897778	1.37619822576823	105.113047352075	1.49994479671895	121.44717728874	1.55540367596393	138.782759739305	1.70005677946815	154.646448285115	1.77317571807493	173.47414250297	
0.0042147180089345	0.00335197053113615	0.018290090670231	0.0212156522975727	0.0159007146824158	0.0589294403857538	0.0249032699421799	0.0665313348467567	0.0346614503681583	0.155363339569071	0.0387884480322876	0.187814944812592	0.0491938974130918	0.231811225052198	0.0538863746352734	0.261976835707648	0.0560047523609119	0.29671102311528	0.0776028941263702	0.631787500429281	0.0999247174899744	0.978720786986092	0.121418803100092	1.3334510111798	0.138846225254594	1.67766515267941	0.174353290039395	2.0148102664994	0.18781212570256	2.68423224594576	0.192105309683948	3.01478174747539	0.211997046842156	3.4086270643346	0.236085804543075	4.05555857487571	0.264873704190601	5.15486182920767	0.310572771110479	6.0424801289969	0.369798699905101	8.3699022979001	0.388162050556256	9.92998106941438	0.475619503579945	13.6362964293385	0.581867377487619	20.4686703992085	0.641974509189327	23.8657233909512	0.677069521641442	27.2751989956123	0.727679038352132	30.672143688369	0.756092351214636	31.383661386844	0.817303202341982	40.830651501583	0.965861635647339	51.0831626508961	1.06364533067854	59.5932183767252	1.07158260396319	68.1004107859955	1.24700073075229	85.1100558113216	1.37458245601744	104.113127329398	1.49828102293566	120.281556361457	1.55376068197241	137.450268166319	1.69833873502158	153.145871621846	1.77121682218399	171.803662807838	
0.0042147180089345	0.00335197053113615	0.0180262556682151	0.0197572939834527	0.0158023615129357	0.0579331180911148	0.0246453257888394	0.0652816455301321	0.034691378299845	0.153943538371507	0.038818737781342	0.185050706782851	0.0492015210450881	0.228334481630973	0.05369759071187	0.258067085517454	0.0556737352528422	0.294047644405196	0.0773923428282053	0.624999032297683	0.0997803865506923	0.969112390647819	0.121216858191703	1.32017943229125	0.138507486652918	1.6612672404717	0.17415156680325	1.9947744920727	0.187684811589656	2.65679594986203	0.191978873386231	2.9853885099247	0.21168895389593	3.3745371672632	0.235668281671365	4.01527934109804	0.264549568799732	5.10384491231598	0.310178775970388	5.98292857243681	0.369366550498865	8.28716826091379	0.387725543028952	9.82943735167961	0.475131993653138	13.5023536230193	0.581167772496589	20.2706172125429	0.641209752159587	23.6325220919891	0.676325218641229	27.0079876604858	0.726828819294906	30.372699280466	0.755106520673397	31.0510786606651	0.816516023174244	40.4305888701428	0.964762937977673	50.5832212660078	1.06258153679346	59.0102663520591	1.07038971025609	67.4328462467993	1.24556082157249	84.2796588409138	1.37288267870593	103.112000312721	1.49669379348395	119.114467669866	1.55215053138006	136.121308168368	1.69668870300225	151.647291714082	1.76938433860633	170.133257618509	
0.0042147180089345	0.00335197053113615	0.0185122851917336	0.0184375153704597	0.015739053289525	0.0566427961911237	0.0245754079221699	0.0641493901638225	0.0347562101251596	0.151366525274202	0.038798486588093	0.182926330987225	0.0493038599881649	0.225852856333459	0.0534859757880207	0.255093663716242	0.055734659613879	0.289618012516247	0.0774107372058078	0.618406723974046	0.099648880127023	0.958588096808576	0.121111240221921	1.3077028535977	0.138385285172076	1.64409551565655	0.173880719641289	1.97476200070926	0.187568091256511	2.63028748384919	0.191697686977892	2.9550816449717	0.211458289411998	3.34150688240074	0.235339384893808	3.97549650222906	0.264406383879122	5.05321775390326	0.309779841566832	5.92274744184618	0.368792754184257	8.20436530606023	0.387248933636239	9.72973461818978	0.474601007204833	13.3688923104482	0.580476580145307	20.0725658885224	0.640662333444209	23.399629992107	0.675763133597648	26.7398599039894	0.725860170962503	30.0729307723225	0.754032347197904	30.7174416773817	0.81546756557573	40.0307870090111	0.963614584929784	50.0841590495883	1.06140524311957	58.431359992465	1.06923441678301	66.76671966959	1.24419651742725	83.4480921294079	1.37148792883422	102.111953630179	1.49522015326764	117.948355004287	1.5505423189864	134.791156077578	1.69490096300153	150.147907143651	1.76751754036101	168.464938591648	
0.0042147180089345	0.00335197053113615	0.0187660851731577	0.0179279255132606	0.0157177389766369	0.0560546696511673	0.0247167479019102	0.0627401209144045	0.0346908849389908	0.14978220013088	0.0387008722429988	0.181362975152751	0.0492501274004826	0.224303121090992	0.053389484878436	0.251390899958425	0.0557024350465431	0.286719329348098	0.0772567399618111	0.612238167401732	0.099418409483307	0.948630512729069	0.120758550140283	1.29439553520705	0.138139895960136	1.62643577783548	0.173611214392925	1.95497279392248	0.18735062659663	2.60395690043966	0.191494928981257	2.92492984522002	0.211216919180048	3.30866844997954	0.235110377849751	3.93498676612512	0.264213497805783	5.0039275089829	0.309428466632054	5.86218260637304	0.368347716749121	8.12090856279035	0.386747818271068	9.62952803921101	0.474031987699078	13.2360475333923	0.579707390351847	19.8700498042913	0.639921191053012	23.1667509307405	0.675150962829143	26.4723673094587	0.724939819912996	29.7722216284233	0.753130013459711	30.3843523117462	0.814360452646855	39.6309143673672	0.962426772797868	49.5840574772248	1.06029610464289	57.8493802685207	1.06810777909862	66.1005260371586	1.24275485828651	82.6124574010892	1.37025085559426	101.113113941636	1.49366019897129	116.781363170239	1.54881106500363	133.454507080816	1.69301063636376	148.64665992816	1.76552786049286	166.79761794254	
0.0042147180089345	0.00335197053113615	0.0182742822291917	0.0178647529237707	0.015779003280233	0.0550468222402149	0.0246609855446929	0.06102445019047	0.0345041949212317	0.147670760987278	0.0387729521502966	0.179064718530321	0.0489531665136913	0.222138043590406	0.0532513328016935	0.248205980631329	0.0555636057062021	0.283485835730276	0.0771380501142243	0.605424844600105	0.0992747347568227	0.939281198677216	0.12060756730808	1.28082022875828	0.137981463891918	1.61004578186927	0.173482317753407	1.93426681651986	0.186929750646397	2.57674482025512	0.191249617392158	2.89512519594153	0.211029040016191	3.27524747531559	0.234770883171332	3.89431730820722	0.263891528863312	4.95398347564621	0.309110970980362	5.80161171730345	0.368050414927056	8.03802458287665	0.386296247270469	9.52955242821977	0.473445987065726	13.1024837753429	0.579115452746694	19.6685265098775	0.639188770817892	22.9330523055471	0.674340070578996	26.2071173395811	0.72419402628156	29.4721681355854	0.752294835794745	30.0504545581544	0.813573612984032	39.2297304236004	0.961681038422066	49.0833226055407	1.05926196345457	57.2632133184797	1.06691573453653	65.4335649949621	1.24163368129002	81.7779700621279	1.36886843232982	100.112582971379	1.49209402722363	115.612881220143	1.54701827260684	132.119333298942	1.69120494637766	147.144876270891	1.76366250125734	165.133098711603	
0.0042147180089345	0.00335197053113615	0.0178066816114185	0.0167944150443222	0.0156140016225205	0.054330511523079	0.0244918957955973	0.0602617916255332	0.0344509489816108	0.145802018674326	0.0386638230972982	0.176687867017475	0.048828139680986	0.219577415948869	0.0530985963851085	0.24534530706395	0.0554511319536885	0.280449928008041	0.0770372946552799	0.59889283941031	0.0992177938603708	0.928887289992226	0.120542601539682	1.26654677965768	0.137772551014276	1.59369431937276	0.173267594275631	1.91463046304338	0.186798926882195	2.55029898568244	0.190997532881855	2.86483765593104	0.210806442412681	3.24112917290701	0.234470661204739	3.85427719148923	0.263474315356601	4.90378938221011	0.308860695514722	5.74186504867324	0.367808379343764	7.95499624797074	0.386048162578257	9.42970813370532	0.472992615134685	12.9682215253957	0.578544110964889	19.4679550270898	0.638496101674262	22.6997466984616	0.673628113631329	25.9415898355896	0.723548029577328	29.1723158084142	0.751477405942495	29.7164301446984	0.812709385060034	38.8293585930802	0.96064696106999	48.5829192846774	1.0583469527924	56.6794529058573	1.0657010472292	64.7656577290748	1.2404337890432	80.943922307401	1.36738266295224	99.1132366433797	1.49045384963869	114.447766932317	1.54540633703582	130.785485720352	1.68959844344425	145.647562961769	1.7616513797183	163.466463515876	
0.0042147180089345	0.00335197053113615	0.0181671904192283	0.0155791018973077	0.0154126694839918	0.0531211273717438	0.0243316705210357	0.0595301213626034	0.0344955561258085	0.143109245096878	0.0386343216065831	0.173843258763745	0.0487352014294267	0.216727860044197	0.053135942178886	0.242506461368378	0.0552389023307454	0.276802286902491	0.0768835893023316	0.592079109155075	0.0990544256922656	0.918657294072583	0.120451340055854	1.2537507573362	0.137431075523302	1.57738045902341	0.173094729882702	1.89477082499024	0.186482989490294	2.52416770529441	0.190642100838139	2.83574896084778	0.210379274872039	3.20862089432283	0.234219151826885	3.81369085410716	0.263033392169876	4.85422346582075	0.308498774917545	5.68216494616956	0.367266734266485	7.87127780306981	0.385595409074471	9.33018887075397	0.472336909261425	12.8359467177284	0.577885326933803	19.2686911211348	0.637835655145103	22.4670855665671	0.672790168439384	25.6740208726114	0.722834270488501	28.8725137726595	0.750696030902125	29.3833817572543	0.811867295960078	38.4304247245468	0.959600705135625	48.0837937383257	1.05738126983798	56.0953721182844	1.06434988579738	64.0982496520637	1.2389829038252	80.1095988812052	1.36597550004652	98.1145385158619	1.48879146468437	113.281900135886	1.54367248000062	129.452129880057	1.68798768360997	144.147343926351	1.75980639470665	161.802838354568	
0.0042147180089345	0.00335197053113615	0.0182431676592145	0.0152347799524967	0.0154367035509369	0.0515228178385518	0.0241165966967854	0.0570396521390296	0.0345316318269651	0.141602641729099	0.0384342528722511	0.171368516521807	0.0486152941496877	0.212993911533527	0.0531034447253038	0.240062903879293	0.0551974148901782	0.273309128921668	0.0767767236949843	0.585257695488965	0.098743904578505	0.908849070843886	0.12014865509317	1.24061433662988	0.137282738607648	1.56008335491261	0.172870622651843	1.87574879513786	0.186210739392742	2.49772093939921	0.190196887927214	2.8063429176123	0.210134345241616	3.17499665851662	0.233944793532265	3.77422000828586	0.262945384593298	4.80434089977107	0.308081574810249	5.62274191211866	0.366887425053185	7.78764876513181	0.384995608970428	9.23002792657919	0.471694068375565	12.7023512947129	0.577309873240585	19.0683114907883	0.63730477068838	22.2325599269669	0.671873172217486	25.4079755532929	0.722174346434296	28.573237002812	0.749904796278504	29.0511585215721	0.810985024676874	38.0308612819829	0.958565118255169	47.5848432806098	1.05614269600403	55.5117160137853	1.06327452727541	63.4331289031873	1.2377788249749	79.2764898995889	1.36451092471862	97.112435473173	1.48712865553008	112.115727865665	1.54204601337597	128.11807368522	1.68604255185161	142.648451094217	1.75817420761389	160.139451611828	
0.0042147180089345	0.00335197053113615	0.0179032749322055	0.0149255936053358	0.0156339650531073	0.0502375672807769	0.0241651822200186	0.0554903498160201	0.0344762868623331	0.140260518651334	0.0381606576087194	0.169742092689729	0.0484659048336839	0.210768283516552	0.0528890704701916	0.23739795356244	0.0551056678467618	0.269916175424348	0.0765107403738978	0.577997687118703	0.0986760865153847	0.89808746438237	0.119691129472026	1.22746976685141	0.137102763432963	1.54311943143705	0.172662831921869	1.85499706651593	0.186047970050522	2.47013400189619	0.189805695267691	2.77560997260166	0.209971745813387	3.14116310797171	0.233660637750329	3.73495335492934	0.26269205078945	4.75471398175597	0.307597203737299	5.56200245367107	0.366689770736349	7.70418643392674	0.384518201282928	9.12921319398808	0.471118552449548	12.5685323542902	0.576614882274808	18.8673190502169	0.636566045961116	22.0005153305875	0.671178888818294	25.1407902951972	0.721301546657929	28.2722261104129	0.749031397111696	28.7174880106776	0.810059054807035	37.631726247783	0.957676796370117	47.0843505527836	1.05497307413591	54.9274824893174	1.06236878579046	62.768045407212	1.23646051736743	78.444252635861	1.36306393478078	96.1118299971129	1.48554809753197	110.950136740703	1.54039289722352	126.786759303912	1.68403617225188	141.148127750676	1.75638615814652	158.470357724622	
0.0042147180089345	0.00335197053113615	0.0176672587908571	0.0149482500267755	0.0155224229604089	0.0492537450807253	0.0240904972394044	0.0542807619378814	0.0342379908548696	0.138070731999864	0.0380069590267725	0.167408125669024	0.0483922642480314	0.208209693143051	0.0528430534957049	0.233725399579202	0.0550969001926717	0.266643246118131	0.0763397460592253	0.571269580328606	0.0986847781124491	0.888478544175174	0.119547625768386	1.21413648784522	0.137083299579837	1.52630044503029	0.172591817431618	1.83527247022969	0.185825940454822	2.4439780414611	0.189648218136914	2.74512312956966	0.20967994814844	3.10782944479498	0.233241934587324	3.69510835028146	0.262065154608761	4.70496133519928	0.307375603618134	5.5019931520873	0.366171133651549	7.62230921366838	0.384061325436916	9.02999009160139	0.47063518138721	12.4364019016151	0.576063378385666	18.668457475595	0.635732787801339	21.7679305671405	0.670597515886236	24.8745475355023	0.72048310273214	27.9733535345436	0.748210463149518	28.3843986450421	0.809052362439333	37.2326396423547	0.956669336266767	46.5838019456055	1.05388046637886	54.3439046159109	1.06110311648829	62.1006410554911	1.23498329182075	77.6095790323937	1.36165477928711	95.1148678547917	1.48414552407932	109.787309781011	1.53868280327969	125.4522411731	1.68223659540895	139.64887729069	1.75450760501539	156.801353244378	
0.0042147180089345	0.00335197053113615	0.0177642183989932	0.0139640285585688	0.0154427044159156	0.0483575872518244	0.0239143671678381	0.0534354885161384	0.034079552776694	0.135383255319307	0.0379893524578602	0.163848610957912	0.0481989670568376	0.206231622296182	0.0528952572446238	0.230099891935664	0.0550642199670341	0.263753672448482	0.0764152280748052	0.564508819042286	0.0984985890662098	0.879083653526991	0.119520538772209	1.2007893554164	0.136946217552006	1.5101413006363	0.172496698595949	1.81557523154279	0.18554458432749	2.41764210294701	0.189548475828904	2.7148171959392	0.209450870809892	3.07484386341398	0.232865556432387	3.65492830235328	0.261521325815741	4.65444872945779	0.307184713753261	5.44183577022119	0.365654940633675	7.54100242845988	0.383515633655375	8.92989527132627	0.469952845506104	12.3043999714491	0.575454723851665	18.4681206860849	0.635083677228726	21.5333229711575	0.669827609943624	24.6087071071405	0.719749532144912	27.6738513846438	0.747466685790755	28.0505400069966	0.808167666414145	36.8323125153159	0.955616993397216	46.0841548586369	1.05272733550073	53.7607439749981	1.05983191384945	61.4340003882451	1.23358009099972	76.7758963560987	1.36013398467767	94.1156183843359	1.48241580820469	108.621726106629	1.53701210471742	124.119399422842	1.68049213091248	138.148747662235	1.75239053479391	155.13464354285	
0.0042147180089345	0.00335197053113615	0.0179134405640169	0.0133136930387133	0.0154886930832937	0.0477657390597251	0.0240122936489723	0.0518774841482357	0.0340126537266745	0.133621411370546	0.0380571379290716	0.161293716770703	0.0481401705510746	0.203025122479827	0.0527451934720856	0.227797618984821	0.0549897825548827	0.260068400091939	0.0762159658381806	0.558516573466505	0.0983233534037514	0.869294289579534	0.119344011019004	1.18800474179592	0.136791440377751	1.49358215321551	0.172168825170169	1.79511745159451	0.185316097031265	2.39012478180314	0.189247632466414	2.68553851105975	0.209102573319942	3.04262173367726	0.232714059271502	3.61466396973609	0.261320620384241	4.60377127962843	0.306677125652478	5.38134544055048	0.365494025205524	7.45849656549351	0.383020389772645	8.83009102368062	0.469305050362485	12.1703249173306	0.574824224122167	18.2679571225655	0.634340939310242	21.3004830253372	0.66915863431287	24.3408289450822	0.718897562829886	27.3737196607134	0.746644489790442	27.7187023388419	0.807471736733651	36.431523452302	0.954615138156117	45.5821273112806	1.05154320170891	53.1783842714613	1.05876854416152	60.7672256105547	1.23226621985213	75.9447692288271	1.35865340080525	93.1144392135971	1.48090521174647	107.452283031682	1.53540262866455	122.788241503719	1.67860338484554	136.649884632422	1.75043676208518	153.467501707667	
0.0042147180089345	0.00335197053113615	0.0176644917086104	0.0130604947279869	0.015485344788	0.0471426406311573	0.0240881517111384	0.0504512037107237	0.0338823127571575	0.131906206307877	0.0379997459028632	0.159958578611916	0.0481167838580991	0.200423429335466	0.0525922563860443	0.22466990323377	0.0548632354472106	0.256794364840217	0.0760640337990883	0.552159598704763	0.098251139500977	0.85929008116585	0.119169100900357	1.17495993994352	0.136658459120386	1.47734256583795	0.171739040583968	1.77513720727369	0.185085048787127	2.36320583538503	0.188891171680871	2.65536855051872	0.208809374998225	3.00965221760991	0.232394276649514	3.57468904559522	0.261308312223028	4.55404890105397	0.306280502881778	5.32305908564791	0.364890586409602	7.3742589082819	0.382486191137435	8.73102531480157	0.468797106793423	12.0360822251565	0.574200052298842	18.0681791265737	0.633575911507193	21.0677157226743	0.668499788983375	24.0739659245821	0.718155870492786	27.0735804862027	0.745771788949674	27.3848697778272	0.806478089602102	36.031587480726	0.953577642375791	45.0818022215098	1.05029339976557	52.5955961595606	1.05763240148623	60.1005849433087	1.23088122084611	75.1109673432482	1.35721760893291	92.1155399204127	1.47949180009137	106.284151258857	1.53357539792045	121.456390680634	1.67685101705254	135.156028392531	1.74871751533045	151.801596668805	
0.0042147180089345	0.00335197053113615	0.0174161217456298	0.0115658457580005	0.0152549049528611	0.0459719172787687	0.0238635949741426	0.0495666546716448	0.0338813796912637	0.129868181573114	0.0379119805239415	0.157676241783989	0.0479435847638229	0.197553224264066	0.0524986443808084	0.221736673820509	0.0548433274084977	0.253512180516354	0.0760501228491321	0.545749946012397	0.098101005642059	0.848593725489119	0.11884783929443	1.1611435373747	0.136238325725272	1.46089482787486	0.171562341991286	1.75496604183413	0.184870093060792	2.33679702088294	0.188521962369817	2.62535458650153	0.208521017787307	2.9760200655622	0.232059674272619	3.5351187810938	0.261003221878271	4.50357541085875	0.305936307047083	5.26346282560636	0.364189610686229	7.28995745547696	0.382082854369193	8.63073957340771	0.468201979548062	11.9028351167675	0.573441514553919	17.868281921298	0.632952681673039	20.8335067327343	0.667775832081092	23.8079299184889	0.717296663963147	26.7730613320997	0.744859551352577	27.0507745838589	0.805398211595458	35.6322140279583	0.952538333324956	44.5836936793614	1.04921686015768	52.0104983677845	1.05625560246681	59.4348942250436	1.22947028633987	74.2773144692742	1.35569689851504	91.1154485343894	1.47773715432371	105.117755471229	1.53196214653615	120.122058814327	1.67501878333689	133.655928566398	1.74680731939136	150.135244595128	
0.0042147180089345	0.00335197053113615	0.0174857341117112	0.0112056335772622	0.0149407586088434	0.0451311549505322	0.0236936364553335	0.0483967462264703	0.0338097760463301	0.127403814846242	0.0377857563232677	0.155720609989336	0.047703930720695	0.195301373697094	0.0524501389167621	0.217937911082491	0.0547181744557986	0.249939016109406	0.075857342477946	0.538603675406159	0.0979840478565636	0.838102202561413	0.118550693174868	1.14718836774885	0.13613040237123	1.44418725092579	0.171493580830189	1.73544552159737	0.18465929953729	2.30969343977319	0.188207051711586	2.59577717992045	0.208218824216633	2.94205356872607	0.231867708578806	3.49481463443844	0.260475720962821	4.4534930761263	0.30551762088947	5.20298413746728	0.363755330361551	7.20579523539031	0.381618352498855	8.53046966449688	0.467596104645166	11.7701989559583	0.572621609572067	17.6681481600996	0.632230394905675	20.6007915841331	0.666955341576814	23.540891809353	0.716467085301791	26.4718492740341	0.743793447659155	26.7182943031583	0.80457825746329	35.232482947339	0.951468847650206	44.084944387312	1.04810900495329	51.4270546048224	1.05498467948666	58.7700044441547	1.22828257243377	73.4442650922999	1.3542404460546	90.1139713404409	1.47614260421088	103.951113814453	1.53031113100507	118.787928113688	1.67315455015166	132.15295281629	1.7447463142244	148.467223591477	
0.0042147180089345	0.00335197053113615	0.0174382907058272	0.0104287095886057	0.0148642596901541	0.0438710537390562	0.0235382474556054	0.0470507996331608	0.0336900703455392	0.126201550219094	0.0376902477072514	0.153563594249404	0.047441147204244	0.19242310686504	0.052443586596775	0.215249008314309	0.0544039872285408	0.247233349535678	0.0755824090217478	0.532169284459079	0.0979679773354473	0.828277157319511	0.118433135786439	1.13359792730897	0.136028042194019	1.42869132458875	0.171261578582851	1.71579286997661	0.184351950447127	2.28408113886521	0.188093586959121	2.56627148517422	0.208020293228335	2.90828521075829	0.231451935336255	3.45522900311527	0.260058747542339	4.40317185716481	0.305011393119188	5.14253292334284	0.363455175965374	7.12187841879042	0.381098730645223	8.43115529250221	0.466931380752111	11.6371548758809	0.572127565713146	17.4676679469199	0.631682105252348	20.3675139167235	0.666246037917694	23.2738425243468	0.715877966848029	26.1716486322364	0.742968876704783	26.3829213346783	0.803683762763349	34.8323718871272	0.950420312763675	43.5858709950221	1.04693597596375	50.8450599797175	1.05374397796489	58.1075808053262	1.22714841515214	72.6122513459793	1.35268908800514	89.1156755442562	1.4745795531098	102.783257713097	1.52868450866327	117.455429090121	1.67139140227073	130.653210618008	1.74285614206996	146.800722506195	
0.0042147180089345	0.00335197053113615	0.0174022588352473	0.00922327059772571	0.0149218298998379	0.0434243572564868	0.023316261787743	0.045466663664728	0.0335742809987937	0.124489270091246	0.0374274304827438	0.151022407965689	0.0474703303252537	0.189356465499302	0.0522532521580668	0.213201990496363	0.0543062685680436	0.244439411048366	0.0754521885770201	0.524701358333911	0.0977035508364658	0.819091348579399	0.118256910296888	1.12006441395875	0.135585037026904	1.4113138939097	0.170965327187807	1.695164192344	0.184069660238175	2.25799106949914	0.187993683564321	2.53530268273276	0.207777096649529	2.87552035281699	0.231207656374358	3.41509808245057	0.259682166402748	4.35365297256324	0.304664087627514	5.08220091850229	0.362959438205173	7.03838162865173	0.380608581743095	8.33042344761631	0.466251975358987	11.5031329071466	0.571409419643755	17.2685791296005	0.631110597668964	20.1390418735706	0.665478859714136	23.0080095465653	0.715147187460755	25.8737930605703	0.742175531884649	26.0490626966327	0.802824018237877	34.4326408065078	0.94950289561626	43.0852925855231	1.04570601811511	50.2616460190764	1.0525075208992	57.4390923941799	1.22557725412277	71.7847004972244	1.35107778153631	88.1165974371459	1.47288391720954	101.617934809024	1.52684024189885	116.121134476716	1.66950657134421	129.151575972344	1.74088976484729	145.136844025159	
0.0042147180089345	0.00335197053113615	0.0172817961101493	0.00877003871391343	0.0148410503810235	0.0417692588768134	0.0233671171831117	0.0439560075887507	0.0333764642606601	0.122231933452494	0.0371964345396159	0.148591554297995	0.0476424331640961	0.187273067895013	0.0520844377042902	0.209686378911409	0.0543856483243112	0.239628504446629	0.0754187416750002	0.518109864917488	0.0974469602702798	0.808853261795273	0.118067869564205	1.10735407331007	0.135280527830308	1.3936824450105	0.1707991417078	1.67445379115936	0.18377425951609	2.23112939941666	0.187595383321555	2.50515973054511	0.207273820674109	2.84239460739517	0.230929312735064	3.37455342175174	0.259492508683453	4.30391150187691	0.304388358743317	5.02232991831428	0.362550084560464	6.95506365243887	0.380176884173849	8.22952862128759	0.465768296418868	11.369533758841	0.570628630384757	17.0683708625997	0.630130159691967	19.904873861822	0.664722415757068	22.7416997316481	0.714246129459832	25.5734210554271	0.74129921219501	25.717312572796	0.801919501587327	34.0327048349318	0.948537488467103	42.5848557370486	1.0445511950384	49.6794912064963	1.05130618368774	56.7695609017996	1.22419409053817	70.9643767113052	1.34951709283953	87.1161111703697	1.47137441155707	100.451226097025	1.52514863389908	114.788203319495	1.66765851236833	127.650567175421	1.73899729958458	143.470536654963	
0.0042147180089345	0.00335197053113615	0.0173174000052778	0.00743402209697309	0.0147788970452662	0.0402987442570869	0.023444603127294	0.0421670643371428	0.0331913961091554	0.119817989109493	0.0372460794317322	0.145543510279036	0.0473789573300898	0.184496766328121	0.0520353940303807	0.206722241231671	0.0543318390771413	0.236571627415545	0.0751412580102025	0.512166455566893	0.0972158802010841	0.798168722273146	0.11774061493824	1.09435071531027	0.135081816220706	1.37763645630395	0.170616493599487	1.65466062625183	0.183466534678014	2.20472710417228	0.187275708130525	2.47547917999379	0.20709600653453	2.8083678074252	0.23045992151717	3.33454566849167	0.259032715111433	4.25432928734327	0.303987417278489	4.96175576961583	0.362105250051786	6.87185138133321	0.379891464563964	8.13014067481302	0.465344347092612	11.2366312397882	0.570168766896782	16.8671474540407	0.629310682961381	19.6686252755405	0.663851643074099	22.4749875853979	0.713378423118651	25.2737717565674	0.740447284818642	25.3849291496385	0.800961109669018	33.6326459287818	0.947397887377612	42.0846759335926	1.04350796126918	49.0955743316888	1.05011001957739	56.1028680804919	1.2229909358218	70.1265738641358	1.34822009278688	86.1162731040747	1.46992671652674	99.2848675622982	1.52350743356499	113.455965066237	1.66585926957335	126.152523709434	1.7371627183658	141.802917982645	
0.0042147180089345	0.00335197053113615	0.0175175350669356	0.00697175449741471	0.0147263674877	0.0403611283147079	0.0232475913734634	0.0409548316485369	0.0330978815668256	0.118183867314625	0.0373156123216661	0.14370432290451	0.0473499355418065	0.181402607291993	0.0519934525336772	0.203222171091443	0.0541342714372383	0.234097045244667	0.0749508074966938	0.504458975824613	0.0969501317013468	0.788560500557848	0.117574852211737	1.08078146245795	0.135031865377505	1.36100664478617	0.170210065230187	1.63531309917508	0.183203902470951	2.17759837735421	0.187069903867962	2.44623146158848	0.207109398312942	2.77449444284212	0.230284582483762	3.29395770129518	0.258541586533565	4.20432145841325	0.303531569047941	4.90227871885818	0.361735069545971	6.78788473897794	0.379319319204907	8.03082816546342	0.464737859638486	11.1032993810489	0.569323529187046	16.667956191243	0.628741566944532	19.4344274614709	0.662962613255557	22.2089478540146	0.71259372772699	24.9739268799764	0.739524725440362	25.0517336132346	0.800025651199549	33.2328999470019	0.946313797875096	41.584172029896	1.04242953636172	48.5111396415543	1.0487920424088	55.4355829380548	1.2215280061116	69.2853661017953	1.34688885927789	85.1177090870012	1.46827516802283	98.1197756262125	1.52163119888535	112.123026458437	1.66422755857832	124.652632499547	1.73521565808887	140.136863932178	
0.0042147180089345	0.00335197053113615	0.0172873693989048	0.00760683347174629	0.0149132042893592	0.0387309919254337	0.0230314759511287	0.0397853961405849	0.0331308499000191	0.115918628986279	0.0371776063941737	0.141331647791136	0.0474022097074412	0.179346669150436	0.0519207815115803	0.200062892237761	0.0540417126254165	0.229726828822773	0.0750942141565442	0.498299063089534	0.0967553476885928	0.778713278198191	0.117414322222995	1.06718077747023	0.134892378072331	1.34388916950841	0.170060919201855	1.61473843824924	0.18298532920833	2.1509851375567	0.186801210633947	2.4137746385741	0.206730872254558	2.74215100834581	0.230108687584652	3.25438091753605	0.258312429124579	4.15394668840626	0.30304571685195	4.84270807018621	0.361357538762981	6.70466129200192	0.378751990323167	7.93109935494273	0.464173776657528	10.9688378280802	0.568623607656936	16.4685209219424	0.628054124042689	19.2011553819965	0.662242762304224	21.9427796001221	0.711769698738289	24.6740615142897	0.738504907498217	24.7179643821519	0.798950481115839	32.8364694734302	0.94530907160223	41.0858436956304	1.04126584645671	47.928977378394	1.04756322738618	54.7679811459574	1.22010363631094	68.4496419665137	1.34524589509994	84.1214323980624	1.46660081334404	96.950824289561	1.51972285845476	110.792822213585	1.66241157953829	123.153694963932	1.73314389123924	138.471867864105	
0.0042147180089345	0.00335197053113615	0.0167248813798724	0.00726227915105004	0.0148319262332055	0.0375137933959919	0.0229736488317494	0.03825371618608	0.0330944569285513	0.113776725409593	0.0370575573569506	0.139015274035106	0.0471407138317633	0.177234415099619	0.0517272535459278	0.198118829215166	0.053904933826015	0.226451556658316	0.0749368198144954	0.491995435646486	0.0964776019874619	0.768569022159001	0.117390143668645	1.05430780462469	0.134558935596561	1.32682594376806	0.169947160008836	1.59499835872594	0.182788417912222	2.12375722488914	0.186482075941796	2.38323657280294	0.206229139629077	2.70950792082536	0.229756137891193	3.21465861463154	0.258123216280616	4.10430393790814	0.302848012901414	4.78247944214654	0.360923783771173	6.62206695339517	0.378435718394463	7.83100639731267	0.463713614846479	10.8365360120595	0.568029868515938	16.2690968285121	0.62718570175302	18.9677827196888	0.66148259679087	21.6750318232181	0.710942971254062	24.3738962627482	0.737665569120534	24.3847464940072	0.797908785998983	32.4395286351119	0.944198677292248	40.586908139075	1.04016421131133	47.3469976544497	1.04658844290735	54.1021116137666	1.21880345053534	67.6135378516397	1.3438423031178	83.1234048227664	1.4648671388537	95.7838995107355	1.51809410270906	109.463467334881	1.66047090510142	121.655703652007	1.731200364633	136.806856894872	
0.0042147180089345	0.00335197053113615	0.0166393366187829	0.00551113157001661	0.014492489166135	0.0371954811794268	0.0229391612054824	0.0375219913534707	0.0328179618881305	0.111589492619123	0.0371755597618843	0.136786866602454	0.047049716393883	0.173166616565638	0.0514662331046051	0.195799705147289	0.053700775817229	0.223942297275096	0.0748704308251192	0.485132985581381	0.0964977155632626	0.758427152633795	0.117204174068203	1.04044471951403	0.134331582901514	1.31069997773921	0.169729075868094	1.57486258354254	0.182571489374004	2.09661289841869	0.186140306179096	2.35394927319008	0.206146771466797	2.67599078711015	0.229423581365154	3.17509347240404	0.257886217758352	4.05503325076092	0.302570627162338	4.72326083339106	0.360372345513944	6.538509627292	0.378125623599539	7.73053299442894	0.463279475614319	10.703214397868	0.567364891620454	16.0680969373604	0.626263107158987	18.7349837520598	0.660622232446785	21.4088281790695	0.710186077849489	24.0734274000618	0.736959030939483	24.051388907483	0.796975967089786	32.0361244184327	0.943057473783683	40.0868363690325	1.03903667592502	46.7625406125745	1.04533400333565	53.436096795261	1.21739290372123	66.7805555298876	1.34241376309931	82.1201990942015	1.46316144710268	94.6190906966991	1.51648548969536	108.128226497785	1.65858947522525	120.15643829086	1.72922564549579	135.144543035687	
0.0042147180089345	0.00335197053113615	0.0172783694759997	0.00438285555547714	0.0144956780341046	0.0348653795110207	0.0229266319260421	0.0354855273115425	0.0328140552511294	0.109728601064065	0.0370518391221892	0.134806729383721	0.0470145553315378	0.170074305622656	0.0513792635466475	0.192380369028913	0.0535495357871886	0.21976017890051	0.0747700892866729	0.479009248905842	0.0964857170114622	0.748809675900851	0.117000347643736	1.02779840728932	0.134079214934437	1.2946156883936	0.169500534773429	1.55470445661841	0.182208952555563	2.0703598476098	0.185856163912969	2.32364240823708	0.206006591647636	2.64306108508097	0.229075192174864	3.13469339952805	0.25740645190382	4.00508502647284	0.30194230880843	4.66271881531991	0.359894083768696	6.45533041813617	0.377591755435415	7.63043631150876	0.462496799358915	10.5696245627877	0.566606130040882	15.8681643418286	0.625652784538979	18.5013056159622	0.660034001051543	21.1429579483867	0.709277132867651	23.7746181541246	0.736058936851645	23.7186404058936	0.796101383539763	31.6347169572587	0.942012341175689	39.5855725061511	1.0378267236071	46.1791601795444	1.04398358078024	52.7703949011256	1.21602601637819	65.9475359552342	1.34089776704796	81.1184387782038	1.46148322869249	93.4523968858612	1.51465907430672	106.792769593862	1.65677337447882	118.654170345876	1.72730731029796	133.477729026035	
0.0042147180089345	0.00335197053113615	0.0171767625627942	0.00409165582943148	0.0146069335457513	0.0341675388114113	0.0229087140076216	0.0350395074929991	0.032918614013937	0.107786146028026	0.0368002069203047	0.131828418139223	0.0469072062644485	0.16808748907515	0.051281825425249	0.189054776343986	0.0535120857929732	0.216819819049126	0.0745097211626054	0.472440689306729	0.0961110639074647	0.739127588667362	0.116546248949161	1.0144906232374	0.133776938403274	1.27739495273029	0.169225836321947	1.53455133555289	0.181784969314488	2.04466209785966	0.185706684084083	2.29503706954709	0.205695344690192	2.60867898556566	0.228705823208939	3.09490730103022	0.257023602509267	3.95458406226299	0.301541435935512	4.60145874757783	0.359524246437787	6.37247950017229	0.377053555008953	7.53273499013671	0.461811696343809	10.4380091314719	0.565989006615249	15.6683882084818	0.624906039948534	18.2676051281238	0.659311740445652	20.8758751357694	0.70834082803539	23.4742852645276	0.734833071234106	23.3853424240114	0.79515799493131	31.2346915787198	0.941009936937393	39.0844874571955	1.03667119927942	45.5949229297864	1.04277927666609	52.103247594423	1.21457283283652	65.1134583981864	1.33928751536016	80.1179078079462	1.46004719765088	92.2876327753062	1.5128875142195	105.459003971654	1.65490478407181	117.153839551754	1.72531832359575	131.808024191248	
0.0042147180089345	0.00335197053113615	0.016702023894263	0.00391598591294637	0.0145403129402621	0.0341687229734567	0.0227560670933169	0.0335575477924891	0.0327873644955904	0.106061482220907	0.0366594601512136	0.129579317884099	0.0467617114775273	0.165570095171704	0.0511500369607152	0.185898364217468	0.0535288231759951	0.213155035788251	0.0742689294914931	0.465648961546275	0.0959558607200613	0.729102309081428	0.116299174794232	1.0000378945497	0.133725184903734	1.26060181052374	0.168913777876931	1.51510532111855	0.181745840029279	2.01758738774835	0.185572723919393	2.26584918861435	0.205295352312888	2.57499374813372	0.228429620523088	3.05569047342908	0.256587256458687	3.9047215196477	0.301320516447259	4.54146434715455	0.359052212210871	6.28841600027387	0.37665544899068	7.43471143116915	0.461411033289221	10.3041650453409	0.565328904349442	15.4686642291967	0.624041938876297	18.0342212899457	0.658451414285792	20.6092896493833	0.707503666694041	23.1738666932579	0.733958842666335	23.0508709757408	0.794293056201548	30.8346065955388	0.93994126861171	38.5843858848321	1.03567440822717	45.0104211844298	1.04153605277935	51.434215290919	1.2131537881288	64.2790530156078	1.33782720363865	79.1186434363298	1.45841896941191	91.1212593394188	1.51116230557963	104.125566174977	1.6530298480635	115.653300141386	1.72339134819823	130.141210181596	
0.0042147180089345	0.00335197053113615	0.0165571179447713	0.00233142793899197	0.0146163864433518	0.0328617700541389	0.0226319423809503	0.0310706637968593	0.0326630119673512	0.103579020188308	0.0365009000872413	0.128111699095366	0.0466674261639035	0.162548739364006	0.051104135714699	0.183342262221353	0.0534445178714501	0.210378006625632	0.0741277444987548	0.45868715100871	0.0959370991132552	0.71890327963592	0.11618972567478	0.987219287656862	0.133646550506777	1.24431670475752	0.168730217596361	1.49533893173377	0.181611614833464	1.99104981790644	0.185318177507335	2.23516956181857	0.204883121562386	2.54318419427795	0.227989559717775	3.01569063641052	0.256154599842496	3.85434442133439	0.300966360827737	4.48142151795968	0.358612894042232	6.20461001105509	0.376024126181455	7.33372812920005	0.460768194359138	10.1705500645523	0.564762031903192	15.268874126012	0.623338986880768	17.8014260476069	0.657673452848176	20.3444233843882	0.706760133947114	22.8739417229292	0.73312260686758	22.7184596129074	0.793284355282459	30.4351418731632	0.938880922214956	38.0851932832583	1.03443783469366	44.4294994428799	1.04032294902309	50.7686624083884	1.21169090066572	63.4465177286702	1.33616240313023	78.1179038498254	1.45681360594547	89.9536118543097	1.50932260118989	102.791122549967	1.65113794037177	114.154221044746	1.72135939619786	128.473695817401	
0.0042147180089345	0.00335197053113615	0.0169858674104959	0.000830563709882554	0.0144238731587388	0.0321395803635301	0.0225988882416656	0.0296464897489766	0.0325236333300431	0.101291022665626	0.0363175402723821	0.124530545687336	0.0465539486260947	0.160455737496122	0.0508499908932685	0.18047904206893	0.0533411512328338	0.207220430345951	0.0739497059395069	0.451915650409462	0.0958573861807186	0.708856055762864	0.116134171113105	0.974330715158933	0.133347641891256	1.22752286405907	0.16838112486751	1.47561666375386	0.181393536318501	1.96403657508213	0.184907135141901	2.2051185777308	0.204654562440825	2.5095639165925	0.227706471219872	2.97484608985691	0.256003458612739	3.80369956779359	0.300699909933302	4.42199382729613	0.358268052262598	6.12191462395379	0.375447904682506	7.23197602048211	0.460092317048765	10.0376270564038	0.564014822981465	15.0693755267793	0.622613154708053	17.5677851644104	0.656749787297244	20.0814067259386	0.706109423676712	22.573476585533	0.73210836542018	22.385768853315	0.792227559736268	30.0345912287171	0.937925428237929	37.5856691308636	1.03320623046751	43.8466330998867	1.03902793784433	50.1036385170551	1.21028570949193	62.6145486858312	1.33467086136294	77.117164263321	1.45514489699653	88.7873203748049	1.50746501338686	101.458161590425	1.64900733502372	112.654694913291	1.71936456062687	126.807909987823	
0.0042147180089345	0.00335197053113615	0.0171065026182399	0.00183270586084179	0.0142700683046987	0.0308683342045079	0.0224789021150984	0.0289747460891002	0.0325523884377497	0.100230777448403	0.0363208811054562	0.122954529687215	0.0462465609020248	0.157967141831545	0.0507410433899671	0.176286693698424	0.0533467720134279	0.20330857012815	0.073826431711832	0.445471393264326	0.095872505964116	0.698629901548658	0.116136605628171	0.961354249097199	0.13325451055035	1.21068804516929	0.168093025501963	1.45532221449435	0.181063083717087	1.93753823720181	0.184605365870146	2.17600403844732	0.20446236885819	2.47608613125419	0.227560152710189	2.93509119066384	0.255692409031671	3.7537012849195	0.300289534901275	4.36253214336022	0.357804285901334	6.0393007275739	0.375142393403287	7.13114219577913	0.459599775471291	9.90397854800415	0.56327203595314	14.8688589920209	0.622007997607598	17.3347477782137	0.65593216143644	19.8130070232633	0.70517753760919	22.274430783673	0.731292057535149	22.0518934514638	0.791339281984148	29.63370158287	0.936950129654289	37.0863759464565	1.03200375018846	43.2635655912268	1.03780765424293	49.4371245096732	1.20919362515009	61.7801731055736	1.33321367028802	76.1185257404451	1.45339355813998	87.6196877908564	1.50572790979027	100.125439049451	1.64721235631827	111.154937813848	1.71741069553094	125.14169202459	
0.0042147180089345	0.00335197053113615	0.0165983898162957	0.00115906635934963	0.0142820335970181	0.029449722625957	0.022437137836891	0.0282499643387144	0.0324744077659243	0.0978720503451132	0.0362795140456065	0.120531301222739	0.0458765268393152	0.154390586828509	0.0507654002518632	0.173734171473285	0.0530910817771418	0.199983341241086	0.0735742275003559	0.439118231104193	0.0955042029550525	0.689111494249884	0.115953980054946	0.948156943180449	0.133083066203156	1.19481784359035	0.167794238735453	1.43503614713761	0.180697585627545	1.91133931951501	0.184427634693942	2.14569507801863	0.204059427561452	2.44233151029373	0.227183110338902	2.89473209597919	0.255329758711229	3.7035721512299	0.299875387369617	4.30214193086153	0.357195544588305	5.95579229590358	0.374739249130691	7.0312052346729	0.459051035994863	9.77069604935893	0.562558106568953	14.6685305844136	0.621311463484005	17.1014384458381	0.655197083395901	19.5444955618843	0.704143657991215	21.9744126810913	0.73043335346572	21.7190648561369	0.790304977432902	29.2333409282201	0.935864132127925	36.586762387099	1.03079285633834	42.6805055331472	1.03655374578703	48.7703460066927	1.20785178467421	60.9467959030685	1.33157002832842	75.1199319210506	1.45182802990129	86.4538656979069	1.50399164490786	98.7934243136007	1.64557600050904	109.660567483922	1.715278067787	123.475943447913	
0.0042147180089345	0.00335197053113615	0.0162052817595257	0.000948775732878072	0.014251660177002	0.0285031969828642	0.0222168654305858	0.0277231068159276	0.0322892692253496	0.0961619966601901	0.0362736365794211	0.117915070715756	0.045781319963084	0.151489910048068	0.0506058183887824	0.171115860042524	0.0527973583262446	0.197276219475904	0.0734864406675503	0.432502959859417	0.0951907848139875	0.678714966220277	0.115623229337162	0.933734715305616	0.132973379156985	1.17755729388887	0.167648832924783	1.41571283444665	0.180507731460278	1.88402595800528	0.184135580566038	2.11492604425994	0.203816791132431	2.40851262807868	0.226784109430158	2.85567964680466	0.254943814784954	3.65445792626778	0.299568735758614	4.24226999935098	0.356739856539448	5.87197606213697	0.373949983797119	6.93167386452866	0.458244996819943	9.6388142597994	0.561875740961274	14.4686138213648	0.620643536589373	16.8662739189819	0.654395116702683	19.2763920197737	0.703316736102132	21.6739177413741	0.72940408952322	21.3865324213746	0.78908035901062	28.835275052285	0.934635558268182	36.0872792128957	1.02967169374795	42.09598516134	1.03536083568866	48.1029453802619	1.20615827511106	60.1149125419022	1.33002119361018	74.1191401804845	1.45019736401278	85.2891313896729	1.50231197209795	97.4593755693437	1.64369528715753	108.163231823058	1.71326679872647	121.810783467075	
0.0042147180089345	0.00335197053113615	0.0162052817595257	0.000948775732878072	0.0140937036260661	0.027821658065515	0.0219905820140754	0.0259154588971715	0.0321114112801026	0.094405566023637	0.0363992056768861	0.115053051096283	0.0459348002415692	0.149185701692591	0.050482882833648	0.168106087558797	0.0526476860467952	0.193332752499728	0.073354829018978	0.425304651606793	0.0951260937653716	0.668515529321162	0.115286631464826	0.920940613836863	0.132778047127839	1.16182155200025	0.167473058937514	1.39539056192655	0.180375781514623	1.85747325417225	0.183764554849996	2.08488623604253	0.203605024740641	2.37522157290771	0.226296932424868	2.81617830017049	0.254511034372709	3.60531878842797	0.299154969492956	4.18261460032876	0.356488831434832	5.78789347012667	0.373464004827802	6.83016995326507	0.457693366957705	9.50487704141533	0.561285681801742	14.2687697014733	0.62004152341857	16.633629550893	0.653518245163597	19.0092775421904	0.702519074823003	21.3741287441349	0.728637947960349	21.0534896218656	0.788316618703021	28.4350187057585	0.933577427735223	35.5863916043166	1.02840007548011	41.5130815654455	1.03414633155502	47.4377538508731	1.2049273996946	59.281468284175	1.32852638441985	73.1192425095475	1.44846144361476	84.1264757933267	1.50051776777539	96.1246786246054	1.64166422129875	106.659660026531	1.71125884626279	120.144289832374	
0.0042147180089345	0.00335197053113615	0.0162052817595257	0.000948775732878072	0.0139047272714044	0.0281099569583472	0.0217285701214792	0.0244159004750181	0.0321849432881012	0.0912287230091089	0.036408003630252	0.113475514421093	0.045930027494217	0.146890966633479	0.0503215343927928	0.164963659822149	0.0526698610687322	0.189861262319651	0.0729927904057055	0.419080652240093	0.0949544452315162	0.659234667475292	0.115246148147168	0.907406227371773	0.132415085993002	1.14435913814031	0.167223404792044	1.37490542437894	0.179968756592476	1.83044883547758	0.183385316836245	2.05511488154451	0.203366142371064	2.34251562111646	0.226115497073197	2.77516262310192	0.254027281031461	3.55431816968056	0.298547517642574	4.12259132890703	0.355948615550625	5.70579925171873	0.372966534286668	6.72989492208032	0.457270700065549	9.37051886524753	0.560635766834136	14.0694908943578	0.61911955338983	16.4014061405878	0.652782074716598	18.7425951982611	0.701575351354489	21.0752226406544	0.727698439305703	20.7192565921628	0.787521457242235	28.0351982181763	0.932634718465589	35.086349636595	1.02723598782469	40.9303493328966	1.03271092712412	46.7714931632195	1.20361337320239	58.4518946028841	1.32689814650075	72.1212223848318	1.44664209706323	82.9613466043399	1.49871282263178	94.7927979991991	1.63959107132431	105.158561822645	1.70931787949561	118.476417840327	
0.0042147180089345	0.00335197053113615	0.0162052817595257	0.000948775732878072	0.0138059222760516	0.0270844198762854	0.0215224687265997	0.023150607868031	0.0322312732364562	0.0894978018787395	0.0362003863408963	0.111453009303184	0.0456842988442846	0.143994291629535	0.0502786938700328	0.161358903208741	0.0526383688600023	0.186460203405934	0.0728099362742706	0.412716401521082	0.0945812445425408	0.648670850636166	0.115180332532364	0.894810031940725	0.132173904097741	1.12782723190353	0.167015310180244	1.35491877721572	0.179734046830344	1.80376528082903	0.183353033496665	2.02551908134346	0.203010203303701	2.30940221571816	0.225931002114403	2.7351844393322	0.253704397960956	3.50442046963976	0.298155116260258	4.06301835192874	0.355369545589911	5.62343681242204	0.372305678222802	6.63093212434087	0.456604912040409	9.23674742227386	0.559837879380292	13.8697343187841	0.618418093413816	16.1673331237373	0.652227752732728	18.4764176311433	0.700758486806274	20.7741987097399	0.72657983613498	20.3865378928944	0.786554789347035	27.6360445575258	0.93142881566328	34.5875295640334	1.02612616163904	40.348425488304	1.03146119782113	46.1038503929308	1.20203608599132	57.6219409420007	1.32519935621072	71.1329625202344	1.44489552472727	81.7915235497998	1.49691524136265	93.460038205324	1.63769523779943	103.65781379603	1.70745711839755	116.811391969933	
0.0042147180089345	0.00335197053113615	0.0162052817595257	0.000948775732878072	0.0136931348510915	0.0249114998032581	0.0213692002172312	0.0210633885671865	0.0322377749798115	0.0881449976957043	0.035951569470408	0.109879961893629	0.0455360494758459	0.141737871761399	0.0501762550746309	0.158017841838661	0.0525058956390885	0.183330144796643	0.0726693773573137	0.406315043420003	0.0943260019144449	0.638595803502515	0.114816143116921	0.880535476894616	0.132013202344015	1.11139672340725	0.166666234611012	1.33502491305959	0.179398520016822	1.77798685526469	0.183080865201253	1.99598055747803	0.202751801256922	2.27635167459067	0.225462205449929	2.69605236208132	0.253370136055234	3.45462428375477	0.297772812917605	4.00250939580742	0.354910328340715	5.53853279393994	0.371776770556299	6.5312526739143	0.456023674798985	9.1032982168957	0.559035272641378	13.6671483853632	0.617664394620225	15.9349625644723	0.651336019389519	18.2101283053219	0.699922548332212	20.4751938860713	0.725671709034844	20.0568124642387	0.785593940462981	27.2355442044963	0.930313617317872	34.0866121531333	1.02505105979239	39.7648662413482	1.03037481147943	45.4353210035932	1.2004903478215	56.7857250684231	1.32357451412656	70.1373638340977	1.44326927715531	80.6235333379996	1.49494383782657	92.1283661961645	1.63580719756441	102.156439920675	1.70544196746228	115.144123474887	
0.0042147180089345	0.00335197053113615	0.0162052817595257	0.000948775732878072	0.0137417251823688	0.0233141170451232	0.0213642790165127	0.0202531870784674	0.0322659287230722	0.0862771867052836	0.0357629404594178	0.106694824287815	0.045489438260801	0.139460249753782	0.0500244348742795	0.155089952978035	0.0524936999073734	0.180231940328274	0.0724775560068207	0.398673512954405	0.0943440913392051	0.628231813553813	0.114672272029808	0.866328559147275	0.13170815645532	1.09458472191946	0.166346609129314	1.31394221569342	0.179175020866856	1.75061028023822	0.182665826245425	1.96496821570827	0.202535098069671	2.24240636534211	0.225260209540019	2.65600595893624	0.253117536503196	3.40447605795329	0.297345329539315	3.94360091745456	0.354543993862449	5.45475940100973	0.371456418520847	6.43103352208137	0.455407026627183	8.97152911736236	0.558323102362557	13.467418818143	0.616836158425359	15.7021803606488	0.65053075863745	17.9431330370224	0.699155100688338	20.1779492619851	0.724708109146054	19.7247494160317	0.784636688020756	26.8354592213154	0.92922835853695	33.5864323496773	1.02385141267811	39.1807519261642	1.02911732651201	44.7679278277426	1.19894717049773	55.9511855754002	1.3219733486663	69.1278251123262	1.44159917267187	79.4575547828651	1.49321314614144	90.7951891697958	1.63391207162349	100.657711001306	1.70321168452166	113.477220058272	
0.0042147180089345	0.00335197053113615	0.0162052817595257	0.000948775732878072	0.0136324078014823	0.0228205442983562	0.0213489517149952	0.0189121026436027	0.0321724605416899	0.0841794554651752	0.0357638729286887	0.104191342014666	0.0455225531754389	0.135729197074105	0.0499367154852311	0.152347717443074	0.0525122005241395	0.177124713672892	0.0723691013157744	0.391826778957	0.0942204241050472	0.618896411132258	0.114502324044417	0.853684633436545	0.131458186998947	1.07725269321377	0.166357432223999	1.2943870036924	0.178850088575244	1.72347852662193	0.182312114060562	1.93459708950068	0.202195131714193	2.20872741433724	0.22497666352408	2.61518911922791	0.252856495789656	3.35461118703168	0.29707928997805	3.88233363196287	0.354037024640096	5.37216413108044	0.370783789922607	6.33156175657907	0.454802853515482	8.83779120199978	0.557546248808739	13.2687807609283	0.615957177164112	15.4675317864745	0.649581068103657	17.6766127432134	0.698488218891961	19.8800378109671	0.723790331189529	19.3892143974314	0.783697184136306	26.4352401276901	0.928031340444341	33.08744091377	1.02240641334866	38.5967977984554	1.0278609934451	44.1026580672613	1.19747223805931	55.1163182568465	1.32048342446081	68.1245523285391	1.43994414041616	78.2909205766691	1.49147168059078	89.4606114343415	1.6320152630388	99.1576186257521	1.70118633021414	111.81194086815	
0.0042147180089345	0.00335197053113615	0.0162052817595257	0.000948775732878072	0.0135086297019117	0.0214150057960276	0.0212165985156395	0.0168555651450651	0.0320572083803525	0.0816427948268817	0.0357038201073304	0.102179314275224	0.0453936314978737	0.133463493084494	0.0497147603312801	0.150458442378711	0.0524379296484711	0.174047813207405	0.0722071377945683	0.385740207871189	0.0939828858609314	0.609128991471923	0.114287653445383	0.840340702428918	0.131220190779872	1.06069633976057	0.166188297501503	1.27588418615071	0.178415896568982	1.69755027454551	0.181934208472559	1.90514389806209	0.201743727065191	2.17530038607684	0.224575073224252	2.57474573985426	0.252544736427278	3.30488950694912	0.296713402895481	3.82137112176926	0.353611723731892	5.28915721659273	0.370115837273839	6.23080523164611	0.454146857552703	8.70386981609873	0.556990989742567	13.068817431753	0.615180133480831	15.2344152378627	0.648511179410432	17.4092672976425	0.697619596592118	19.5781794150654	0.722970238045747	19.0545380582042	0.782595685196643	26.0337972762599	0.926764397319694	32.5919363494165	1.0211707197491	38.013897927851	1.02668694319934	43.4376528023786	1.1960967991785	54.2824120631442	1.31890638795616	67.1238350937754	1.43812282858192	77.1227068474616	1.48970955098866	88.1280379049725	1.62991912088689	97.659068520309	1.69923898979537	110.148688235854	
0.0042147180089345	0.00335197053113615	0.0162052817595257	0.000948775732878072	0.0135014871506011	0.020080942659927	0.0210855613264711	0.0152813463063894	0.0319278086025217	0.0796106199617634	0.0353969464616827	0.099097407951137	0.0452394973072538	0.130938139283796	0.0495086374093916	0.147134683235016	0.052056087298787	0.170319816429781	0.0721316551911065	0.378864428252367	0.0939514613579063	0.598229665691228	0.114158606347783	0.82796051561726	0.131014641219467	1.04481775627886	0.165747363607444	1.25598391915218	0.178207074495304	1.67119582599614	0.181657278543089	1.87547324281266	0.201336828168458	2.14246824008272	0.224224654178571	2.53418059005976	0.251840776007091	3.25498249368301	0.296206393073258	3.76191921671992	0.353219602383749	5.20632026846682	0.36974477410998	6.13065406635789	0.453505126806265	8.57054168264952	0.556297551835767	12.8682105587091	0.614586284528209	15.0019832113107	0.64762489651619	17.1430431643982	0.696834445018289	19.2760751500157	0.72205597401587	18.7202435612144	0.781642862508763	25.6348894847575	0.92553466423983	32.0926766926205	1.02011345599816	37.4315829277957	1.02531424174896	42.771913655342	1.19471125043023	53.4495601265464	1.31725667159639	66.1223206469257	1.43639809406654	75.9573317893267	1.48790205766499	86.7943542391473	1.62797060223428	96.1576648426327	1.69716343744543	108.485167382669	
0.0042147180089345	0.00335197053113615	0.0162052817595257	0.000948775732878072	0.0136005131850021	0.0188960893985228	0.0210872664028512	0.0141467398963875	0.0317048514844481	0.0786460390307086	0.0353337192025827	0.0969974429921472	0.0452093447274699	0.12778321145256	0.04950944995633	0.143556687592441	0.051813889885008	0.166216831366448	0.0719418072433041	0.371952501677836	0.0938032932444613	0.588339486079857	0.113780735180862	0.814079269717262	0.130891221123404	1.02846349981475	0.165343097597456	1.23547642986385	0.178046951226789	1.64443299251719	0.181429539989474	1.84501596927101	0.201118249670066	2.10908614813442	0.223787233381724	2.49506550944507	0.251312378658736	3.20476954096568	0.295807860005703	3.70227219960046	0.352745934119357	5.12268098598098	0.369283346646062	6.03147240782381	0.452958331340569	8.43828270746519	0.55552103964951	12.6684325627173	0.613852880199446	14.7690305754642	0.646862435286864	16.8755151796114	0.695870811200216	18.9761837072981	0.721058400882278	18.3868524470791	0.780768488768251	25.2359314018383	0.924615238596328	31.5894458765549	1.01895279943698	36.8486458042901	1.02402043361779	42.1039542353929	1.19330481645885	52.6163766391276	1.31569326186608	65.1217598743471	1.43479627321148	74.7906379784888	1.48619168134415	85.462659878247	1.62607052399139	94.6584367343874	1.69500160502619	106.815879780377	
0.0042147180089345	0.00335197053113615	0.0162052817595257	0.000948775732878072	0.0134336096421676	0.0190087357689552	0.0209599221921887	0.0142962608182571	0.0315739274749847	0.0759400232110313	0.0352529223713551	0.0955154687397227	0.0450485802040415	0.125622819668455	0.049590662626731	0.140880270366932	0.0518689355836866	0.163730403937137	0.0719022207747286	0.365365781289381	0.0935667024871904	0.578192145034785	0.113582660991712	0.800754023367901	0.130689215615024	1.01125044756232	0.165153283055047	1.21458802966059	0.177548737830668	1.6175248727235	0.18114486218376	1.81551702661312	0.200873045098666	2.0759375853106	0.22344583966672	2.45519652324203	0.251166254830409	3.15397288185242	0.295520417275005	3.64357908958275	0.352201751470363	5.0393271538507	0.368665040193256	5.93220227364934	0.452410477703252	8.30523676474269	0.554751899291813	12.4699695941384	0.612949699725934	14.5353580273017	0.646061001516796	16.6089036161944	0.694756450427891	18.6760743351085	0.720054672454421	18.053623383064	0.779759374825062	24.836049446969	0.923602210138572	31.0900111311232	1.01760188549821	36.2651647884268	1.02266823603139	41.4378127570232	1.19198583144227	51.7818185196541	1.31417634216392	64.120141119374	1.43288740327143	73.6248903913417	1.48420309005782	84.1346088510856	1.6241305099379	93.1583890623154	1.69302379329268	105.148112096454	
0.0042147180089345	0.00335197053113615	0.0162052817595257	0.000948775732878072	0.01327812642388	0.0186049747102277	0.020638653210065	0.0119223033174145	0.0316876816861817	0.0729925547493957	0.0351940825081599	0.0927425432170034	0.0450131853389838	0.122594799083899	0.0493549140382644	0.138227398139145	0.0518647004248304	0.160607257487251	0.0718016895025906	0.358865644792423	0.0933969351318091	0.568289392569254	0.113460487945307	0.787845427435569	0.130414176008437	0.994508877340894	0.164791647858716	1.19523491464866	0.177289416763493	1.59139079836787	0.180859807966565	1.78523472529187	0.200712845732372	2.04311451971115	0.223100343074132	2.4154290511948	0.250819023451627	3.10426843123667	0.295036627111601	3.58385174589505	0.351762834172064	4.95605993471575	0.368039809301795	5.83169068654186	0.451768796968837	8.17140851109467	0.554102781370443	12.2695415350203	0.611843882275299	14.3021557970171	0.645269420196626	16.343811971147	0.693951585275498	18.3755644942307	0.719191540120762	17.7196026948982	0.778788851635653	24.4367952034852	0.92246196883757	30.5894122325285	1.01640199126622	35.6812479136193	1.02109450831173	40.7723530067457	1.19052121923962	50.9483407343158	1.31258132315326	63.121897477251	1.43097115083044	72.4602082371694	1.48209390775983	82.8028399843829	1.62212587854706	91.6587735238974	1.690910373716	103.481275735061	
0.0042147180089345	0.00335197053113615	0.0162052817595257	0.000948775732878072	0.0134024064535268	0.0172649493818929	0.0205703677949851	0.0103816893968784	0.0315899864957385	0.0722376523549072	0.0352019279615485	0.0893213226256951	0.0451809669371119	0.120522810180607	0.0492827527086419	0.134518668096368	0.0514905919917384	0.156847144634243	0.0716425046172183	0.352277556524002	0.093263133946772	0.557975344791244	0.113182388198992	0.77442041316014	0.130405781183162	0.978412713633019	0.164577658295146	1.17508062942997	0.177040332913409	1.56520270730548	0.180460858874271	1.75475905813024	0.200477669141895	2.00973056511778	0.222732166343715	2.37508928145265	0.25038488468794	3.05507038724682	0.294380622394305	3.52277747699779	0.351140932659843	4.87227676289896	0.367534567915674	5.73181705536771	0.451261914458496	8.03792391546036	0.553610349895749	12.0688536369163	0.611230210983103	14.0678583314367	0.64450487032217	16.076706806789	0.693095471452768	18.0759505856272	0.71822669240524	17.3863754935282	0.777819030683841	24.0373397943349	0.921382268725299	30.0882154248693	1.01523956973234	35.097770623046	1.01996158947357	40.1053062828764	1.18892587400975	50.1170683207294	1.31106597731641	62.1227299631778	1.42929691938889	71.308214421151	1.48009338597518	81.4667646822997	1.62015494167363	90.1587258518254	1.68866014894711	101.813701766224	
0.0042147180089345	0.00335197053113615	0.0162052817595257	0.000948775732878072	0.0133268113780784	0.0160613628042587	0.0206516869741269	0.00891392145102088	0.0313694790427167	0.06951378861205	0.0350948910577784	0.0887603463202865	0.0449524869939402	0.117943061323369	0.0492863021084992	0.13085698439329	0.051400262559528	0.152920499671272	0.0715747125467236	0.345803497057894	0.0929273629986592	0.548280684703595	0.113039847284991	0.760554184835945	0.13026223981917	0.960908564882185	0.164499185642731	1.1549043417165	0.176841131349565	1.53814010438707	0.18011212725703	1.72460446441096	0.200134699431177	1.97652658860341	0.222440093251765	2.33541494165846	0.249999520934887	3.00470190366691	0.294167689483184	3.46249809188021	0.35062583121024	4.78914924214357	0.366958791143625	5.63243888777971	0.450638565161728	7.90722769948201	0.552871272409647	11.8698952047513	0.610741723214271	13.8345545869963	0.643714365203448	15.8099480944122	0.692195800231908	17.7753532004317	0.717260965556129	17.0528446810133	0.776919554252124	23.6370238431665	0.920240143428572	29.5882665894009	1.01392351040713	34.5158989325152	1.01857668248785	39.4388407042661	1.1875717173574	49.2840710978168	1.30951348971819	61.1220872342166	1.42775261355282	70.1529945038874	1.47830917640861	80.1321645951046	1.61815485775631	88.6591103134075	1.6864698457755	100.147178329202	
0.0042147180089345	0.00335197053113615	0.0162052817595257	0.000948775732878072	0.0128598440982197	0.0154788560317977	0.0206169997365104	0.00790457337388176	0.0312205731165997	0.0670017352612389	0.03489341809782	0.0866854397581297	0.0445717302862556	0.11472732831724	0.049156478554158	0.128515101131077	0.051541344775011	0.149541399596592	0.0713867127620093	0.338599833700721	0.0927309168574113	0.539138589914752	0.112946431366827	0.746565138353055	0.129823936594156	0.944260185121453	0.164201442367871	1.13555204161178	0.176725426623692	1.51057051276618	0.179704884807036	1.6952078508161	0.199813582902048	1.9430695251914	0.22215419559393	2.29537715324679	0.249726346816938	2.95338929187182	0.293924925567775	3.4026692340367	0.350160089452673	4.70582567799553	0.366441554273236	5.5320120510225	0.449993904113573	7.77591774195614	0.552061293917838	11.6705409605108	0.609930410553435	13.6007935631934	0.642859689299081	15.5437034720723	0.691331082344805	17.4753779386864	0.716317108861962	16.7188910480696	0.77574222700205	23.2367097546431	0.919141297361386	29.0875354430068	1.0127010175193	33.9328686767566	1.01717467093646	38.7706167887184	1.18614620932921	48.4506342906698	1.30794222336808	60.122785609699	1.42590106781543	68.9733441340068	1.47655348032464	78.7989205135138	1.61604645009188	87.1604335481002	1.68440048155768	98.4808933107468	
0.0042147180089345	0.00335197053113615	0.0162052817595257	0.000948775732878072	0.0126209356314272	0.0148661890522163	0.020558700586696	0.0065457242345984	0.0311060790889459	0.0659786847375737	0.0348417826805096	0.0823538950491185	0.0445688162353955	0.112035522442108	0.0490687024402879	0.12634011377669	0.0514076607241518	0.147150956595568	0.0712056608328928	0.332403453867812	0.0926341378431946	0.529221925818924	0.112693960543898	0.733783144077196	0.12950880257274	0.928285093342528	0.163845803940151	1.11534839629898	0.176318816262328	1.48394795974337	0.179429755484995	1.66572101535111	0.199631140100902	1.9098546056373	0.222017927673027	2.25516078373992	0.24934560754905	2.90452442851721	0.293328999925675	3.34334445451275	0.349652771048384	4.62217475397806	0.365880193871184	5.43171559941955	0.449305030842745	7.64107760637886	0.551399745415755	11.4693631867558	0.608942347055606	13.3678474466047	0.64187737355753	15.2760171624552	0.690461700010065	17.1765724180393	0.715155053290996	16.3864126300141	0.774538373772864	22.8356282563547	0.918081067007426	28.5871824135602	1.0115652575651	33.3488027903442	1.01577651145748	38.1047994105893	1.18451428698138	47.6167877016095	1.30624130000593	59.1240241522491	1.42394797137437	67.7996616789009	1.47476108083538	77.4643651298002	1.61391034679741	85.6613171985586	1.68228246235341	96.8145784899711	
0.0042147180089345	0.00335197053113615	0.0162052817595257	0.000948775732878072	0.0127243179394606	0.0133195979327841	0.0203114408069975	0.00531792622703199	0.0310426561407828	0.0635618736674084	0.0347532961370431	0.0804619933641815	0.0445865925851482	0.109349755611509	0.049005626696459	0.122724996200131	0.0511426647184977	0.143660214232558	0.0708832084524632	0.325947322360414	0.0925341824893008	0.519236343855847	0.112321210676171	0.720984851657056	0.129115549650127	0.911333568098158	0.163616776631073	1.09550493997481	0.175860842791455	1.45709199401138	0.17912900249572	1.63553859837123	0.199274576398398	1.87616634140712	0.221558978275062	2.21532672213177	0.248893517347697	2.85521555714624	0.292904125970639	3.28335284805706	0.349389871429571	4.53860299237567	0.365388172242335	5.33152112763368	0.448594673386154	7.50734807291906	0.550734220081866	11.2693002060697	0.608025387629641	13.1355402172717	0.641039232508445	15.0104067707585	0.689485191201608	16.8758278838839	0.713954859292163	16.0533307149588	0.77365520100433	22.4359847200532	0.917039282364394	28.0888186890384	1.01028677500458	32.7686037550779	1.01456663116581	37.4388441967256	1.18290952840275	46.7841518318387	1.30468287487703	58.1281870475446	1.42213410313582	66.6297715691388	1.47296133013762	76.1305622546911	1.61200311877362	84.1653747962004	1.68018036675705	95.148189163393	
0.0042147180089345	0.00335197053113615	0.0162052817595257	0.000948775732878072	0.0127126408873324	0.0118558077755027	0.0201578964004888	0.00371594153961148	0.0311457383163816	0.0627428700893837	0.0347177425629754	0.0790210627867091	0.0443718490628183	0.10583000400687	0.0488124173682754	0.119868295305421	0.0510796077189907	0.139857653444846	0.070670708408373	0.318182682697832	0.092256450455329	0.508955416235324	0.112087414983848	0.707897965667814	0.128931919307903	0.894541531837115	0.163340747837676	1.07501281750822	0.175590634877677	1.43068702121473	0.178855303434866	1.60539157164752	0.198868211609343	1.8425405922018	0.221031353551905	2.17557741087389	0.248421543781855	2.80465149583495	0.292498824638492	3.22317637407908	0.349083884750899	4.45616558161529	0.364819580158305	5.23305565612545	0.447879507368488	7.37395567821526	0.549821636364396	11.0705429395711	0.607347549556488	12.9017167948593	0.640238474247015	14.7438613312412	0.688558585634148	16.5739992903031	0.713125589431219	15.7194720769133	0.772701428402345	22.0374811225289	0.915643720300228	27.5902947770414	1.00919296457247	32.187957684997	1.01323080038626	36.7727436965472	1.18156494677676	45.9509012891978	1.30324073442315	57.1291089404344	1.4205550867036	65.462407206079	1.47114007965445	74.7980259782233	1.61010819575043	82.6691641729536	1.67814008103778	93.4821574646665	
0.0042147180089345	0.00335197053113615	0.0162052817595257	0.000948775732878072	0.01248874618751	0.0111720972691259	0.0202342722152819	0.00165960839315504	0.0311013662234559	0.0608113944728627	0.034632768619024	0.0761092174118605	0.0442483914118844	0.103493715955796	0.0486569625302275	0.116906995249018	0.0510777053311055	0.136144164926015	0.070703416110948	0.311702540531448	0.0921779414172951	0.498237931178685	0.111933299275629	0.693819104768401	0.128852508048219	0.876930106372312	0.1631772517728	1.05469310612508	0.175314457343341	1.40486109820134	0.178634977175776	1.57584466587931	0.198457376276921	1.810419278129	0.220567941197945	2.13489817406942	0.248129158586259	2.75445577258443	0.292007396716098	3.16251957050606	0.348352736166733	4.37345948430489	0.364281622481076	5.13292684257797	0.447168319998707	7.23943032965325	0.549192172603209	10.8691146400555	0.606651459004376	12.6685192211874	0.639526971543207	14.4760651255656	0.687680551737584	16.2753073910047	0.712188674684572	15.3865848082669	0.771665458847148	21.6378543500329	0.914428721302327	27.089213453376	1.0077983429754	31.6027220574865	1.0118081862507	36.1059093142148	1.18014009317148	45.1154677265457	1.30164618293643	56.1261900592088	1.41876929657182	64.2936793868347	1.46934439337065	73.4645062251635	1.60803612290876	81.1663895885126	1.67600886670973	91.8159171496932	
0.0042147180089345	0.00335197053113615	0.0162052817595257	0.000948775732878072	0.0123240032614702	0.0101422066066638	0.0202342722152819	0.00165960839315504	0.031094197792112	0.0574623950334025	0.0343786007044315	0.0734769288671858	0.0441996660974994	0.101893456466056	0.0483805263763158	0.11413089740893	0.0509477029235399	0.133317077177388	0.0706753767355644	0.30560546296334	0.0920768281529515	0.488462769899816	0.111721151515952	0.680257884572904	0.128510306215856	0.861058449601918	0.162939733767498	1.03562835185161	0.174943778833083	1.37817044221849	0.178251457688784	1.54568704536181	0.198174774747214	1.77607373302301	0.220248563450985	2.09542197314357	0.247812360169202	2.70510243056263	0.291509288972741	3.10272261045922	0.347575626630041	4.28879435005183	0.363846735393938	5.03209488052005	0.446676997059736	7.10496412007192	0.548375407732584	10.6694120811886	0.605729735813954	12.4361011644733	0.638666788099799	14.2103262113596	0.686505862249044	15.9759449394844	0.711060093428532	15.0536025447224	0.770571588539514	21.237432228096	0.913375768396115	26.5888455227688	1.00638233223405	31.0176466174511	1.01049431596439	35.4384826107532	1.17834918646367	44.2843964786259	1.29996089942566	55.1256441877907	1.41682953361415	63.1276337764779	1.46737405828857	72.1357920963604	1.6059458512323	79.6637044110345	1.67383902344367	90.1494309655719	
0.0042147180089345	0.00335197053113615	0.0162052817595257	0.000948775732878072	0.0123457408434871	0.00877137874060601	0.0202342722152819	0.00165960839315504	0.031028850066481	0.0561034644943472	0.0342323470096623	0.0717274031140806	0.0440797055555671	0.098692129855319	0.0480355065269844	0.110523252240486	0.0506617739775902	0.129971955823152	0.0705862257101791	0.298989696953469	0.0918197022421747	0.479030655454247	0.111606720804423	0.667232989739591	0.128202710031251	0.844738302825487	0.162641400945075	1.0153503171517	0.174649560532695	1.35085323900334	0.177978887603351	1.51561894822254	0.197938729942906	1.74227696971805	0.219986565244692	2.0551320291568	0.24742425200642	2.65489320313541	0.291179192657549	3.04310283452378	0.347223826604741	4.20519558009607	0.363097335797667	4.93181007044873	0.446133716088215	6.97166625460495	0.547491071436327	10.4701239608478	0.604866615016937	12.2020095211722	0.637666156363088	13.9439009124487	0.685532666629384	15.6761745686958	0.710023836222637	14.720516904377	0.769481977795756	20.8376154658039	0.912259265599562	26.0873302028042	1.00510703016632	30.4352012322416	1.00907608874233	34.7732538284632	1.17674616119276	43.452617425583	1.29826530834511	54.1235821232931	1.4152968034367	61.9612491647201	1.46540934487328	70.8190734017487	1.60377940950535	78.1632916605306	1.67183191714477	88.483570630191	
0.0042147180089345	0.00335197053113615	0.0162052817595257	0.000948775732878072	0.0121841418200007	0.00813477715852914	0.0202342722152819	0.00165960839315504	0.0308709634389537	0.0547226915315715	0.0342455739817769	0.0690606774636537	0.0440520220021562	0.0958580426357999	0.0480210939863303	0.106855769599464	0.0503837295707412	0.127362230021968	0.0703531523661921	0.292321747778068	0.0916983906458675	0.46887624217871	0.111517108218487	0.653864145854276	0.127991585355622	0.827767452638611	0.162366169608275	0.995978575689164	0.174469019326352	1.32363347540792	0.177712889270535	1.48577169093829	0.197625075429288	1.70923306426358	0.219758397403766	2.01532520873266	0.246987453280681	2.60500993859383	0.290965354233128	2.98278363536802	0.34691680266264	4.12176211988944	0.362439556197864	4.83164121003244	0.445512801181354	6.8393635072617	0.546979303327152	10.269534782932	0.604135935353863	11.9690950695494	0.636742090937172	13.6757880571128	0.684586604845623	15.3756405134323	0.709025657243337	14.3863630370893	0.768398302981962	20.4375565596538	0.911085540949804	25.5873254879839	1.00386967105932	29.8507665421071	1.00780848235904	34.1070303937108	1.17540035129782	42.6180071520477	1.2966263122067	53.1240048273066	1.4135172020715	60.7942983088638	1.46343975436614	69.4874609972311	1.60177455135492	76.6613962445583	1.66966334796874	86.8179859662791	
0.0042147180089345	0.00335197053113615	0.0162052817595257	0.000948775732878072	0.0118383605471795	0.0075938931817441	0.0202342722152819	0.00165960839315504	0.0307027045252776	0.052472889146571	0.0341685473575279	0.0662564216689358	0.0439883740195379	0.0934178393630161	0.0479682935412255	0.105079555635098	0.0502653486268417	0.124281080397436	0.0700764268911054	0.285617651646957	0.0914647629845076	0.45865651991073	0.111305189811547	0.640283135055009	0.127683126649896	0.81097757006092	0.162106913125403	0.976019868201855	0.174243832622786	1.29721627900306	0.177347577233055	1.45543851612381	0.197396929366751	1.67602966982579	0.219425185602073	1.97549161278578	0.246439971863797	2.55464378332025	0.290562076865758	2.9228311444586	0.34634352358713	4.038334247618	0.361944633892089	4.73089492964731	0.445026482838128	6.70487354895584	0.546253765405766	10.0693311725438	0.603355907034925	11.7362662995995	0.635689418754595	13.4090814987977	0.683778935958252	15.0758831811591	0.707955397307547	14.0545179183544	0.767196163447432	20.0398017454439	0.909712007868914	25.0890642089405	1.00264735996565	29.2659183447692	1.00646088030241	33.4404083529154	1.17379341434986	41.7844176080058	1.29496461707117	52.1240438264376	1.41148681922102	59.6295043959879	1.46131133182266	68.1434582777693	1.59965380441723	75.1633304268309	1.66739240773938	85.1529302935645	
0.0042147180089345	0.00335197053113615	0.0162052817595257	0.000948775732878072	0.0119635823678463	0.00593090470853388	0.0202342722152819	0.00165960839315504	0.0305589650071093	0.0505927017528363	0.0341817597173364	0.063735819068334	0.0438948755192398	0.0916232972622901	0.0477976037261031	0.102127663391443	0.0501775081971462	0.120475514639372	0.0699264170406954	0.278228684210067	0.0912033345496897	0.44904864744138	0.110980173339998	0.627635600469474	0.127455570539447	0.794612021311133	0.161878128027134	0.956028040557059	0.173930697499031	1.27034715834033	0.177070766780632	1.42457309048322	0.197132668631575	1.64244885693256	0.219040437007943	1.93488769669095	0.246175028498295	2.50515190707206	0.290134297600466	2.86233406269954	0.345743946083713	3.95641092689438	0.361399551774679	4.63152467830082	0.444355935425746	6.57094750644213	0.545276650218881	9.87014736032636	0.602516468583605	11.5018198224143	0.634802894516838	13.142997063933	0.682978722532209	14.7766045486666	0.7068564719526	13.7205624227657	0.766111783305209	19.6445223865198	0.908443667271463	24.5893444788145	1.00142640579443	28.6834170802078	1.00505256401731	32.7761146184459	1.1721209040037	40.9517258588831	1.29335482869889	51.1234271745071	1.40950493191455	58.4663347096049	1.4591795333396	66.8059301125387	1.59762004460894	73.663960757561	1.6652552886632	83.4911677773173	
0.0042147180089345	0.00335197053113615	0.0162052817595257	0.000948775732878072	0.0119635823678463	0.00593090470853388	0.0202342722152819	0.00165960839315504	0.0304166752158612	0.0478576657775932	0.034147371138318	0.0620136218107297	0.0437980847332433	0.0886455608184171	0.047891633213426	0.0986123355688227	0.0498644987473409	0.117360757368216	0.0698251624132217	0.272140890763434	0.0908907756817584	0.439154335086281	0.110740920382593	0.614551683070797	0.127406332353012	0.777676852418703	0.16157055878686	0.934890977238186	0.173472502917627	1.24342856116817	0.17686390511479	1.39453072112886	0.196764525961363	1.60858969501806	0.21855169299712	1.89514024807813	0.24601272162761	2.45475036154232	0.289472417364026	2.80317156612652	0.345332771959481	3.87310785184201	0.36081853749184	4.53222567312791	0.443517113928946	6.43947084218332	0.544547479068423	9.6698962524891	0.601542078705644	11.2685617127778	0.633939086598793	12.8771231079601	0.681971719574133	14.4761207848197	0.705935655343708	13.385855349895	0.765175929934598	19.2419042060563	0.907177329451198	24.0900606076327	1.00020844659655	28.1005246601837	1.00346132716545	32.112942196303	1.17065389326707	40.1194960457355	1.29165294257038	50.1251984335446	1.40772823177633	57.3022038983706	1.45726665187908	65.4711139585166	1.59556157496168	72.1661259078212	1.66312317378114	81.8248380553811	
0.0042147180089345	0.00335197053113615	0.0162052817595257	0.000948775732878072	0.0119635823678463	0.00593090470853388	0.0202342722152819	0.00165960839315504	0.0302208238161107	0.046410576102293	0.033913440483518	0.0593713069969389	0.0438407479678452	0.0849282524220206	0.0478400695232317	0.0958372563627519	0.0498146340747457	0.113511659557814	0.0694365907864407	0.265219825586573	0.0907763452234302	0.428400644866274	0.110556773939228	0.600646921276907	0.127166528227268	0.761009671584389	0.161306088798038	0.914771383783754	0.173216663946242	1.21657958035516	0.176463514550513	1.36482735317555	0.196222493864195	1.57648991777877	0.218149420518057	1.85469745078106	0.245569425177757	2.40390597214938	0.288955234213441	2.7431347905281	0.344922779989189	3.78935192120924	0.360143569358899	4.43341188699332	0.442790787648741	6.30626797161445	0.543947524711286	9.46895969126949	0.600586250674539	11.0361315488709	0.632978709595359	12.6106018828286	0.681064027782867	14.176148317042	0.704953262974758	13.052996952247	0.7642110931913	18.8403551838576	0.906067516175911	23.589862177726	0.999156981740183	27.517064133416	1.00183200787568	31.4440589044038	1.16919929742709	39.2858990511133	1.29000352412325	49.1252523338361	1.40575786153082	56.1330029672809	1.45533744794266	64.1358135167786	1.59344735844042	70.6800629748654	1.66059070140837	80.1557590693352	
0.0042147180089345	0.00335197053113615	0.0162052817595257	0.000948775732878072	0.0119635823678463	0.00593090470853388	0.0202342722152819	0.00165960839315504	0.0302142001469909	0.0444351646178056	0.0337433095347002	0.0576519619145838	0.0436057056944209	0.0820334400631378	0.0477417011197183	0.0927195377769884	0.0500449138650166	0.109461621635525	0.0693059335979912	0.25757186317475	0.0906766215418483	0.418372076547654	0.11028204131693	0.58765671820785	0.126826255309483	0.744038763189855	0.160996031576064	0.895776769738362	0.173068103603403	1.1901480648664	0.176171411446682	1.33454807865252	0.195794486317156	1.54328675617161	0.217820475067253	1.81540134434952	0.245077611498628	2.35392794554033	0.288646025146984	2.68382630914844	0.344388976575247	3.70679762947129	0.359508560374914	4.33291054443369	0.44204772558914	6.17216637480377	0.543222498944555	9.27045574449923	0.599930617735596	10.8030829868037	0.632083798888019	12.3442538836877	0.680119719423403	13.8762699128399	0.703871533827627	12.7198833722258	0.763039681568357	18.440001979788	0.905010028275902	23.0893694498998	0.997778906398367	26.9346224734966	1.00042456841332	30.7755444162267	1.16760881818307	38.451441514473	1.28815355538834	48.1253732893497	1.40398849185008	54.9637796844505	1.45348124598838	62.80263649041	1.59138256282529	69.1863706477406	1.65841558520343	78.4874325918939	
0.0042147180089345	0.00335197053113615	0.0162052817595257	0.000948775732878072	0.0119635823678463	0.00593090470853388	0.0202342722152819	0.00165960839315504	0.0303036282077481	0.0414593672165447	0.0337553740045075	0.0552415755146867	0.0434396469142804	0.0805196698774496	0.0475741349692494	0.0903633136029987	0.0499269673321673	0.10658383501665	0.0693162605960406	0.252072563703916	0.0903275827278306	0.409479343366321	0.110090812482598	0.574090026492488	0.12658962960725	0.727419661881173	0.160881392271569	0.875742857956725	0.172784143815376	1.16483762887357	0.175934503277238	1.3048374929496	0.195513884514555	1.50940757082271	0.217621855524737	1.77569731864968	0.244676716044034	2.30426237764023	0.288136402999859	2.62321281207308	0.343822514891595	3.6234079414236	0.358972953454823	4.23201152715358	0.441303827134924	6.03960751376466	0.542375454538868	9.07114154712754	0.599467375895383	10.5697047365609	0.631197504911038	12.0781405778245	0.679167486009399	13.5737875308428	0.70275093709981	12.3866366130826	0.76202262780043	18.0399374857027	0.903847471572095	22.5890983768358	0.996214026193622	26.3512178260808	0.999234303538822	30.108976392138	1.1661509169221	37.6190664150107	1.28627438000489	47.1265224249369	1.40231437883203	53.7969592137484	1.45144042703998	61.4693551559179	1.58917529315058	67.6758698115876	1.65637186341608	76.8193817859215	
0.0042147180089345	0.00335197053113615	0.0162052817595257	0.000948775732878072	0.0119635823678463	0.00593090470853388	0.0202342722152819	0.00165960839315504	0.0305257003354549	0.0399051681742935	0.0338893658225604	0.0522806101523178	0.0433731127760933	0.077382444450249	0.0474242163004084	0.0866100037700373	0.0496421768487599	0.103222772040039	0.0691099275299466	0.246302773245665	0.090106206417064	0.399527900194748	0.1097778822236	0.561088414722434	0.126334993957009	0.711274836571086	0.160596732032916	0.855163191172285	0.17238460126978	1.13802275774824	0.175773790854064	1.27487125921209	0.195396915075912	1.47629521316226	0.217301631298686	1.73559096161671	0.244457266692113	2.25457771762825	0.287729983938012	2.56284495131511	0.343165796266094	3.53991417808313	0.358253996180068	4.13198422776191	0.440702988446175	5.90663142023193	0.541601744597473	8.87062594369166	0.598680898187975	10.3354314853663	0.630100227068562	11.8118382134876	0.678307519220767	13.2740497563427	0.701587529393981	12.0540371230981	0.76092826009087	17.6399419094848	0.902729159602853	22.0897586263022	0.99490622148019	25.7663808046132	0.997943145660666	29.4417992831145	1.16450743590067	36.7871197239123	1.28435524571405	46.1270829646848	1.40047919547188	52.6310365379657	1.44941191011194	60.1358354028581	1.58710980507385	66.1709122071354	1.65418328163127	75.1538343749109	
0.0042147180089345	0.00335197053113615	0.0162052817595257	0.000948775732878072	0.0119635823678463	0.00593090470853388	0.0202342722152819	0.00165960839315504	0.0303748775564796	0.0383717492660014	0.0337776945088556	0.0503152613167329	0.0433802351775539	0.0743705328350855	0.0474270687290077	0.0830968223548112	0.0496038230809258	0.100225201336652	0.0688327374165707	0.239697586477662	0.0898791859189528	0.389174911493437	0.109333327489963	0.547837965213794	0.126222316978284	0.694355034500407	0.160326575583434	0.835064785305418	0.172193152040887	1.11074385517214	0.175381641819385	1.24460711868018	0.195166503553744	1.44300904743458	0.216800159915018	1.69578798289801	0.243908116848666	2.20497967061159	0.287257983119354	2.50345847167353	0.342642787494911	3.45627908654868	0.35757323689126	4.03196484461175	0.440227786826159	5.7723873310741	0.540788239326765	8.67015970034989	0.59776995450632	10.1020839687669	0.629345930988739	11.5445132570124	0.677392486037722	12.9770053666006	0.700576268391286	11.7211004943576	0.759727061585046	17.2395980186404	0.901633365636911	21.5903387820309	0.993558677168367	25.1833095706632	0.996474297796923	28.773459883573	1.16261671090054	35.9537872248888	1.28255601768578	45.1245664147924	1.39859830353888	51.4629047651408	1.4473653786404	58.8051096173894	1.58505672582271	64.669195605089	1.65200787410863	73.4884210743446	
0.0042147180089345	0.00335197053113615	0.0162052817595257	0.000948775732878072	0.0119635823678463	0.00593090470853388	0.0202342722152819	0.00165960839315504	0.0300195262514883	0.0357605064277262	0.0333873400254306	0.0475803417568061	0.0431987330543745	0.0726760933544608	0.0472401803359023	0.080695399934269	0.0493992525624501	0.0972935653580324	0.0686360256359275	0.233211885479925	0.0896567308135905	0.378642730516514	0.109234950981045	0.533432617559824	0.125906105064491	0.677790182729118	0.160048431369384	0.815263238495111	0.171908525242542	1.08528231209877	0.175038334515871	1.21477906992311	0.194813531752871	1.40978155502632	0.216615228090265	1.65563098520245	0.243318525410799	2.15507242451485	0.286935933125638	2.44295626764056	0.342181825450701	3.37290686079842	0.357221894701247	3.93241903896828	0.439700353000955	5.63977957560214	0.540084490069595	8.47034817674697	0.59688080768452	9.86904658257018	0.628616396939786	11.2774052986868	0.676474487887395	12.6755045985505	0.699490845665381	11.388542913887	0.758540853164297	16.8394199032065	0.90023344515771	21.0899242852973	0.99231340016054	24.6007468388148	0.99502838705201	28.1076704451198	1.16104341706098	35.1202796372295	1.28084198376393	44.1250338222874	1.39666811486252	50.296613285636	1.44536590098476	57.476782918759	1.58289130534917	63.1676652675486	1.64965822708651	71.8282678834298	
0.0042147180089345	0.00335197053113615	0.0162052817595257	0.000948775732878072	0.0119635823678463	0.00593090470853388	0.0202342722152819	0.00165960839315504	0.0299626783152085	0.0335319425619926	0.0332604942753489	0.0450189937955002	0.0429388462603655	0.0703891799494117	0.0471440722319103	0.0777120537273419	0.0490763035709873	0.0935298072504332	0.0683529897548011	0.225947220497012	0.089456283617421	0.368583923319487	0.109090750656849	0.520244333830087	0.125621222132053	0.661711190280398	0.159632981289924	0.795183342663536	0.171408307031966	1.05795870604121	0.174607843990077	1.18594206475369	0.194347578634497	1.37632006783229	0.21626495550961	1.61587492185622	0.243062272839085	2.10507460730203	0.286507184132354	2.38306151872802	0.341579579440347	3.29038376836524	0.356726886317983	3.83253353343186	0.438787755945121	5.5070940546989	0.539306140919404	8.27074992600351	0.595964603022745	9.63601292166355	0.627655038450413	11.0116039858713	0.675257683418579	12.3766506491318	0.698393308114951	11.0543517936981	0.757436604320103	16.4381912559583	0.899005604269208	20.5899326089924	0.991018843042191	24.0175843352569	0.993682103975154	27.4415010270741	1.1595063953487	34.2878486584153	1.27915012778168	43.1265480363064	1.39465729844163	49.1316964381861	1.44349445741264	56.1414079712186	1.58061155069276	61.668060905001	1.6474431465783	70.1821441351128	
0.0042147180089345	0.00335197053113615	0.0162052817595257	0.000948775732878072	0.0119635823678463	0.00593090470853388	0.0202342722152819	0.00165960839315504	0.0300316625899323	0.0326314337106451	0.033146480349577	0.0437423979888963	0.0428161140144045	0.0676200524763866	0.0470490917230901	0.0748214395958031	0.0489247503066045	0.0902062954892848	0.0681235997697789	0.218825469866768	0.0892430444611837	0.359115458191404	0.108825539812549	0.507533294689512	0.125332327137625	0.644825556105052	0.159296577220003	0.775903743923848	0.171008804742788	1.03074127075212	0.174013070097112	1.15602705375535	0.193899308892958	1.34337627954985	0.215893168949601	1.57525365987927	0.24275054821504	2.05500554391564	0.285981095689838	2.32340192875441	0.341096115993662	3.20692562811156	0.356026773491189	3.73278190550918	0.438041135674484	5.37219478014094	0.538413359535541	8.06951068496153	0.595045226212245	9.40286843337581	0.626555352350362	10.7443730929716	0.674286772525286	12.0767703822846	0.69730275525975	10.720799560765	0.756471123770967	16.0385328184963	0.897850805782235	20.0916601540786	0.989661244928528	23.435006702248	0.992188491324407	26.7752459273557	1.15769885297867	33.4548775125336	1.27744752922632	42.1263486168696	1.39283308862257	47.9651777159839	1.4413365084801	54.806178309993	1.57844192387169	60.1676667809477	1.64503143136514	68.515121509214	
0.0042147180089345	0.00335197053113615	0.0162052817595257	0.000948775732878072	0.0119635823678463	0.00593090470853388	0.0202342722152819	0.00165960839315504	0.029840170819577	0.0307890485528994	0.033023925200424	0.041476039163131	0.0426042755673156	0.0646081263093085	0.0469750425269332	0.0718014807719005	0.048946510402506	0.0863365921678977	0.0679444096141571	0.212201249194552	0.0891360616148798	0.348918960779025	0.108665196877036	0.494335814149787	0.125111230348787	0.627531420584818	0.15882004109027	0.755049162369971	0.170671970055509	1.00439916222627	0.173629795201623	1.12569725498505	0.193504752761952	1.30989826138091	0.215505243911021	1.53458187365504	0.242219929656519	2.00426732529117	0.285432071563311	2.26345176615132	0.340527163676952	3.1234311662792	0.355337116756844	3.63306124406064	0.437575982268373	5.23751296939383	0.537476913968679	7.87062955256646	0.594085537205863	9.17039449730993	0.625419058995341	10.4771431313945	0.673558870633739	11.7774246945699	0.696244053997568	10.3870545440681	0.755478020179645	15.6399826548455	0.896617451004231	19.5967851637556	0.988344845222385	22.8519913476499	0.990601310987734	26.1078881417613	1.15595110033064	32.6242756511691	1.27565199792586	41.1277920503764	1.39085922929925	46.7990352480839	1.43935489683949	53.4719954552916	1.57630108125125	58.6704689558186	1.64260693624674	66.8349262574455	
0.0042147180089345	0.00335197053113615	0.0162052817595257	0.000948775732878072	0.0119635823678463	0.00593090470853388	0.0202342722152819	0.00165960839315504	0.0297603574402531	0.0285675023479514	0.0329138634980776	0.039330734076422	0.0424889888735553	0.0624167898789397	0.0468762129383002	0.0687481398560495	0.0488779404157216	0.0830942218822087	0.0680071355023063	0.205672503633613	0.0889779515019592	0.338404358514864	0.108599281308038	0.480465423978034	0.124989383422449	0.611361624189386	0.158488318726559	0.734427236825715	0.170311311481876	0.977553557457434	0.17324801713651	1.09631530972004	0.193172666146355	1.2747289614968	0.214892317132417	1.49520183178045	0.24165097080596	1.95494425125161	0.284843679287673	2.20382663511133	0.339892534780243	3.03959258077186	0.354689647389823	3.53210821007377	0.436933004384961	5.1052875218206	0.536792475501788	7.67097775077751	0.593332420750819	8.93674802617831	0.62461174582659	10.2102083990595	0.67264993300935	11.4785418741527	0.695281272109771	10.0536326962893	0.754265379601801	15.2403726461551	0.89525778367506	19.0962905732843	0.987010961957576	22.2687338491939	0.989030976047126	25.4403329157904	1.15439077213699	31.7929883364222	1.27380373753924	40.1290194170561	1.38885595966461	45.6314101147156	1.43720766850083	52.138699219639	1.57422828793842	57.1748990824727	1.64054770137848	65.1628446875617	
0.0042147180089345	0.00335197053113615	0.0162052817595257	0.000948775732878072	0.0119635823678463	0.00593090470853388	0.0202342722152819	0.00165960839315504	0.0297813729204706	0.0253227455482783	0.0328363407666585	0.0369400764346587	0.0425547862286347	0.0592794262085511	0.0466173478997465	0.0653386190040291	0.0487622819787349	0.0800728442466387	0.0678385930864022	0.199436513489334	0.0888636154215309	0.328980625972068	0.108385698941973	0.467607847058069	0.12462017646879	0.594966505949259	0.158282636772832	0.715325113235723	0.16988983180178	0.95183130228321	0.172872479453621	1.06592043478792	0.193108427446963	1.24181613968848	0.214478203282599	1.4549384304858	0.241333564727115	1.90484631686677	0.284362258461293	2.14314328884619	0.3394763819976	2.9560538811193	0.354226747519464	3.43173445870079	0.436222028501072	4.97319478770794	0.53606917560094	7.47113130257971	0.592310764529131	8.70321610771793	0.62379998329042	9.94456634239665	0.671599972724651	11.177895128863	0.69411501093634	9.72228304114059	0.75302027879126	14.840220607752	0.893902720871651	18.5929517238052	0.985530180769427	21.6856216370525	0.987550515493064	24.7744335812786	1.15273676796207	30.9571338159864	1.27194115695041	39.1279296532803	1.38699318870782	44.4639675205633	1.43502050621422	50.8045647937091	1.57209059736759	55.6734656024755	1.63844549078125	63.4930578963927	
0.0042147180089345	0.00335197053113615	0.0162052817595257	0.000948775732878072	0.0119635823678463	0.00593090470853388	0.0202342722152819	0.00165960839315504	0.0296815309603664	0.0232981722395164	0.0326628717048858	0.0344958095397404	0.0425882788247712	0.0563190320088278	0.046539406554473	0.0625866264103716	0.0486946217100261	0.0768282402420682	0.0676087365844386	0.192432458743867	0.0888088953598055	0.319115737588163	0.108081374153061	0.454953531280359	0.124096906927208	0.577603743600068	0.158055483698053	0.694929208028058	0.169502646934713	0.92422143096288	0.17266007766118	1.03443591249526	0.192733311819096	1.20947445142193	0.214148209881439	1.41475314386838	0.241007756369485	1.85464291020537	0.284102464360869	2.0830860241521	0.338900941563949	2.87377595934224	0.353606407485976	3.33233650050903	0.435550079314333	4.83964406817397	0.535245235710584	7.27496683800576	0.591440524367641	8.46983226953987	0.622557159845731	9.67852847365842	0.670465381469362	10.8777280146765	0.692971293339747	9.38832382026174	0.752005693816876	14.4404792825848	0.892568088861228	18.0922149894761	0.984055109441418	21.1022542425379	0.986180566368657	24.1084560156742	1.15102259185035	30.1227321586979	1.27028282199764	38.1261991396035	1.38498870522225	43.2993859492243	1.43288812882104	49.4728257293274	1.56987076441906	54.1703631925038	1.6359295438021	61.8269814941848	
0.0042147180089345	0.00335197053113615	0.0162052817595257	0.000948775732878072	0.0119635823678463	0.00593090470853388	0.0202342722152819	0.00165960839315504	0.0295288394242503	0.0222624306273854	0.0326208312646159	0.0319851750005966	0.0423607089780256	0.0537332659349285	0.0465333388874793	0.0595986672465362	0.0485621487736022	0.0736953367334852	0.0674815586585188	0.186371659098701	0.0884879274639116	0.309183444736121	0.107869234178659	0.441314458342089	0.123896217528968	0.560872010472867	0.157805045498298	0.675463402989953	0.169259691789635	0.898137182362628	0.172491110437062	1.00516316479694	0.192232089296453	1.17627780907248	0.213765223594096	1.3747160539486	0.240489996514844	1.80492064804623	0.28375875908288	2.02313167059762	0.338342009218788	2.79012619947794	0.352964709088407	3.23279092769619	0.434778076210657	4.70618834353811	0.534321907231413	7.0745178241308	0.590693708903548	8.23684051814711	0.621500434797592	9.41142330930036	0.66930361918057	10.5764228243578	0.691888497359694	9.05450988569762	0.750816434264039	14.0412539100994	0.891257471847463	17.5923443851001	0.982689639117036	20.5188179301561	0.984761998951924	23.4420817066718	1.14931928199137	29.288807338545	1.26831709597822	37.1288346659492	1.38293485022558	42.1328448752814	1.43087237424865	48.139011678348	1.56756832380406	52.6702447399195	1.63363793963188	60.1593814483171	
0.0042147180089345	0.00335197053113615	0.0162052817595257	0.000948775732878072	0.0119635823678463	0.00593090470853388	0.0202342722152819	0.00165960839315504	0.0292951365407571	0.0196161395029473	0.0324614360556776	0.0297740588803932	0.0419956334964491	0.0505931082969487	0.0464472402689258	0.0565648841038233	0.0484390860194501	0.0696838177289758	0.0672117680310755	0.178531189409466	0.0880914465394037	0.299500833633709	0.107540205575271	0.427860980521826	0.123634552258827	0.544537544612532	0.157420795764173	0.654881989975768	0.168959895763407	0.872027555223424	0.172189574022144	0.975993793899488	0.191764516902066	1.14309292466998	0.213586874139039	1.3346737253396	0.240066627620736	1.75488953605295	0.283148732663993	1.96384297982173	0.337724426386144	2.70635723032974	0.35234978846756	3.1337685253148	0.434050675646949	4.57235962422882	0.533440105675071	6.87261967239857	0.589751945499364	8.00246202750661	0.620520724046778	9.14497193335863	0.668306566833794	10.2764773649335	0.690627037769057	8.72244870013568	0.749582945157195	13.6409454095112	0.890075210188559	17.0913077649161	0.981402799982385	19.9380563760814	0.983098801115391	22.7754708417468	1.14770093091106	28.4556722798979	1.26625011627137	36.1299204716043	1.38089326968213	40.9663410542396	1.42884019475488	46.8057377944362	1.56522421071797	51.1684834343915	1.63124768274282	58.4960543102189	
0.0042147180089345	0.00335197053113615	0.0162052817595257	0.000948775732878072	0.0119635823678463	0.00593090470853388	0.0202342722152819	0.00165960839315504	0.029086826454179	0.0177003963250304	0.0322675900055318	0.0264633673559521	0.0419283814737189	0.0478135179973713	0.0463610711121449	0.0542364831904287	0.0483964017500627	0.0667902641107005	0.0669684332759819	0.172159197071922	0.0879274792922306	0.288440418159087	0.107355803058943	0.414243211586438	0.123323115978034	0.527964834807394	0.157243431785166	0.634543477519038	0.16871436630303	0.844401618589445	0.171705504031196	0.946349564926859	0.191349215458794	1.11015798395157	0.213268417167427	1.29508471797225	0.239581887275462	1.70466401048145	0.282705458379628	1.90368198908083	0.337095378105283	2.62355590529061	0.35165767530298	3.03360106188231	0.433447368397488	4.43905803347173	0.532608753693921	6.67099532949027	0.5887564647157	7.77092919285769	0.619687453771116	8.87840227945555	0.667264270571383	9.97649744657556	0.689341012284088	8.38820915117518	0.74830187055984	13.2390070944949	0.888735958806513	16.5912900115804	0.979878569636155	19.3596994967802	0.981563850972828	22.1087705698588	1.1460448711908	27.6221833186893	1.26437890032574	35.1287822790568	1.37881617525932	39.8002730921421	1.42662886194075	45.4722925471788	1.5629207700837	49.6692702273067	1.62878407481192	56.8340943535952	
0.0042147180089345	0.00335197053113615	0.0162052817595257	0.000948775732878072	0.0119635823678463	0.00593090470853388	0.0202342722152819	0.00165960839315504	0.0290642421918271	0.0161693439218399	0.0322573086623055	0.0246849087587683	0.041868212114076	0.0446931364112476	0.0461094440983825	0.0512062907326278	0.0482168846463704	0.0634355239409553	0.066838492684956	0.16644020734732	0.0877968096065989	0.278643690942874	0.10703920893327	0.401500478376001	0.123158624728041	0.510775764110118	0.156962041603434	0.615369292848258	0.168428179082439	0.81862814067605	0.171231968323048	0.915954398956453	0.190906390415304	1.0773368974125	0.212894958653472	1.25526683809307	0.23910822342026	1.6550866853911	0.282189037816342	1.84284055081616	0.336446149376762	2.54019648522515	0.351036047093209	2.93344244601385	0.432767878254009	4.30588356824004	0.53163925932469	6.47063665390076	0.587700443310834	7.53771485538016	0.618947447587683	8.61142377496163	0.666165703953121	9.67760810690069	0.688247963254459	8.054607558148	0.747017634189273	12.8391279335932	0.887282811094175	16.0910934443188	0.978423160719268	18.7729756158661	0.980092704916374	21.4429494664395	1.14427551772632	26.7893108929957	1.26247622560148	34.1284561997559	1.37679564012646	38.632498947169	1.4245626754883	44.1380277360946	1.5605817298884	48.1713496958941	1.62630584217126	55.1637673953586	
0.0042147180089345	0.00335197053113615	0.0162052817595257	0.000948775732878072	0.0119635823678463	0.00593090470853388	0.0202342722152819	0.00165960839315504	0.0291531592173318	0.0137564254888134	0.0322280108647523	0.0220771056292917	0.0414893617185672	0.0428779124019856	0.0458383544531091	0.0472610520608567	0.0481356633521486	0.0593769695106831	0.0667976275192143	0.158998038110882	0.0876165774654539	0.268796905140653	0.106695628929755	0.388041849177991	0.123047198911348	0.494986762214295	0.156740470157316	0.596000519976286	0.167968771619269	0.792469677311659	0.170820003721254	0.886030831432368	0.190649404485249	1.04376760963558	0.212540367602787	1.21549447660256	0.23873645431092	1.60519597026927	0.281697820282628	1.78235359718962	0.335785979074794	2.45711343512058	0.350314901856504	2.8325573985717	0.431889399170507	4.17307883805291	0.53051414501574	6.27124143146892	0.58664484782015	7.30706258618371	0.617900860663913	8.34525552106913	0.665186128366355	9.377972777879	0.687069595684974	7.72154007859198	0.745812177926919	12.4404343462727	0.885956495517878	15.5913206288086	0.976958048067232	18.1877921424173	0.978554198323554	20.7777076456341	1.14246263424459	25.9551811818861	1.2606083607873	33.130186480602	1.3747439709497	37.4668370416947	1.42247437915847	42.8065829696325	1.5583447423447	46.6715367170997	1.62387062389201	53.4953068074729	
0.0042147180089345	0.00335197053113615	0.0162052817595257	0.000948775732878072	0.0119635823678463	0.00593090470853388	0.0202342722152819	0.00165960839315504	0.029127184941164	0.012019459856943	0.0320067147121103	0.0204190277451168	0.0414091707035827	0.0398852493317761	0.0457944879133654	0.0448215181761416	0.0482355423397888	0.0564837942421858	0.0666036498993854	0.152455570094535	0.0874834835238721	0.258231633110073	0.106425262714406	0.374588575084532	0.122796203306295	0.478821273185565	0.15648538501588	0.57525565985802	0.167630949104328	0.76463716169891	0.170408289741275	0.855874782521637	0.19028323652449	1.01062498399289	0.212150748584481	1.17584633025454	0.238158679587041	1.55535589581004	0.281360737432847	1.72211332761831	0.335161728132569	2.37408719569036	0.349652578229074	2.73235407922179	0.430806482188133	4.04056374917272	0.529678612717533	6.07049299740045	0.585541355040888	7.07562474643289	0.616682600747417	8.07914594049606	0.664310811181407	9.07712486692274	0.685793124402577	7.38952918444668	0.744486446019093	12.0416904675356	0.884678105030138	15.0920553840774	0.97544208617165	17.6040578068257	0.976698340291362	20.1118437013784	1.1406237377766	25.1219753427267	1.25871516374873	32.1351279615329	1.37264313541474	36.301711577998	1.42012696363725	41.474270210572	1.55600967912964	45.1702261716765	1.62123289477454	51.8283288850556	
0.0042147180089345	0.00335197053113615	0.0162052817595257	0.000948775732878072	0.0119635823678463	0.00593090470853388	0.0202342722152819	0.00165960839315504	0.0290106684688633	0.010757224970998	0.031907824924204	0.0179676795247869	0.0413982621327915	0.0375578561384632	0.0457838345817132	0.0422154703713561	0.0481371598132775	0.0535073056249844	0.0663955354562188	0.146309656301241	0.0873018383131742	0.248873122248233	0.106090586064505	0.360772143411883	0.122304934733142	0.462045709691779	0.156029909765426	0.55524980416761	0.167410099188744	0.738053083938135	0.170113671207923	0.825738698837651	0.189787759776114	0.976814018019345	0.21150150208802	1.13586558534785	0.237640549781969	1.50478566448698	0.280774312986516	1.66327353430206	0.334719008904847	2.29018574591222	0.34919845196163	2.63292003228197	0.430118605714769	3.90712432268114	0.528995198848084	5.87196390492186	0.58470531230228	6.83905345689461	0.615572656848046	7.81217488658238	0.663326896495816	8.77767952769724	0.684530720430472	7.06009060313029	0.743327013209743	11.6420571757819	0.883260383559701	14.5922993323727	0.973934964841077	17.0205935547679	0.97491886690676	19.4483825692511	1.13877877890503	24.2902763834214	1.25665374773968	31.1351464715682	1.37056926780929	35.1352077569562	1.41782415172702	40.141573746629	1.55362634713015	43.6695712773147	1.61873709376956	50.1608815760829	
0.0042147180089345	0.00335197053113615	0.0162052817595257	0.000948775732878072	0.0119635823678463	0.00593090470853388	0.0202342722152819	0.00165960839315504	0.0288930861722711	0.00878454924644366	0.0318253538212754	0.0150385282855749	0.0412352238645994	0.0353975443898877	0.0454890094449655	0.0391565233304297	0.0479043627075654	0.0508981837282529	0.0663114884219821	0.138676187596297	0.0870579305007509	0.23913675637352	0.105844997197373	0.347382694015583	0.122053357121329	0.44487907804672	0.155718244769273	0.53641677458124	0.167189294826475	0.711013473044688	0.16983337007408	0.795674035950214	0.189502646291883	0.942576913780488	0.210942603488701	1.09507936286771	0.23734837159901	1.45479355162466	0.280460121513076	1.60376691405406	0.334217065582243	2.20735368722959	0.348612273905467	2.53296281491071	0.42927548533773	3.77316172575811	0.527995886024136	5.67193026089546	0.58391046591355	6.60433875882064	0.614629089012228	7.54581850553875	0.662126302240694	8.47815875134678	0.683316684344248	6.72673161962227	0.742115508010163	11.242462068252	0.881699021716931	14.0919453716035	0.972597346050144	16.4360377927045	0.973443698345861	18.7818592486439	1.13701401594118	23.4569736867188	1.25468589952715	30.1317190882411	1.36853763880846	33.9692329271118	1.41554100198635	38.8077969485508	1.55132771723683	42.1722728693523	1.61637846851259	48.4950137901218	
0.0042147180089345	0.00335197053113615	0.0162052817595257	0.000948775732878072	0.0119635823678463	0.00593090470853388	0.0202342722152819	0.00165960839315504	0.0287484767713499	0.0065082423681029	0.0317736560430021	0.0136043297875653	0.0412348059870742	0.032755109522802	0.0454045552394036	0.0355947676244785	0.0478256018773693	0.0472460933748335	0.0659127375703997	0.133502952874498	0.0868298296000569	0.228219109732422	0.105549400621045	0.333848249342836	0.121894512416092	0.428067978777633	0.155562235394134	0.516263478892739	0.166896137328694	0.684456927506218	0.16950849665661	0.765679804329136	0.189368184161792	0.909313740077777	0.210535896345474	1.05578220869832	0.237022787576616	1.40462052936082	0.279915830103039	1.54423805848065	0.333715476246622	2.1232554955669	0.347713395880169	2.43361724361127	0.428537542231554	3.64016654011352	0.527114247952741	5.47067099641906	0.582975001078879	6.37063920230479	0.613648633872737	7.2822635426665	0.660757481640171	8.17833622649647	0.68208718685679	6.39109881215632	0.740879030542372	10.8424785992269	0.880413034075867	13.5913446103638	0.97101243312005	15.8528715638564	0.971940183754153	18.1123054045229	1.13517017760202	22.6231643505597	1.25280511209417	29.1307988251657	1.36640759699748	32.8051319181985	1.41322640799568	37.4746869774044	1.54894614462211	40.6722140214099	1.61375060339342	46.8294403020803	
0.0042147180089345	0.00335197053113615	0.0162052817595257	0.000948775732878072	0.0119635823678463	0.00593090470853388	0.0202342722152819	0.00165960839315504	0.0286964151323499	0.00416517767232814	0.0318155181044453	0.0110775426232853	0.0410295174414468	0.0301825347594307	0.0456110902347968	0.0325240553606488	0.0476649524876044	0.0439343650264816	0.0655709561166638	0.127069929807385	0.0865884925406271	0.217786318331789	0.105258519671438	0.320906009384093	0.121552190824378	0.411120178823385	0.155314816347178	0.496164723779924	0.166632766067689	0.657897529792498	0.169152241667163	0.735725619576865	0.189001291477817	0.876597136285082	0.210238376716112	1.01600356078073	0.236348468540531	1.35388545394988	0.279209061137024	1.48376297921637	0.33317105649163	2.03999898664105	0.346856786541207	2.33449984633178	0.427884807745887	3.50773643441423	0.526212456363458	5.27085807583236	0.582091124410726	6.13719622514606	0.612691214776002	7.01572182843933	0.659723005396581	7.8774631698319	0.680915079401928	6.05682107897208	0.739659915150951	10.4416783603427	0.879231688524058	13.0902418662801	0.969315829516745	15.2702073178522	0.970109616726593	17.44591619436	1.13333077684031	21.7904539749864	1.2507314626101	28.1303703003864	1.36419561647158	31.6418728248526	1.41094809991587	36.1425157793685	1.54659094549116	39.1721737999182	1.61108788328816	45.1622612139964	
0.0042147180089345	0.00335197053113615	0.0162052817595257	0.000948775732878072	0.0119635823678463	0.00593090470853388	0.0202342722152819	0.00165960839315504	0.0284262410109098	0.00243338433658113	0.0315704033517959	0.00886310502858869	0.0408702177361837	0.0270163819451195	0.0455098956954509	0.0303828539138393	0.0471264785381406	0.0399177382999697	0.06521263994298	0.120001322769031	0.0863377201808639	0.208483323023908	0.105169796370506	0.307739262487871	0.121182765917953	0.394630851488544	0.154985341858563	0.475801414860823	0.166310203773755	0.632076903676003	0.168721769715433	0.706702873770291	0.188512080202077	0.843796073180414	0.209816301050702	0.975777528802605	0.235685929349701	1.30358623748317	0.278790261040826	1.42214994023529	0.33232180379774	1.95826460797579	0.346235009095725	2.23355985086034	0.427092321220764	3.37447861581607	0.525467368217489	5.07061534989787	0.581238649989912	5.90350644751677	0.611647400163806	6.74684156333837	0.658753474251865	7.57742783778341	0.679848573449915	5.72154217406767	0.73833731418956	10.0411835952484	0.877707946566205	12.5911293584439	0.96784394058201	14.6868483052404	0.968509502912478	16.7782901878769	1.13145496145898	20.9580919140395	1.24872491661736	27.1319329431771	1.36194641494622	30.4733834241761	1.40876123852212	34.8099198982588	1.54388471753975	37.6717722252846	1.6086134025096	43.495342896221	
0.0042147180089345	0.00335197053113615	0.0162052817595257	0.000948775732878072	0.0119635823678463	0.00593090470853388	0.0202342722152819	0.00165960839315504	0.0284262410109098	0.00243338433658113	0.0313766665748908	0.00673341778415669	0.0410310931184739	0.0235207119400496	0.0450666056405631	0.0272229838886295	0.0469425921840547	0.0370545035956326	0.0649309755522189	0.112664174699809	0.0861577153828361	0.198636842811893	0.105110890136038	0.294261366555015	0.120953609879717	0.378348423274594	0.154852327367539	0.455346690814599	0.165756442946382	0.605851326881766	0.168368306615704	0.676114632997805	0.188199188689032	0.809943372315972	0.209225010120832	0.936043991820078	0.235585649450309	1.25364511452939	0.278340820938251	1.3622562390606	0.331594637027954	1.87439389184115	0.345462626341271	2.1334592098194	0.426333805807134	3.2402964596065	0.524543714668902	4.87114329335728	0.58006880563424	5.6716532379174	0.610489949834477	6.47972382612616	0.657545117105829	7.28050265732511	0.678546864201709	5.38952615764846	0.737111402864531	9.64240432625509	0.876311007407732	12.0927339689561	0.966390658663275	14.1038655469308	0.966986104179208	16.1097626611843	1.12942592117945	20.1254802586545	1.24664902524775	26.1311859060924	1.35963349589246	29.3054230146969	1.40651795753682	33.4776332162292	1.54129420727418	36.1737995398103	1.60610689532878	41.8303654545989	
0.0042147180089345	0.00335197053113615	0.0162052817595257	0.000948775732878072	0.0119635823678463	0.00593090470853388	0.0202342722152819	0.00165960839315504	0.0284262410109098	0.00243338433658113	0.0313766665748908	0.00673341778415669	0.0409676676943027	0.0211286609524694	0.0447233915613163	0.0237475319498198	0.0469813906757078	0.0333310997660343	0.0646583619281556	0.105768830031892	0.0858949564533096	0.188691496892511	0.104770297038278	0.28049225770844	0.120798246015895	0.360834961298456	0.154498294193607	0.435006664958757	0.165298040031029	0.578742332459806	0.167969526212121	0.646225815445635	0.187860042351441	0.777159189432167	0.208757167503207	0.896466393153732	0.235332430667708	1.20514172073188	0.277875441465138	1.30259467002661	0.331074170694648	1.79034552593384	0.344776132046614	2.03394646612576	0.425556355723668	3.10674085062925	0.523421639617679	4.67091407159949	0.578922436506855	5.43924263178359	0.609343397795378	6.21276255109905	0.656135933450477	6.98413301075619	0.677089008423629	5.05691828576118	0.735885362140964	9.24264530595982	0.874800265982549	11.5932191297868	0.964730087668539	13.520125623404	0.965280815669918	15.4434172231804	1.1275761285458	19.2966441848076	1.24461279375533	25.1294702935761	1.35735694731363	28.1375557374707	1.40409103227143	32.1491575059939	1.53879848227075	34.6738487252814	1.60342728996685	40.1637824129344	
0.0042147180089345	0.00335197053113615	0.0162052817595257	0.000948775732878072	0.0119635823678463	0.00593090470853388	0.0202342722152819	0.00165960839315504	0.0284262410109098	0.00243338433658113	0.0313766665748908	0.00673341778415669	0.0403834151781923	0.0201503484710594	0.0444719660803019	0.0209757487523916	0.046837507922129	0.030609529768706	0.064362275434671	0.0994072932449431	0.0857169880037378	0.178945162956341	0.104528322724288	0.267337065032361	0.120285337801778	0.34445081520189	0.153952545138544	0.415065361561234	0.164856888341372	0.551925074820488	0.167476834013472	0.616401666601668	0.187446775129134	0.744345669888655	0.208266881306598	0.856224645107908	0.234621587430251	1.15585077731962	0.277193892548616	1.24230387620803	0.330390313029483	1.70766748471467	0.344104211343754	1.93421695711318	0.424700833395353	2.9740159813491	0.522444973729909	4.47178474175008	0.577963176691754	5.20475051979439	0.60824362647931	5.94638381831469	0.65500738225575	6.68040871016486	0.675634619921668	4.72374370411418	0.734510828246166	8.84306789355798	0.873181612678945	11.0927981137954	0.963029766234239	12.9359861625117	0.96366057366989	14.7769842408586	1.12565635652581	18.4627435790405	1.24259987422161	24.1311037168791	1.35510571725128	26.9711618124875	1.40152762423772	30.8167199497144	1.53654911373054	33.1750639265606	1.6008895959536	38.4968976227701	
0.0042147180089345	0.00335197053113615	0.0162052817595257	0.000948775732878072	0.0119635823678463	0.00593090470853388	0.0202342722152819	0.00165960839315504	0.0284262410109098	0.00243338433658113	0.0313766665748908	0.00673341778415669	0.0400345038649575	0.0168038174001026	0.0444188558067332	0.017750345999053	0.046553794163126	0.027849906514863	0.0640900659805944	0.0930177221946383	0.085428300994005	0.169074628429595	0.104328154805569	0.254485483501185	0.119798402259302	0.327545943395526	0.153536826657737	0.395395742408121	0.164506519197103	0.524503330651294	0.167028767009214	0.585977978878769	0.186943329888746	0.710638837415533	0.207728402402977	0.815877774031468	0.234073348557075	1.10396423801519	0.27641940242358	1.18374056926799	0.329764123524764	1.62356323945554	0.343387400782092	1.83318615769502	0.423863731361594	2.84126084408671	0.521522943555154	4.27199510422663	0.576912427210047	4.97111289622681	0.607166426671026	5.67938994699902	0.653976589579218	6.37907977112167	0.674217839578695	4.38965409808107	0.733094185238424	8.44394030993832	0.871698677897462	10.5926127224042	0.961406146414439	12.3533535814736	0.962017519610189	14.1112981792062	1.12358713896122	17.6271796312341	1.24051520872813	23.1316959215931	1.35286289224713	25.8025718289778	1.39906963518509	29.4805589659584	1.53405564707958	31.6798144281651	1.59838594726952	36.8306200548956	
0.0042147180089345	0.00335197053113615	0.0162052817595257	0.000948775732878072	0.0119635823678463	0.00593090470853388	0.0202342722152819	0.00165960839315504	0.0284262410109098	0.00243338433658113	0.0313766665748908	0.00673341778415669	0.0402300212007616	0.0124965998542189	0.0442475339426323	0.0142977332901093	0.0463161152918408	0.0240362317024227	0.064140806637756	0.085833238260825	0.0852065377390817	0.158445153352077	0.10386560300819	0.241580467339829	0.119517736599967	0.310221481685397	0.153233982246817	0.37475885749572	0.164207993183461	0.497062261539595	0.166591818660658	0.555780835361385	0.186350013361368	0.677518854551868	0.207317839074964	0.776488942800499	0.233686302663735	1.05450099993481	0.275894977192221	1.12336502509914	0.329058666547814	1.5408733238741	0.342440140592577	1.73335629867979	0.423015321086869	2.70790127850211	0.520543518411794	4.07089975251559	0.575918781769236	4.73714279051588	0.6060200299678	5.41314904994916	0.652829456682997	6.07927354441564	0.672802604564721	4.05602735934556	0.731872363900896	8.04291469100174	0.870149262830788	10.0932990489014	0.959844575207539	11.7709650069384	0.960246343398802	13.4444461017458	1.12151823234777	16.7930536454147	1.2384214494052	22.1322769504368	1.35054206516456	24.6363846575964	1.39673565562768	28.145763301032	1.53146485734157	30.1800889936885	1.59567077177635	35.1650353909838	
0.0042147180089345	0.00335197053113615	0.0162052817595257	0.000948775732878072	0.0119635823678463	0.00593090470853388	0.0202342722152819	0.00165960839315504	0.0284262410109098	0.00243338433658113	0.0313766665748908	0.00673341778415669	0.0402331719306165	0.0105478793094767	0.0440286840056017	0.0109148669980477	0.0461946604279189	0.019861967723708	0.0639682072519225	0.0792396857484952	0.0849054960194104	0.149339933114671	0.103557798867982	0.227339876462249	0.119193432680415	0.294995900816624	0.152918473787163	0.355706938010881	0.16390157066322	0.471279208466435	0.166052577943889	0.525325831918402	0.185912230987255	0.644293282996321	0.206808223193869	0.736276414999066	0.233180313923201	1.00530190820711	0.275441068976451	1.06267772071325	0.328361407072187	1.4580629184403	0.3418165046958	1.6350846586732	0.422136502740017	2.5739417083773	0.519468072938681	3.87049078550944	0.574908083535555	4.50317035649862	0.604773653015254	5.14626647167586	0.651698674900844	5.77966522374733	0.671354258861991	3.72154194123704	0.730695176852704	7.6434723203668	0.868778908193785	9.59281190901037	0.958149278197421	11.1888772495805	0.958336177944807	12.7759595532446	1.11952256557623	15.9586724772219	1.23626495357414	21.1326717147743	1.34837614692782	23.4717974983222	1.39442200950222	26.812269625003	1.52919911353693	28.6768003192108	1.59294183465332	33.5006428199107	
0.0042147180089345	0.00335197053113615	0.0162052817595257	0.000948775732878072	0.0119635823678463	0.00593090470853388	0.0202342722152819	0.00165960839315504	0.0284262410109098	0.00243338433658113	0.0313766665748908	0.00673341778415669	0.0399193331111331	0.00890560844246784	0.0440002693878872	0.00857021250560976	0.0461349429623616	0.0167701188040131	0.0634504337719089	0.0728546730854191	0.0845305619557635	0.1401937055821	0.1032626612838	0.213762983854796	0.118696630077914	0.278990948509069	0.152449332920394	0.335933039838194	0.163528443085997	0.444068117812082	0.165755040706699	0.494818208752453	0.185499813960599	0.609799017323763	0.20638323671758	0.695599913954529	0.232459720428124	0.955742860321411	0.27480354914384	1.00320101920154	0.327657402859505	1.37448778079374	0.341125372272102	1.53420473350497	0.421326098421256	2.44023662213393	0.518521710404548	3.67073490842771	0.573855786760337	4.2713632473645	0.603616989106349	4.88037947718755	0.650356315933776	5.47897982857263	0.669910728323992	3.38892708443079	0.729369676602638	7.24468560079325	0.867358526598314	9.09237226656837	0.956647825283132	10.6055722536754	0.956489540812303	12.1111098192245	1.11754262329583	15.1262079707966	1.23401281253259	20.1345491445803	1.34616547264004	22.3045709709969	1.39189877774659	25.4782469577767	1.52663062057528	27.1769333237097	1.59015659256708	31.8399606377988	
0.0042147180089345	0.00335197053113615	0.0162052817595257	0.000948775732878072	0.0119635823678463	0.00593090470853388	0.0202342722152819	0.00165960839315504	0.0284262410109098	0.00243338433658113	0.0313766665748908	0.00673341778415669	0.0397688662343539	0.00608690441560384	0.0438888925733888	0.00593360840878016	0.0459763204977777	0.013652769473081	0.0632612499124011	0.0661230738358323	0.0840548727795028	0.129059482796945	0.102971139936417	0.200403511402444	0.118367514101921	0.261863723448577	0.151928415180781	0.315515888835306	0.162929392769301	0.418263818943697	0.165391892556481	0.465583528862558	0.185256603964927	0.577168328034496	0.20598796767661	0.655608575254062	0.231791453425912	0.905878338645752	0.27425654915089	0.943473151644919	0.327046812044612	1.29128447366744	0.340143183708274	1.4335031566013	0.420485814180487	2.3074712403237	0.51764097313454	3.4718363137352	0.572671077209949	4.03809535884148	0.602391968468976	4.61366500263099	0.649247320868797	5.17750932850481	0.66835916995791	3.0565655473528	0.728091496564578	6.84790774391774	0.86577677026667	8.59360062277829	0.954989524020469	10.0218723770174	0.954696869658376	11.4454759116338	1.11545634845928	14.2929602221233	1.23172804729028	19.1397979619462	1.34388367597117	21.1391623852509	1.38916760258517	24.1454629495159	1.52392120305941	25.6765950790082	1.58733696320494	30.1729957538969	
0.0042147180089345	0.00335197053113615	0.0162052817595257	0.000948775732878072	0.0119635823678463	0.00593090470853388	0.0202342722152819	0.00165960839315504	0.0284262410109098	0.00243338433658113	0.0313766665748908	0.00673341778415669	0.0397688662343539	0.00608690441560384	0.0438888925733888	0.00593360840878016	0.045754738316147	0.0103075080566675	0.0630286567405091	0.059200877247616	0.0838641911408366	0.119115781243906	0.102821673522924	0.187580175137385	0.118095691516345	0.244784257771595	0.15148362163858	0.295558578331792	0.162479681436447	0.392914733065864	0.165016739937643	0.435885486909971	0.184994443830734	0.543045136182637	0.205487675367697	0.615383532806127	0.231484070223178	0.85559606060756	0.27351663228687	0.884785222108782	0.326540868965117	1.20752272226885	0.33943923912645	1.33341555407579	0.419722443290408	2.17409537659482	0.516716451674802	3.2719484216848	0.57146850523305	3.80382653142893	0.601238231276196	4.34579568813676	0.648135566577326	4.87861998882995	0.66674469592925	2.72353555352864	0.726685530154458	6.44887981180882	0.864238960943228	8.09419009173236	0.953120842968506	9.43876389016622	0.952924948461686	10.7792524768814	1.11332969386814	13.4587848762098	1.22928574988181	18.1378476561522	1.34145749584515	19.9760392649944	1.38635808924848	22.8138952484798	1.52124910984414	24.1759066570352	1.58463408444106	28.5026781088856	
0.0042147180089345	0.00335197053113615	0.0162052817595257	0.000948775732878072	0.0119635823678463	0.00593090470853388	0.0202342722152819	0.00165960839315504	0.0284262410109098	0.00243338433658113	0.0313766665748908	0.00673341778415669	0.0397688662343539	0.00608690441560384	0.0438888925733888	0.00593360840878016	0.045754738316147	0.0103075080566675	0.0627799377458452	0.0521015984113966	0.083738522637798	0.109329436818716	0.102419778970163	0.175190427717876	0.117882305787406	0.227686573097614	0.151290290145632	0.275733632042908	0.162307937887339	0.364120394109865	0.164606178740019	0.405570298261861	0.184489755411494	0.510401408377945	0.204945451249285	0.576109021415762	0.231074126690352	0.80546180464404	0.272802757186983	0.82488564196062	0.325768919197063	1.12355584708295	0.338659981796931	1.23384856084476	0.418810475433196	2.04193907971946	0.515687822501243	3.07176623171479	0.570419712754025	3.57108251182925	0.600108513969517	4.07874360916293	0.64673192846771	4.57909083057672	0.665187609241084	2.38961381838163	0.725344998579194	6.04579224478998	0.862666362096937	7.59479306486312	0.951224091446621	8.85441674434964	0.95117181663396	10.1115817669167	1.11120212149351	12.6246924180014	1.22691397072294	17.1355732501177	1.33891345662	18.8137114941789	1.38357423976268	21.480347555744	1.51843589482054	22.6767195269813	1.58191451048598	26.8356033289251	
0.0042147180089345	0.00335197053113615	0.0162052817595257	0.000948775732878072	0.0119635823678463	0.00593090470853388	0.0202342722152819	0.00165960839315504	0.0284262410109098	0.00243338433658113	0.0313766665748908	0.00673341778415669	0.0397688662343539	0.00608690441560384	0.0438888925733888	0.00593360840878016	0.045754738316147	0.0103075080566675	0.0624845264803281	0.045808992224621	0.0833359413204906	0.0992598612049305	0.101886362779696	0.161523473311352	0.117655039370665	0.210697824055857	0.151008068027995	0.255783859431125	0.162030491655913	0.337339021491795	0.164011087673508	0.376553285909614	0.183933479518406	0.477494174504813	0.20449593511584	0.535165521843297	0.230382676735073	0.755505664114455	0.272221531400742	0.764081456597169	0.325017616009438	1.04003321274404	0.337791393679301	1.13401090200333	0.417888177898936	1.9084876624503	0.514394199315636	2.87262083655173	0.569244300564909	3.33806421774437	0.59896192714552	3.81213018310092	0.645287831953301	4.27942057696013	0.663586320534044	2.05660734045135	0.723757005133571	5.64577152286368	0.86104824427762	7.09583841619582	0.949411509945947	8.2719257243361	0.949244423065617	9.44484610477262	1.1089756694542	11.7925948526531	1.22474043924408	16.1335204988455	1.33629912724363	17.6448793668113	1.38102976292089	20.1495919679544	1.51567047055095	21.1771095764985	1.57917038557556	25.1684745322578	
0.0042147180089345	0.00335197053113615	0.0162052817595257	0.000948775732878072	0.0119635823678463	0.00593090470853388	0.0202342722152819	0.00165960839315504	0.0284262410109098	0.00243338433658113	0.0313766665748908	0.00673341778415669	0.0397688662343539	0.00608690441560384	0.0438888925733888	0.00593360840878016	0.045754738316147	0.0103075080566675	0.0620454331097676	0.0393358040543962	0.0830186477424563	0.0889641779430665	0.101517799391762	0.147787644693324	0.117400228502269	0.194031443576843	0.150480533487399	0.235596352191547	0.161543251949314	0.312107107629816	0.163436988332665	0.346802798857034	0.183475718048574	0.443970725258689	0.204030432545144	0.49492482153532	0.229865619659359	0.705576822976542	0.271661582796358	0.704236708062983	0.324313652757488	0.956048467807091	0.336861991908701	1.03294832120383	0.416890229215103	1.77439339980454	0.513183215359607	2.67244958962146	0.568053024372535	3.10452438304248	0.597490749563328	3.54680198213083	0.643982288895297	3.9789214462915	0.661788949291541	1.72446512982927	0.7220992176086	5.24565440905548	0.859448979372565	6.59934851260516	0.947592579165246	7.6892628753157	0.94728367312562	8.77970859209063	1.1068252067888	10.9600316260397	1.22242981144156	15.1336414543591	1.33361114686389	16.4758665628727	1.37847776313472	18.8213062475153	1.51277136926198	19.681860078103	1.5762596961019	23.502616059522	
0.0042147180089345	0.00335197053113615	0.0162052817595257	0.000948775732878072	0.0119635823678463	0.00593090470853388	0.0202342722152819	0.00165960839315504	0.0284262410109098	0.00243338433658113	0.0313766665748908	0.00673341778415669	0.0397688662343539	0.00608690441560384	0.0438888925733888	0.00593360840878016	0.045754738316147	0.0103075080566675	0.0616526807746643	0.0332945603633788	0.0827640849332753	0.0789121519382132	0.10123444176052	0.134645534188414	0.116970019228601	0.178298073650295	0.149916204055072	0.215012407144233	0.161032056041616	0.285421108259623	0.162930884079004	0.316948731276779	0.18305181346352	0.410665205484675	0.203474299263742	0.456043997640844	0.229470181830735	0.655904677611065	0.270969370576844	0.643713316442441	0.323519233022004	0.873955064306365	0.336035333522556	0.932180911438794	0.416016295230249	1.64161241834193	0.512114414014517	2.4715377084489	0.566865112242456	2.87144997677514	0.596006564099753	3.27967586301584	0.642696363233517	3.67778971479412	0.659756219504286	1.39031708330738	0.720587829999682	4.84582460824791	0.857696502951267	6.09792772187741	0.945840838023215	7.10772972052466	0.94533629470191	8.11273264873366	1.10444742073881	10.1269654852598	1.21992396226264	14.1351100335742	1.33103264446006	15.3080151181295	1.37576912465835	17.4859815913916	1.50966726315771	18.1857481750444	1.57303790113865	21.8373405946902	
0.0042147180089345	0.00335197053113615	0.0162052817595257	0.000948775732878072	0.0119635823678463	0.00593090470853388	0.0202342722152819	0.00165960839315504	0.0284262410109098	0.00243338433658113	0.0313766665748908	0.00673341778415669	0.0397688662343539	0.00608690441560384	0.0438888925733888	0.00593360840878016	0.045754738316147	0.0103075080566675	0.0614688896463146	0.0272053317341749	0.0825442617091345	0.069345999807842	0.100993422980584	0.121029948040206	0.116564987259633	0.160902700460626	0.149589194019162	0.195015675504238	0.160529885525714	0.259430661300478	0.16247552217343	0.286714480377325	0.182627316737753	0.376459882627168	0.203069041037256	0.415900096668368	0.229072604230285	0.604892882993294	0.270158906827975	0.583362103074703	0.322711994239519	0.790449135565345	0.335109739254761	0.833970564096236	0.415006100475257	1.50719708225382	0.51099223181463	2.27237997326231	0.565658806616629	2.63813785043193	0.594705565450596	3.01331342837577	0.641326155713233	3.37819396697996	0.657775855374918	1.05774564941411	0.718938928069167	4.44552728353009	0.85579288436301	5.5958936552634	0.943945830268972	6.5286822655672	0.943248104219027	7.44643424251755	1.10193783963372	9.29308257462076	1.21756797986554	13.1340295830236	1.32841303802952	14.141931323549	1.37292094505508	16.1499938336262	1.50677808774179	16.6821894170328	1.56970271631869	20.1736427902248	
0.0042147180089345	0.00335197053113615	0.0162052817595257	0.000948775732878072	0.0119635823678463	0.00593090470853388	0.0202342722152819	0.00165960839315504	0.0284262410109098	0.00243338433658113	0.0313766665748908	0.00673341778415669	0.0397688662343539	0.00608690441560384	0.0438888925733888	0.00593360840878016	0.045754738316147	0.0103075080566675	0.0611612591425298	0.0203233232138107	0.0823840964932494	0.0589187963423908	0.100621835012714	0.107981340862154	0.116279033977076	0.144158525446496	0.149191249618734	0.174956719877682	0.160035987187199	0.232572963890661	0.161999235952481	0.256539601289183	0.182184643042912	0.344399046311177	0.202591908572969	0.37599775747721	0.228438671066426	0.555024228573907	0.269727661968765	0.523414909062176	0.321957273438552	0.706996583246846	0.334106972821734	0.734411370691396	0.413824250678783	1.3726609070674	0.509907080254777	2.0735349296153	0.564277554661151	2.40578545195627	0.593404763441469	2.74725833017072	0.639915442872779	3.07892627752713	0.655742910373567	0.723476007094349	0.717419883422881	4.04496080660098	0.853987542649631	5.09561885690928	0.94183953199964	5.94341730139693	0.941274195002426	6.78328650042171	1.09966281447122	8.4601365744473	1.2151150709036	12.1336029208894	1.32567405451391	12.9736328439913	1.37007108754031	14.8171427701432	1.50377638493208	15.1806786372656	1.5664451465195	18.5114127500674	
0.0042147180089345	0.00335197053113615	0.0162052817595257	0.000948775732878072	0.0119635823678463	0.00593090470853388	0.0202342722152819	0.00165960839315504	0.0284262410109098	0.00243338433658113	0.0313766665748908	0.00673341778415669	0.0397688662343539	0.00608690441560384	0.0438888925733888	0.00593360840878016	0.045754738316147	0.0103075080566675	0.0607743211658933	0.0129819139347387	0.0819833085099596	0.0491057746198749	0.100072736110388	0.0942536685922245	0.115858561746434	0.128825405929294	0.148724352233839	0.155485370560138	0.159476597495648	0.205792609906609	0.161424477794047	0.226556079877205	0.181629283626537	0.311421992352096	0.201837270144521	0.337196212413132	0.22763528749953	0.505725718166086	0.269128430183906	0.463045505801266	0.321232854608788	0.625205044661281	0.333277051285005	0.634443152072746	0.41283701696597	1.24055629859248	0.508849419032376	1.872634922805	0.563069677140348	2.17227611806725	0.592070644417801	2.48013407370079	0.638410588040511	2.7797514874967	0.655742910373567	0.723476007094349	0.715928550425392	3.64467372643099	0.852287882850075	4.59581251378794	0.939616825812201	5.35807829708548	0.939253614167234	6.11846517173878	1.09710614493412	7.62874821120591	1.21237269657034	11.1356368128804	1.32295534976161	11.8071830396563	1.36711355399582	13.4833007794879	1.50031975586326	13.6809569280792	1.56331968732496	16.8422965111203	
0.0042147180089345	0.00335197053113615	0.0162052817595257	0.000948775732878072	0.0119635823678463	0.00593090470853388	0.0202342722152819	0.00165960839315504	0.0284262410109098	0.00243338433658113	0.0313766665748908	0.00673341778415669	0.0397688662343539	0.00608690441560384	0.0438888925733888	0.00593360840878016	0.045754738316147	0.0103075080566675	0.0607743211658933	0.0129819139347387	0.081553440361192	0.0390561023871979	0.0996438383600953	0.0813212220719656	0.115445955481558	0.112139678679903	0.148309018419814	0.136516557059221	0.159085234593263	0.179035830024107	0.160812393939488	0.196936691022691	0.18106696470139	0.277554186600364	0.201113934218766	0.296871576662105	0.227058977734424	0.454878476597902	0.268237788679389	0.404116509248906	0.320228714815456	0.541653190077981	0.332182167005385	0.535199036721465	0.411843244958303	1.10789627264351	0.507688696672808	1.67234353526831	0.561880685115548	1.93863197524195	0.590680088596386	2.21349107814844	0.636859906892948	2.47954502493325	0.655742910373567	0.723476007094349	0.714380292425039	3.24520248479761	0.850288115968339	4.09574446903556	0.93743350350449	4.77453069166123	0.937098822437824	5.44970062346223	1.09446752778795	6.79829070483362	1.20969958455744	10.1362634765281	1.32013009042585	10.6421702659857	1.36412379550856	12.1488375967047	1.49676510476727	12.1792012104865	1.56001185469822	15.1733777125496	
0.0042147180089345	0.00335197053113615	0.0162052817595257	0.000948775732878072	0.0119635823678463	0.00593090470853388	0.0202342722152819	0.00165960839315504	0.0284262410109098	0.00243338433658113	0.0313766665748908	0.00673341778415669	0.0397688662343539	0.00608690441560384	0.0438888925733888	0.00593360840878016	0.045754738316147	0.0103075080566675	0.0607743211658933	0.0129819139347387	0.081139865341839	0.0297841826928114	0.0993391059378406	0.0681957662332428	0.115080451774967	0.0950918779689544	0.147910703735717	0.115612964657183	0.158590204662892	0.152125367372177	0.160151511781047	0.166446937607793	0.180614008009135	0.24373143357604	0.200494310092875	0.256252904925939	0.226476930041445	0.404567094730635	0.267500292855347	0.343955547611827	0.319228843320061	0.458619354548375	0.331024504869823	0.436182134963769	0.41080588139625	0.974594332640468	0.506435358779502	1.47279662367934	0.560395879134983	1.70499586507348	0.58902071655395	1.94745344224083	0.635400058684053	2.18050387968593	0.655742910373567	0.723476007094349	0.712834333214025	2.84548071740357	0.848209287634572	3.59503055210837	0.935303445263724	4.1903968187041	0.934946402132179	4.78223294180922	1.09180577668793	5.96725158754112	1.20701930033624	9.13585264687684	1.31718988999923	9.47605760040675	1.36102048492821	10.817574438136	1.49349074445	10.6803288674478	1.55640958819316	13.5065823293482	
0.0042147180089345	0.00335197053113615	0.0162052817595257	0.000948775732878072	0.0119635823678463	0.00593090470853388	0.0202342722152819	0.00165960839315504	0.0284262410109098	0.00243338433658113	0.0313766665748908	0.00673341778415669	0.0397688662343539	0.00608690441560384	0.0438888925733888	0.00593360840878016	0.045754738316147	0.0103075080566675	0.0607743211658933	0.0129819139347387	0.081139865341839	0.0297841826928114	0.0989814221976777	0.0548028243774545	0.114615127726412	0.0780770591723046	0.147488188728316	0.0956965086537325	0.157870704601612	0.125738031495946	0.159664573409695	0.135927934844676	0.18015392632227	0.210672787032149	0.199999047522506	0.215752685774107	0.225808858934205	0.355017360070245	0.266717748693412	0.284078086373762	0.318322454300397	0.375266570155944	0.32993614529066	0.335355644425714	0.409748849343287	0.84243594028942	0.505053188068444	1.2723691466379	0.558946202627469	1.47249422216233	0.587373671945342	1.68092325312997	0.633815938239292	1.88045108533999	0.655742910373567	0.723476007094349	0.710936363277521	2.4461217001351	0.846233629813076	3.09488800155356	0.933001010232671	3.60653838438533	0.932598503888228	4.11413102951303	1.08887850074237	5.13118891651974	1.20401374128004	8.13674660009069	1.31395672070545	8.31106065921919	1.35795605837511	9.48400625630462	1.49006905250993	9.18139133183196	1.55273594078934	11.8396425911546	
0.0042147180089345	0.00335197053113615	0.0162052817595257	0.000948775732878072	0.0119635823678463	0.00593090470853388	0.0202342722152819	0.00165960839315504	0.0284262410109098	0.00243338433658113	0.0313766665748908	0.00673341778415669	0.0397688662343539	0.00608690441560384	0.0438888925733888	0.00593360840878016	0.045754738316147	0.0103075080566675	0.0607743211658933	0.0129819139347387	0.081139865341839	0.0297841826928114	0.098669687306123	0.0412162220050268	0.114089033468901	0.0616766149314576	0.146975567859232	0.076438912408825	0.157218246140187	0.0996870412963689	0.158997446595131	0.106493850069878	0.179604028254246	0.177651931810311	0.199400230048112	0.176251280932277	0.225019302777637	0.306142688725235	0.265881121813071	0.223878460299758	0.317393620860649	0.291258047390638	0.328577890582374	0.234554910776391	0.408611661775826	0.709203616645528	0.503693306613309	1.07187531286616	0.557652410360289	1.23865985671021	0.585751186091901	1.41436908246395	0.632212051826164	1.5802428765468	0.655742910373567	0.723476007094349	0.708929933839099	2.046785267438	0.844160727295688	2.59630681322094	0.930595107233647	3.02280940389828	0.930193867083462	3.44725427200555	1.0859946090155	4.29784151633569	1.20093799792906	7.13917257886701	1.31072807634719	7.14628909808398	1.35484743723044	8.15127905871814	1.48635546282844	7.68195321035607	1.54887433269305	10.1742032135575	
0.0042147180089345	0.00335197053113615	0.0162052817595257	0.000948775732878072	0.0119635823678463	0.00593090470853388	0.0202342722152819	0.00165960839315504	0.0284262410109098	0.00243338433658113	0.0313766665748908	0.00673341778415669	0.0397688662343539	0.00608690441560384	0.0438888925733888	0.00593360840878016	0.045754738316147	0.0103075080566675	0.0607743211658933	0.0129819139347387	0.081139865341839	0.0297841826928114	0.098669687306123	0.0412162220050268	0.113630872816366	0.0457874121901097	0.146243709452939	0.055400714797318	0.156755740816548	0.072674868037782	0.158237817531307	0.0766713965239551	0.178967117836899	0.143913390715413	0.198715279839651	0.13633098467858	0.224180293464992	0.256124964493329	0.264950334541474	0.163955728055567	0.316352391810712	0.207979666937235	0.328577890582374	0.234554910776391	0.407257359833427	0.575696436439857	0.502306092080363	0.871863845957507	0.556450947195678	1.00467159020994	0.5840827616173	1.14790629782123	0.630471491482007	1.28025818516089	0.655742910373567	0.723476007094349	0.706842546030819	1.64758224669337	0.8418371547345	2.09649441650315	0.927984613878243	2.44089463970042	0.927470189527853	2.78073234838215	1.08296928918578	3.46451087995718	1.1977697084075	6.14392313867916	1.30736466840131	5.98310125091168	1.35132374442593	6.82197260878575	1.48235402727575	6.18697053586552	1.54496185873784	8.50810539093136	
0.0042147180089345	0.00335197053113615	0.0162052817595257	0.000948775732878072	0.0119635823678463	0.00593090470853388	0.0202342722152819	0.00165960839315504	0.0284262410109098	0.00243338433658113	0.0313766665748908	0.00673341778415669	0.0397688662343539	0.00608690441560384	0.0438888925733888	0.00593360840878016	0.045754738316147	0.0103075080566675	0.0607743211658933	0.0129819139347387	0.081139865341839	0.0297841826928114	0.098669687306123	0.0412162220050268	0.113630872816366	0.0457874121901097	0.146243709452939	0.055400714797318	0.156755740816548	0.072674868037782	0.158237817531307	0.0766713965239551	0.178362843825009	0.111228888446187	0.198042835409654	0.0964084256021728	0.223510217471994	0.206160456612885	0.264950334541474	0.163955728055567	0.316352391810712	0.207979666937235	0.328577890582374	0.234554910776391	0.40600199093214	0.441934335795323	0.500698799933959	0.671651329797606	0.554771520687295	0.770922091523393	0.582379720857494	0.879724641033372	0.62852143420452	0.978857534282856	0.655742910373567	0.723476007094349	0.704841877686921	1.24747828781591	0.839563362386594	1.59682823742263	0.924977541343786	1.85937475625543	0.924500629851987	2.11512218951599	1.07940248779854	2.62995485595933	1.19479128403412	5.1417712015574	1.30372792658069	4.81567309225856	1.34757914233689	5.49168687321266	1.47805964871756	4.68829749584834	1.54081116388197	6.84588792362806	
0.0042147180089345	0.00335197053113615	0.0162052817595257	0.000948775732878072	0.0119635823678463	0.00593090470853388	0.0202342722152819	0.00165960839315504	0.0284262410109098	0.00243338433658113	0.0313766665748908	0.00673341778415669	0.0397688662343539	0.00608690441560384	0.0438888925733888	0.00593360840878016	0.045754738316147	0.0103075080566675	0.0607743211658933	0.0129819139347387	0.081139865341839	0.0297841826928114	0.098669687306123	0.0412162220050268	0.113630872816366	0.0457874121901097	0.146243709452939	0.055400714797318	0.156755740816548	0.072674868037782	0.158237817531307	0.0766713965239551	0.177890707826304	0.0782053120163307	0.198042835409654	0.0964084256021728	0.222860816121338	0.156359570459497	0.264950334541474	0.163955728055567	0.316352391810712	0.207979666937235	0.328577890582374	0.234554910776391	0.404768570926208	0.309235747272826	0.49880903712027	0.472164430304187	0.553124278958404	0.538195417805839	0.580361184333101	0.612827743676175	0.626454432380857	0.678201650390835	0.655742910373567	0.723476007094349	0.702753404343598	0.847761933734074	0.837182238091926	1.09727777516652	0.92143167092768	1.27707756774353	0.921137472338173	1.44965207827533	1.07536609568661	1.7983134058203	1.19125124658785	4.13962019575817	1.30006894283861	3.64783794565966	1.34356135366178	4.15568793957696	1.47333368157513	3.18541045421182	1.53595690660655	5.18435311573953	
0.0042147180089345	0.00335197053113615	0.0162052817595257	0.000948775732878072	0.0119635823678463	0.00593090470853388	0.0202342722152819	0.00165960839315504	0.0284262410109098	0.00243338433658113	0.0313766665748908	0.00673341778415669	0.0397688662343539	0.00608690441560384	0.0438888925733888	0.00593360840878016	0.045754738316147	0.0103075080566675	0.0607743211658933	0.0129819139347387	0.081139865341839	0.0297841826928114	0.098669687306123	0.0412162220050268	0.113630872816366	0.0457874121901097	0.146243709452939	0.055400714797318	0.156755740816548	0.072674868037782	0.158237817531307	0.0766713965239551	0.177890707826304	0.0782053120163307	0.198042835409654	0.0964084256021728	0.222860816121338	0.156359570459497	0.264950334541474	0.163955728055567	0.316352391810712	0.207979666937235	0.328577890582374	0.234554910776391	0.404768570926208	0.309235747272826	0.49880903712027	0.472164430304187	0.553124278958404	0.538195417805839	0.580361184333101	0.612827743676175	0.626454432380857	0.678201650390835	0.655742910373567	0.723476007094349	0.702753404343598	0.847761933734074	0.837182238091926	1.09727777516652	0.92143167092768	1.27707756774353	0.921137472338173	1.44965207827533	1.07097068632318	0.964340389726465	1.18730127614137	3.13952555010602	1.29600705899623	2.47994226309629	1.33894351106217	2.82211067735088	1.47333368157513	3.18541045421182	1.53018933824177	3.51550742598751	
0.0042147180089345	0.00335197053113615	0.0162052817595257	0.000948775732878072	0.0119635823678463	0.00593090470853388	0.0202342722152819	0.00165960839315504	0.0284262410109098	0.00243338433658113	0.0313766665748908	0.00673341778415669	0.0397688662343539	0.00608690441560384	0.0438888925733888	0.00593360840878016	0.045754738316147	0.0103075080566675	0.0607743211658933	0.0129819139347387	0.081139865341839	0.0297841826928114	0.098669687306123	0.0412162220050268	0.113630872816366	0.0457874121901097	0.146243709452939	0.055400714797318	0.156755740816548	0.072674868037782	0.158237817531307	0.0766713965239551	0.177890707826304	0.0782053120163307	0.198042835409654	0.0964084256021728	0.222860816121338	0.156359570459497	0.264950334541474	0.163955728055567	0.316352391810712	0.207979666937235	0.328577890582374	0.234554910776391	0.404768570926208	0.309235747272826	0.49880903712027	0.472164430304187	0.553124278958404	0.538195417805839	0.580361184333101	0.612827743676175	0.626454432380857	0.678201650390835	0.655742910373567	0.723476007094349	0.702753404343598	0.847761933734074	0.837182238091926	1.09727777516652	0.92143167092768	1.27707756774353	0.921137472338173	1.44965207827533	1.07097068632318	0.964340389726465	1.18322712295038	2.13979807836148	1.29600705899623	2.47994226309629	1.33894351106217	2.82211067735088	1.47333368157513	3.18541045421182	1.53018933824177	3.51550742598751	
